path,source_file,category,page_count,text,status,error
products/deposit/(최종)모니모KB매일이자통장특약.pdf,(최종)모니모KB매일이자통장특약.pdf,products/deposit,4,"페이지 1 / 4 
 
 
「모니모 KB 매일이자 통장」 특약 
 
제1조 적용범위 
모니모 KB 매일이자 통장(이하 ‘통장’이라 합니다)거래는 이 특약을 적용하며, 이 특약에서 정하지 않은 사항은 
「예금거래기본약관」 및 「입출금이자유로운예금약관」을 적용합니다.  
제2조 예금과목 
이 통장의 예금과목은 「저축예금」으로 합니다.  
제3조 가입대상 
이 통장의 가입대상은 『금융실명거래 및 비밀보장에 관한 법률』에 따라 실명이 확인된 만 17세 이상의 개인 
으로, 1인 1계좌만 가입 가능합니다. 
제4조 가입금액 
이 통장의 가입금액은 제한이 없습니다. 
제5조 가입방법 
이 통장은 삼성카드(주)가 운영하는 앱(이하 ‘모니모’라고 합니다)페이지에 연계된 「모니모 KB 매일이자 통장」 
비대면계좌개설서비스를 통해서만 가입이 가능합니다. 
제6조 상품명 
이 통장은 ‘모니모’ 해지 시 또는 혁신금융서비스 종료 시 「KB제휴통장」으로 상품명이 변경됩니다. 
제7조 이자지급 
① 이 통장의 이자는 다음의 이자계산기간동안 제②항의 이자계산방법으로 적용하여 이자지급일에 원금에  
더합니다. 
1. 이자계산기간 : 최초 예금일 또는 직전 이자지급일로부터 다음 이자지급일(또는 해지일) 전일까지의 기간 
2. 이자결산일 : 매월 제2금요일 또는 고객이 직접 이자지급을 요청한 전일 
3. 이자지급일 : 이자결산일 다음날 
※ 단, 매월 제2금요일 다음날은 고객의 요청에 의한 직접 이자지급이 제한됩니다. 
 

페이지 2 / 4 
 
 
② 매일의 최종잔액을 평균한 금액은 해당하는 금액 구간에 따라 금리가 차등 적용되며, 이자결산일 현재 영업
점 및 KB국민은행 홈페이지에 고시한 이 통장의 금리를 적용하며, 금리가 변경된 경우에는 변경일로부터 
변경된 금리를 적용합니다.   
제8조 우대금리 
① 이 통장의 이자계산기간 내 매일의 최종잔액 중 2백만원이하 금액에 대하여 최초 가입일(통장개설일) 
로부터 3년 이내 기간에 대하여 우대금리를 해당 기간별 차등 적용하고, 자동이체등록 및 마케팅 동의  
실적에 따른 우대금리도 적용합니다. 이는 가입시점의 영업점 및 KB국민은행 홈페이지에 공지합니다. 
② 이 통장의 우대금리는 다음의 경우 제공하지 않습니다. 
1. 이 통장을 해지 후 재 가입한 경우  
2. 이 통장의 상품명이 ‘KB제휴통장’으로 변경된 경우 
제9조 수수료 우대 서비스 
이 통장을 통한 거래시 아래의 수수료 우대 서비스를 제공합니다.  
면제 대상 수수료 비 고 
1. 전자금융(인터넷∙폰∙모바일뱅킹)을 통한 타행이체수수료 
무제한 면제 
※ 단, KB제휴통장으로 상품명이 
변경된 경우 제외 
2. 납부자 자동이체 (타행 자동이체 포함)수수료 
3. KB국민은행 ATM 다른은행 이체수수료 
4. KB 국민은행 ATM 시간외 출금수수료 
5. 다른은행 ATM 출금수수료 
※ 다른은행 ATM의 경우 제휴 ATM 및 VAN사(효성·나이스·한네트 등) ATM 제외 
제10조 상품전환 
다른 예금에서 이 예금으로 전환 또는 이 예금에서 다른 예금으로 전환은 불가합니다. 
제11조 연계∙제휴 서비스 
① 서비스 내용 
이 통장의 연계ㆍ제휴 서비스는 ‘모니모 KB 매일이자 통장’ 이용시 제휴사가 제공합니다. 
제휴사명 제휴 앱 제휴 서비스 내용 
삼성카드(주) 모니모주1) 
① [모니머니주2]]를 이 통장으로 자동 입금 
② 모니모 서비스 페이지 내에서 이 통장의 잔액 
및 거래내역 조회 
   주1) 삼성카드(주) 운영하는 앱으로 삼성금융계열사(삼성카드(주), 삼성생명보험(주), 삼성화재해상보험(주), 

페이지 3 / 4 
 
 
삼성증권(주))의 서비스를 모니모 회원에게 제공합니다. 즉 회원의 통합자산관리에 기초한 금융관련 콘텐츠 제공,  
금융정보 조회, 모니머니 서비스 등을 제공합니다. 
     주2) 삼성카드(주)가 부여한 회원계정에 저장되는 금전적 가치가 있는 전자증표로서 회원이 직접 충전하거나,  
모니모 이용실적 또는 이벤트 등을 통해 부여받아 사용하는 전자금융거래법상 “선불전자지급수단”입니다. 
② 서비스 제공 기간 
  이 통장의 연계ㆍ제휴 서비스는 모니모를 통하여 가입한 ‘모니모 KB 매일이자 통장’ 이용시 제공합니다.  
(단, 제휴사와의 계약기간내에 한함) 
③ 서비스 제공 요건 
제휴사 앞 금융거래정보 이용ㆍ제공 동의를 하고 ‘모니모 KB 매일이자 통장’을 이용시 제공합니다.  
④ 서비스 이행 책임 
  은행은 연계ㆍ제휴 서비스 등을 부당하게 축소하거나 변경하지 않으며, 불가피하게 축소하거나 변경하는  
경우 그에 상응하는 다른 연계ㆍ제휴 서비스를 제공합니다. 
⑤ 서비스 변경 내용 사전 통지 방법 
  서면, 우편, 팩스, 전화, E-mail, LMS 등의 방법 중 2개 이상의 방법으로 축소, 변경되기 6개월 전부터 매월 
고지합니다. (단, 그에 상응하는 다른 연계ㆍ제휴 서비스를 제공하거나 은행의 휴업ㆍ파산ㆍ경영상 위기 또는  
연계ㆍ제휴 서비스 등을 제공하는 자의 일방적인 제공 중단 등 6개월 전부터 고지하기 어려운 불가피한 사유 
가 있는 경우에는 해당 상황이 발생하는 즉시 고지하는 경우 제외됩니다.) 
제12조 혁신금융서비스 승인에 관한 사항 
① 이 통장은 금융혁신지원특별법에 따라 혁신금융사업자로 선정된 은행이 시험 운영하여 제공하는  
혁신금융서비스로 동 특별법이 정하는 다음의 사유가 발생하는 경우 서비스 운영이 종료될 수 있습니다. 
 1. 지정기간이 만료되는 경우 (지정만료일 : 2027년 4월 10일) 
 2. 금융위원회가 혁신금융서비스 지정을 취소하거나, 중지명령(변경결정)을 하는 경우 
 3. 은행이 금융위원회에 혁신금융서비스 지정철회를 요청하여 지정취소가 되는 경우 
 4. 합병 등 조직변경으로 혁신금융서비스 지정의 효력이 상실되는 경우 
② 이 통장은 제①항에 따라 운영이 종료되더라도 은행은 기존에 체결된 계약에 따른 의무를 이행해야 합니다. 
다만, 이행이 불가능한 경우에는 이용자의 동의를 얻어 계약을 조기에 종료할 수 있으며, 서비스 중단으로 
이용자의 손해가 발생한 경우 이를 배상할 책임이 있습니다. 
③ 이 통장은 혁신금융서비스로 선정되어 시험 운영하는 서비스이며, 그로 인해 예상하지 못한 위험이 발생할 
수 있습니다. 이용자에게 통장개설 전 ‘혁신금융서비스 고지사항’을 안내하고, 이용자는 동 내용에 대해 동
의 후 서비스를 이용할 수 있습니다. 다만, 해당 조치는 은행이 이용자에 대해 부담하는 법률적 책임에 영
향을 미치지 않습니다. 
  ④ 은행은 혁신금융서비스의 제공 및 중단 등으로 인하여 이용자에게 손해가 발생한 경우 고의 또는 과실이 
없음을 입증하지 못하는 한 이를 배상할 책임이 있으며, 은행의 책임과 관련하여 금융혁신지원특별법, 전자

페이지 4 / 4 
 
금융거래법, 은행법 등 다른 법령에 이용자에게 유리하게 적용될 수 있는 규정이 있는경우에는 그 법령이 
우선 적용됩니다. 
제13조 민원처리 및 분쟁조정 
① 이 예금에 대해 문의사항 또는 민원상담이 필요하시면 영업점, 고객센터(1588-9999) 또는 인터넷 
홈페이지(www.kbstar.com), 금융감독원 민원상담센터(국번없이 1332) 또는 e-금융민원센터 
(www.fcsc.kr)를 통해 문의해 주시기 바랍니다. 영업점 등을 통해 은행에 접수된 민원은 특별한 사정이 
없는 한 14 영업일 이내에 처리함을 원칙으로 하되, 기한 연장시 이에 대해 안내드리도록 하겠습니다.  
또한 요청이 있는 경우 민원처리 진행 상황을 안내 받으실 수 있습니다.  
② 금융소비자는 이 통장에 대하여 은행과 분쟁이 있는 경우에는 금융소비자보호법 제 36 조 제 1 항에 따라 
금융감독원에 분쟁조정을 신청할 수 있습니다. 
 
 
부 칙 
이 약관은 2025.04.11부터 시행 합니다. 
 
 
본 특약은 법령 및 내부통제기준에 따른 절차를 거쳐서 제공됩니다.",ok,
products/deposit/KBGlobalStar통장설명서(260520).pdf,KBGlobalStar통장설명서(260520).pdf,products/deposit,5,"KB 국민은행 준법감시인 심의필 제 2026-1702-1 호(심의일 2026.04.16) 
[유효기간: 2026.05.20~2028.04.30] 
     「KB Global Star 통장」 상품설명서 
 
 
1  상품명 및 특징 
 
▪ 상 품 명 : KB Global Star 통장 
▪ 상품특징 : 급여이체 및 외환거래를 하는 외국인 고객에게 각종 은행거래 수수료 면제 및 환율우대 등의 
            부가서비스를 제공하는 입출금이 자유로운 예금 
 
2  거래 조건 
 
구   분 내    용 
가입대상 ▪ 외국인 
신규금액 ▪ 제한없음 
상품유형 
▪ 입출금이 자유로운 예금(보통예금, 저축예금) 
※ 동일 예금과목 전환 가능  
※ 개별상품에서 정한 기준에 의해 전환신규가 불가한 상품은 제외 
기본이율 
(2026.05.20 기준, 
세금공제 전) 
▪ 결산일 현재 영업점에 고시한 예금과목별 기본이율 적용 
- 보통예금, 저축예금 : 연 0.1%  
이자 지급시기 
▪ 보통예금 : 이자는 매년 6, 12월의 둘째 금요일에 결산하여 다음날 원금에 더함 
▪ 저축예금 : 이자는 매년 2, 5, 8, 11월의 둘째 금요일에 결산하여 다음날 원금에 더함 
※ 예금의 이자는 최종거래일로부터 5년이 경과한 날부터는 이자를 원금에 더하지 않고, 계좌
해지 또는 추가 입출금 거래 발생일에 일괄 계산하여 지급할 수 있습니다. 
이자 계산방법 
(산출근거) 
▪ 예금이자는 예금일부터 지급일 전일까지(결산시에는 지난 원가일부터 원가일 전일까지)를  
이자계산 기간으로 하고, 매일의 최종잔액을 평균하여 결산일 현재 영업점에 고시하는  
이율로 계산함 
◈ 이 설명서는 금융소비자의 권익 보호 및 예금상품에 대한 이해 증진을 위하여 「금융소비자 보호에 관한 법률」 및 
관련 규정에 의거, 은행의 내부 통제절차를 거쳐 예금상품의 주요 내용을 쉽게 이해할 수 있도록 작성한 
자료입니다. 
◈ 설명내용을 제대로 이해하지 못하였음에도 불구하고 설명을 이해했다는 서명을 하거나 녹취기록을 남기시는 경우,  
추후 해당 내용과 관련한 권리구제가 어려울 수 있습니다. 
◈ 인터넷뱅킹 등 비대면채널을 통해 가입하거나 통장 미발행 요청 시에는 통장 또는 증서가 교부되지 않습니다. 

수수료면제 
서비스 
▪ 전자금융 및 자동화기기 수수료 면제 
- 전월 중 아래 면제조건에 해당하는 실적이 있는 경우 이번 달 11일부터 다음 달 10일까지  
해당 계좌에서 발생하는 수수료를 아래와 같이 면제 (미사용 횟수는 이월되지 않음) 
수수료면제 
서비스 
주 1) 급여이체실적은 아래 중 하나에 해당하는 경우 인정 
① KB국민은행과의 급여이체 계약에 의해 KB국민은행 급여이체 전산(급여성 선일자, 탑라인, 
기업인터넷뱅킹 등)을 통해 이 계좌에 입금 
② 고객이 지정한 일자(전후 1영업일 포함 3영업일)에 법인 또는 고유(납세)번호를 부여 받
은 단체가 KB국민은행의 인터넷뱅킹, 폰뱅킹, 창구거래를 통해 이 계좌에 입금 
③ 고객이 지정한 일자(전후 1영업일 포함 3영업일)에 선일자, 탑라인, 국고, 지로, CMS 를 
통해 이 계좌에 입금 
④ 고객이 지정한 일자(전후 1영업일 포함 3영업일)에 다른은행으로부터 이 계좌에 입금 
   주2) KB국민신용카드, KB국민체크카드, KB국민비씨카드 결제실적이 있는 경우 
(KB국민선불카드 제외) 
   주3) 다른은행 점포 내 자동화기기에 한하며 은행 외부장소에 설치된 다른은행 제휴 CD기  
및 한컴/효성/나이스 등 VAN CD기 제외 
▪ 신규(전환)일로부터 다음 다음달 10일까지는 실적에 관계없이 아래와 같이 면제 
면제대상 수수료 면제횟수 
전자금융(인터넷뱅킹, 폰뱅킹, 모바일뱅킹) 다른은행 이체수수료  
※ 타행 자동이체는 제외 제한 없음 
KB국민은행 자동화기기 시간외 출금수수료 
KB국민은행 자동화기기 다른은행 이체수수료  총 10회 
다른은행 자동화기기 출금수수료 총 5회 
 
면제조건 면제대상 수수료 면제횟수주3) 
건별 50만원이상 
급여이체주1)실적 
전자금융(인터넷뱅킹, 폰뱅킹, 모바일뱅킹) 
다른은행 이체수수료  제한 없음 
KB국민은행 자동화기기 시간외 출금수수료 
KB국민은행 자동화기기 다른은행 이체수수료 월간 10회 
다른은행 자동화기기주3) 출금수수료 월간 5회 
KB국민카드 
결제실적주2) 
전자금융(인터넷뱅킹, 폰뱅킹, 모바일뱅킹) 
다른은행 이체수수료  제한 없음 
KB국민은행 자동화기기 시간외 출금수수료 
외화송금보낸실적 
전자금융(인터넷뱅킹, 폰뱅킹, 모바일뱅킹) 
다른은행 이체수수료  제한 없음 
KB국민은행 자동화기기 시간외 출금수수료 
부가서비스 
▪ 환율 및 외화 송금 보낼 때 수수료 우대 
- 환전수수료 및 외화 송금 보낼 때 수수료 50% 우대 (영업점거래 시) 
-「KB Wise 해외송금서비스」으로 급여 송금 시 5회째부터 송금수수료 면제  
(단, 해당 연도 초일부터 말일까지 총 12회 한) 
- 이 통장에서 출금하여 외화입출금이자유로운예금으로 입금 시 환전수수료 70%우대 
(영업점거래 시) 
▪ 글로벌통장발행서비스 
  - 통장 발행 시 영어 또는 한글 중 한가지 언어 선택 가능 
세제관련 
▪ 비과세종합저축으로 가입 가능 (소득세법에 의한 거주자에 한함) 
※ 단, 관련 세법이 개정될 경우 세율이 변경되거나 세금이 부과될 수 있음 
거래방법 
▪ 신규 : 영업점 방문, KB스타뱅킹 (KB스타뱅킹은 비거주자 제외) 
▪ 해지 : 영업점 방문, 개인인터넷뱅킹 및 KB스타뱅킹  
▪ 전환 : 영업점 방문 
계약해지방법 
▪ 영업점 방문, 개인인터넷뱅킹, KB 스타뱅킹을 통해 해지 가능 
  ※ 개인인터넷뱅킹, KB 스타뱅킹을 통한 해지 시 해지잔액을 입금할 수 있는 본인명의의 
입출금이자유로운예금 계좌가 필요합니다. 
질권설정 ▪ 불가 
양도 및 담보제공 ▪ 양도 가능    ▪ 담보제공 불가능 
원금 및  
이자지급 제한  
 
▪ 계좌에 압류주1), 가압류주2) 등이 등록될 경우 원금 및 이자 지급이 제한될 수 있음 
※ 민사집행법에 따라 최저생계비 이하 등 압류금지채권에 해당하는 경우에는 
법원에 압류금지채권 범위 변경 신청 등을 통해 압류를 취소할 수 있습니다. 
 
 주 1) 압류: 채무자의 특정한 재산에 대하여 처분(매매, 양도 등)을 금지하게 하는 법원의 조치로서,  
채권자가 채무자의 해당 재산을 금전화하여 채무 변제에 충당하려는 목적으로 이용됩니다. 
 주 2) 가압류: 법원이 채권자를 위하여 나중에 강제 집행을 할 목적으로 채무자의 재산을 임시로 
확보하는 행위입니다. 
 
▪ 예금잔액증명서 발급 당일에는 입금·출금·이체 등 잔액 변동 불가 
▪ 통장이 ‘전기통신금융사기 피해 방지 및 피해금 환급에 관한 특별법’에서 정의한 
피해의심거래계좌 및 사기이용계좌로 이용될 경우 이체, 송금지연, 지급정지 등의 금융거래 
제한조치를 할 수 있음 
 
거래중지 
▪ 다음의 경우에 해당하는 경우 입출금, 잔액조회, 이관 등의 거래 제한  
(가) 예금잔액이 10,000 원 미만이며, 1 년 이상 입출금거래가 없는 계좌 
  (나) 예금잔액이 10,000 원 이상 50,000 원 미만이며, 2 년 이상 입출금거래가 없는 계좌 
  (다) 예금잔액이 50,000 원 이상 100,000 원 미만이며, 3 년 이상 입출금거래가 없는 계좌 
☞ 무거래기간 산정기준 : 입출금 거래 또는 명의변경 거래 최종 발생일로 부터 산정 
▪ 편입시기 : 연 2 회(매년 6 월, 12 월 셋째 금요일 기준으로 익일인 토요일에 편입) 
▪ 거래를 다시 시작하고자 하는 경우에는 본인 확인 및 금융거래 목적을 확인한 후 가능 
휴면예금 및 
출연 
▪ 예금 만기일 또는 이자지급을 포함한 최종거래일 이후 5 년 이내 계좌를 해지하지 않을 경우  
예금거래기본약관 제 9 조의 2 휴면예금 및 출연에 따라 휴면예금은 “서민금융진흥원 
(국번없이 1397)”에 출연주)될 수 있으며, 이 경우 서민금융진흥원을 통해 휴면예금을 
찾으실 수 있습니다. 
▪ 휴면예금은 휴면예금통합조회서비스(www.sleepmoney.or.kr)를 통해 조회 가능합니다. 
 
주) 출연: 어떤 사람이나 단체가 자기의 의사에 따라 돈을 내거나 의무를 부담함으로써 재산상의  
손실을 입고 남의 재산을 증가시키는 일을 말합니다. 일반적으로 기부행위를 일컫는 말로  
사용되나 법률적으로는 비영리재단법인에 재산을 무상으로 내는 행위를 뜻합니다. 
 
※ 계좌통합관리서비스 이용 시 사용하지 않는 소액계좌를 잔고 이전/해지 할 수 있으며, 
   휴면계좌통합조회서비스 이용 시 휴면계좌 현황을 파악할 수 있습니다. 
예금자 
보호여부 
해당
 
이 예금은 예금자보호법에 따라 원금과 소정의 이자를 합하여 1 인당 
“1 억원까지” (본 은행의 여타 보호상품과 합산) 보호됩니다. 
자료열람요구권 
▪ 금융소비자는 분쟁조정 또는 소송의 수행 등 권리구제를 위한 목적으로 은행이 기록 및  
유지·관리하는 다음의 자료에 대한 열람(사본 및 청취 포함)을 요구할 수 있습니다. 
- 계약체결에 관한 자료, 계약의 이행에 관한 자료, 금융상품 등에 관한 광고 자료, 
금융소비자의 권리행사에 관한 자료, 내부통제기준의 제정 및 운영 등에 관한 자료,  
업무 위탁에 관한 자료 
▪ 은행은 법령, 제 3 자의 이익 침해, 영업비밀의 침해 등의 사유가 있는 경우 이를 
금융소비자에게 알리고 자료 열람을 제한하거나 거절할 수 있습니다. 
이용제한 사항 
▪ 이 상품의 가입 대상자는 외국인으로 제한합니다. 
▪ 급여이체 이외의 실적으로 수수료를 면제받는 경우, KB 국민은행 자동화기기 다른은행 
이체수수료 및 다른은행 자동화기기 출금수수료는 면제되지 않습니다. 
▪ 급여이체 일자가 변경되는 경우 가까운 영업점을 방문하시거나 KB 국민은행 고객센터 
(☎1588-9999)를 통해 변경 신청하시기 바랍니다. 
▪ 통장이 ‘전기통신금융사기 피해 방지 및 피해금 환급에 관한 특별법’에서 정의한 피해의심 
거래계좌 및 사기이용 계좌로 이용될 경우 이체, 송금지연, 지급정지 등의 금융거래 제한조치 
를 할 수 있습니다. 

 
3  유의 사항 
 
▪ 이 설명서는 「금융소비자 보호에 관한 법률」제19조제1항, 동 법 시행령 제14조제1항, 제3항에 따라 
금융상품에 관한 중요한 사항을 이해하기 쉽도록 설명하기 위해 설명을 하기 전에 제공되는 자료로써, 
상담일 이후 가입금액, 계약기간 등 변경에 의하여 일부 내용이 달라질 수 있습니다. 
▪ 본 설명서는 법령 및 내부통제기준에 따른 절차를 거쳐서 제공됩니다. 
 
이 상품은 KB 국민은행 수신상품부(P)에서 개발 및 관리하는 상품입니다. 
본 상품에 대한 문의사항 또는 민원 상담이 필요하시면 지점, KB 국민은행 고객센터(1588-9999) 또는 인터넷 
홈페이지 (www.kbstar.com), 금융감독원 민원상담센터(국번없이 1332) 또는 e-금융민원센터(www.fcsc.kr)을  
통해 문의주시기 바랍니다. 
영업점 등을 통해 은행에 접수된 민원은 특별한 사정이 없는 한 14 영업일 이내에 처리함을 원칙으로 하되, 
기한 연장시 이에 대해 안내드리도록 하겠습니다. 또한 요청이 있는 경우 민원처리진행상황을 안내받으실 수 
있으며 금융소비자는 본 상품에 대하여 당 은행과 분쟁이 있는 경우에는 금융소비자보호법 제 36 조 
제1항에 따라 금융감독원에 분쟁조정을 신청할 수 있습니다.",ok,
products/deposit/KBGlobalStar통장특약(260520).pdf,KBGlobalStar통장특약(260520).pdf,products/deposit,2,"『KB Global Star 통장』특약 
 
 
제1 조 약관의 적용 
KB Global Star 통장(이하 “이 통장”이라 합니다)거래는 이 특약을 적용하고, 이 특약에서 
정하지 않은 사항에 대해서는 입출금이자유로운약관, 예금거래기본약관을 순서대로 
적용합니다.  
 
제2 조 예금과목 
이 통장의 예금과목은 보통예금, 저축예금으로 합니다. 
 
제3 조 가입대상 
이 통장의 가입대상은 실명의 개인인 외국인으로 합니다. 
 
제4 조 적용이율 
이 통장의 이율은 결산일 현재 영업점에 게시한 예금과목별 고시이율을 적용합니다. 
 
제5 조 전자금융 및 자동화기기 수수료 면제 
① 전월 중 아래 면제조건에 해당하는 실적이 있는 경우 이번 달 11 일부터 다음 달 10 일 
까지 해당계좌에서 발생하는 면제대상 수수료를 아래와 같이 면제합니다. 단, 잔여횟수
는 이월 되지 않습니다. 
면제조건                    
면제수수료 
건별 50 만원이상 
급여이체주 1) KB 국민카드결제실적주 2) 해외당발송금실적 
전자금융(인터넷뱅킹,폰뱅킹, 
모바일뱅킹)타행이체수수료 
(다른은행으로 보낼 때) 면제  
(횟수제한없음) 
면제 
(횟수제한없음) 
면제  
(횟수제한없음) KB 국민은행 자동화기기 
시간외출금수수료 
KB 국민은행 자동화기기 
타행이체수수료 
면제 
(월간 10 회) 해당없음 해당없음 타행 자동화기기주 3) 
출금수수료 
면제 
(월간 5 회) 
주 1) 아래의 1 에 해당하는 건별50 만원 이상의 급여이체실적만 인정. 
1. KB 국민은행과의 급여이체 계약에 의해 KB국민은행 급여이체 전산(급여성 선일자, 
급여성 탑라인, 기업인터넷뱅킹)을 통해 해당계좌에 입금 
        2. 이 통장 가입시에 고객이 지정한 일자(전후 1영업일 포함 3영업일)에 법인 또는 고
유(납세)번호를 부여받은 단체가 KB국민은행의 인터넷뱅킹, 폰뱅킹, 창구거래를 통
해 해당계좌에 입금 
        3. 이 통장 가입시에 고객이 지정한 일자(전후 1영업일 포함 3영업일)에 선일자, 탑라
인, 국고, 지로, CMS를 통해 해당계좌에 입금 
        4. 이 통장 가입시에 고객이 지정한 일자(전후 1영업일 포함 3영업일)에 타행으로부터 해
당계좌에 입금 
   주2) 해당계좌에서 KB국민신용카드, KB 국민체크카드, KB 국민비씨카드 결제실적이 있는 경우
(KB국민선불카드 제외) 
주3) 은행 외부장소에 설치된 타행제휴CD기 및 한컴/효성/나이스 등 V AN사 CD기 제외 
② 이 통장의 신규(또는 전환)일로부터 익익월 10 일까지는 제 1 항에도 불구하고 전월 
실적에 관계없이 아래와 같이 수수료를 면제합니다. 

면제대상 수수료 면제횟수 
- 전 자 금융(인 터 넷뱅 킹, 폰뱅 킹, 모 바 일뱅 킹)타 행 이체수 수료 
- KB국 민은 행 자 동화 기 기 시간 외 출 금수 수 료 제한 없 음 
- KB국 민은 행 자 동화 기 기 타행 이 체수 수 료 총 10회 
- 타행 자 동 화기 기 출 금수 수료 총 5회 
 
제6 조 환율 및 해외당발송금수수료 우대 
① 이 통장의 예금주가 KB 국민은행 창구에서 외국통화매매시 현찰매매마진율의 50%를 우대
하고, 해외 당발송금시 해외송금수수료의 50%를 우대합니다. 
② 이 통장에서「KB WISE 해외송금서비스」를 이용하여 급여송금시 5 회째부터 해외송금수수
료를 면제합니다. (단, 해당년도의 초일부터 말일까지 총 12 회 면제) 
③ 이 통장에서 출금하여 예금주 명의의 외화입출금이자유로운예금으로 연동 입금시 전신환
매매마진율의 70%를 우대한 환율을 적용합니다. 
 
부 칙 
이 약관은 2012.10.04부터 시행합니다. 
 
부 칙 
이 약관은 2026.05.20부터 시행하며, 
 
신규 및 기존 가입고객에게 적용됩니다. 
 
 
 
본 특약은 법령 및 내부통제기준에 따른 절차를 거쳐서 제공됩니다.",ok,
products/deposit/KBGSPay통장_251223_하단.pdf,KBGSPay통장_251223_하단.pdf,products/deposit,3,"「KB GS Pay 통장」 특약 
 
제 1 조 적용 범위 
① KB GS Pay 통장(이하 ‘이 통장’이라 합니다) 거래는 이 특약을 적용하며, 이 특약에서 정하지 않은 사항은 
「예금거래기본약관」 및 「입출금이자유로운예금약관」을 적용합니다.  
② 이 통장의 거래에서 발생하는 전자금융거래에 관한 사항은 「전자금융거래기본약관」을 적용합니다. 
제 2 조 예금과목 
이 통장의 예금과목은 「저축예금」으로 합니다.  
제 3 조 가입대상 
이 통장의 가입대상은 「금융실명거래 및 비밀보장에 관한 법률」에 따라 실명이 확인된 개인으로, 1 인 1 계좌만 
가입 가능합니다. 
제 4 조 판매한도 및 판매기간 
이 통장은 20 만좌 한정으로 한시적으로 판매하며, 판매기간은 KB 국민은행 홈페이지, KB 스타뱅킹에 
게시합니다. 
제 5 조 자동전환 
이 통장은 일괄적으로 2028 년 1 월 3 일에 「KB 스타통장」으로 자동전환됩니다. 단, 「KB 스타통장」을 이미 
보유한 경우 「KB 종합통장」으로 자동전환 됩니다. 
제 6 조 기본금리 
이 통장의 기본금리는 결산일 현재 지점, KB 국민은행 홈페이지에 게시한 예금과목별 기본금리를 적용합니다. 
제 7 조 우대금리 
① 이 통장의 우대금리는 통장 가입시점 기준 일정 기간 동안의 KB 국민은행 거래 여부에 따라 차등하여 
기본금리에 더해 적용합니다. KB 국민은행 거래 여부에 따른 우대금리는 가입시점의 지점, KB 국민은행 
홈페이지에 게시합니다. 
② 이 통장의 결산기 평균잔액 중 3 백만원 이하 금액에 대하여, 통장가입일로부터 1 년 경과 후 최초로 
도래하는 결산일까지의 기간에 대해 우대금리를 적용합니다. 
제 8 조 이벤트금리 
① 이 통장은 별도의 이벤트금리를 운영할 수 있습니다. 

② 이벤트금리 대상의 경우 이벤트 내용에 따른 금리를 기본금리에 더해 적용합니다. 이벤트금리 대상 요건 
등 이벤트 내용은 가입시점의 KB 국민은행 홈페이지 또는 KB 스타뱅킹에 게시합니다. 
제 9 조 수수료 면제 
이 통장을 통한 거래에서 발생하는 아래의 수수료에 대해 횟수 제한 없는 면제 혜택을 제공합니다. 
1. KB 국민은행 ATM 다른은행 이체 수수료 
2. KB 국민은행 ATM 시간외 출금 수수료 
3. 다른은행 ATM 출금 수수료 (단, 제휴 ATM 및 VAN 사(효성·나이스·한네트 등) ATM 제외) 
4. 납부자 자동이체(타행 자동이체 포함) 수수료 
5. KB 국민은행 인터넷·KB 스타뱅킹을 통한 다른은행 이체 수수료 
제 10 조 연계·제휴서비스 
① 이 통장의 연계·제휴서비스는 「KB GS Pay 통장」을 GS Pay 에 등록하여 GS 리테일 플랫폼 「우리동네 
GS」앱에서 계좌간편결제를 이용한 경우에 결제 실적에 따라 제휴사가 GS25 상품 교환권을 제공하는 
것을 내용으로 합니다.  
② 이 통장의 연계·제휴서비스의 제공 기간은 통장가입일부터 2027 년 12 월 31 일까지이며, 기간 내 고객별 
최대 12 회차의 혜택을 제공합니다. 제공 혜택에 대한 자세한 내용은 가입시점의 KB 국민은행 홈페이지, 
KB 스타뱅킹에 게시합니다. 
③ KB 국민은행은 연계·제휴서비스 등을 부당하게 축소하거나 변경하지 않으며, 불가피하게 축소하거나 
변경하는 경우 그에 상응하는 다른 연계·제휴서비스를 제공합니다. 
④ 연계·제휴서비스의 변경·종료 시 서면, 우편, 전자우편, 전화, 팩스, 휴대전화 문자메시지 또는 이에 준하는 
전자적 의사표시 중 2 개 이상의 방법으로 축소·변경 6 개월 전부터 매월 안내합니다. 단, 그에 상응하는 
다른 연계·제휴서비스를 제공하거나 KB 국민은행의 휴업·파산·경영상의 위기 또는 연계·제휴서비스 등을 
제공하는 자의 일방적인 제공 중단 등 6 개월 전부터 안내하기 어려운 불가피한 사유가 있는 경우는 해당 
상황이 발생하는 즉시 고지합니다. 
제 11 조 거래방법 
① 이 통장의 가입은 KB 스타뱅킹을 통해 가능합니다. 
② 이 통장의 해지는 지점, 개인 인터넷뱅킹, KB 스타뱅킹을 통해 가능합니다. 
제 12 조 제한사항 
① 자동전환 후 수수료 면제 및 금리 등은 제 5 조에 따른 자동전환 상품에서 정한 기준에 따릅니다. 
② 다른 통장에서 이 통장으로 전환 또는 이 통장에서 다른 통장으로 전환(자동전환 제외)은 불가합니다.  
③ 이 통장은 1 인 1 계좌만 가입 가능하며, 최초 가입 후 해지 시 재가입이 불가합니다. 
④ 이 통장은 비과세종합저축으로 가입이 불가합니다. 
 
 
 
부 칙 
이 약관은 2025.12.23.부터 시행합니다. 
 
 본 특약은 법령 및 내부통제기준에 따른 절차를 거쳐서 제공됩니다.",ok,
products/deposit/KBGSPay통장_260120_2650555363715167.pdf,KBGSPay통장_260120_2650555363715167.pdf,products/deposit,6,"1 / 6 
          
 
「KB GS Pay통장」 상품설명서 
  
 
 
 
▪ 상 품 명: KB GS Pay통장 
▪ 상품특징: GS Pay 계좌간편결제 실적에 따라 혜택을 제공하는 GS리테일 제휴 전용 입출금통장 
 
 
 
구 분 내 용 
상품유형 ▪ 입출금이 자유로운 예금(저축예금) 
가입대상 
▪ 만 14세 이상 실명의 개인(1인 1계좌) 
※ 개인사업자, 임의단체(서류 미제출 임의단체 포함), 공동명의 가입 불가 
※ 외국인은 비대면으로 입출금통장 가입이 가능한 경우에 한함 
가입금액 ▪ 제한 없음 
판매기간 및 
판매한도 
▪ 2026년1월22일부터 2026년12월31일까지 선착순 20만 좌 
※ 판매한도 소진 시 별도 안내 없이 즉시 판매 종료 
다른 상품으로 
자동전환 
▪ 이 통장은 일괄적으로 2028년1월3일에 「KB스타통장주)」으로 자동전환 
※ 「KB스타통장」을 이미 보유한 경우는 「KB종합통장주)」으로 자동전환 
※ 자동전환일 전 영업일까지 고객이 신청한 방법으로 자동전환일에 통지 
주) 자세한 내용은 「붙임. 자동전환 상품 주요 혜택」 참조 
기본금리 
(2026.01.20. 기준, 
세금공제 전) 
▪ 연 0.1% 
※ 결산일 현재 지점, KB국민은행 홈페이지에 게시한 예금과목별 기본금리 적용 
 
우대금리 
(2026.01.20. 기준, 
세금공제 전) 
 
 
▪ 최고 연 1.9%p 
- [적용 대상] 이 통장을 가입한 경우 최근 6개월 이내주1) KB국민은행 거래 여부에 따라 차등 적용 
① KB국민은행 첫거래고객주2): 연 1.9%p, ② 그 외 고객: 연 0.9%p 
주1) (예시1) 통장가입일: 2026.01.22. → 기준기간: 2025.07.22.~2026.01.22. 가입시점  
(예시2) 통장가입일: 2026.08.31. → 기준기간: 2026.02.28.~2026.08.31. 가입시점 
주2) 가입시점 기준 6개월 이내 기간 동안 KB국민은행 입출금통장(정상 및 거래중지 계좌를 모두 포함하며, 
휴면예금 출연 및 신규취소 계좌는 제외)을 보유하지 않은 고객으로, 기간 내 해지 또는 명의변경 거래 
이력도 없는 경우 
◈ 이 설명서는 금융소비자의 권익 보호 및 예금상품에 대한 이해 증진을 위하여 「금융소비자 보호에 관한 법률」 및 
관련 규정에 의거, 은행의 내부 통제절차를 거쳐 예금상품의 주요 내용을 쉽게 이해할 수 있도록 작성한 자료입니다. 
◈ 설명내용을 제대로 이해하지 못하였음에도 불구하고 설명을 이해했다는 서명을 하거나 녹취기록을 남기시는 경우,  
추후 해당 내용과 관련한 권리구제가 어려울 수 있습니다. 
◈ 이 상품은 종이통장이 발행되지 않습니다. 
1  상품명 및 특징 
2  거래 조건 
준법감시인 심의필 제2026-0192-3호(2026.01.19.) 
(유효기간: 2026.01.22.~2027.12.31.) 

2 / 6 
- [적용 한도] 이 통장의 결산기 평균잔액 중 3백만원 이하의 금액까지 기본금리와 우대금리를 합산하여 
적용하며, 3백만원을 초과하는 금액은 기본금리만 적용 
- [적용 기간] 통장가입일로부터 1년 경과 후 최초로 도래하는 결산일주3)까지 
주3) 저축예금 결산일: 2, 5, 8, 11월의 둘째 금요일 
     (예시1) 통장가입일: 2026.01.22. → 우대금리 적용 기간: 2026.01.22.~2027.02.12. 
     (예시2) 통장가입일: 2026.02.10. → 우대금리 적용 기간: 2026.02.10.~2027.02.12. 
최종금리 
(2026.01.20. 기준, 
세금공제 전) 
▪ 최저 연 0.1% ~ 최고 연 2.0% 
※ 최고금리는 가입일 당시 KB국민은행 홈페이지, KB스타뱅킹에 게시한 우대금리 적용 시 
이벤트금리 
▪ 이 통장은 별도의 이벤트금리를 운영할 수 있음 
※ 이벤트 내용은 통장 가입시점의 KB국민은행 홈페이지 또는 KB스타뱅킹에 별도 게시 
이자 지급 시기 
▪ 이자는 매년 2, 5, 8, 11월의 둘째 금요일에 결산하여 다음날 원금에 더함 
※ 예금의 이자는 최종거래일로부터 5년이 경과한 날부터는 이자를 원금에 더하지 않고, 
  계좌해지 또는 추가 입출금거래 발생일에 일괄 계산하여 지급 
이자 계산 방법 
(산출근거) 
▪ 예금 이자는 예금일부터 지급일 전일까지(결산 시에는 지난 원가일부터 원가일 전일까지)를  
이자 계산 기간으로 하고, 매일의 최종잔액을 평균하여 결산일 현재 지점에 게시한 금리로 계산 
수수료 면제 
▪ 이 통장을 통한 거래에서 발생하는 아래의 수수료에 대해 횟수 제한 없이 면제 
1. KB국민은행 ATM 다른은행 이체 수수료 
2. KB국민은행 A TM 시간외 출금 수수료 
3. 다른은행 A TM 출금 수수료 (단, 제휴 A TM 및 VAN사(효성·나이스·한네트 등) A TM 제외) 
4. 납부자 자동이체(타행 자동이체 포함) 수수료 
5. KB국민은행 인터넷· KB스타뱅킹을 통한 다른은행 이체 수수료 
거래방법 
▪ 가입: KB스타뱅킹 
▪ 해지: 지점, 개인 인터넷뱅킹, KB스타뱅킹 
※ 개인 인터넷뱅킹, KB스타뱅킹 통한 해지 시 해지잔액을 입금할 수 있는 본인명의 입출금통장 필요 
세제관련 ▪ 비과세종합저축으로 가입 불가 
양도 및 담보제공 
▪ 양도 불가 
▪ 담보제공 불가 
질권설정 ▪ 불가 
원금 및  
이자지급 제한  
▪ 계좌에 압류주1), 가압류주2)등이 등록될 경우 원금 및 이자 지급이 제한될 수 있음 
※ 민사집행법에 따라 최저생계비 이하 등 압류금지채권에 해당하는 경우에는 법원에  
  압류금지채권 범위 변경 신청 등을 통해 압류를 취소할 수 있습니다. 
주1) 압류: 채무자의 특정한 재산에 대하여 처분(매매, 양도 등)을 금지하게 하는 법원의 조치로서, 
채권자가 채무자의 해당 재산을 금전화하여 채무 변제에 충당하려는 목적으로 이용 
주2) 가압류: 법원이 채권자를 위하여 나중에 강제 집행을 할 목적으로 채무자의 재산을 임시로 확보하는 행위 
▪ 예금잔액증명서 발급 당일에는 입금·출금·이체 등 잔액 변동 불가 
▪ 통장이 ‘전기통신금융사기 피해 방지 및 피해금 환급에 관한 특별법’에서 정의한 피해의심거래계좌 및 
사기이용계좌로 이용될 경우 이체, 송금지연, 지급정지 등의 금융거래 제한 조치를 할 수 있음 
3 / 6 
휴면예금 출연 
▪ 예금 만기일 또는 이자 지급을 포함한 최종거래일 이후 5년 이내 계좌를 해지하지 않을 경우  예금거래
기본약관 제9조의2 휴면예금 및 출연에 따라 휴면예금은 “서민금융진흥원(국번없이 1397)”에 출연주)
될 수 있으며, 이 경우 서민금융진흥원을 통해 휴면예금을 찾으실 수 있습니다. 
주) 어떤 사람이나 단체가 자기의 의사에 따라 돈을 내거나 의무를 부담함으로써 재산상의 손실을 입고 남의 재산을 증가시키는 
  일을 말합니다. 일반적으로 기부행위를 일컫는 말로 사용되나 법률적으로는 비영리재단법인에 재산을 무상으로 내는 행위 
▪ 휴면예금은 휴면예금통합조회서비스(www.sleepmoney.or.kr)를 통해 조회 가능합니다. 
※ 계좌통합관리서비스 이용 시 사용하지 않는 소액계좌를 잔고 이전/해지할 수 있으며,  
  휴면계좌통합조회서비스 이용 시 휴면계좌 현황을 파악 할 수 있습니다. 
예금자보호여부 
해 당 
 
이 예금은 예금자보호법에 따라 원금과 소정의 이자를 합하여 1 인당 
“1억원까지”(본 은행의 여타 보호상품과 합산) 보호됩니다. 
자료열람요구권 
▪ 금융소비자는 분쟁조정 또는 소송의 수행 등 권리구제를 위한 목적으로 은행이 기록 및 유지·관리하는 
다음의 자료에 대한 열람(사본 및 청취 포함)을 요구할 수 있습니다. 
- 계약체결에 관한 자료, 계약의 이행에 관한 자료, 금융상품 등에 관한 광고 자료, 금융소비자의  
 권리행사에 관한 자료, 내부통제기준의 제정 및 운영 등에 관한 자료, 업무 위탁에 관한 자료 
▪ 은행은 법령, 제3자의 이익 침해, 영업비밀의 침해 등의 사유가 있는 경우 이를 금융소비자에게 알리고 
자료 열람을 제한하거나 거절할 수 있습니다. 
이용제한 사항 
▪ 자동전환 후 수수료 면제 및 금리, 거래중지계좌 편입 여부 등은 KB스타통장(또는 KB종합통장)에서 정
한 기준에 따름 
▪ 다른 통장에서 이 통장으로 전환 및 이 통장에서 다른 통장으로 전환(자동전환 제외)은 불가 
▪ 1인 1계좌만 가입 가능하며, 최초 가입 후 해지 시 재가입 불가 
▪ 비과세종합저축으로 가입 불가 
 
  

4 / 6 
 
 
▪ 이 설명서는 「금융소비자 보호에 관한 법률」 제19조 제1항, 동 법 시행령 제14조 제1항, 제3항에 따라 금융상품에 관한 
중요한 사항을 이해하기 쉽도록 설명하기 위해 설명을 하기 전에 제공되는 자료로써, 상담일 이후 가입금액, 계약기간 등 
변경에 의하여 일부 내용이 달라질 수 있습니다. 
▪ 이 설명서는 법령 및 내부통제기준에 따른 절차를 거쳐서 제공됩니다. 
이 상품은 KB국민은행 수신상품부(P)에서 개발 및 관리하는 상품입니다. 상품에 대한 문의사항 또는 민원 상담이 
필요하시면 지점, 고객센터(1588-9999) 또는 KB국민은행 홈페이지(www.kbstar.com), 금융감독원 민원상담센터 
(국번없이 1332) 또는 e-금융민원센터(www.fcsc.kr)를 통해 문의주시길 바랍니다. 지점 등을 통해 은행에 접수된 
민원은 특별한 사정이 없는 한 14영업일 이내에 처리함을 원칙으로 하되, 기한 연장 시 이에 대해 안내 드리도록 
하겠습니다. 또한 요청이 있는 경우 민원처리 진행 상황을 안내받으실 수 있습니다. 또한 금융소비자는 본 상품에 대하여 
당 은행과 분쟁이 있는 경우에는 금융소비자보호법 제36조 제1항에 따라 금융감독원에 분쟁조정을 신청할 수 있습니다. 
 
 
 
▪ GS리 테 일 플 랫 폼 「우 리 동 네GS」앱 에 서 GS P a y 계 좌 간 편 결 제(GS25 현 장 결 제) 이용 시, 결제 실적에 따라 GS25 상품 교 환 권 제공 
※ GS리테일 플랫폼 「우리동네GS」앱에서 랜덤경품 이벤트 응모 시 GS25 상품 교환권 확정 
※ 교환 가능 상품은 제휴사 사정에 의해 별도의 통지 없이 동일하거나 유사한 가치의 상품으로 대체 가능 
구 분 내 용 
제공 혜택 
▪ 주요 내용 
- 「KB GS Pay 통장」 결제 조건 충족 시 GS25 상품 교환권을 제공합니다. 
 
▪ GS25 상품 교환권 제공 조건 
 
① GS리테일 플랫폼 「우리동네GS」앱에서 GS Pay 계좌간편결제를 이용해 KB GS Pay통장으로 5천원 
이상 결제할 경우, 결제 1건당 스탬프 1회를 적립합니다. (GS25 현장결제 한정, 월 최대 스탬프 적립 
횟수 6회, 1일 중복결제 실적 인정) 
※ 단, GS리테일 이벤트 운영 정책상 결제금액 미인정 상품의 결제금액은 스탬프 적립 금액 산정에서 
제외됩니다. (상품권, 복권, 티머니 충전, 담배, 종량제봉투, 택배, 서비스 상품 등) 
※ GS리테일 운영 정책에 따라 매월 1일 오전 00시부터 오전 10시까지의 결제 건에 대해서는  
스탬프가 제공되지 않습니다. 
※ [유효기간] 스탬프는 월단위로 계산되며, 해당월 말일까지 유효합니다. 
 
② 스탬프 적립 횟수가 2, 4, 6회에 도달한 각 시점에 랜덤경품 이벤트 응모권이 발생하며,  
고객은 각 응모권별 랜덤경품 이벤트에 응모하여 GS25 상품 교환권을 수령합니다. 
※ 랜덤경품 이벤트 응모권은 월 최대 3매 발생하며, 응모 결과에 따른 GS25 상품 교환권도 월 최대 
3매까지 수령할 수 있습니다. 
※ [유효기간] 랜덤경품 이벤트 응모권은 해당월 말일까지 유효합니다. 
3  유의 사항 
4  연계·제휴서비스 
5 / 6 
③ GS25 상품 교환권은 이벤트 응모 즉시 「우리동네GS」앱 ‘나만의 냉장고>보관함’으로 제공됩니다.  
(경품 당첨 확인 후 보관함 지급까지 약 10분의 시간차가 발생할 수 있습니다.) 
※ [유효기간] GS25 상품 교환권은 수령일 기준 다음다음월 말일까지 유효합니다. (연장 불가) 
 
▪ 확인 사항 
- 결제 취소 시, 해당 실적으로 인해 적립된 스탬프 및 수령한 GS25 상품 교환권은 반환됩니다.  
단, 고객이 GS25 상품 교환권을 사용(실물 상품으로 교환하여 수령)한 경우, GS리테일 이벤트 운영 
정책에 따라 해당 스탬프 및 GS 상품 교환권은 반환되지 않습니다. 
※ GS25 상품 교환권이 반환되어도 제휴 혜택 제공 ‘회차’는 차감됩니다. 
※ 랜덤경품 이벤트에 응모한 후 결제 취소 시 향후 이벤트 참여를 제한할 수 있습니다. 
- 과거 결제실적에 대한 내용은 「우리동네GS」앱 ‘이벤트>종료’에서 해당 결제월 이후 90일까지 확인할 수 
있으며, 조회기간이 지난 실적은 GS25 고객센터(080-999-5425(무료), 평일 09~18시)에서 제공합니다. 
- GS25 상품 교환권은 해당 상품을 보유한 전국 GS25 지점에서 사용 가능합니다. 
※ 군부대 PX점포 및 고속도로 휴게소 점포 등 일부 특수 점포는 제외됩니다. 
- 1분 이내 연속 구매 또는 시스템 점검 시 스탬프 적립이 지연될 수 있습니다. 
관련 문의는 GS25 고객센터(080-999-5425(무료), 평일 09~18시)로 연락주시길 바랍니다. 
※ GS Pay 계좌간편결제, 랜덤경품 이벤트(결제실적 등), GS25 상품 교환권 사용 등 
 
▪ 교환 가능 상품 
※ 제휴사 사정에 의해 별도의 통지 없이 동일하거나 유사한 가치의 상품으로 대체 가능 
스탬프 적립 횟수 랜덤경품 이벤트 상품 
2회 
유어스)지리산 맑은샘물 500ML, 리얼프라이스)단백질바50G,  
동원)쿨피스복숭아450ML, 오뚜기)진라면매운맛(소컵), 페레로)킨더초콜릿21G 
4회 
빙그레)요맘때바, 유어스)계란과자(봉지), 코카)닥터페퍼제로350ML,  
퍼페티)츄파춥스젤리사워게코, 브레디크)골든소보루빵 
6회 
서울우유)우유크림도넛, YP)육즙팡팡2가지치즈100G, 라라스윗)저당딸기요거트바70ML, 
바프)허니버터아몬드40G, 동아)포카리스웨트620ML 
 
▪ 제공 혜택 관련 유효기간 
- [스탬프] 스탬프가 적립된 해당월 말일까지 
- [랜덤경품 이벤트 응모권] 응모권이 발생한 해당월 말일까지 
- [GS25 상품 교환권] 수령일 기준 다음다음월 말일까지 (연장 불가) 
제공 기간 
- 제휴 혜택은 통장가입일부터 2027년12월31일까지 고객별 최대 12회차 제공됩니다. 
※ 12회차의 혜택은 결제실적을 매월 연속하여 달성하지 않아도 제공됩니다. 
※ ‘회차‘란 랜덤경품 이벤트에 1회 이상 응모한 해당월을 의미합니다.  
(응모 결과로 수령한 GS25 상품 교환권의 미사용/반환 시에도 ‘회차’는 차감됩니다.) 
이행 책임 
▪ KB국민은행은 연계·제휴서비스 등을 부당하게 축소하거나 변경하지 않으며,  
불가피하게 축소하거나 변경하는 경우 그에 상응하는 다른 연계·제휴서비스를 제공합니다. 
변경/종료에 대한 
사전통지 
▪ 서면, 우편, 전자우편, 전화, 팩스, 휴대전화 문자메시지 또는 이에 준하는 전자적 의사표시 중 2개 이
상의 방법으로 축소·변경 6개월 전부터 매월 고지합니다. 
※ 단, 금융회사의 휴업·파산·경영 상의 위기 또는 연계·제휴서비스 등을 제공하는 자의  
  일방적인 제공 중단 등 6개월 전부터 고지하기 어려운 불가피한 경우 해당 상황 발생 즉시 고지 
 
6 / 6 
 
 
■ 자동전환 상품: ①KB스타통장, ②KB종합통장(KB스타통장을 이미 보유한 경우) 
※ KB종합통장은 별도의 수수료 면제 혜택 없음 
※ 자동전환 상품의 혜택은 축소 및 변경될 수 있음 
구분 KB스타통장  
수수료 면제 
▪ 수수료 면제조건 충족 시 이 통장 거래에서 발생한 아래의 수수료를 면제 
면제 대상 수수료  면제 기간 
1. KB국민은행 인터넷·폰·모바일뱅킹 다른은행 이체수수료 
이번달 11일~  
다음달 10일 
2. 납부자 자동이체(타행 자동이체 포함) 수수료 
3. KB국민은행 자동화기기 다른은행 이체수수료 
4. KB국민은행 자동화기기 시간외 출금수수료 
5. 다른은행 자동화기기 출금수수료 
※ 다른은행 ATM의 경우 제휴 ATM 및 VAN사(효성·나이스·한네트 등) ATM 제외 
▪ 면제 조건: 이 통장으로 전월(1일~말일) 중 아래 실적 중 1가지 이상 충족한 경우 
① 합산 50만원 이상 입금 이력이 있는 경우 
※ 당행 본인 명의 계좌에서 이체된 건 및 본인의 주민등록번호로 입금된 건 제외 
※ 당행 오픈뱅킹을 통해 타금융기관에서 이체된 건 제외 
※ 결산이자 입금 건 제외 
② KB 리브 모바일(KB Liiv M) 자동이체 출금 이력이 있는 경우 
※ 체크카드 및 신용카드를 통해 출금된 건 제외  
▪ 수수료 면제 기간: 이번달 11일 ~ 다음달 10일 
※ 이 통장의 가입(또는 전환)일부터 다음 다음 달 10일까지는 은행 거래실적에 관계없이 면제 
▪ 수수료 면제 횟수: 제한없음 
인컴박스 
서비스 
▪ 다양한 출처의 불규칙한 입금 거래를 한 눈에 확인할 수 있는 입금관리 서비스 
※ 인컴박스별로 입금 적요(보낸 사람)을 키워드로 설정 (박스 별 키워드는 3개까지 설정 가능) 
  ☞ 해당 적요 입금건에 대해 카드형/달력형 입금 정보 제공 
※ 계좌별 인컴박스는 3개까지 설정 가능 
▪ 이용 경로: KB스타뱅킹 앱 > 전체계좌조회 > KB스타통장 계좌 하단 [인컴박스] 
직관적인 카드형 소득 확인 [인컴박스] 이 달의 정산을 한 눈에! [인컴 캘린더] 
  
 
 
붙임  자동전환 상품 주요 혜택 (2026.01.20. 기준)",ok,
products/deposit/KBYoungYouth통장_250901.pdf,KBYoungYouth통장_250901.pdf,products/deposit,7,"KB Young Youth 통장 상품설명서 
 
1  상품 개요 및 특징 
▪ 상 품 명 : KB Young Youth 통장 
▪ 상품특징 : 계좌 안의 계좌 '저금통'으로 특별우대이율과 수수료면제 서비스를 제공하는 만 19세 미만 
Youth 고객 맞춤 입출금이 자유로운 예금   
 
2  거래 조건 
 
구   분 내   용 
가입대상 
▪ 만 19세 미만 실명의 개인 
  ※ 개인사업자 및 서류미제출 임의단체, 공동명의 가입 불가 
  ※「KB Young Youth 청소년통장」을 포함하여 1인 1계좌  
신규금액 ▪ 제한없음 
상품유형 ▪ 입출금이 자유로운 예금(저축예금)  
자동전환 
▪ 매년 첫 영업일에 가입자의 연령이 만 19세인 경우 「KB국민 ONE통장」으로 자동전환 
  ※ 단, KB국민 ONE통장을 이미 보유하고 있는 경우에는 「KB종합통장」으로 자동전환 
전환가능 여부 
▪ 기존 저축예금 통장 전환 가능 
※ 단, 공동명의 계좌, KB증권통장, MMDA통장은 전환 불가 
기본이율 
(세금공제 전, 
2024.9.11 기준) 
▪ 기본이율 : 연 0.1% 
특별이율  
(세금공제 전, 
2024.9.11 기준) 
▪ 특별이율 : 연 2.0% (특별이율은 기본이율을 포함) 
- 적용대상 : 부가서비스의 ""저금통"" 으로 설정된 금액 
- 적용한도 : 저금통 금액 설정은 최대 100만원(1만원 단위)까지 가능 
이자 지급시기 
▪ 매년 2월, 5월, 8월, 11월의 둘째 금요일에 결산하여 다음날 원금에 더함 
※ 예금의 이자는 최종거래일로부터 5년이 경과한 날부터는 이자에 원금을 더하지 않고, 
계좌해지 또는 추가 입출금 거래 발생일에 일괄 계산하여 지급할 수 있습니다. 
이자계산방법 ▪ 기본이율 : 예금이자는 예금일부터 지급일 전일까지(결산시에는 지난 원가일부터 원가일  
◈ 이 설명서는 금융소비자의 권익 보호 및 예금상품에 대한 이해 증진을 위하여 「금융소비자 보호에 관한 법률」 및 
관련 규정에 의거, 은행의 내부 통제절차를 거쳐 예금상품의 주요 내용을 쉽게 이해할 수 있도록 작성한 자료입니다. 
◈ 설명내용을 제대로 이해하지 못하였음에도 불구하고 설명을 이해했다는 서명을 하거나 녹취기록을 남기시는 경우,  
추후 해당 내용과 관련한 권리구제가 어려울 수 있습니다. 
◈ 통장 미발행 요청 시에는 통장 또는 증서가 교부되지 않습니다.. 
준법감시인 심의필 제2024-4440-2호(2024.09.04) 
(유효기간: 2024.09.11~ 2026.07.31) 
 

(산출근거) 전일까지)를 이자계산 기간으로 하고, 매일의 최종잔액을 평균하여 결산일  
현재 영업점에 고시한 기본이율로 계산함 
▪ 특별이율 : 저금통 설정일(또는 지난 원가일)부터 저금통 해제일(또는 원가일)전날까지를  
이자계산 기간으로 하고, 매일의 저금통 잔액에 대해 결산일 현재 영업점에  
고시한 특별이율로 계산함 
최종이율 
(세금공제 전, 
2024.09.11 기준) 
▪ 이 통장의 적용이율은 최저 연0.1% ~ 최고 연2.0% (특별이율 포함 시) 
※ 저금통 등록금액(최대 100만원)에 대하여 적용 가능한 최고 금리 연2.0%  
▪ 특별이율 적용 구조표 및 그래프 
 
저금통 기능 
▪ 계좌의 출금가능 잔액 범위 내에서 저금통으로 설정된 금액에 대해 특별이율 제공 
- 저금통 설정, 해제는 횟수 제한 없이 영업점 및 인터넷뱅킹, KB스타뱅킹을 통해  
거래 가능  
- 저금통으로 설정된 금액은 계좌 출금(이체)이 불가하며, 필요 금액만큼 저금통 금액 
차감 처리 후 계좌출금(이체) 가능  
- 다른 예금 상품으로 전환하는 경우 저금통은 자동 해제됨  
- 다른 예금 상품에서 이 상품으로 전환하는 경우 도래하는 결산일 이후 저금통 설정 가능  
- 거래 정정 등 부득이한 사유로 저금통 설정금액보다 실제 잔액이 더 적은 경우에는 실제 
  잔액에 대하여 결산일 현재 영업점에 게시한 특별이율 적용 
수수료면제 
서비스 
▪ 면제조건: 전월 중 이 통장에서 KB국민카드(신용/체크/KB국민비씨 카드포함) 결제실적 
           (현금서비스 포함)이 있는 경우 
▪ 면제대상 수수료 및 면제횟수 
면제대상 수수료 면제횟수 
전자금융(인터넷뱅킹, 폰뱅킹, 모바일뱅킹) 이체수수료(다른 은행으로 보낼 때) 
제한 없음 
KB국민은행 자동화기기 시간외출금수수료  
▪ 면제기간: 이번 달 11일부터 다음 달 10일까지 
※ 이 통장의 신규(전환)일로부터 다음 다음 달 10일까지는 은행 거래실적에 관계없이 
면제 
세제관련 ▪ 비과세종합저축으로 가입 가능 
※ 단, 관련 세법 개정 시 세율이 변경되거나 세금이 부과될 수 있음 
거래방법 
▪ 신규 : 영업점 방문 및 KB스타뱅킹 
▪ 해지 : 영업점 방문 

계약해지방법 ▪ 영업점 방문을 통해 해지 가능 
질권설정 ▪ 불가 
양도 및 담보제공 
▪ 양도 및 상속에 의한 명의변경 불가능 
▪ 담보제공 불가능 
원금 및 
이자지급 제한 
▪ 계좌에 압류주1), 가압류주2), 질권주3) 등이 등록될 경우 원금 및 이자 지급이 제한될 수 있음 
※ 민사집행법에 따라 최저생계비 이하 등 압류금지채권에 해당하는 경우에는 
법원에 압류금지채권 범위 변경 신청 등을 통해 압류를 취소할 수 있습니다. 
 
 주 1) 압류: 채무자의 특정한 재산에 대하여 처분(매매, 양도 등)을 금지하게 하는 법원의 조치로서,  
채권자가 채무자의 해당 재산을 금전화하여 채무 변제에 충당하려는 목적으로 이용됩니다. 
 주 2) 가압류: 법원이 채권자를 위하여 나중에 강제 집행을 할 목적으로 채무자의 재산을 임시로 
확보하는 행위입니다. 
 주 3) 질권설정: 채무자가 변제기일에 채무를 이행하지 않는 경우 설정자(담보물 소유자)가 제공한 
담보물에 대하여 채권자가 직접 청구하여 우선적으로 변제받을 수 있는 권리를 설정하는 
것으로써 일반적으로 담보물이 동산 또는 권리(예·적금, 채권 등)인 경우에 활용됩니다. 
▪ 예금잔액증명서 발급 당일에는 입금·출금·이체 등 잔액 변동 불가 
거래중지 
▪ 다음의 경우에 해당하는 경우 입출금, 잔액조회, 이관 등의 거래 제한  
(가) 예금잔액이 10,000원 미만이며, 1년 이상 입출금거래가 없는 계좌 
  (나) 예금잔액이 10,000원 이상 50,000원 미만이며, 2년 이상 입출금거래가 없는 계좌 
  (다) 예금잔액이 50,000원 이상 100,000원 미만이며, 3년 이상 입출금거래가 없는 계좌 
☞ 무거래기간 산정기준 : 입출금 거래 또는 명의변경 거래 최종 발생일로 부터 산정 
▪ 편입시기 : 연 2회(매년 6월, 12월 셋째 금요일 기준으로 익일인 토요일에 편입) 
▪ 거래를 다시 시작하고자 하는 경우에는 본인 확인 및 금융거래 목적을 확인 한 후 가능 
휴면예금 및 출연 
▪ 예금 만기일 또는 이자지급을 포함한 최종거래일 이후 5년 이내 계좌를 해지하지 않을 경우  
예금거래기본약관 제 9조의 2 휴면예금 및 출연에 따라 휴면예금은 “서민금융진흥원 
(국번없이 1397)”에 출연주)될 수 있으며, 이 경우 서민금융진흥원을 통해 휴면예금을 
찾으실 수 있습니다. 
▪ 휴면예금은 휴면예금통합조회서비스(www.sleepmoney.or.kr)를 통해 조회 가능합니다. 
 
주) 출연: 어떤 사람이나 단체가 자기의 의사에 따라 돈을 내거나 의무를 부담함으로써 재산상의  
손실을 입고 남의 재산을 증가시키는 일을 말합니다. 일반적으로 기부행위를 일컫는 말로  
사용되나 법률적으로는 비영리재단법인에 재산을 무상으로 내는 행위를 뜻합니다. 
 
※ 계좌통합관리서비스 이용 시 사용하지 않는 소액계좌를 잔고 이전/해지 할 수 있으며, 
 휴면계좌통합조회서비스 이용 시 휴면계좌 현황을 파악할 수 있습니다. 
예금자보호여부 
해 당 
 
이 예금은 예금자보호법에 따라 원금과 소정의 이자를 합하여 
1인당 “1억원까지”(본 은행의 여타 보호상품과 합산) 보호됩니다. 

자료열람요구권 
▪ 금융소비자는 분쟁조정 또는 소송의 수행 등 권리구제를 위한 목적으로 은행이 기록 및  
유지·관리하는 다음의 자료에 대한 열람(사본 및 청취 포함)을 요구할 수 있습니다. 
- 계약체결에 관한 자료, 계약의 이행에 관한 자료, 금융상품 등에 관한 광고 자료, 
금융소비자의 권리행사에 관한 자료, 내부통제기준의 제정 및 운영 등에 관한 자료,  
업무 위탁에 관한 자료 
▪ 은행은 법령, 제 3자의 이익 침해, 영업비밀의 침해 등의 사유가 있는 경우 이를 
금융소비자에게 알리고 자료 열람을 제한하거나 거절할 수 있습니다. 
이용제한 사항 
▪ 이 통장은「KB Young Youth 청소년통장」을 포함하여 1 인 1 계좌만 가입 가능하며, 
공동명의로 가입할 수 없습니다. 
▪ 부가서비스 저금통 설정은 최대 100만원까지 가능하며, 저금통 설정된 금액을 
출금(이체)하고자 하는 경우, 필요금액만큼 저금통 금액 차감 후 처리하여야 합니다.  
▪ 전환계좌의 경우 전환 후 최초 결산기(지난 결산일부터 결산일 전일까지)에 대해서는  
전환 전(前) 예금의 이율을 적용하고, 다음 결산기부터 전환된 예금의 이율을 적용합니다. 
▪ 이 통장에서 다른 통장으로의 전환 시 다음 결산일(매년 2월, 5월, 8월, 11월의 둘째  
금요일)까지는 이 통장으로 재전환이 불가합니다. 
 
 
 
 
 
구분 내용 
내용 
▪  ㈜NE능률 교육서비스 
KB Young Youth 통장 가입 고객에게는 이 상품에서 제공하는 전용 웹페이지를 통해 
무료체험프로그램 서비스(NE Times)를 제공합니다. (고객별 1회) 
구 분 세부내용  
 만 7 세 – 만 18 세 NE Times(www.netimes.co.kr) 
온라인수강권 1개월 및 영자신문 2회  
접속경로 
[KB 국민은행홈페이지(www.kbstar.com) > 금융상품 > 예금 > 
03 입출금자유 상품 > KB Young Youth 통장] 
→ 무료체험프로그램 배너 클릭 시 홈페이지 이동 
 
제공기간 ▪ 가입일로부터 1년(1년 단위 갱신). 
제공조건 
▪ 유의사항 
교육서비스 이용쿠폰 발행 후 사용방법 및 유효기간 등 세부사항은 ㈜NE능률  
운영기준에 준합니다. 
※ 서비스 관련 문의 : NE Times 고객센터 (☎1644-0527) 
이행책임 
▪  KB국민은행은 연계·제휴서비스를 부당하게 축소하거나 변경하지 않으며, 
불가피하게 축소하거나 변경하는 경우 그에 상응하는 다른 연계·제휴서비스를 제공 
3  연계·제휴서비스 
변경·종료에 
대한 
사전통지 
▪ 서면, 우편, 전자우편, 전화, 팩스, 휴대전화 문자메시지 또는 이에 준하는 전자적 
의사표시 중 2개 이상의 방법으로 축소·변경 6개월 전부터 매월 고지 
※ 단, 금융회사의 휴업·파산·경영상의 위기 또는 연계․제휴서비스등을 제공하는 자의 
일방적인 제공 중단 등 6개월 전부터 고지하기 어려운 불가피한 경우에는 해당 상황이 
발생하는 즉시 고지 
 
4  유의 사항 
▪ 이 설명서는 「금융소비자 보호에 관한 법률」제19조제1항, 동 법 시행령 제14조제1항, 제3항에 따라 
금융상품에 관한 중요한 사항을 이해하기 쉽도록 설명하기 위해 설명을 하기 전에 제공되는 자료로써, 
상담일 이후 가입금액, 계약기간 등 변경에 의하여 일부 내용이 달라질 수 있습니다. 
▪ 본 설명서는 법령 및 내부통제기준에 따른 절차를 거쳐서 제공됩니다. 
 
이 상품은 KB국민은행 수신상품부(P)에서 개발 및 관리하는 상품입니다. 
본 상품에 대한 문의사항 또는 민원 상담이 필요하시면 영업점, 고객센터(1588-9999) 또는 인터넷 홈페이지 
(www.kbstar.com), 금융감독원 민원상담센터(국번없이 1332) 또는 e-금융민원센터(www.fcsc.kr)을 통해 
문의주시기 바랍니다. 
영업점 등을 통해 은행에 접수된 민원은 특별한 사정이 없는 한 14영업일 이내에 처리함을 원칙으로 하되, 
기한 연장시 이에 대해 안내드리도록 하겠습니다. 또한 요청이 있는 경우 민원처리진행상황을 안내 받으실 수 
있으며 금융소비자는 본 상품에 대하여 당 은행과 분쟁이 있는 경우에는 금융소비자보호법 제 36조 
제1항에 따라 금융감독원에 분쟁조정을 신청할 수 있습니다. 
 
 
 
 
 
 
 
 
 
 
 
 
 
 
 
 
■ 자동전환 상품 : ① KB국민 ONE통장 ② KB종합통장 (KB국민 ONE통장 기 보유자 경우) 
※ KB종합통장은 별도의 수수료 면제 및 환율우대 혜택 없음 
구   분 KB국민 ONE통장 
KB생활 
서비스란? 
▪ KB생활서비스는 KB국민ONE통장 가입고객에게 제공하는 수수료면제 서비스입니다.  
※ 실적 발생 및 수수료면제는 이 통장 기준이며, 수수료면제 잔여횟수는 이월되지 않습니다. 
※ 예시는 참고 사항이므로 자세한 내용은 다음 장 KB생활서비스Ⅰ, Ⅱ를 참조하시기 바랍니다. 
 
 
 
 
 
 
 
 
 
 
KB생활 
서비스Ⅰ 
▪ “기본실적”만 있는 경우 
➢ 면제조건 : 전월 중 이 통장에서 아래“기본실적 중 하나 이상” 발생된 경우 
기본실적 실적 인정조건 
KB카드결제 KB국민카드(신용/체크/KB국민비씨 카드포함) 결제실적(현금서비스 포함)이 있는 경우  
공과금이체 이 통장에서 각종 공과금이체(출금) 실적주)이 있는 경우 
주) 아파트관리비, 지로, CMS, 펌뱅킹을 통한 자동납부(카드결제분 제외) 
➢ 면제기간 : 이번 달 11일부터 다음달 10일까지 
➢ 면제대상 수수료 및 면제횟수 
면제 대상 수수료(이 통장 기준) 면제횟수 
전자금융(인터넷뱅킹, 폰뱅킹, 모바일뱅킹) 이체수수료(다른은행으로 보낼 때) 
제한없음 KB국민은행 자동화기기 시간외출금수수료 
납부자자동이체(타행자동이체포함)수수료 
※ 이 통장의 신규(또는 전환)일부터 다음 다음 달 10일까지는 은행 거래실적에 관계없이 면제 
붙임  자동전환 상품 주요 혜택 

KB생활 
서비스Ⅱ 
▪ “기본실적 + 추가실적”이 있는 경우 
➢ 면제조건 : 전월 중 이 통장에서“위 기본실적 중 하나 이상 발생하고 아래  
추가실적 중 하나 이상 발생(기본실적+추가실적)”된 경우 
※ 기본실적 없이 “추가실적”만 있는 경우 수수료 면제 불가  
예시) 기본실적 없이 급여이체만 있는 경우 → 수수료면제(6항목) 모두 불가 
추가실적 실적 인정조건 
급여이체 건별 50만원 이상의 급여이체 실적주1)이 있는 경우  
가맹점결제 KB국민은행에서 지급한 카드 가맹점대금 입금실적주2)이 있는 경우  
연금수령 연금수령 실적주3)이 있는 경우 
➢ 면제기간 : 이번 달 11일 부터 다음달 10일까지 
➢ 면제대상 수수료 및 면제횟수 
면제 대상 수수료(이 통장 기준) 면제횟수 
전자금융(인터넷뱅킹, 폰뱅킹, 모바일뱅킹) 이체수수료(다른은행으로 보낼 때) 
제한없음 KB국민은행 자동화기기 시간외출금수수료 
납부자자동이체(타행자동이체포함)수수료 
KB국민은행 자동화기기 이체수수료(다른은행으로 보낼 때) 월 10회 
다른 은행 자동화기기주4) 출금수수료  월 5회 
입출금내역 SMS/FAX 통지수수료주5) 제한없음 
주1) 급여이체 실적 인정기준 : 아래 항목 중 하나에 해당하는 경우 
KB국민은행 
급여이체실적 
- 급여이체 계약(신청)에 의해 KB국민은행 급여이체 전산(급여성 선일자, 급여성 탑라인, 
기업인터넷뱅킹 등)을 통해 입금되는 건별 50만원 이상의 입금 
- 고객이 지정한 일자(전후 1영업일 포함 3영업일)에 법인 또는 고유(납세) 번호를  
부여받은 단체가 당행 인터넷뱅킹, 폰뱅킹, 창구거래를 통해 이체하는 건별 50만원 이상의 입금  
- 고객이 지정한 일자(전후 1영업일 포함 3영업일)에 급여성 선일자, 급여성  
탑라인, 국고, 지로, CMS 를 통해 이체되는 건별 50만원 이상의 입금  
다른 은행  
급여이체실적 
- 고객이 지정한 일자(전후 1영업일 포함 3영업일)에 다른 은행으로부터  
건별 50만원 이상의 급여이체 
주2) 가맹점결제실적 인정기준 : KB국민카드(체크카드 및 선불카드 포함) 가맹점대금 및 공동망 가맹점  
 매입분(KB국민비씨카드 및 다른카드회사 카드 전표를KB국민은행이 매입한 경우) 포함 
주3) 연금수령 실적 인정기준 : 아래 항목 중 하나에 해당하는 경우 
- 4대연금(국민연금, 공무원연금, 사립학교교직원연금, 군인연금)공단에서 입금된 금액 
- 국가보훈처에서 입금된 금액  
-「KB골든라이프 공사주택연금론」및「KB골든라이프 주택연금론」의 월지급금 
- KB국민은행 연금신탁에서 입금되는 연금       
- KB국민은행 퇴직연금에서 입금되는 연금 
-「KB골든라이프연금우대예금(KB Hi!Story정기예금 및 KB골든라이프예금 포함)」의  
월 균등분할원금(또는 원리금(원금과 이자)) 
주4) 은행 외부에 설치된 다른 은행 제휴CD기 및 한컴/효성/나이스 등 VAN사 CD기 제외  
주5) “월 정액형”만 면제하며, “건별 부과형”으로 신청하는 경우는 제외",ok,
products/deposit/KB국민ONE통장.pdf,KB국민ONE통장.pdf,products/deposit,2,"「KB국민ONE통장」특약  
제1조 적용범위 
KB국민ONE통장(이하 '이 통장'이라 합니다)거래는 이 특약을 적용하며, 이 특약에서 정하지 않은  
사항은 예금거래기본약관 및 입출금이자유로운예금약관을 적용합니다. 
 
제2조 가입대상 
이 통장의 가입대상은 실명의 개인으로 하며, 1인 1계좌에 한합니다.  
 
제3조 예금과목 
이 통장의 예금과목은 보통예금, 저축예금으로 합니다. 
 
제4조 적용이율 
이 통장의 이율은 결산일 현재 영업점에 고시한 예금과목별 기본이율을 적용합니다.  
 
제5조 수수료면제 
KB생활서비스는 KB국민ONE통장 가입고객에게 제공하는 수수료면제 서비스입니다. 실적 발생 및 
수수료면제는 이 통장 기준이며, 수수료면제 잔여횟수는 이월되지 않습니다.  
① KB생활서비스 Ⅰ(“기본실적”만 있는 경우) 
1. 면제조건 : 전월 중 이 통장에서 아래 “기본실적 중 하나 이상” 발생된 경우 
기본실적 실적 인정조건 
KB카드결제 KB국민카드(신용/체크/KB국민비씨 카 드 포 함) 결 제 실 적(현 금 서 비 스 포함)이 있는 경우  
공과금이체 
이 통장에서 각종 공과금이체(출금) 실적주)이 있는 경우 
주) 아파트관리비, 지로, CMS, 펌뱅킹을 통한 자동납부(카드결제분 제외) 
2. 면제기간 : 이번 달 11일부터 다음달 10일까지  
3. 면제대상 수수료 및 면제횟수 
면제 대상 수수료(이 통장 기준) 면제횟수 
전자금융(인터넷뱅킹, 폰뱅킹, 모바일뱅킹) 이체수수료(다른은행으로 보낼 때) 
제한없음 KB국민은행 자동화기기 시간외출금수수료 
납부자자동이체(타행자동이체포함)수수료 
※ 이 통장의 신규(또는 전환)일 부터 다음 다음 달 10일까 지는 은행 거래 실 적 에 관 계없 이 면제 
② KB생활서비스 Ⅱ(“기본실적 + 추가실적”이 있는 경우) 
1. 면제조건 : 전월 중 이 통장에서 “위 기본실적 중 하나 이상 발생하고 아래 추가실적 중  
하나 이상 발생(기본실적+추가실적)”된 경우 
※ 기본실적 없이 “추가실적”만 있는 경우 수수료 면제 불가 
예시) 기본실적 없이 급여이체만 있는 경우  수수료면제(6항목) 모두 불가 
추가실적 실적 인정조건 
급여이체 건별 50만원 이상의 급여이체 실적주1)이 있는 경우  
가맹점결제 KB국민은행에서 지급한 카드 가맹점대금 입금실적주2)이 있는 경우  
연금수령 연금수령 실적주3)이 있는 경우 
 
2. 면제기간 : 이번 달 11일부터 다음달 10일까지 
3. 면제대상 수수료 및 면제횟수 
면제 대상 수수료(이 통장 기준) 면제횟수 
전자금융(인터넷뱅킹, 폰뱅킹, 모바일뱅킹) 이체수수료(다른은행으로 보낼 때) 
제한없음 KB국민은행 자동화기기 시간외출금수수료 
납부자자동이체(타행자동이체포함)수수료 
KB국민은행 자동화기기 이체수수료(다른은행으로 보낼 때) 월 10회 
다른 은행 자동화기기주4) 출금수수료  월 5회 
입출금내역 SMS/FAX 통지수수료주5) 제한없음 
주1) 급여이체 실적 인정기준 : 아래 항목 중 하나에 해당하는 경우 
KB 국민은행 
급여이체실적 
- 급여이체 계약(신청)에 의해 KB 국민은행 급여이체 전산(급여성 선일자, 급여성 
탑라인, 기업인터넷뱅킹 등)을 통해 입금되는 건별 50 만원 이상의 입금 
- 고객이 지정한 일자(전후 1 영업일 포함 3 영업일)에 법인 또는 고유(납세) 번호를  
부 여 받 은 단 체 가 당행 인 터 넷 뱅 킹, 폰뱅킹, 창 구 거 래 를 통해 이 체 하 는 건별 50 만원 이상의 
입금  
- 고객이 지정한 일자(전후 1 영업일 포함3 영업일)에 급여성 선일자, 급여성  
탑라인, 국고, 지로, CMS 를 통해 이체되는 건별 50 만원 이상의 입금  
다른 은행  
급여이체실적 
- 고객이 지정한 일자(전후 1 영업일 포함 3 영업일)에 다른 은행으로부터  
건별 50 만원 이상의 급여이체 
주2) 가맹점결제실적 인정기준 : KB국민카드(체크카드 및 선불카드 포함) 가맹점대금 및 공동망 가맹점  
      매입분(KB국민비씨카드 및 다른카드회사 카드 전표를KB국민은행이 매입한 경우) 포함 
주3) 연금수령 실적 인정기준 : 아래 항목 중 하나에 해당하는 경우 
- 4대연금(국민연금, 공무원연금, 사립학교교직원연금, 군인연금)공단에서 입금된 금액 
- 국가보훈처에서 입금된 금액  
-「KB골든라이프 공사주택연금론」및「KB골든라이프 주택연금론」의 월지급금 
- KB국민은행 연금신탁에서 입금되는 연금       
- KB국민은행 퇴직연금에서 입금되는 연금 
-「KB골든라이프연금우대예금(KB Hi!Story정기예금 및 KB골든라이프예금 포함)」의  
월 균등분할원금(또는 원리금(원금과 이자)) 
주4) 은행 외부에 설치된 다른 은행 제휴CD기 및 한컴/효성/나이스 등 VAN사 CD기 제외  
주5) “월 정액형”만 면제하며, “건별 부과형”으로 신청하는 경우는 제외 
 
부  칙 
이 약관은 2015.07.29 부터 시행합니다. 
 
 
 본 특약은 법령 및 내부통제기준에 따른 절차를 거쳐서 제공됩니다.",ok,
products/deposit/KB국민연금安心통장_260201_3449433281917204.pdf,KB국민연금安心통장_260201_3449433281917204.pdf,products/deposit,4,"KB국민은행 준법감시인 심의필 제2026-0386-4호(심의일:2026.01.28) 
[유효기간: 2026.02.01~ 2028.01.20 까지] 
 
「KB 국민연금安心통장」 상품설명서 
 
 
 
1  상품명 및 특징 
▪ 상 품 명 : KB국민연금安心통장 
▪ 상품특징 : 국민연금 급여가 생활비로 사용될 수 있도록 압류가 금지되고, 연금수령 실적이 있는 경우 각종 
은행거래 수수료를 면제해주는 압류방지 전용통장 
 
2  거래 조건 
 
구   분 내    용 
가입대상 ▪ 실명의 개인으로 국민연금을 수령하는 고객(1 인 1 계좌) 
신규금액 ▪ 0원 계좌로만 개설 가능 
상품유형 ▪ 입출금이 자유로운 예금 (저축예금) 
전환가능 여부 ▪ 다른 입출금이 자유로운 예금에서 이 통장으로 전환 및 이 통장에서 다른 입출금이 자유로운 
예금으로 전환 불가 
기본이율 
(2026.02.01 기준, 
세금공제 전) 
▪ 연 0.1% (※ 결산일 현재 영업점에 고시된 저축예금 기본이율 적용) 
이자 지급시기  
▪ 예금이자는 매년 2월, 5월, 8월, 11월의 둘째 금요일에 결산하여 다음날 원금에 더함 
※ 예금의 이자는 최종거래일로부터 5년이 경과한 날부터는 이자를 원금에 더하지 않고, 계좌
해지 또는 추가 입출금 거래 발생일에 일괄 계산하여 지급할 수 있습니다. 
이자 계산방법 
(산출근거) 
▪ 예금이자는 예금일부터 지급일 전일까지(결산시에는 지난 원가일부터 원가일 전일까지)를  
이자계산 기간으로 하고, 매일의 최종잔액을 평균하여 결산일 현재 영업점에 고시하는  
기본이율로 계산 
◈ 이 설명서는 금융소비자의 권익 보호 및 예금상품에 대한 이해 증진을 위하여 「금융소비자 보호에 관한 법률」 및 
관련 규정에 의거, 은행의 내부 통제절차를 거쳐 예금상품의 주요 내용을 쉽게 이해할 수 있도록 작성한 
자료입니다. 
◈ 설명내용을 제대로 이해하지 못하였음에도 불구하고 설명을 이해했다는 서명을 하거나 녹취기록을 남기시는 경우,  
추후 해당 내용과 관련한 권리구제가 어려울 수 있습니다. 
◈ 인터넷뱅킹 등 비대면채널을 통해 가입하거나 통장 미발행 요청 시에는 통장 또는 증서가 교부되지 않습니다. 

수수료 면제 
서비스 
▪ 면제대상 
- 전자금융(인터넷뱅킹, 폰뱅킹, 모바일뱅킹) 다른은행 이체수수료 
  ※ 납부자(타행) 자동이체 수수료 제외 
- KB국민은행 자동화기기 시간외 출금수수료 
▪ 면제기준 
  - 전월 중 국민연금 급여이체 실적이 있는 경우 이번 달 11일부터 다음 달 10일까지 면제 
(단, 신규시에는 이체실적에 관계없이 신규일로부터 다음 다음 달 10일까지 면제)   
▪ 면제횟수 : 제한없음 
거래제한 
▪ 입금제한: 국민연금 급여(건별 250만원 이하)만 입금 가능  
- 입금가능급여: 국민연금 노령·장애(1~3급)·유족연금 
  (반환일시금, 사망일시금, 미지급급여, 장애일시보상금(장애4급) 포함) 
- 건별 250만원을 초과하는 국민연금 급여는 전액 입금되지 않음  
(국민연금공단에 동 상품과 다른 입출금이 자유로운 예금 계좌를 신고하는 경우 
250만원까지 동 상품으로 수령하고, 250만원 초과 금액은 다른 입출금이 자유로운 예금 
계좌로 수령 가능. 단, 일시금은 분할 수령 불가하며 250만원 이하 금액만 수령 가능) 
- 이자원가를 제외한 신용카드 캐시백 등 모든 입금거래 불가 
- 계좌간 자동이체 약정 시 입금계좌로 등록 불가(출금계좌 등록은 가능) 
- 신용카드 결제계좌나 공과금 등의 대금납부 목적의 계좌로 지정한 경우 결제·납부금액이 
부족하거나 결제·납부취소 등이 발생한 때에는 고객이 영업점 창구에서 결제·납부금액을 
직접 납부하거나 별도 지정계좌로 입금 또는 직접 수령 
▪ 수급권 제한 불가: (가)압류, 상계 등 수급권을 제한하는 거래 불가  
▪ 기타 거래제한    
- 통장자동대출계좌로 사용 불가 
- 인터넷뱅킹을 통한 예·부적금 신규 시 모계좌로 출금 등록 불가 
세제관련 
▪ 비과세종합저축으로 가입 가능 
※ 관련세법 개정 시 세율이 변경되거나 세금이 부과될 수 있음 
거래방법 
▪ 신규: 영업점 
▪ 해지: 영업점, 개인인터넷뱅킹 및 KB스타뱅킹 
계약해지방법 
▪ 영업점, 개인인터넷뱅킹, KB 스타뱅킹을 통해 해지 가능 
  ※ 개인인터넷뱅킹, KB 스타뱅킹을 통한 해지 시 해지잔액을 입금할 수 있는 본인명의의 
입출금이자유로운예금 계좌가 필요합니다. 
질권설정 ▪ 불가 
양도 및 
담보제공 
▪ 양도 및 담보제공 불가 (단, 개명 또는 착오에 의한 명의변경은 가능) 
원금 및  
이자지급 제한  
 
▪ 계좌에 압류주1), 가압류주2) 등이 등록될 경우 원금 및 이자 지급이 제한될 수 있음 
※ 민사집행법에 따라 최저생계비 이하 등 압류금지채권에 해당하는 경우에는 
법원에 압류금지채권 범위 변경 신청 등을 통해 압류를 취소할 수 있습니다. 
 
 주 1) 압류: 채무자의 특정한 재산에 대하여 처분(매매, 양도 등)을 금지하게 하는 법원의 조치로서,  
채권자가 채무자의 해당 재산을 금전화하여 채무 변제에 충당하려는 목적으로 이용됩니다. 
 주 2) 가압류: 법원이 채권자를 위하여 나중에 강제 집행을 할 목적으로 채무자의 재산을 임시로 
확보하는 행위입니다. 
 
▪ 예금잔액증명서 발급 당일에는 입금·출금·이체 등 잔액 변동 불가 
▪ 통장이 ‘전기통신금융사기 피해 방지 및 피해금 환급에 관한 특별법’에서 정의한 
피해의심거래계좌 및 사기이용계좌로 이용될 경우 이체, 송금지연, 지급정지 등의 금융거래 
제한조치를 할 수 있음 
 
휴면예금 및 
출연 
▪ 예금 만기일 또는 이자지급을 포함한 최종거래일 이후 5 년 이내 계좌를 해지하지 않을 경우  
예금거래기본약관 제 9 조의 2 휴면예금 및 출연에 따라 휴면예금은 “서민금융진흥원 
(국번없이 1397)”에 출연주)될 수 있으며, 이 경우 서민금융진흥원을 통해 휴면예금을 
찾으실 수 있습니다. 
▪ 휴면예금은 휴면예금통합조회서비스(www.sleepmoney.or.kr)를 통해 조회 가능합니다. 
 
주) 출연: 어떤 사람이나 단체가 자기의 의사에 따라 돈을 내거나 의무를 부담함으로써 재산상의  
손실을 입고 남의 재산을 증가시키는 일을 말합니다. 일반적으로 기부행위를 일컫는 말로  
사용되나 법률적으로는 비영리재단법인에 재산을 무상으로 내는 행위를 뜻합니다. 
 
※ 계좌통합관리서비스 이용 시 사용하지 않는 소액계좌를 잔고 이전/해지 할 수 있으며, 
   휴면계좌통합조회서비스 이용 시 휴면계좌 현황을 파악할 수 있습니다. 
 
예금자 
보호여부 
해당
 
이 예금은 예금자보호법에 따라 원금과 소정의 이자를 합하여 1 인당 
“1 억원까지” (본 은행의 여타 보호상품과 합산) 보호됩니다. 
자료열람요구권 
▪ 금융소비자는 분쟁조정 또는 소송의 수행 등 권리구제를 위한 목적으로 은행이 기록 및  
유지·관리하는 다음의 자료에 대한 열람(사본 및 청취 포함)을 요구할 수 있습니다. 
- 계약체결에 관한 자료, 계약의 이행에 관한 자료, 금융상품 등에 관한 광고 자료, 
금융소비자의 권리행사에 관한 자료, 내부통제기준의 제정 및 운영 등에 관한 자료,  
업무 위탁에 관한 자료 
▪ 은행은 법령, 제 3 자의 이익 침해, 영업비밀의 침해 등의 사유가 있는 경우 이를 
금융소비자에게 알리고 자료 열람을 제한하거나 거절할 수 있습니다. 

이용제한 사항 
▪ 이 상품은 1 인 1 계좌만 가입이 가능합니다. 
▪ 국민연금공단에 연금수령계좌로 신고 시 압류방지전용통장임을 반드시 통지하시기 바랍니다. 
  미통지 시 연금이 입금되지 않을 수 있습니다.  
(관련 문의 ☎ 국번없이 1355, 국민연금공단) 
▪ 통장이 ‘전기통신금융사기 피해방지 및 피해금 환급에 관한 특별법’ 에서 정의한 
피해의심거래계좌 및 사기이용 계좌로 이용될 경우 이체, 송금지연, 지급정지 등의 금융거래 
제한조치를 할 수 있습니다. 
 
 
3  유의 사항 
 
▪ 이 설명서는 「금융소비자 보호에 관한 법률」제19조제1항, 동 법 시행령 제14조제1항, 제3항에 따라 
금융상품에 관한 중요한 사항을 이해하기 쉽도록 설명하기 위해 설명을 하기 전에 제공되는 자료로써, 
상담일 이후 가입금액, 계약기간 등 변경에 의하여 일부 내용이 달라질 수 있습니다. 
▪ 본 설명서는 법령 및 내부통제기준에 따른 절차를 거쳐서 제공됩니다. 
 
이 상품은 KB국민은행 수신상품부(P)에서 개발 및 관리하는 상품입니다. 
본 상품에 대한 문의사항 또는 민원 상담이 필요하시면 영업점, 고객센터(1588-9999) 또는 인터넷 홈페이지 
(www.kbstar.com), 금융감독원 민원상담센터(국번없이 1332) 또는 e-금융민원센터(www.fcsc.kr)을 통해 
문의주시기 바랍니다. 
영업점 등을 통해 은행에 접수된 민원은 특별한 사정이 없는 한 14 영업일 이내에 처리함을 원칙으로 하되, 
기한 연장시 이에 대해 안내드리도록 하겠습니다. 또한 요청이 있는 경우 민원처리진행상황을 안내 받으실 수 
있으며 금융소비자는 본 상품에 대하여 당 은행과 분쟁이 있는 경우에는 금융소비자보호법 제 36 조 
제1항에 따라 금융감독원에 분쟁조정을 신청할 수 있습니다. 
 
 
(2026.02.01 현재)",ok,
products/deposit/KB군인연금평생안심.pdf,KB군인연금평생안심.pdf,products/deposit,2,"1 
『KB 군인연금평생안심통장』특약 
 
제 1 조 약관의 적용 
KB 군인연금평생안심통장(이하 “이 통장”이라 합니다)거래는 이 특약을 적용하고, 이 특약에서 정하지 않은 
사항에 대해서는 입출금이자유로운약관, 예금거래기본약관을 순서대로 적용합니다.  
 
제 2 조 예금과목 
이 통장의 예금과목은 저축예금으로 합니다. 
 
제 3 조 가입대상 
이 통장의 가입대상은 실명의 개인으로서 군인연금을 수령하는 고객으로 합니다. 
 
제 4 조 입금제한 
① 이 통장은 국군재정관리단에서 입금하는 군인연금 급여로 입금자원이 제한되며, 군인연금 급여 이외의 자금은 
입금 할 수 없습니다. 
② 이 통장으로의 입금은 군인연금법 제 7 조, 민사집행법 제 195 조, 동법 시행령 제 2 조 (이하 “관련 
법”이라 합니다)에서 정하는 군인연금 급여 압류금지 대상금액 이하로 입금 건당 금액을 제한합니다.   
단, 통장의 잔액은 금액에 제한 없이 유지가 가능하며 입금 제한에 영향을 미치지 않습니다. 
③ 이 통장으로 매월 수령하는 군인연금 급여액이 관련 법에서 정하는 압류금지 대상금액을 초과하는 경우 
압류금지 대상금액까지만 이 통장으로 입금되므로 압류금지 대상금액을 초과한 금액은 입금이 제한되지 
않는 별도의 통장으로 수령해야 합니다. 
 
제 5 조 거래제한 
① 이 통장은 관련 법에 따라 입금된 예금과 이에 관한 채권을 압류할 수 없고, 압류에 의한 지급제한이 되지 
 않습니다. 
② 이 통장은 은행이 상계할 수 없습니다 
③ 이 통장은 양도 및 담보제공 할 수 없습니다 
④ 이 통장은 통장자동대출계좌로 사용할 수 없습니다. 
⑤ 이 통장을 신용카드 결제계좌나 공과금 등 대금납부 목적의 계좌로 지정한 경우에 결제ㆍ납부 금액이  
부족하거나 결제ㆍ납부 취소 등이 발생한 때에는 제 4 조에 따라 고객이 영업점 창구에서 결제ㆍ납부금액을  
직접 납부하거나 별도 지정계좌로 입금 또는 직접 수령하는 방법으로 처리하여야 합니다. 
⑥ 인터넷뱅킹을 통한 예·부적금 신규시 모계좌로 출금 등록 할 수 없습니다. 
⑦ 다른 입출금이자유로운예금에서 이 통장으로 전환 및 이 통장에서 다른 입출금이자유로운예금으로 전환 할 수  
 없습니다. 

 2 
 
제 6 조 적용이율 
① 이 통장의 이율은 결산일 현재 영업점에 고시된 저축예금 기본이율을 적용합니다. 
② 이 통장의 적용이율은 변경될 수 있으며, 이율 변경시에는 변경일로부터 바뀐 이자가 적용 됩니다. 
 
제 7 조 세제혜택 
이 통장은 비과세종합저축으로 가입할 수 있습니다. 
 
제 8 조 수수료면제 
① 이 통장에는 다음 각 호의 면제 조건에 따라 수수료 면제 서비스가 제공됩니다. 실적 및 수수료 면제는 이 
통장 기준이며, 수수료 면제 잔여횟수는 이월되지 않습니다.   
   1. 면제기준 : 전월 중 이 통장에 군인연금 급여 입금실적이 있는 경우 
2. 면제대상 수수료 및 면제횟수 
면제 대상 수수료(이 통장 기준) 면제횟수 
전자금융(인터넷뱅킹, 폰뱅킹, 모바일뱅킹) 다른은행 이체수수료 제한없음 
KB국민은행 자동화기기 이용수수료 
- 시간외 출금수수료 
- 다른은행 이체수수료 
 
제한없음 
월 10회 
KB국민은행 영업점 창구를 이용하여 이 통장에서 연동한 다른은행 이체수수료 제한없음 
3. 면제기간 : 이번달 11 일부터 다음달 10 일까지  
② 이 통장의 신규시에는 이체실적에 관계 없이 신규일로부터 다음 다음 달 10 일까지 수수료를 면제합니다. 
 
 
부  칙 
 
이 약관은 2019. 7. 1 부터 시행합니다. 
 
 
 
본 특약은 법령 및 내부통제기준에 따른 절차를 거쳐서 제공됩니다.",ok,
products/deposit/KB군인연금평생안심통장_260201.pdf,KB군인연금평생안심통장_260201.pdf,products/deposit,4,"KB국민은행 준법감시인 심의필 제2026-0386-7호(심의일:2026.01.28) 
     [유효기간: 2026.02.01~ 2028.01.20 까지]         
  
「KB 군인연금평생안심통장」 상품설명서 
 
 
 
1  상품명 및 특징 
 
▪ 상 품 명 : KB군인연금평생안심통장 
▪ 상품특징 : 군인연금 급여가 생활비로 사용될 수 있도록 압류가 금지되고, 연금수령 실적이 있는 경우   
은행거래 수수료를 면제해주는 압류방지 전용통장 
 
2  거래 조건 
 
구   분 내    용 
가입대상 ▪ 실명의 개인으로 군인연금을 수령하는 고객(1 인 1 계좌)  
신규금액 ▪ 0원 계좌로만 개설 가능 
상품유형 ▪ 입출금이 자유로운 예금(저축예금) 
전환가능 여부 ▪ 다른 입출금이 자유로운 예금에서 이 통장으로 전환 및 이 통장에서 다른 입출금이 자유로운 
예금으로 전환 불가 
기본이율 
(2026.02.01 기준 
세금공제 전) 
▪ 연 0.1% (※ 결산일 현재 영업점에 고시된 저축예금 기본이율 적용) 
이자 지급시기 
▪ 매년 2월, 5월, 8월, 11월의 둘째 금요일에 결산하여 다음날 원금에 더함 
※ 예금의 이자는 최종거래일로부터 5년이 경과한 날부터는 이자를 원금에 더하지 않고, 계좌
해지 또는 추가 입출금 거래 발생일에 일괄 계산하여 지급할 수 있습니다. 
◈ 이 설명서는 금융소비자의 권익 보호 및 예금상품에 대한 이해 증진을 위하여 「금융소비자 보호에 관한 법률」 및 
관련 규정에 의거, 은행의 내부 통제절차를 거쳐 예금상품의 주요 내용을 쉽게 이해할 수 있도록 작성한 
자료입니다. 
◈ 설명내용을 제대로 이해하지 못하였음에도 불구하고 설명을 이해했다는 서명을 하거나 녹취기록을 남기시는 경우,  
추후 해당 내용과 관련한 권리구제가 어려울 수 있습니다. 
◈ 인터넷뱅킹 등 비대면채널을 통해 가입하거나 통장 미발행 요청 시에는 통장 또는 증서가 교부되지 않습니다. 

이자 계산방법 
(산출근거) 
▪ 예금이자는 예금일부터 지급일 전일까지(결산시에는 지난 원가일부터 원가일 전일까지)를  
이자계산 기간으로 하고, 매일의 최종잔액을 평균하여 결산일 현재 영업점에 고시하는  
이율로 계산함 
수수료면제  
서비스 
 
▪ 면제기준 : 전월 중 이 통장에 군인연금 급여 입금실적이 있는 경우  
(※ 단, 신규시에는 이체실적에 관계 없이 신규일로부터 다음 다음달 10일까지 면제) 
▪ 면제대상 수수료 및 면제횟수 
- 전자금융(인터넷뱅킹, 폰뱅킹, 모바일뱅킹) 다른은행 이체수수료 
※ 납부자(타행) 자동이체 수수료 제외 
- KB국민은행 자동화기기 이용수수료 
o 시간외 출금수수료 
o 다른은행 이체수수료(월10회) 
- KB국민은행 영업점 창구를 이용하여 이 통장에서 연동한 다른은행 이체수수료 
※ 별도의 언급이 없는 경우 횟수 제한 없이 면제 
▪ 면제기간 : 이번달 11일부터 다음달 10일까지 
거래제한 
▪ 입금제한 
- 건별 250만원 이하의 군인연금 급여만 입금 가능 
o 건별 250만원을 초과하는 군인연금 급여는 전액 입금되지 않음  
o 단, 국군재정관리단에 동 통장과 다른 입출금이자유로운예금 통장을 신고하는 경우  
250만원까지 동 통장으로 수령, 초과금액은 다른 입출금이자유로운예금 통장으로 수령 가능 
- 이자원가를 제외한 신용카드 캐시백 등 모든 입금거래 불가 
- 신용카드 결제계좌나 공과금 등의 대금납부 목적으로 이 통장을 지정한 경우,  
결제·납부금액 부족시 고객이 영업점 창구에서 해당 금액을 직접 납부하여야 하며  
결제·납부금액 취소시에는 고객이 별도 지정계좌로 수령 또는 직접 수령 
  - 계좌간 자동이체 약정시 입금계좌로 등록 불가 (출금계좌 등록은 가능) 
▪ 수급권 제한 불가 : (가)압류, 상계 등 수급권을 제한하는 거래 불가 
▪ 기타 거래제한 
- 양도 및 담보제공 불가 (단, 개명 또는 착오에 의한 명의변경은 가능) 
- 통장자동대출계좌로 사용 불가 
- 인터넷뱅킹을 통한 예·부적금 신규시 모계좌로 출금 등록 불가 
세제관련 
▪ 비과세종합저축으로 가입가능  
※ 관련세법이 개정될 경우 세율이 변경되거나 세금이 부과될 수 있음 
거래방법 
▪ 신규 : 영업점 
▪ 해지 : 영업점, 개인인터넷뱅킹 및 KB스타뱅킹  
계약해지방법 
▪ 영업점, 개인인터넷뱅킹, KB 스타뱅킹을 통해 해지 가능 
  ※ 개인인터넷뱅킹, KB 스타뱅킹을 통한 해지 시 해지잔액을 입금할 수 있는 본인명의의 
입출금이자유로운예금 계좌가 필요합니다. 
질권설정 ▪ 불가 
양도 및 담보제공 ▪ 불가 
원금 및  
이자지급 제한  
▪ 계좌에 압류주1), 가압류주2) 등이 등록될 경우 원금 및 이자 지급이 제한될 수 있음 
※ 민사집행법에 따라 최저생계비 이하 등 압류금지채권에 해당하는 경우에는 
법원에 압류금지채권 범위 변경 신청 등을 통해 압류를 취소할 수 있습니다. 
 
 주 1) 압류: 채무자의 특정한 재산에 대하여 처분(매매, 양도 등)을 금지하게 하는 법원의 조치로서,  
채권자가 채무자의 해당 재산을 금전화하여 채무 변제에 충당하려는 목적으로 이용됩니다. 
 주 2) 가압류: 법원이 채권자를 위하여 나중에 강제 집행을 할 목적으로 채무자의 재산을 임시로 
확보하는 행위입니다. 
 
▪ 예금잔액증명서 발급 당일에는 입금·출금·이체 등 잔액 변동 불가 
▪ 통장이 ‘전기통신금융사기 피해 방지 및 피해금 환급에 관한 특별법’에서 정의한 
피해의심거래계좌 및 사기이용계좌로 이용될 경우 이체, 송금지연, 지급정지 등의 금융거래 
제한조치를 할 수 있음 
휴면예금 출연 
▪ 예금 만기일 또는 이자지급을 포함한 최종거래일 이후 5 년 이내 계좌를 해지하지 않을 경우  
예금거래기본약관 제 9 조의 2 휴면예금 및 출연에 따라 휴면예금은 “서민금융진흥원 
(국번없이 1397)”에 출연주)될 수 있으며, 이 경우 서민금융진흥원을 통해 휴면예금을 
찾으실 수 있습니다. 
▪ 휴면예금은 휴면예금통합조회서비스(www.sleepmoney.or.kr)를 통해 조회 가능합니다. 
 
주) 출연: 어떤 사람이나 단체가 자기의 의사에 따라 돈을 내거나 의무를 부담함으로써 재산상의  
손실을 입고 남의 재산을 증가시키는 일을 말합니다. 일반적으로 기부행위를 일컫는 말로  
사용되나 법률적으로는 비영리재단법인에 재산을 무상으로 내는 행위를 뜻합니다. 
 
※ 계좌통합관리서비스 이용 시 사용하지 않는 소액계좌를 잔고 이전/해지 할 수 있으며, 
   휴면계좌통합조회서비스 이용 시 휴면계좌 현황을 파악할 수 있습니다. 
 
예금자 
보호여부 
해당
 
이 예금은 예금자보호법에 따라 원금과 소정의 이자를 합하여 1 인당 
“1 억원까지” (본 은행의 여타 보호상품과 합산) 보호됩니다. 
자료열람요구권 
▪ 금융소비자는 분쟁조정 또는 소송의 수행 등 권리구제를 위한 목적으로 은행이 기록 및  
유지·관리하는 다음의 자료에 대한 열람(사본 및 청취 포함)을 요구할 수 있습니다. 
- 계약체결에 관한 자료, 계약의 이행에 관한 자료, 금융상품 등에 관한 광고 자료, 
금융소비자의 권리행사에 관한 자료, 내부통제기준의 제정 및 운영 등에 관한 자료,  
업무 위탁에 관한 자료 
▪ 은행은 법령, 제 3 자의 이익 침해, 영업비밀의 침해 등의 사유가 있는 경우 이를 
금융소비자에게 알리고 자료 열람을 제한하거나 거절할 수 있습니다. 

이용제한 사항 
▪ 이 상품은 1 인 1 계좌만 가입이 가능합니다. 
▪ 수수료 면제 미사용 횟수는 이월되지 않습니다. 
▪ 국군재정관리단에 연금수령계좌로 신고 시 압류방지전용통장임을 반드시 통지하시기 바랍니다. 
  미통지 시 연금이 입금되지 않을 수 있습니다. (관련문의 ☎ 1577-9090, 국방부 민원콜센터) 
▪ 통장이 ‘전기통신금융사기 피해 방지 및 피해금 환급에 관한 특별법’ 에서 정의한 피해의심 
거래계좌 및 사기이용 계좌로 이용될 경우 이체, 송금지연, 지급정지 등의 금융거래 제한조치 
를 할 수 있습니다. 
 
3  유의 사항 
 
▪ 이 설명서는 「금융소비자 보호에 관한 법률」제19조제1항, 동 법 시행령 제14조제1항, 제3항에 따라 
금융상품에 관한 중요한 사항을 이해하기 쉽도록 설명하기 위해 설명을 하기 전에 제공되는 자료로써, 
상담일 이후 가입금액, 계약기간 등 변경에 의하여 일부 내용이 달라질 수 있습니다. 
▪ 본 설명서는 법령 및 내부통제기준에 따른 절차를 거쳐서 제공됩니다. 
 
이 상품은 KB국민은행 수신상품부(P)에서 개발 및 관리하는 상품입니다. 
본 상품에 대한 문의사항 또는 민원 상담이 필요하시면 영업점, 고객센터(1588-9999) 또는 인터넷 홈페이지 
(www.kbstar.com), 금융감독원 민원상담센터(국번없이 1332) 또는 e-금융민원센터(www.fcsc.kr)을 통해 
문의주시기 바랍니다. 
영업점 등을 통해 은행에 접수된 민원은 특별한 사정이 없는 한 14 영업일 이내에 처리함을 원칙으로 하되, 
기한 연장시 이에 대해 안내드리도록 하겠습니다. 또한 요청이 있는 경우 민원처리진행상황을 안내 받으실 수 
있으며 금융소비자는 본 상품에 대하여 당 은행과 분쟁이 있는 경우에는 금융소비자보호법 제 36 조 
제1항에 따라 금융감독원에 분쟁조정을 신청할 수 있습니다. 
 (2026.02.01 현재)",ok,
products/deposit/KB모임금고_250901.pdf,KB모임금고_250901.pdf,products/deposit,4,"「KB모임금고」 상품설명서 
 
1  상품명 및 특징 
▪ 상품명 : KB모임금고 
▪ 상품특징 : KB모임통장 서비스에 참여 중인 모임원이 있는 경우 우대금리를 제공하는 파킹통장 
 
2  거래 조건 
 
구   분 내   용 
가입대상 ▪ KB모임통장 서비스에 등록된 통장을 보유한 실명의 개인 
가입제한 
▪ KB모임통장 서비스에 등록된 통장(이하 “근거계좌”)을 통한 연결신규만 가능 
  ※ 근거계좌별 하나의 계좌만 개설할 수 있으며, 1인 최대 3계좌까지 개설 가능 
상품유형 ▪ 입출금이자유로운예금(저축예금) 
신규금액 ▪ 0원계좌로만 개설 가능 
입금한도 
▪ 1천만원 
  ※ 단, 잔액이 1천만원을 초과한 경우에도 이자는 입금 가능 
이자 지급시기 
▪ 이자는 결산일(매월 둘째 금요일)에 결산하여 다음날(원가일) 원금에 더함 
※ 단, 고객이 이자받기를 요청한 경우 요청일에 원금에 더함  
※ 예금의 이자는 최종거래일로부터 5 년이 경과한 날부터는 이자를 원금에 더하지 않고,  
   계좌해지 또는 추가 입출금 거래 발생일에 일괄 계산하여 지급할 수 있습니다. 
기본이율 
(세금공제 전, 
2024.12.27 기준) 
▪ 연 0.1%  
  ※ 결산일 현재 영업점 및 KB국민은행 홈페이지에 고시한 저축예금 기본이율 적용 
우대이율 
(세금공제 전, 
2024.12.27기준) 
▪ 연 1.9%p 
- 적용대상 : 매월 결산일 기준으로 이 통장 근거계좌의 KB모임통장 서비스에 참여 중인 
              모임원이 있는 경우 
◈ 이 설명서는 금융소비자의 권익 보호 및 예금상품에 대한 이해 증진을 위하여 「금융소비자 보호에 관한 법률」 및 
관련 규정에 의거, 은행의 내부 통제절차를 거쳐 예금상품의 주요 내용을 쉽게 이해할 수 있도록 작성한 
자료입니다. 
◈ 설명내용을 제대로 이해하지 못하였음에도 불구하고 설명을 이해했다는 서명을 하거나 녹취기록을 남기시는 경우,  
추후 해당 내용과 관련한 권리구제가 어려울 수 있습니다. 
◈ KB 스타뱅킹 등 비대면채널을 통해 가입하거나 통장 미발행 요청 시에는 통장 또는 증서가 교부되지 않습니다. 
 준법감시인 심의필 제2024-5546-2호(2024.11.25) 
(유효기간: 2024.12.27 ~ 2026.10.31) 
 
 
 
- 적용기간 : 매월 결산일 다음날부터 다음달 결산일까지 적용  
※ KB모임금고 신규일로부터 처음 도래하는 결산일까지는 우대이율 적용대상 여부와 
    관계없이 우대이율 적용 
   【우대이율 적용】 
   예) 결산일인 24.10.11(10 월 둘째 금요일)을 기준으로 KB모임금고와 연결된 근거계좌의  
       KB모임통장 서비스에 참여 중인 모임원이 있는 경우 
       ☞ 24.10.12(10월 결산일 다음날) ~ 24.11.8(11 월 결산일) 기간에 대해 우대이율을 
        적용하며 24.11.9(11 월 결산일 다음날)에 지급 
   【우대이율 미적용】 
   예) 결산일인 24.11.8(11월 둘째 금요일)을 기준으로 KB모임금고와 연결된 근거계좌의  
       KB모임통장 서비스에 참여 중인 모임원이 없는 경우 
       ☞ 24.11.9(11월 결산일 다음날) ~ 24.12.13(12 월 결산일) 기간에 대해 우대이율을 
        미적용하며 24.12.14(12 월 결산일 다음날)에 미지급 
   【신규 후 첫 결산】 
 예) 24.11.1 에 KB모임금고 신규 후 처음 도래하는 결산일인 24.11.8(11월 둘째 금요일)은  
     연결된 근거계좌의 KB모임통장 서비스에 참여 중인 모임원 유무와 관계없이  
     ☞ 24.11.1(신규일) ~ 24.11.8(최초 도래 결산일) 기간에 대해 우대이율을 적용하며  
        24.11.9(11월 결산일 다음날)에 지급 
   【이자받기】 
   예) 결산일인 24.11.8(11월 둘째 금요일)을 기준으로 11.15(금) 이자받기를 신청하는 경우 
     ☞ 24.11.9(11 월 결산일 다음날) ~ 24.11.14(이자받기 신청 전일) 기간에 대해 
        24.11.15(이자받기 신청일)에 지급 
이자 계산방법 
(산출근거) 
▪ 예금이자는 매일의 최종잔액을 평균하여 결산일 현재 영업점 및 KB국민은행 홈페이지에  
  고시한 이율로 계산함 
▪ 예금이자는 예금일(또는 지난 원가일)부터 원가일(또는 지급일) 전날까지를 이자 계산기간 
으로 보고 매월 둘째 금요일 다음날(원가일) 원금에 더함 
▪ 단, 고객이 원가일(또는 지급일)전에 이자받기를 신청한 경우, 예금일(또는 지난 원가일) 
  부터 이자받기 신청 전일까지의 이자를 바로 수령함 
세제관련 ▪ 비과세종합저축으로 가입 불가 
거래방법 
▪ 신규 : KB스타뱅킹 
▪ 해지 : KB스타뱅킹, 인터넷뱅킹, 영업점 
▪ 입금 : 근거계좌에서의 이체를 통한 입금만 가능 
▪ 출금 : 근거계좌로의 이체를 통한 출금만 가능 
  ※ 입금, 출금거래 시 전자금융 1일 한도 및 1회 한도 적용(해당 한도 초과 시 거래제한) 
계약해지방법 ▪ KB 스타뱅킹, 인터넷뱅킹, 영업점을 통해 해지 가능 
연계ㆍ 제휴 서비스 ▪ 해당없음 
질권설정 ▪ 불가 
양도 및 
담보제공 
▪ 양도 불가능 
▪ 담보제공 불가능 
원금 및  
이자지급 제한  
▪ 계좌에 압류주1), 가압류주2) 등이 등록될 경우 원금 및 이자 지급이 제한될 수 있음 
※ 민사집행법에 따라 최저생계비 이하 등 압류금지채권에 해당하는 경우에는 
법원에 압류금지채권 범위 변경 신청 등을 통해 압류를 취소할 수 있습니다. 
 주 1) 압류: 채무자의 특정한 재산에 대하여 처분(매매, 양도 등)을 금지하게 하는 법원의 조치로서,  
채권자가 채무자의 해당 재산을 금전화하여 채무 변제에 충당하려는 목적으로 이용됩니다. 
 주 2) 가압류: 법원이 채권자를 위하여 나중에 강제 집행을 할 목적으로 채무자의 재산을 임시로 
확보하는 행위입니다. 
▪ 예금잔액증명서 발급 당일에는 입금·출금·이체 등 잔액 변동 불가 
▪ 통장이 ‘전기통신금융사기 피해 방지 및 피해금 환급에 관한 특별법’에서 정의한 
피해의심거래계좌 및 사기이용계좌로 이용될 경우 이체, 송금지연, 지급정지 등의 
금융거래 제한조치를 할 수 있음 
거래중지 ▪ 해당없음 
휴면예금 및 출연 
▪ 예금 만기일 또는 이자지급을 포함한 최종거래일 이후 5 년 이내 계좌를 해지하지 않을 경우  
예금거래기본약관 제 9 조의 2 휴면예금 및 출연에 따라 휴면예금은 “서민금융진흥원 
(국번없이 1397)”에 출연주)될 수 있으며, 이 경우 서민금융진흥원을 통해 휴면예금을 
찾으실 수 있습니다. 
▪ 휴면예금은 휴면예금통합조회서비스(www.sleepmoney.or.kr)를 통해 조회 가능합니다. 
 
주) 출연: 어떤 사람이나 단체가 자기의 의사에 따라 돈을 내거나 의무를 부담함으로써 재산상의  
손실을 입고 남의 재산을 증가시키는 일을 말합니다. 일반적으로 기부행위를 일컫는 말로  
사용되나 법률적으로는 비영리재단법인에 재산을 무상으로 내는 행위를 뜻합니다. 
※ 계좌통합관리서비스 이용 시 사용하지 않는 소액계좌를 잔고 이전/해지 할 수 있으며, 
 휴면계좌통합조회서비스 이용 시 휴면계좌 현황을 파악할 수 있습니다. 
예금자보호여부 
해당 
 
이 예금은 예금자보호법에 따라 원금과 소정의 이자를 합하여 1인당 
“1 억원까지”(본 은행의 여타 보호상품과 합산) 보호됩니다. 
자료열람요구권 
▪ 금융소비자는 분쟁조정 또는 소송의 수행 등 권리구제를 위한 목적으로 은행이 기록 및  
유지·관리하는 다음의 자료에 대한 열람(사본 및 청취 포함)을 요구할 수 있습니다. 
- 계약체결에 관한 자료, 계약의 이행에 관한 자료, 금융상품 등에 관한 광고 자료, 
금융소비자의 권리행사에 관한 자료, 내부통제기준의 제정 및 운영 등에 관한 자료,  
업무 위탁에 관한 자료 
▪ 은행은 법령, 제 3 자의 이익 침해, 영업비밀의 침해 등의 사유가 있는 경우 이를 
금융소비자에게 알리고 자료 열람을 제한하거나 거절할 수 있습니다. 

이용제한 사항 
▪ 이 통장은 상속 또는 양도에 의한 명의변경이 불가합니다. 
▪ 이 통장은 근거계좌별 하나의 계좌만 개설할 수 있으며, 1인 최대 3계좌까지 개설할 수 
  있습니다. 
▪ 이 통장을 해지하는 경우 원금과 결산이자는 연결된 근거계좌로 입금됩니다. 
▪ 근거계좌의 해지를 위해서는 이 통장의 해지가 먼저 필요합니다. 
▪ 근거계좌의 입금 또는 출금제한 사유가 발생한 경우 이 통장으로의 이체가 제한될 수 
  있습니다. 
▪ 입금, 출금거래 시 전자금융 1일 한도 및 1회 한도 적용되며 해당한도 초과 시 거래가 
  제한될 수 있습니다. 
▪ 이 통장은 카드결제, 공과금 결제 등 결제성 계좌이체 등록 및 자동이체 등록이 
  불가합니다. 
▪ 이 통장은 마이너스통장 등의 한도대출 계좌, 대출원리금 납부계좌로 이용이 
  불가합니다. 
 
3  유의 사항 
▪ 이 설명서는 「금융소비자 보호에 관한 법률」제19조제1항, 동 법 시행령 제14조제1항, 제3항에 따라 
금융상품에 관한 중요한 사항을 이해하기 쉽도록 설명하기 위해 설명을 하기 전에 제공되는 자료로써, 
상담일 이후 가입금액, 계약기간 등 변경에 의하여 일부 내용이 달라질 수 있습니다. 
▪ 본 설명서는 법령 및 내부통제기준에 따른 절차를 거쳐서 제공됩니다. 
이 상품은 KB 국민은행 수신상품부(P)에서 관리하는 상품입니다. 
본 상품에 대한 문의사항 또는 민원 상담이 필요하시면 영업점, 고객센터(1588-9999) 또는 인터넷 홈페이지 
(www.kbstar.com), 금융감독원 민원상담센터(국번없이 1332) 또는 e-금융민원센터(www.fcsc.kr)을 통해 
문의주시기 바랍니다. 
영업점 등을 통해 은행에 접수된 민원은 특별한 사정이 없는 한 14 영업일 이내에 처리함을 원칙으로 하되, 
기한 연장시 이에 대해 안내드리도록 하겠습니다. 또한 요청이 있는 경우 민원처리진행상황을 안내 받으실 수 
있으며 금융소비자는 본 상품에 대하여 당 은행과 분쟁이 있는 경우에는 금융소비자보호법 제 36 조 제 1 항에 
따라 금융감독원에 분쟁조정을 신청할 수 있습니다.",ok,
products/deposit/KB모임금고특약.pdf,KB모임금고특약.pdf,products/deposit,2,"「KB모임금고」 특약 
 
 
 
제 1 조 적용범위 
「KB모임금고」(이하 “이 통장”)의 거래는 이 특약을 적용하며, 이 특약에서 정하지 않은 사항은 
「예금거래기본약관」, 「입출금이자유로운예금약관」, 「KB모임통장 서비스 이용약관」을 적용합니다.  
 
제 2 조 가입대상 
이 통장의 가입대상은 KB모임통장 서비스에 등록된 통장을 보유한 실명의 개인으로 합니다.   
 
제 3 조 예금과목 
이 통장의 예금과목은 저축예금으로 합니다. 
 
제 4 조 가입의 제한 
① 이 통장은 KB모임통장 서비스에 등록된 통장(이하 “근거계좌”)을 통한 연결신규만 가능합니다. 
② 이 통장은 근거계좌별 하나의 계좌만 개설할 수 있으며, 1인 최대 3계좌까지 개설할 수 있습니다. 
③ 이 통장은 신규시 0원계좌로만 개설 가능합니다. 
 
제 5 조 입금의 제한 
① 이 통장은 최대 1천만원까지 입금 가능합니다. 
② 이 통장은 근거계좌에서의 이체를 통해서만 입금이 가능하며, 그 외의 입금은 모두 제한됩니다. 
 
제 6 조 출금의 제한 
이 통장은 근거계좌로의 이체를 통해서만 출금이 가능하며, 그 외의 출금은 모두 제한됩니다. 
 
제 7 조 거래의 제한 
① 이 통장은 근거계좌의 이체를 통한 입금과 출금 발생 시 전자금융의 1일 한도와 1회 한도가  
    적용되며 해당 한도를 초과하는 경우 이체가 제한됩니다. 
② 이 통장은 카드결제, 공과금 결제 등 결제성 계좌이체 등록 및 자동이체 등록이 불가합니다.  
③ 이 통장의 근거계좌에 입금 또는 출금제한 사유(압류, 가압류 등)가 발생한 경우 이 통장으로의 
   이체 또는 이 통장에서의 이체가 제한될 수 있습니다. 
 
 
 

 
제 8 조 이자계산방법 및 지급 
이 통장의 이자는 매일의 최종잔액을 평균하여 결산일 현재 영업점 및 KB국민은행 홈페이지에 고시
한 이율로 계산하며 예금일(또는 지난 원가일)부터 원가일(또는 지급일) 전날까지를 이자 계산기간으
로 보고, 매월 둘째 금요일 다음날(원가일) 원금에 더합니다. 
단, 고객이 원가일(또는 지급일)전에 이자받기를 신청한 경우, 예금일(또는 지난 원가일)부터 이자받
기 신청 전일까지의 이자를 바로 수령할 수 있습니다. 
 
제 9 조 기본이율 
이 통장의 기본이율은 결산일(매월 둘째 금요일) 현재 영업점 및 KB국민은행 홈페이지에 고시한 이
율을 적용합니다. 
 
제 10 조 우대이율 
매월 결산일 기준으로 이 통장 근거계좌의 KB모임통장 서비스에 참여 중인 모임원이 있는 경우 우대
이율을 적용합니다. 
 
제 11 조 거래방법 
① 이 통장은 KB 스타뱅킹을 통해 가입이 가능합니다. 
② 이 통장은 KB 스타뱅킹, 인터넷뱅킹, 영업점을 통해 해지가 가능합니다. 
 
제 12 조 제한사항 
① 이 통장은 상속 또는 양도에 의한 명의변경이 불가합니다. 
② 이 통장은 비과세종합저축 가입이 불가합니다. 
③ 근거계좌의 해지를 위해서는 이 통장의 해지가 먼저 필요하며, 이 통장의 해지 시 해지원금 및 
   이자는 근거계좌로 입금됩니다. 
④ KB국민은행(이하 “은행”)은 이 통장의 이용과 관련하여 KB모임통장 서비스 이용자간 또는 그와  
   제3자 상호간에 발생한 거래, 분쟁에 대하여 개입할 의무가 없으며 은행의 고의 또는 과실이 
   없는 한 책임의 전부 또는 일부를 지지 않습니다. 
 
부 칙 
이 약관은 2024.09.24 부터 시행합니다. 
 
부 칙 
이 약관은 2024.12.27 부터 시행하며 기존 및 신규가입고객 모두 적용됩니다. 
 
본 특약은 법령 및 내부통제기준에 따른 절차를 거쳐서 제공됩니다.",ok,
products/deposit/KB생계비계좌특약.pdf,KB생계비계좌특약.pdf,products/deposit,2,"「KB 생계비계좌」 특약 
 
제 1 조 적용 범위 
① KB 생계비계좌(이하 ‘이 통장’이라 함)의 거래에는 이 특약을 적용하고, 이 특약에서 정하지 않은 사항에 
대하여는 「입출금이 자유로운 예금약관」, 「예금거래기본약관」을 순서대로 적용합니다. 
② 이 통장의 거래에서 발생하는 전자금융거래에 관한 사항은 「전자금융거래기본약관」을 적용합니다. 
제 2 조 예금과목 
이 통장의 예금과목은 「저축예금」으로 합니다.  
제 3 조 가입대상 
① 이 통장의 가입대상은 「금융실명거래 및 비밀보장에 관한 법률」에 따라 실명이 확인된 개인으로 연령  
제한 없이 가입 가능합니다. (단, 외국인은 실명확인증표로 외국인등록증, 국내거소신고증, 영주증 중 하나를 
보유한 경우에 한합니다.) 
② 이 통장의 가입은 전(全) 금융기관 1 인 1 계좌에 한합니다. 
③ 이 통장은 민사집행법 및 시행령에서 정하는 1 월간 압류금지 생계비의 관리 의무가 적용되는 계좌로, 해지 
시 해당 월에는 전(全) 금융기관에서 재가입이 제한됩니다. 따라서 은행은 계좌 해지 전에 이러한 
제한사항(해지 후 당월 재가입 불가)을 고객에게 사전에 충분히 설명하여야 합니다. 
제 4 조 입금제한 
① 이 통장은 민사집행법 및 시행령에서 정하는 압류금지 생계비(250 만원) 이내로 개인별 잔액 및 
1 월간(매월 초일부터 말일까지) 입금 금액을 제한합니다. 다시 말해, 이 통장은 최대 250 만원까지 잔액을 
보유할 수 있으며, 1 월간 최대 250 만원까지 입금할 수 있습니다. 
② 제 1 항에도 불구하고 생계비계좌에서 발생한 이자의 지급으로 인하여 생계비계좌에 예치된 금액이나 
생계비계좌에 1 월간 입금된 금액이 제 1 항에서 정한 금액을 초과하는 경우에는 은행이 이자를 지급할 수 
있습니다. 이 경우 이미 지급된 이자도 생계비계좌에 예치된 금액으로 보호됩니다. 
제 5 조 거래제한 
① 이 통장은 은행이 상계할 수 없습니다. 
② 이 통장은 양도 및 담보제공할 수 없습니다. 
③ 이 통장은 통장자동대출 계좌로 이용할 수 없습니다. 
④ 이 통장은 만기 자동해지에 대한 입금 계좌로 등록할 수 없습니다. 

⑤ 이 통장을 신용카드 결제나 공과금 등 대금납부 목적의 계좌로 지정하였을 때, 제 4 조에 따른 입금 금액 
제한으로 결제·납부금액이 부족하거나 입금 금액 제한을 초과하는 결제·납부취소 등이 발생한 때에는 
고객이 결제·납부 부족금액 또는 결제·납부취소 초과금액을 별도 방법으로 처리하여야 합니다. 
⑥ 다른 입출금이 자유로운 예금에서 이 통장으로 전환 및 이 통장에서 다른 입출금이 자유로운 예금으로 
전환할 수 없습니다. 
제 6 조 적용금리 
이 통장의 기본금리는 결산일 현재 지점, KB 국민은행 홈페이지에 게시한 예금과목별 기본금리를 적용합니다. 
제 7 조 비과세종합저축 
이 통장은 비과세종합저축으로 가입할 수 없습니다. 
제 8 조 예금자보호 
이 통장은 예금자보호법에 따라 원금과 소정의 이자를 합하여 1 인당 “1 억원까지”(본 은행의 여타 보호상품과 
합산) 보호됩니다. 
제 9 조 수수료 면제 
이 통장을 통한 거래에서 발생하는 아래의 수수료를 횟수 제한 없이 면제합니다. 
1. 전자금융(인터넷뱅킹, 폰뱅킹, 모바일뱅킹) 다른은행 이체수수료 
2. 타행자동이체 수수료 
3. KB 국민은행 자동화기기 시간외 출금수수료 
제 10 조 거래방법 
① 이 통장의 가입은 지점, KB 스타뱅킹에서 가능합니다. 
② 이 통장의 해지는 지점, 개인인터넷뱅킹, KB 스타뱅킹에서 가능합니다. 
 
 
부  칙 
이 약관은 2026 년 2 월 2 일부터 시행합니다. 
 
 본 특약은 법령 및 내부통제기준에 따른 절차를 거쳐 제공됩니다.",ok,
products/deposit/KB스타통장상품설명서(251205).pdf,KB스타통장상품설명서(251205).pdf,products/deposit,4,"「KB스타통장」 상품설명서 
 
 
 
 
▪ 상 품 명 : KB스타통장 
▪ 상품특징 : ‘소득이 있는 누구나’ 혜택을 받을 수 있는 통장 
 
 
구   분 내    용 
가입대상 
▪ 실명의 개인(1 인 1 계좌)  
※ 개인사업자 및 관련서류 미제출 임의단체 포함  ※ 공동명의 가입 불가 
신규금액 ▪ 제한없음 
상품유형 
▪ 입출금이 자유로운 예금(보통예금, 저축예금) 
※ 동일 예금과목 상품 전환가능  
※ 개별상품에서 정한 기준에 의해 전환신규가 불가한 상품은 제외 
기본이율 
(2025.12.05. 기준, 
세금공제 전) 
▪ 연 0.10% 
※ 결산일 현재 영업점에 고시한 예금과목별 기본이율 적용 
이자 지급시기 
▪ 보통예금 : 이자는 매년 6, 12월의 둘째 금요일에 결산하여 다음날 원금에 더함 
▪ 저축예금 : 이자는 매년 2, 5, 8, 11월의 둘째 금요일에 결산하여 다음날 원금에 더함 
※ 예금의 이자는 최종거래일로부터 5년이 경과한 날부터는 이자를 원금에 더하지 않고,  
계좌해지 또는 추가 입출금 거래 발생일에 일괄 계산하여 지급할 수 있습니다. 
이자 계산방법 
(산출근거) 
▪ 예금이자는 예금일부터 지급일 전일까지(결산시에는 지난 원가일부터 원가일 전일까지)를  
이자계산 기간으로 하고, 매일의 최종잔액을 평균하여 결산일 현재 영업점에 고시하는  
이율로 계산함 
◈ 이 설명서는 금융소비자의 권익 보호 및 예금상품에 대한 이해 증진을 위하여 「금융소비자 보호에 관한 법률」 및 
관련 규정에 의거, 은행의 내부 통제절차를 거쳐 예금상품의 주요 내용을 쉽게 이해할 수 있도록 작성한 자료입니다. 
◈ 설명내용을 제대로 이해하지 못하였음에도 불구하고 설명을 이해했다는 서명을 하거나 녹취기록을 남기시는 경우,  
추후 해당 내용과 관련한 권리구제가 어려울 수 있습니다. 
◈ 인터넷뱅킹 등 비대면채널을 통해 가입하거나 통장 미발행 요청 시에는 통장 또는 증서가 교부되지 않습니다. 
1  상품명 및 특징 
2  거래 조건 
준법감시인 심의필 제2025-4300-3호(심의일: 2025.10.20) 
(유효기간: 2025.12.05~2027.09.30) 
 
 
수수료 면제 
혜택 
▪ 수수료 면제조건 충족시 이 통장 거래에서 발생한 아래의 수수료를 면제 
  면제 기간 
1. KB국민은행 인터넷·폰·모바일뱅킹 다른은행 이체수수료 
이번달 11일 
~ 다음달 10일 
2. 납부자 자동이체(타행 자동이체 포함) 수수료 
3. KB국민은행 자동화기기 다른은행 이체수수료 
4. KB국민은행 자동화기기 시간외 출금수수료 
5. 다른은행 자동화기기 출금수수료 
※ 다른은행 ATM의 경우 제휴 ATM 및 VAN사(효성·나이스·한네트 등) ATM 제외 
▪ 면제조건 : 이 통장으로 전월(1일~말일) 중 아래 실적 중 1가지 이상 충족한 경우 
① 합산 50만원 이상 입금 이력이 있는 경우 
   ※ 당행 본인 명의 계좌에서 이체된 건 및 본인의 주민등록번호로 입금된 건 제외 
    ※ 당행 오픈뱅킹을 통해 타금융기관에서 이체된 건 제외 
    ※ 결산이자 입금 건 제외 
  ② KB 리브 모바일(KB Liiv M) 자동이체 출금 이력이 있는 경우 
     ※ 체크카드 및 신용카드를 통해 출금된 건 제외  
▪ 수수료 면제 기간 : 이번달 11일 ~ 다음달 10일 
※ 이 통장의 신규(또는 전환)일부터 다음 다음 달 10일까지는 은행 거래실적에 관계없이 면제 
▪ 수수료 면제 횟수 : 제한없음 
인컴박스 
서비스 
▪ 다양한 출처의 불규칙한 입금 거래를 한 눈에 확인할 수 있는 입금관리 서비스 
  ※ 인컴박스별로 입금 적요(보낸 사람)을 키워드로 설정 (박스 별 키워드는 3개까지 설정 가능) 
      ☞ 해당 적요 입금건에 대해 카드형/달력형 입금 정보 제공 
  ※ 계좌별 인컴박스는 3개까지 설정 가능.  
▪ 이용 경로 : KB스타뱅킹 앱 > 전체계좌조회 > KB스타통장 계좌 하단 [인컴박스] 
직관적인 카드형 소득 확인 [인컴박스] 이 달의 정산을 한 눈에! [인컴 캘린더] 
  
 

세제관련 
▪ 비과세종합저축으로 가입가능  
※ 관련세법이 개정될 경우 세율이 변경되거나 세금이 부과될 수 있음 
거래방법 
▪ 신규 : 영업점 또는 KB스타뱅킹 이용 
▪ 해지 : 영업점 또는 개인인터넷뱅킹, KB스타뱅킹 이용 
▪ 전환 : 영업점 또는 KB스타뱅킹 이용 
계약해지방법 
▪ 영업점, 개인인터넷뱅킹,  KB 스타뱅킹을 통해 해지 가능 
  ※ 개인인터넷뱅킹, KB 스타뱅킹을 통한 해지 시 해지잔액을 입금할 수 있는 본인명의의 
입출금이자유로운예금 계좌가 필요합니다. 
질권설정 ▪ 질권설정 불가 
양도 및 
담보제공 
▪ 양도 가능     
▪ 담보제공 불가능 
원금 및  
이자지급 제한  
▪ 계좌에 압류주1), 가압류주2)등이 등록될 경우 원금 및 이자 지급이 제한될 수 있음 
※ 민사집행법에 따라 최저생계비 이하 등 압류금지채권에 해당하는 경우에는 
법원에 압류금지채권 범위 변경 신청 등을 통해 압류를 취소할 수 있습니다. 
 
 주 1) 압류: 채무자의 특정한 재산에 대하여 처분(매매, 양도 등)을 금지하게 하는 법원의 조치로서,  
채권자가 채무자의 해당 재산을 금전화하여 채무 변제에 충당하려는 목적으로 이용됩니다. 
 주 2) 가압류: 법원이 채권자를 위하여 나중에 강제 집행을 할 목적으로 채무자의 재산을 임시로 
확보하는 행위입니다. 
  
▪ 예금잔액증명서 발급 당일에는 입금·출금·이체 등 잔액 변동 불가 
▪ 통장이 ‘전기통신금융사기 피해 방지 및 피해금 환급에 관한 특별법’에서 정의한 
피해의심거래계좌 및 사기이용계좌로 이용될 경우 이체, 송금지연, 지급정지 등의 금융거래 
제한조치를 할 수 있음 
거래중지 
▪ 다음의 경우에 해당하는 경우 입출금, 잔액조회, 이관 등의 거래 제한 
 (가) 예금잔액이 10,000원 미만이며, 1년이상 입출금거래가 없는 계좌 
 (나) 예금잔액이 10,000원 이상 50,000원 미만이며, 2년이상 입출금거래가 없는 계좌 
 (다) 예금잔액이 50,000원 이상 100,000원 미만이며, 3년이상 입출금거래가 없는 계좌 
☞ 무거래기간 산정기준 : 입출금 거래 또는 명의변경 거래 최종 발생일로 부터 산정 
▪ 편입시기 : 연2회(매년 6월, 12월 셋째 금요일 기준으로 익일인 토요일에 편입) 
▪ 거래를 다시 시작하고자 하는 경우에는 본인 확인 및 금융거래 목적을 확인 한 후 가능 
휴면예금 출연 
▪ 예금 만기일 또는 이자지급을 포함한 최종거래일 이후 5 년 이내 계좌를 해지하지 않을 경우  
예금거래기본약관 제 9 조의 2 휴면예금 및 출연에 따라 휴면예금은 “서민금융진흥원 
(국번없이 1397)”에 출연주)될 수 있으며, 이 경우 서민금융진흥원을 통해 휴면예금을 
찾으실 수 있습니다. 
▪ 휴면예금은 휴면예금통합조회서비스(www.sleepmoney.or.kr)를 통해 조회 가능합니다. 
 
주) 출연: 어떤 사람이나 단체가 자기의 의사에 따라 돈을 내거나 의무를 부담함으로써 재산상의  
손실을 입고 남의 재산을 증가시키는 일을 말합니다. 일반적으로 기부행위를 일컫는 말로  
사용되나 법률적으로는 비영리재단법인에 재산을 무상으로 내는 행위를 뜻합니다. 
 
※ 계좌통합관리서비스 이용 시 사용하지 않는 소액계좌를 잔고 이전/해지 할 수 있으며, 
   휴면계좌통합조회서비스 이용 시 휴면계좌 현황을 파악 할 수 있습니다. 
예금자보호 여부 
해 당 
 
이 예금은 예금자보호법에 따라 원금과 소정의 이자를 합하여 1인당 
“1 억원까지”(본 은행의 여타 보호상품과 합산) 보호됩니다. 
자료열람요구권 
▪ 금융소비자는 분쟁조정 또는 소송의 수행 등 권리구제를 위한 목적으로 은행이 기록 및  
유지·관리하는 다음의 자료에 대한 열람(사본 및 청취 포함)을 요구할 수 있습니다. 
- 계약체결에 관한 자료, 계약의 이행에 관한 자료, 금융상품 등에 관한 광고 자료, 
금융소비자의 권리행사에 관한 자료, 내부통제기준의 제정 및 운영 등에 관한 자료,  
업무 위탁에 관한 자료 
▪ 은행은 법령, 제 3 자의 이익 침해, 영업비밀의 침해 등의 사유가 있는 경우 이를 
금융소비자에게 알리고 자료 열람을 제한하거나 거절할 수 있습니다. 
이용제한 사항 
▪ 이 상품은 1 인 1 계좌만 가입이 가능하며, 공동명의로 가입할 수 없습니다. 
▪ 통장이 ‘전기통신금융사기 피해 방지 및 피해금 환급에 관한 특별법’ 에서 정의한 피해의심 
거래계좌 및 사기이용 계좌로 이용될 경우 이체, 송금지연, 지급정지 등의 금융거래 제한조치 
를 할 수 있습니다. 
 
 
 
 
▪ 이 설명서는 「금융소비자 보호에 관한 법률」제19조제1항, 동 법 시행령 제14조제1항, 제3항에 따라 
금융상품에 관한 중요한 사항을 이해하기 쉽도록 설명하기 위해 설명을 하기 전에 제공되는 자료로써, 상담일 
이후 가입금액, 계약기간 등 변경에 의하여 일부 내용이 달라질 수 있습니다. 
▪ 본 설명서는 법령 및 내부통제기준에 따른 절차를 거쳐서 제공됩니다. 
 
이 상품은 KB국민은행 수신상품부(P)에서 개발 및 관리하는 상품입니다.  
본 상품에 대한 문의사항 또는 민원 상담이 필요하시면 영업점, 고객센터(1588-9999) 또는 인터넷 홈페이지 
(www.kbstar.com), 금융감독원 민원상담센터(국번없이 1332) 또는 e-금융민원센터(www.fcsc.kr)를 통해 
문의주시기 바랍니다. 영업점 등을 통해 은행에 접수된 민원은 특별한 사정이 없는 한 14 영업일 이내에 처리 
함을 원칙으로 하되, 기한 연장시 이에 대해 안내드리도록 하겠습니다. 또한 요청이 있는 경우 민원처리 진행 
상황을 안내받으실 수 있습니다. 또한 금융소비자는 본 상품에 대하여 당 은행과 분쟁이 있는 경우에는 
금융소비자보호법 제 36 조 제 1 항에 따라 금융감독원에 분쟁조정을 신청할 수 있습니다. 
3  유의 사항",ok,
products/deposit/KB외화MMDA상품설명서.pdf,KB외화MMDA상품설명서.pdf,products/deposit,3,"KB국민은행                                    준법감시인 심의필 제2026-2124-2호 (심의일: 2026.05.21) 
            [유효기간: 2026.05.21~2028.04.30] 
「KB외화MMDA」 상품설명서 
 
금융 취약소비자에 해당하시는 경우 상품 상담에 앞서 외화예금상품 가입시 「금융소비자의 불이익사항」에 대해  
우선적으로 설명 들으실 수 있습니다. 고객님께서는 ‘금융 취약소비자’에 해당하십니까? 
□ 만 65세 이상   □ 은퇴자   □ 주부   □ 해당없음(일반적인 금융상품 판매 절차 진행)  
「금융소비자의 불이익사항」 
∙ 원화대가로 외화예금을 거래하는 경우 환율변동으로 인하여 원금 이익 또는 손실이 발생할 수 있습니다 
∙ 미국 달러화 이외의 외화 현금을 외화예금에 입금하는 경우 은행이 계산 근거를 명시하여 청구하는 바에 따라 
외화현찰수수료가 발생합니다 
 ∙ 외화 현금 이외의 지급수단으로 입금한 외화예금을 외화 현금으로 인출하는 경우 은행이 계산 근거를 명시하여  
청구하는 바에 따라 외화현찰수수료가 발생합니다 
 
 
 
 
1  상품명 및 특징 
 
￭ 상 품 명 : KB외화 MMDA 
￭ 상품특징 : 입출금이 자유롭고 가입기간에 제한이 없으며 예치금액이 많을수록 높은 이자율(금리)이 
 적용되는 외화예금 
 
2  거래 조건 
 
구  분 내   용 
가입대상 제한없음 
상품유형 외화요구불예금 
가입통화  USD, JPY, EUR, GBP, CAD, AUD, NZD, CHF, HKD, SGD (10개 통화) 
가입금액 최소 및 최대 금액 제한 없음 (소수점 이하 2자리까지만 입금 가능, JPY제외) 
계좌당 거래 
가능통화  10개 통화 
거래방법 
개인 
신규 : 영업점 
해지 : 영업점, 인터넷뱅킹 
법인 
신규 : 영업점 
해지 : 영업점, 인터넷뱅킹, KB스타기업뱅킹 
계약해지방법 
- 개인 : 영업점, 인터넷뱅킹에서 해지 가능 
- 법인 : 영업점, 인터넷뱅킹, KB스타기업뱅킹에서 해지 가능 
가입기간 제한없음 
 
◈ 이 설명서는 금융소비자의 권익 보호 및 예금상품에 대한 이해 증진을 위하여 「금융소비자 보호에 관한 법률」 및 
관련 규정에 의거, 은행의 내부 통제절차를 거쳐 예금상품의 주요 내용을 쉽게 이해할 수 있도록 작성한 자료입니다. 
◈ 설명내용을 제대로 이해하지 못하였음에도 불구하고 설명을 이해했다는 서명을 하거나 녹취기록을 남기시는 경우,  
추후 해당 내용과 관련한 권리구제가 어려울 수 있습니다. 
◈ 인터넷뱅킹 등 비대면채널을 통해 가입하거나 통장 미발행 요청 시에는 통장 또는 증서가 교부되지 않습니다. 
기본이율 
(세금공제 전) 
 영업점 및 KB국민은행 홈페이지에 고시된 외화 MMDA이율 적용 
※ 고객별(개인/법인), 통화별로 매일의 최종 잔액에 대해서 차등 금리 적용 
(7일미만 외화정기예금 또는 보통예금, 무이자) 
 ※ 적용 이자율은 변동될 수 있으며 변동일부터 변동된 이자율을 적용 
이자지급시기 이자는 매년 3월, 6월, 9월, 12월의 둘째(두번째) 금요일에 결산하여 다음날 원금에 더함 
이자계산방법 
(산출근기) 
(세금공제 전) 
[이자계산 산식] (일 잔액 X 적용 (연)이자율X 1/360) + (일 잔액 X 적용 (연)이자율 X 1/360) 
 +···········+ (일 잔액 X 적용 (연)이자율 X 1/360) 
단, 일본엔(JPY) 및 영국파운드(GBP)는 1년을 365일로 계산합니다. 
(일 잔액 X 적용 (연)이자율 X 1/365) 
예금 이자는 계좌 개설일(또는 지난 이자 지급일)부터 이자 지급일 전날(또는 계좌 해지일 
전날)까지의 기간을 이자 계산 기간으로 하고 이자결산시 (외화지급)적용되는 환율은  
결산일의 1회차 고시된 기준환율을 적용하여 계산. 단, 결산일이 은행 휴무일인 경우 직접  
영업일의 1회차 고시된 기준환율 적용. 원금과 이자의 계산 및 지급단위는 예수통화의  
보조단위까지 함 
세제관련 세금우대 및 생계형 저축 가입 불가능 
원금 및 
이자지급 제한 
- 계좌에 압류주1), 가압류주2) 등이 등록될 경우 원금 및 이자 지급이 제한될 수 있음 
※ 민사집행법에 따라 최저생계비 이하 등 압류금지채권에 해당하는 경우에는 
법원에 압류금지채권 범위 변경 신청 등을 통해 압류를 취소할 수 있습니다. 
 주 1) 압류: 채무자의 특정한 재산에 대하여 처분(매매, 양도 등)을 금지하게 하는 법원의 조치로서,  
채권자가 채무자의 해당 재산을 금전화하여 채무 변제에 충당하려는 목적으로 이용됩니다. 
 주 2) 가압류: 법원이 채권자를 위하여 나중에 강제 집행을 할 목적으로 채무자의 재산을 임시로 
확보하는 행위입니다. 
- 예금잔액증명서 발급 당일에는 입금·출금·이체 등 잔액 변동 불가 
- 통장이 ‘전기통신금융사기 피해 방지 및 피해금 환급에 관한 특별법’에서 정의한 
피해의심거래계좌 및 사기이용계좌로 이용될 경우 이체, 송금지연, 지급정지 등의 금융거래  
제한조치를 할 수 있음 
예금자보호여부 
 
 
 
해당 
이 예금은 예금자보호법에 따라 원금과 소정의 이자를 합하여 1인당  
""1억원까지""(본 은행의 여타 보호상품과 합산) 보호됩니다. 
외화현금수수료 
부과 기준 
- ①USD(미국 달러) 외의 외화현금을 외화예금에 입금하거나, ②외화현금 외의  
방식(송금받은 경우 등)으로 입금된 금액을 외화현금으로 출금하는 경우에는 예금주가  
외화현금수수료를 부담합니다. 
  ∙ USD(미국 달러), JPY(일본 엔화), EUR(유로화) : 매매기준율(재정된 매매기준율)의 1.5% 
  ∙ 기타통화 : 매매기준율(재정된 매매기준율)의 3% 
- 외화현금수수료 면제 기준 
  ∙ USD(미국 달러) 현금으로 외화예금에 입금하는 경우 
  ∙ 외화현금으로 외화예금에 입금한 금액 범위내에서 동종의 외화현금으로 출금하는 경우 
  ∙ 정부기관, 지방자치단체, 외국공관 또는 국제기구가 외화예금에서 USD(미국 달러)  
현금으로 출금하는 경우 
  ∙ 외화현금으로 입금된 외화거치식예금의 이자를 외화현금으로 지급하는 경우 

자료열람요구권 
▪ 금융소비자는 분쟁조정 또는 소송의 수행 등 권리구제를 위한 목적으로 은행이 기록 및  
유지·관리하는 다음의 자료에 대한 열람(사본 및 청취 포함)을 요구할 수 있습니다. 
  - 계약체결에 관한 자료, 계약의 이행에 관한 자료, 금융상품 등에 관한 광고 자료, 금융소비자의  
권리행사에 관한 자료, 내부통제기준의 제정 및 운영 등에 관한 자료, 업무 위탁에 관한 자료 
▪ 은행은 법령, 제3자의 이익 침해, 영업비밀의 침해 등의 사유가 있는 경우 이를  
금융소비자에게 알리고 자료 열람을 제한하거나 거절할 수 있습니다.   
연계·제휴서비스 해당없음 
 
3  유의 사항 
￭ 외화예금을 원화로 입금(신규입금 포함)하는 경우에는 은행이 영업점에 고시하는 입금시점의 대고객 
 전신환매도율(송금 보내실 때 환율)을 적용합니다. 
￭ 이 예금을 원화대가로 거래하는 경우 환율변동으로 인하여 이익 또는 손실이 발생할 수 있습니다. 
￭ 외화예금의 원금 및 이자를 원화로 지급할 때에 적용할 환율은 은행이 영업점에 고시한 지급시점의 대고객  
전신환매입율(송금 받으실 때 환율)로 합니다. 단, 미국 달러화 외화현금을 대가로 외화예금에 입금할 때 
외화현금수수료를 면제한 경우로서 입금일부터7일 이내에 원화를 대가로 출금하는 경우에는 대고객 
현찰매입율(외국통화 파실 때 환율)을 적용합니다. 
￭ 이 설명서는 「금융소비자 보호에 관한 법률」제 19조제 1항, 동 법 시행령 제 14조제 1항, 제 3항에 따라 
금융상품에 관한 중요한 사항을 이해하기 쉽도록 설명하기 위해 설명을 하기 전에 제공되는 자료로써, 
상담일 이후 가입금액, 계약기간 등 변경에 의하여 일부 내용이 달라질 수 있습니다. 
￭ 본 설명서는 법령 및 내부통제기준에 따른 절차를 거쳐서 제공됩니다. 
 
 
            
이 상품은 KB국민은행 외환사업부에서 개발 및 관리하는 상품입니다. 
본 상품에 대한 문의사항 또는 민원 상담이 필요하시면 영업점, 고객센터(1588-9999) 또는 인터넷 
홈페이지(www.kbstar.com), 금융감독원 민원상담센터(국번없이 1332) 또는 e-금융민원센터(www.fcsc.kr)을  
통해 문의주시기 바랍니다.  
영업점 등을 통해 은행에 접수된 민원은 특별한 사정이 없는 한 14영업일 이내에 처리함을 원칙으로 하되, 
기한 연장시 이에 대해 안내드리도록 하겠습니다. 또한 요청이 있는 경우 민원처리진행상황을 안내 받으실 수 있습니다. 
또한 금융소비자는 본 상품에 대하여 당 은행과 분쟁이 있는 경우에는 금융소비자보호법 제 36조 제 1항에 
따라 금융감독원에 분쟁조정을 신청할 수 있습니다.",ok,
products/deposit/KB외화MMDA특약.pdf,KB외화MMDA특약.pdf,products/deposit,1,"「KB 외화 MMDA 예금」 특약 
 
※ 본 특약은 법령 및 내부통제기준에 따른 절차를 거쳐서 제공됩니다. 
 
제 1 조 약관의 적용 
KB 외화 MMDA(이하 “예금”이라 합니다)은 외화보통예금의 성격을 가지며, 예금주의 청구에 따라 
언제든지 입출금이 자유롭습니다. 이 특약에서 정하지 않은 사항은 외화예금거래 기본약관을 준용합니다. 
 
제 2 조 예금의 종류 
이 예금의 계정과목은 외화MMDA 로 합니다. 
 
제 3 조 가입대상 
이 예금의 가입대상은 법인 및 개인(개인사업자 포함)입니다 
 
제 4 조 가입통화 및 계좌당 거래 가능 통화 
① 미달러화(USD),일본엔화(JPY),유로화(EUR),영국파운드화(GBP),캐나다달러화(CAD), 
뉴질랜드달러화(NZD),호주달러화(AUD),홍콩달러화(HKD),스위스프랑화(CHF), 
싱가포르달러화(SGD)(10개 통화)로 합니다 
② 한 계좌의 최대 거래 가능 통화는 5개로 제한합니다 
 
제 5 조 가입금액 
이 예금의 가입금액은 제한이 없습니다 
 
제 6 조 담보제공 
이 예금은 양도 또는 담보제공이 불가능합니다 
 
제 7 조 이율 및 이자계산방법 
① 이 예금은 개인과 법인의 예치금액별로 이율을 다르게 적용합니다. 
② 이 예금은 매년 3월, 6월, 9월, 12월의 둘째 금요일에 이자를 결산하고, 결산이자는 익일에 원금에  
더합니다. 
③ 제①항의 이율을 바꾼 때는 바꾼 날부터 바꾼 이율을 적용하며, 그 바꾼 내용을 영업점에 1개월간  
게시합니다. 
④ 이 예금의 이자는 매일의 최종잔액에 대하여 영업점에 게시한 금액별 외화 MMDA 이율로 셈하고  
법인은 미화 5만불 상당액 미만, 개인은 미화 1만불 상당액 미만인 경우에는 지급하지 않습니다. 
 
부  칙 
제 1조 (시행일) 이 약관의 시행일은 2011.05.06로 합니다.",ok,
products/deposit/KB종합통장.pdf,KB종합통장.pdf,products/deposit,2,"KB종합통장특약 
제 1 조  적용범위 
KB종합통장(이하 '이 통장'이라 합니다)거래는 이 특약을 적용하며 
이 특약에서 정하지 않은 사항은 예금거래기본약관, 입출금이자유
로운예금약관, 거치식·적립식예금약관, 신탁별약관, 주택채권등록필
증약관, 관계법령 및 계좌간자동이체약관을 적용합니다. 
제 2 조  통장의 구성 
이 통장은 보통예금·저축예금·가계당좌예금·기업자유예금 중 하나
를 모계좌로 하고, 모계좌와 한통장을 사용하는 연결계좌와 별도 
통장을 사용하는 연결계좌로 구성합니다. 
제 3 조  자동이체 
거래처의 자동이체 신청이 있으면 은행은 계좌간자동이체약관에 
따라 처리합니다. 
제 4 조  관련대출 
거래처는 은행이 정하는 방법 및 절차에 따라 대출을 받을 수 있
습니다. 
제 5 조  해지 
① 이 통장의 거래는 모계좌를 해지할 때 끝나며, 이때 거래처는 
관련 대출금을 갚아야 합니다. 
 
② 거래처가 이 통장과 한 통장으로 이용하는 연결계좌를 계속 거
래할 것을 요청할 때는 은행은 별도의 통장 또는 증서를 내줍니다. 
 
부     칙 
구 국민은행의 국민종합통장, 국민기업종합통장, 국민메디칼통장,빅
맨평생통장, 주택조합통장, 국민사이버통장, 국민미래로통장, 근로
자멀티플통장, 뉴스타트통장, 통일한마음통장, 여성종합통장, 재활
종합통장, 보금자리통장, 국민주택종합통장, 국민종합연금통장 및 
구 주택은행의 한가족알찬통장, 기업종합통장은 2002.9.23부터 이 
특약을 적용합니다. 
 
 
 
 
본 특약은 법령 및 내부통제기준에 따른 절차를 거쳐서 제공됩니다.",ok,
products/deposit/KB종합통장상품설명서250901.pdf,KB종합통장상품설명서250901.pdf,products/deposit,4,"KB국민은행                    준법감시인 심의필 제2025-0046-12호(심의일:2025.01.13) 
[유효기간: 2025.01.13~ 2027.01.10] 
「KB 종합통장」 상품설명서 
 
 
 
1  상품명 및 특징 
 
▪ 상 품 명: KB 종합통장 
▪ 상품특징: 가입대상에 제한이 없고 예치기간을 정하지 않으며, 수시로 입금 및 출금이 가능한 입출금이 
             자유로운 예금의 대표적인 상품 
 
2  거래 조건 
 
구   분 내    용 
가입대상 ▪ 제한없음 
신규금액 ▪ 제한없음 
상품유형 
▪ 입출금이 자유로운 예금(보통예금, 저축예금, 가계당좌예금, 기업자유예금) 
※ 동일 예금과목 상품 전환 가능  
기본이율 
(2025.01.13 기준, 
세금공제 전) 
▪ 연 0.10% 
※ 결산일 현재 영업점에 고시한 예금과목별 기본이율 적용 
이자 지급시기 
▪ 보통예금 : 이자는 매년 6, 12월의 둘째 금요일에 결산하여 다음날 원금에 더함 
▪ 저축예금 : 이자는 매년 2, 5, 8, 11월의 둘째 금요일에 결산하여 다음날 원금에 더함 
▪ 가계당좌예금, 기업자유예금 : 이자는 매년 3월, 6월, 9월, 12월의 둘째 금요일에 결산하여 
다음날 원금에 더함 
※ 예금의 이자는 최종거래일로부터 5년이 경과한 날부터는 이자를 원금에 더하지 않고, 계좌
해지 또는 추가 입출금 거래 발생일에 일괄 계산하여 지급할 수 있습니다. 
이자 계산방법 
(산출근거) 
▪ 예금이자는 예금일부터 지급일 전일까지(결산시에는 지난 원가일부터 원가일 전일까지)를  
이자계산 기간으로 하고, 매일의 최종잔액을 평균하여 결산일 현재 영업점에 고시하는  
이율로 계산함 
◈ 이 설명서는 금융소비자의 권익 보호 및 예금상품에 대한 이해 증진을 위하여 「금융소비자 보호에 관한 법률」 및 
관련 규정에 의거, 은행의 내부 통제절차를 거쳐 예금상품의 주요 내용을 쉽게 이해할 수 있도록 작성한 자료입니다. 
◈ 설명내용을 제대로 이해하지 못하였음에도 불구하고 설명을 이해했다는 서명을 하거나 녹취기록을 남기시는 경우,  
추후 해당 내용과 관련한 권리구제가 어려울 수 있습니다. 
◈ 인터넷뱅킹 등 비대면채널을 통해 가입하거나 통장 미발행 요청 시에는 통장 또는 증서가 교부되지 않습니다. 

세제관련 
▪ 비과세종합저축으로 가입 가능(단, 보통예금, 가계당좌예금, 기업자유예금 불가) 
※ 단, 관련 세법 개정 시 세율이 변경되거나 세금이 부과될 수 있음 
거래방법 
▪ 신규 : 영업점, KB스타뱅킹 
▪ 해지 : 영업점, 개인인터넷뱅킹, KB스타뱅킹 
▪ 전환 : 영업점, 개인인터넷뱅킹, KB스타뱅킹 
계약해지방법 
▪ 영업점, 개인인터넷뱅킹, KB 스타뱅킹을 통해 해지 가능 
  ※ 개인인터넷뱅킹, KB 스타뱅킹을 통한 해지 시 해지잔액을 입금할 수 있는 본인명의의 
입출금이자유로운예금 계좌가 필요합니다. 
질권설정 ▪ 불가 
양도 및 담보제공 ▪ 양도 가능    ▪ 담보제공 불가능 
원금 및  
이자지급 제한  
▪ 계좌에 압류주1), 가압류주2) 등이 등록될 경우 원금 및 이자 지급이 제한될 수 있음 
※ 민사집행법에 따라 최저생계비 이하 등 압류금지채권에 해당하는 경우에는 
법원에 압류금지채권 범위 변경 신청 등을 통해 압류를 취소할 수 있습니다. 
 
 주 1) 압류: 채무자의 특정한 재산에 대하여 처분(매매, 양도 등)을 금지하게 하는 법원의 조치로서,  
채권자가 채무자의 해당 재산을 금전화하여 채무 변제에 충당하려는 목적으로 이용됩니다. 
 주 2) 가압류: 법원이 채권자를 위하여 나중에 강제 집행을 할 목적으로 채무자의 재산을 임시로 
확보하는 행위입니다. 
 
▪ 예금잔액증명서 발급 당일에는 입금·출금·이체 등 잔액 변동 불가 
▪ 통장이 ‘전기통신금융사기 피해 방지 및 피해금 환급에 관한 특별법’에서 정의한 
피해의심거래계좌 및 사기이용계좌로 이용될 경우 이체, 송금지연, 지급정지 등의 금융거래 
제한조치를 할 수 있음 
거래중지 
 
▪ 다음의 경우에 해당하는 경우 입출금, 잔액조회, 이관 등의 거래 제한  
(가) 예금잔액이 10,000 원 미만이며, 1 년 이상 입출금거래가 없는 계좌 
  (나) 예금잔액이 10,000 원 이상 50,000 원 미만이며, 2 년 이상 입출금거래가 없는 계좌 
  (다) 예금잔액이 50,000 원 이상 100,000 원 미만이며, 3 년 이상 입출금거래가 없는 계좌 
☞ 무거래기간 산정기준 : 입출금 거래 또는 명의변경 거래 최종 발생일로 부터 산정 
▪ 편입시기 : 연 2 회(매년 6 월, 12 월 셋째 금요일 기준으로 익일인 토요일에 편입) 
▪ 거래를 다시 시작하고자 하는 경우에는 본인 확인 및 금융거래 목적을 확인 한 후 가능 
 
휴면예금 및 
출연 
 
▪ 예금 만기일 또는 이자지급을 포함한 최종거래일 이후 5 년 이내 계좌를 해지하지 않을 경우  
예금거래기본약관 제 9 조의 2 휴면예금 및 출연에 따라 휴면예금은 “서민금융진흥원 
(국번없이 1397)”에 출연주)될 수 있으며, 이 경우 서민금융진흥원을 통해 휴면예금을 
찾으실 수 있습니다. 
▪ 휴면예금은 휴면예금통합조회서비스(www.sleepmoney.or.kr)를 통해 조회 가능합니다. 
 
주) 출연: 어떤 사람이나 단체가 자기의 의사에 따라 돈을 내거나 의무를 부담함으로써 재산상의  
손실을 입고 남의 재산을 증가시키는 일을 말합니다. 일반적으로 기부행위를 일컫는 말로  
사용되나 법률적으로는 비영리재단법인에 재산을 무상으로 내는 행위를 뜻합니다. 
 
※ 계좌통합관리서비스 이용 시 사용하지 않는 소액계좌를 잔고 이전/해지 할 수 있으며, 
   휴면계좌통합조회서비스 이용 시 휴면계좌 현황을 파악할 수 있습니다. 
 
예금자 
보호여부 
해당
 
이 예금은 예금자보호법에 따라 원금과 소정의 이자를 합하여 1 인당 
“1 억원까지” (본 은행의 여타 보호상품과 합산) 보호됩니다. 
자료열람요구권 
 
▪ 금융소비자는 분쟁조정 또는 소송의 수행 등 권리구제를 위한 목적으로 은행이 기록 및  
유지·관리하는 다음의 자료에 대한 열람(사본 및 청취 포함)을 요구할 수 있습니다. 
- 계약체결에 관한 자료, 계약의 이행에 관한 자료, 금융상품 등에 관한 광고 자료, 
금융소비자의 권리행사에 관한 자료, 내부통제기준의 제정 및 운영 등에 관한 자료,  
업무 위탁에 관한 자료 
▪ 은행은 법령, 제 3 자의 이익 침해, 영업비밀의 침해 등의 사유가 있는 경우 이를 
금융소비자에게 알리고 자료 열람을 제한하거나 거절할 수 있습니다. 
 
이용제한 사항 
▪ 통장이 ‘전기통신금융사기 피해 방지 및 피해금 환급에 관한 특별법’ 에서 정의한 피해의심 
거래계좌 및 사기이용 계좌로 이용될 경우 이체, 송금지연, 지급정지 등의 금융거래 제한조치 
를 할 수 있습니다. 
 
 
 
 
 
 
 
 
 
 
 
 
 
 
 
 
 

3  유의 사항 
 
▪ 이 설명서는 「금융소비자 보호에 관한 법률」제19조제1항, 동 법 시행령 제14조제1항, 제3항에 따라 
금융상품에 관한 중요한 사항을 이해하기 쉽도록 설명하기 위해 설명을 하기 전에 제공되는 자료로써, 
상담일 이후 가입금액, 계약기간 등 변경에 의하여 일부 내용이 달라질 수 있습니다. 
▪ 본 설명서는 법령 및 내부통제기준에 따른 절차를 거쳐서 제공됩니다. 
 
이 상품은 KB국민은행 수신상품부(P)에서 개발 및 관리하는 상품입니다. 
본 상품에 대한 문의사항 또는 민원 상담이 필요하시면 영업점, 고객센터(1588-9999) 또는 인터넷 홈페이지 
(www.kbstar.com), 금융감독원 민원상담센터(국번없이 1332) 또는 e-금융민원센터(www.fcsc.kr)을 통해 
문의주시기 바랍니다. 
영업점 등을 통해 은행에 접수된 민원은 특별한 사정이 없는 한 14 영업일 이내에 처리함을 원칙으로 하되, 
기한 연장시 이에 대해 안내드리도록 하겠습니다. 또한 요청이 있는 경우 민원처리진행상황을 안내 받으실 수 
있으며 금융소비자는 본 상품에 대하여 당 은행과 분쟁이 있는 경우에는 금융소비자보호법 제 36 조 
제1항에 따라 금융감독원에 분쟁조정을 신청할 수 있습니다. 
 (2025.01.13 현재)",ok,
products/deposit/KB주거행복월세통장.pdf,KB주거행복월세통장.pdf,products/deposit,2,"「KB 주거행복 월세통장」 특약 
 
제 1 조 적용범위 
「KB 주거행복 월세통장」(이하 '이 통장'이라 합니다)의 거래는 이 특약을 적용하며, 이 특약에서 
정하지 않은 사항은 예금거래기본약관, 입출금이자유로운예금약관, 계좌간자동이체약관, 
납부자자동이체약관 및 타행자동이체약관을 적용합니다. 
 
제 2 조 예금과목 
이 통장의 예금과목은 저축예금으로 합니다.(통장 전환 불가. 신규만 가능) 
 
제 3 조 가입대상 
이 통장의 가입대상은 실명의 개인으로 1 인 1 통장에 한합니다. 
 
제 4 조 가입금액 
이 통장의 가입금액은 제한이 없습니다. 
 
제 5 조 기본이율 
이 통장의 기본이율은 결산일 현재 영업점에 고시한 저축예금의 기본이율을 적용합니다.  
 
제 6 조 수수료 면제 
① 월세 납부 자동이체 등록 고객이 이 통장을 통해 월세 납부 시‘납부자 자동이체(타행자동이체 포함)’㈜   
수수료 면제를 제공합니다.  
※㈜ ‘납부자 자동이체(타행자동이체 포함)’란 국민은행에서 다른 은행으로의 자동이체 거래를 말합니다. 
② 월세가 자동이체될 때 SMS(휴대폰 문자메시지)로 해당 내용을 알려주는「월세이체 알림서비스」를 
  월세 납부 자동이체 등록 고객에게 무료로 제공합니다.  
  단, 고객이 ‘입출금내역 통지등록’서비스를 신청한 경우에 한합니다. 
 
제 7 조 부가서비스 
월세 납부 자동이체 등록 고객이「월세 이체내역서」를 신청하는 경우 무료로 제공합니다. 
 
제 8 조 자동이체 제한 
① 이 통장은 월세납부 전용통장으로 자동이체 등록은「KB 주거행복 월세대출」약정 후 가능하며, 
   월세 납부를 위한 자동이체(납부자 자동이체, 타행자동이체 포함) 1 건만 등록할 수 있습니다. 
② 자동이체 입금은행이 KB 국민은행일 경우, 이체지정일이 은행 영업일이 아닌 때는 그 다음 
 영업일에 이체되며 이체지정일이 없는 월의 경우에는 해당월의 말일에 이체됩니다. 
③ 납부자자동이체 등록 고객으로서 위 ②항의 자동이체와 관련하여 자동이체 입금은행이 

 다른 은행일 경우에는, 월세 납부자 출금계좌에서 이체지정일(은행 영업일이 아닌 때는 그 
 다음 영업일, 이체지정일이 없는 월의 경우에는 해당월의 말일) 전 제 1 영업일에 출금하여 
 이체지정일에 입금계좌로 입금됩니다. 단, 해당월 이체지정일에 이체되지 않은 자동이체 금액은 
 해당월 이체지정일 이후에 다시 이체되지 않습니다. 
④ 타행자동이체 등록 고객으로서 위 ②항의 자동이체와 관련하여 자동이체 입금은행이 
 다른 은행일 경우에는, 월세 납부자 출금계좌에서 이체지정일(은행 영업일이 아닌 때는 그 
 다음 영업일, 이체지정일이 없는 월의 경우에는 해당월의 말일)에 출금하여 이체지정일에 
 입금계좌로 입금됩니다. 단, 해당월 이체지정일에 이체되지 않은 자동이체 금액은 해당월 
 이체지정일 이후에 다시 이체되지 않습니다. 
 
제 9 조 지급 및 이체 제한 
① 이 통장은「KB 주거행복 월세대출」과 약정되어 있는 경우에 한하여 잔액이 마이너스(-) 될 수 있습니다. 
②「KB 주거행복 월세대출」의 약정계좌로 등록된 경우, 통장 잔액이 마이너스(-)가 되도록 하는 
현금인출(기타 출금거래 포함) 거래는 불가능합니다. 단, 대출 약정할 때 등록된 월세납부를 위한  
자동이체와 해당 대출의 이자출금은 가능합니다. 
③ 통장 잔액이 플러스(+)인 잔액 범위 내에서는「KB 주거행복 월세대출」약정여부와 관계없이 
현금인출에 제한이 없습니다. 
 
제 10 조 기타 유의사항 
① 이 통장은 양도 및 담보제공이 되지 않습니다. 
② 이 통장은 비과세종합저축으로 가입 가능합니다.  
단, 관련 세법이 개정 될 경우 세율이 변경되거나 세금이 부과될 수 있습니다. 
③ 이 통장은「KB 주거행복 월세대출」을 제외한 유동성 한도대출의 연결계좌로 사용할 수 없습니다. 
 
부  칙 
이 약관은 2014.03.24 부터 시행합니다. 
부  칙 
이 약관은 2015.01.01 부터 시행합니다. 
부  칙 
이 약관은 2015.02.13 부터 시행합니다. 
부  칙 
이 약관은 2020. 1. 28 부터 시행하며 변경된 약관은 기존 가입고객에게도 적용합니다. 
 
 
본 특약은 법령 및 내부통제기준에 따른 절차를 거쳐서 제공됩니다.",ok,
products/deposit/KB주택연금지킴이통장_260201.pdf,KB주택연금지킴이통장_260201.pdf,products/deposit,4,"KB 주택연금지킴이통장 상품설명서 
 
 
1  상품명 및 특징 
▪ 상 품 명 : KB주택연금지킴이통장 
▪ 상품특징 : 주택담보노후연금(주택연금) 수령금이 생활비로 사용될 수 있도록 압류가 금지되고,  
연금수령 실적이 있는 경우 각종 은행거래 수수료를 면제해주는 압류방지 전용통장 
 
2  거래 조건 
 
구   분 내    용 
가입대상 
▪ 실명의 개인으로 한국주택금융공사의 주택담보노후연금(주택연금)을 수령하는 고객 
 (1 인 1 계좌) 
※ 증빙서류 제출 후 가입 가능 
구분 증빙서류 발 급 처 
주택연금 수령자 주택연금 전용계좌 이용대상 확인서 한국주택금융공사 
 
신규금액 ▪ 0원 계좌로만 개설 가능 
상품유형 ▪ 입출금이 자유로운 예금(저축예금) 
전환 가능 여부 ▪ 다른 입출금이 자유로운 예금에서 이 통장으로 전환 및 이 통장에서 다른 입출금이 자유로운 
예금으로 전환 불가 
기본이율 
(2026.02.01 기준 
세금공제 전) 
▪ 연 0.1% (※ 결산일 현재 영업점에 고시된 저축예금 기본이율 적용) 
이자 지급시기 
▪ 매년 2월, 5월, 8월, 11월의 둘째 금요일에 결산하여 다음날 원금에 더함 
※ 예금의 이자는 최종거래일로부터 5년이 경과한 날부터는 이자를 원금에 더하지 않고,  
계좌해지 또는 추가 입출금 거래 발생일에 일괄 계산하여 지급할 수 있습니다. 
이자 계산방법 
(산출근거) 
▪ 예금이자는 예금일부터 지급일 전일까지(결산시에는 지난 원가일부터 원가일 전일까지)를  
이자계산 기간으로 하고, 매일의 최종잔액을 평균하여 결산일 현재 영업점에 고시하는  
이율로 계산함 
◈ 이 설명서는 금융소비자의 권익 보호 및 예금상품에 대한 이해 증진을 위하여 「금융소비자 보호에 관한 법률」 및 
관련 규정에 의거, 은행의 내부 통제절차를 거쳐 예금상품의 주요 내용을 쉽게 이해할 수 있도록 작성한 자료입니다. 
◈ 설명내용을 제대로 이해하지 못하였음에도 불구하고 설명을 이해했다는 서명을 하거나 녹취기록을 남기시는 경우,  
추후 해당 내용과 관련한 권리구제가 어려울 수 있습니다. 
◈ 인터넷뱅킹 등 비대면채널을 통해 가입하거나 통장 미발행 요청 시에는 통장 또는 증서가 교부되지 않습니다. 
KB국민은행 준법감시인 심의필 제2026-0184-10호(심의일: 2026.01.23) 
(유효기간: 2026.02.01.~2028.01.20 까지) 
 
 
수수료면제  
서비스 
 
▪ 면제기준 : 전월 중 이 통장에 주택연금 월지급금 입금실적이 있는 경우  
(※ 단, 신규시에는 이체실적에 관계 없이 신규일로부터 다음 다음달 10일까지 면제) 
▪ 면제대상 수수료 및 면제횟수 
- 전자금융(인터넷뱅킹, 폰뱅킹, 모바일뱅킹) 다른은행 이체수수료 
※ 납부자(타행) 자동이체 수수료 제외 
- KB국민은행 자동화기기 이용수수료 
o 시간외 출금수수료 
o 다른은행 이체수수료(월10회) 
▪ 면제기간 : 이번달 11일부터 다음달 10일까지 
거래제한 
▪ 입금제한 
- 건별 250만원 이하의 한국주택금융공사 주택담보노후연금(주택연금)만 입금 가능 
ㅇ 건별 250만원을 초과하는 주택연금 금액은 전액 입금되지 않음  
ㅇ 단, 해당계좌와 다른 입출금이자유로운예금 계좌를 연금수령 계좌로 신청하는 경우 
   250만원 까지 해당계좌로 수령, 초과금액은 다른 입출금이자유로운예금 계좌로 수령 가능 
- 이자원가를 제외한 신용카드 캐시백 등 모든 입금거래 불가 
- 신용카드 결제계좌나 공과금 등의 대금납부 목적으로 이 통장을 지정한 경우,  
결제·납부금액 부족시 고객이 영업점 창구에서 해당 금액을 직접 납부하여야 하며  
결제·납부금액 취소시에는 고객이 별도 지정계좌로 수령 또는 직접 수령 
  - 계좌간 자동이체 약정시 입금계좌로 등록 불가 (출금계좌 등록은 가능) 
▪ 수급권 제한 불가 : (가)압류, 상계 등 수급권을 제한하는 거래 불가 
▪ 기타 거래제한 
- 통장자동대출계좌로 사용 불가 
- 인터넷뱅킹을 통한 예·부적금 신규시 모계좌로 출금 등록 불가 
세제관련 
▪ 비과세종합저축으로 가입 가능 
※ 단, 관련 세법이 개정될 경우 세율이 변경되거나 세금이 부과될 수 있음 
거래방법 
▪ 신규 : 영업점 
▪ 해지 : 영업점, 개인인터넷뱅킹, KB스타뱅킹 이용 
계약해지방법 
▪ 영업점, 개인인터넷뱅킹, KB 스타뱅킹을 통해 해지 가능 
  ※ 개인인터넷뱅킹, KB 스타뱅킹을 통한 해지 시 해지잔액을 입금할 수 있는 본인명의의 
입출금이자유로운예금 계좌가 필요합니다. 
연계ㆍ 제휴 서비스 ▪ 해당없음 
질권설정 ▪ 불가 
양도 및 담보제공 ▪ 불가(단, 개명 또는 착오에 의한 명의변경은 가능) 
원금 및  
이자지급 제한  
▪ 예금잔액증명서 발급 당일에는 입금·출금·이체 등 잔액 변동 불가 
▪ 통장이 ‘전기통신금융사기 피해 방지 및 피해금 환급에 관한 특별법’에서 정의한  
피해의심거래계좌 및 사기이용계좌로 이용될 경우 이체, 송금지연, 지급정지 등의 금융거래 
제한조치를 할 수 있음 
휴면예금 출연 
▪ 예금 만기일 또는 이자지급을 포함한 최종거래일 이후 5 년 이내 계좌를 해지하지 않을 경우  
예금거래기본약관 제 9 조의 2 휴면예금 및 출연에 따라 휴면예금은 “서민금융진흥원 
(국번없이 1397)”에 출연주)될 수 있으며, 이 경우 서민금융진흥원을 통해 휴면예금을 
찾으실 수 있습니다. 
▪ 휴면예금은 휴면예금통합조회서비스(www.sleepmoney.or.kr)를 통해 조회 가능합니다. 
 
주) 출연: 어떤 사람이나 단체가 자기의 의사에 따라 돈을 내거나 의무를 부담함으로써 재산상의  
손실을 입고 남의 재산을 증가시키는 일을 말합니다. 일반적으로 기부행위를 일컫는 말로  
사용되나 법률적으로는 비영리재단법인에 재산을 무상으로 내는 행위를 뜻합니다. 
 
※ 계좌통합관리서비스 이용 시 사용하지 않는 소액계좌를 잔고 이전/해지 할 수 있으며, 
 휴면계좌통합조회서비스 이용 시 휴면계좌 현황을 파악할 수 있습니다. 
예금자 
보호여부 
해 당 
 
이 예금은 예금자보호법에 따라 원금과 소정의 이자를 합하여 1 인당 
“1 억원까지”(본 은행의 여타 보호상품과 합산) 보호됩니다. 
자료열람요구권 
▪ 금융소비자는 분쟁조정 또는 소송의 수행 등 권리구제를 위한 목적으로 은행이 기록 및 
유지·관리하는 다음의 자료에 대한 열람(사본 및 청취 포함)을 요구할 수 있습니다. 
- 계약체결에 관한 자료, 계약의 이행에 관한 자료, 금융상품 등에 관한 광고 자료, 
금융소비자의 권리행사에 관한 자료, 내부통제기준의 제정 및 운영 등에 관한 자료,  
업무 위탁에 관한 자료 
▪ 은행은 법령, 제 3 자의 이익 침해, 영업비밀의 침해 등의 사유가 있는 경우 이를 
금융소비자에게 알리고 자료 열람을 제한하거나 거절할 수 있습니다. 
이용제한 사항 
▪ 이 상품은 1 인 1 계좌만 가입이 가능합니다. 
▪ KB 주택연금지킴이통장은 한국주택금융공사의 ‘주택연금 이용계좌 대상확인서’를 반드시 
 제출하여야 개설이 가능합니다. (관련문의 ☎국번없이 1688-8114, 한국주택금융공사) 
▪ KB 국민은행을 제외한 다른 은행에서 취급된 한국주택금융공사 주택연금론에 대해서는 
 연금수령계좌로 사용이 불가합니다.  
 
  

 
이 상품은 KB 국민은행 수신상품부(P)에서 개발 및 관리하는 상품입니다. 
상품에 대한 문의사항 또는 민원 상담이 필요하시면 영업점, 고객센터(1588-9999) 또는 인터넷 홈페이지 
(www.kbstar.com), 금융감독원 민원상담센터(국번없이 1332) 또는 e-금융민원센터(www.fcsc.kr)을 통해 
문의주시기 바랍니다. 영업점 등을 통해 은행에 접수된 민원은 특별한 사정이 없는 한 14 영업일 이내에 처리함을 
원칙으로 하되, 기한 연장시 이에 대해 안내드리도록 하겠습니다. 또한 요청이 있는 경우 민원처리 진행상황을 안내 
받으실 수 있습니다. 또한 금융소비자는 본 상품에 대하여 당 은행과 분쟁이 있는 경우에는 금융소비자보호법 제 36 조 
제 1 항에 따라 금융감독원에 분쟁조정을 신청할 수 있습니다 
 
3  유의 사항 
 
▪ 이 설명서는 「금융소비자 보호에 관한 법률」제19조제1항, 동 법 시행령 제14조제1항, 제3항에 따라 
금융상품에 관한 중요한 사항을 이해하기 쉽도록 설명하기 위해 설명을 하기 전에 제공되는 자료로써, 상담일 
이후 가입금액, 계약기간 등 변경에 의하여 일부 내용이 달라질 수 있습니다. 
▪ 이 설명서는 법령 및 내부통제기준에 따른 절차를 거쳐서 제공됩니다  
  
(2026.02.01 현재)",ok,
products/deposit/KB주택연금지킴이특약.pdf,KB주택연금지킴이특약.pdf,products/deposit,2,"1 
 
『KB 주택연금지킴이통장』특약 
 
제 1 조 약관의 적용 
KB 주택연금지킴이통장(이하 “이 통장”이라 합니다)거래는 이 특약을 적용하고, 이 특약에서 
정하지 않은 사항에 대해서는 입출금이자유로운약관, 예금거래기본약관을 순서대로 적용합니다.  
 
제 2 조 예금과목 
이 통장의 예금과목은 저축예금으로 합니다. 
 
제 3 조 가입대상 
이 통장의 가입대상은 실명의 개인으로서 한국주택금융공사법<제43조13>에 의거하여 
한국주택금융공사의 주택담보노후연금(이하 “주택연금”이라 합니다)을 수령하는 고객으로 합니다. 
 
제 4 조 입금제한 
① 이 통장은 한국주택금융공사에서 주택연금을 신청한 자의 주택연금 금액만이 입금자원으로 
제한되며, 주택연금 외의 자금은 입금 할 수 없습니다. 
② 이 통장으로의 입금은 민사집행법 제 195 조 3 호, 한국주택금융공사법 제 43 조 13, 동법 시행령 
제 28 조의 9 (이하 “관련 법”이라 합니다)에서 정하는 주택담보노후연금 대상금액 이하로 입금 
건당 금액을 제한합니다. 단, 통장의 잔액은 금액에 제한 없이 유지가 가능하며 입금 제한에 
영향을 미치지 않습니다. 
 
제 5 조 거래제한 
① 이 통장은 관련 법에 따라 입금된 예금과 이에 관한 채권을 압류할 수 없고, 압류에 의한  
지급제한이 되지 않습니다. 
② 이 통장은 은행이 상계할 수 없습니다. 
③ 이 통장은 양도 및 담보제공 할 수 없습니다. 
④ 이 통장은 통장자동대출계좌로 사용할 수 없습니다. 
⑤ 이 통장을 신용카드 결제계좌나 공과금 등 대금납부 목적의 계좌로 지정한 경우에 결제ㆍ납부 
금액이 부족하거나 결제ㆍ납부 취소 등이 발생한 때에는 제 4 조에 따라 고객이 영업점 
창구에서 결제ㆍ납부금액을 직접 납부하거나 별도 지정계좌로 입금 또는 직접 수령하는 
방법으로 처리하여야 합니다. 
⑥ 인터넷뱅킹을 통한 예·부적금 신규시 모계좌로 출금 등록 할 수 없습니다. 
⑦ 다른 입출금이자유로운예금에서 이 통장으로 전환 및 이 통장에서 다른 입출금이자유로운예금으로 
 전환 할 수 없습니다. 
 
제 6 조 적용이율 
① 이 통장의 이율은 결산일 현재 영업점에 고시된 저축예금 기본이율을 적용합니다. 
② 이 통장의 적용이율은 변경될 수 있으며, 이율 변경시에는 변경일로부터 바뀐 이자가 적용 
   됩니다. 
 

 2 
 
제 7 조 세제혜택 
이 통장은 비과세종합저축으로 가입할 수 있습니다. 
 
제 8 조 수수료면제 
① 이 통장에는 다음 각 호의 면제 조건에 따라 수수료 면제 서비스가 제공됩니다. 실적 및 수수료
면제는 이 통장 기준이며, 수수료면제 잔여횟수는 이월되지 않습니다. 
  1. 면제기준 : 전월 중 이 통장에 주택연금 월지급금 입금실적이 있는 경우 
2. 면제대상 수수료 및 면제횟수 
면제 대상 수수료(이 통장 기준) 면제횟수 
전자금융(인터넷뱅킹, 폰뱅킹, 모바일뱅킹) 다른은행 이체수수료 
※ 납부자(타행) 자동이체 수수료 제외 제한없음 
KB국민은행 자동화기기 이용수수료 
- 시간외 출금수수료 
- 다른은행 이체수수료 
 
제한없음 
월 10회 
3. 면제기간 : 이번달 11 일부터 다음달 10 일까지  
② 이 통장의 신규시에는 이체실적에 관계 없이 신규일로부터 다음 다음 달 10 일까지 수수료를 
면제합니다. 
 
부  칙 
 
이 약관은 2021. 6. 9 부터 시행합니다. 
 
 
 
본 특약은 법령 및 내부통제기준에 따른 절차를 거쳐서 제공됩니다.",ok,
products/deposit/KB프리N통장특약.pdf,KB프리N통장특약.pdf,products/deposit,2,"「KB 프리 N 통장」 특약 
제 1 조 적용범위 
① KB 프리N통장(이하 ‘이 통장’이라 합니다) 거래에는 이 특약을 적용하고, 이 특약에서 정하지 않은  
사항에 대하여는 「입출금이자유로운예금약관」, 「예금거래기본약관」을 순서대로 적용합니다. 
② 이 통장의 거래에서 발생하는 전자금융거래에 관한 사항은 「전자금융거래기본약관」을 적용합니다.  
제 2 조 예금과목 
이 통장의 예금과목은 보통예금, 저축예금으로 합니다.  
제 3 조 가입대상 
① 이 통장의 가입대상은 「금융실명거래 및 비밀보장에 관한 법률」에 따라 실명이 확인된 개인으로, 개인 
사업자와 서류미제출 임의단체를 포함합니다. 
② 이 통장은 1 인 1 계좌만 가입 가능합니다. 
③ 이 통장은 공동명의로 가입할 수 없으며, 비거주자는 가입이 불가합니다. 
제 4 조 판매한도  
이 통장은 판매한도를 정하여 판매하며, 그 내용은 지점 및 KB 국민은행 홈페이지에 게시합니다. 
제 5 조 이자지급시기 
① 보통예금의 이자는 매년 6, 12 월의 둘째 금요일에 결산하여 다음날 원금에 더합니다.  
② 저축예금의 이자는 매년 2, 5, 8, 11월의 둘째 금요일에 결산하여 다음날 원금에 더합니다. 
※ 예금의 이자는 이자지급을 제외한 최종 거래일부터 5 년이 경과한 날부터는 원금에 더하지 않고, 
계좌 해지 또는 추가 입출금 거래 발생일에 일괄 계산하여 지급할 수 있음 
제 6 조 기본금리 
이 통장의 기본금리는 결산일 현재 지점 및 KB 국민은행 홈페이지에 게시한 예금과목별 기본금리를 적용합니다.   
제 7 조 특별금리 
① 이 통장은 본조 제③항의 특별금리 적용조건을 충족한 계좌의 결산기 평균잔액 200 만원 이하 금액에  
특별금리 연 1.4%를 적용합니다. 
② 특별금리는 이 통장 신규 가입일부터 1 년 경과 후 최초 도래하는 결산일까지 적용합니다.  
③ 특별금리는 이 통장으로 다음 조건을 충족한 경우에 한하여 적용합니다. 단, 신규 가입 후 처음 도래하는  
결산일에는 조건 충족 여부에 관계없이 특별금리를 적용합니다. 
구분 보통예금 저축예금 
조건 ‘인정단어’를 포함하여 입금된 금액이 월 합산 
50 만원 이상인 달이 최근주)  6 개월 중 2 개월 이상 
‘인정단어’를 포함하여 입금된 금액이 월 합산 
50 만원 이상인 달이 최근주)  3 개월 중 1 개월 이상 
인정단어 
쿠팡, 배달의민족, 우아한청년들, 우아한형제들, 요기요, 땡겨요, 바로고, 부릉, 생각대로, 배민, 
카카오, 티맵, 대한통운, 한진택배, 메리츠, 삼성화재, 네이버, 애드포스트, GOOGLE, META,  
배달, 대리, 택배, 화물, 운송, 보험, 정산 
주) 예금과목별 이자지급월 전월 말일 기준으로 산정 

 
※ 월 합산 금액은 매월 1 일부터 말일까지 입금 내용(적요) 또는 의뢰인명에 위 ‘인정단어’를 포함하여 
입금된 금액을 모두 더하여 계산 
※ 입금 내용(적요) 또는 의뢰인명이 없는 건, KB 국민은행 본인 계좌에서 이체된 건, 본인 주민등록번호로  
입금된 건, KB 국민은행 오픈뱅킹을 통해 다른 금융기관에서 이체된 건은 월 합산 금액 산정 시 제외 
제 8 조 전환계좌 금리 적용 기준 
다른 상품에서 이 통장으로 전환한 경우, 전환 후 처음 도래하는 결산기에는 전환 전(前) 상품의 금리를 
적용하고, 다음 결산기부터 이 통장의 금리를 적용합니다. 이 경우 특별금리는 최초 전환일 기준 1 년 경과 후 
처음 도래하는 결산일까지 적용합니다. 
제 9 조 수수료 면제  
① 면제 조건: 전월(1 일~말일) 중 이 통장에서 아래 1, 2 실적 중 하나 이상 발생한 경우. 단, 이 통장의  
가입(또는 전환)일부터 다음 다음 달 10 일까지는 거래 실적에 관계없이 면제 
1. 합산 50 만원 이상 입금 이력이 있는 경우 
      ※ KB 국민은행 본인 명의 계좌에서 이체된 건, 본인의 주민등록번호로 입금된 건,  
KB 국민은행 오픈뱅킹을 통해 타금융기관에서 이체된 건, 결산이자 입금 건 제외 
    2. KB 리브모바일(KB Liiv M) 자동이체 출금 이력이 있는 경우 
※ 체크카드 및 신용카드를 통해 출금된 건 제외 
② 면제 기간: 이번달 11 일부터 다음달 10 일까지 
③ 면제 횟수: 제한 없음 
④ 면제 대상 수수료 
- KB 국민은행 인터넷·모바일뱅킹 다른은행 이체수수료  
- 타행자동이체 수수료(납부자자동이체 수수료 포함) 
- KB 국민은행 ATM 다른은행 이체수수료 
- KB 국민은행 ATM 시간외 출금수수료 
- 다른은행 ATM 출금수수료 
※ 다른은행 ATM 의 경우 제휴 ATM 및 VAN 사(효성·나이스·한네트 등) ATM 제외 
제 10 조 거래방법 
① 이 통장 가입(또는 전환)은 KB 스타뱅킹, 지점에서 가능합니다. 
② 이 통장 해지는 KB 스타뱅킹, 개인 인터넷뱅킹, 지점에서 가능합니다. 
 
 
부 칙 
이 약관은 2026 년 6 월 29 일부터 시행합니다. 
 
 
본 특약은 법령 및 내부통제기준에 따른 절차를 거쳐서 제공됩니다.",ok,
products/deposit/KB하도급지킴이통장_상품설명서.pdf,KB하도급지킴이통장_상품설명서.pdf,products/deposit,4,"KB국민은행                     준법감시인 심의필 제2026-2749-4호(심의일:2026.06.23) 
  [유효기간: 2026.06.25~ 2028.05.31] 
「KB 하도급지킴이통장」 상품설명서 
 
 
 
1  상품명 및 특징 
 
▪ 상 품 명 : KB하도급지킴이통장 
▪ 상품특징 : 정부 및 공공기관 등이 운영하는「하도급관리시스템」을 통해 발주한 공사대금 및 임금이 하도급자와  
근로자 등에게 기간 내 집행될 수 있도록 관리/감독 하기 위한 전용통장 
 
2  거래 조건 
 
구   분 내    용 
가입대상 ▪ 법인 및 개인사업자 
신규금액 ▪ 제한 없음 
상품유형 ▪ 입출금이 자유로운 예금(기업자유예금) 
전환가능 여부 ▪ 다른 입출금이 자유로운 예금에서 이 통장으로 전환 및 이 통장에서 다른 입출금이 자유로운 
예금으로 전환 불가 
적용이율 
(2026.06.25 기준, 
세금공제 전) 
▪ 연 0.1% (결산일 현재 지점에 고시한 기업자유예금 기본이율 적용) 
이자 지급시기 
▪ 예금이자는  매년 3 월, 6 월, 9 월, 12 월의 둘째 금요일에 결산하여 다음날 원금에 더함. 
※ 예금의 이자는 최종거래일로부터 5년이 경과한 날부터는 이자를 원금에 더하지 않고, 계좌
해지 또는 추가 입출금 거래 발생일에 일괄 계산하여 지급할 수 있습니다. 
 
이자 계산방법 
(산출근거) 
▪ 예금이자는 예금일부터 지급일 전일까지(결산시에는 지난 원가일부터 원가일 전일까지)를  
이자계산 기간으로 하고, 매일의 최종잔액을 평균하여 결산일 현재 지점에 고시하는  
기본이율로 계산 
◈ 이 설명서는 금융소비자의 권익 보호 및 예금상품에 대한 이해 증진을 위하여 「금융소비자 보호에 관한 법률」 및 
관련 규정에 의거, 은행의 내부 통제절차를 거쳐 예금상품의 주요 내용을 쉽게 이해할 수 있도록 작성한 
자료입니다. 
◈ 설명내용을 제대로 이해하지 못하였음에도 불구하고 설명을 이해했다는 서명을 하거나 녹취기록을 남기시는 경우,  
추후 해당 내용과 관련한 권리구제가 어려울 수 있습니다. 

우대서비스 
▪ 이 통장을 보유한 경우 아래 수수료 면제 
- 하도급관리시스템을 이용하여 발생하는 이체수수료 
- 하도급관리시스템을 통한 조회서비스 이용수수료 
거래제한 
▪ 이 통장의 출금은 정부, 지방자치단체, 공공기관, 기업 등이 운영하는 정부계약 
하도급관리시스템, 대금e-바로, 클린PAY, 한수원PMS, 노무비닷컴, 상생결제시스템 등 기타 이와 
유사한 하도급관리시스템의 이체요청을 통해서만 이루어지며, 창구 및 자동화기기, 인터넷뱅킹 
등 비대면 채널을 통한 출금 불가 
(단, 예금잔액이 일십만원 미만인 경우 하도급관리시스템의 이체요청 없이 해지 가능) 
▪ 기타 거래제한 
- 입금 및 출금거래 정정 및 취소 불가 
- 자동이체 출금계좌 등록 불가 
- 통장자동대출계좌로 사용 불가 
- 인터넷뱅킹을 통한 예·부적금 신규시 모계좌로 출금 등록 불가 
세제관련 ▪ 비과세종합저축으로 가입불가 
거래방법 
▪ 신규 : 지점 
▪ 해지 : 지점 
계약해지방법 ▪ 지점 
질권설정 ▪ 불가 
양도 및  
담보제공 
▪ 양도 및 담보제공 불가 
원금 및  
이자지급 제한  
 
▪ 계좌에 압류주1), 가압류주2) 등이 등록될 경우 원금 및 이자 지급이 제한될 수 있음 
※ 민사집행법에 따라 최저생계비 이하 등 압류금지채권에 해당하는 경우에는 
법원에 압류금지채권 범위 변경 신청 등을 통해 압류를 취소할 수 있습니다. 
 주 1) 압류: 채무자의 특정한 재산에 대하여 처분(매매, 양도 등)을 금지하게 하는 법원의 조치로서,  
채권자가 채무자의 해당 재산을 금전화하여 채무 변제에 충당하려는 목적으로 이용됩니다. 
 주 2) 가압류: 법원이 채권자를 위하여 나중에 강제 집행을 할 목적으로 채무자의 재산을 임시로 
확보하는 행위입니다. 
▪ 예금잔액증명서 발급 당일에는 입금·출금·이체 등 잔액 변동 불가 
▪ 통장이 ‘전기통신금융사기 피해 방지 및 피해금 환급에 관한 특별법’에서 정의한 
피해의심거래계좌 및 사기이용계좌로 이용될 경우 이체, 송금지연, 지급정지 등의 금융거래 
제한조치를 할 수 있음 
휴면예금 및 
출연 
 
▪ 예금 만기일 또는 이자지급을 포함한 최종거래일 이후 5 년 이내 계좌를 해지하지 않을 경우  
예금거래기본약관 제 9 조의 2 휴면예금 및 출연에 따라 휴면예금은 “서민금융진흥원 
(국번없이 1397)”에 출연주)될 수 있으며, 이 경우 서민금융진흥원을 통해 휴면예금을 
찾으실 수 있습니다. 
▪ 휴면예금은 휴면예금통합조회서비스(www.sleepmoney.or.kr)를 통해 조회 가능합니다. 
 
주) 출연: 어떤 사람이나 단체가 자기의 의사에 따라 돈을 내거나 의무를 부담함으로써 재산상의  
손실을 입고 남의 재산을 증가시키는 일을 말합니다. 일반적으로 기부행위를 일컫는 말로  
사용되나 법률적으로는 비영리재단법인에 재산을 무상으로 내는 행위를 뜻합니다. 
 
※ 계좌통합관리서비스 이용 시 사용하지 않는 소액계좌를 잔고 이전/해지 할 수 있으며, 
   휴면계좌통합조회서비스 이용 시 휴면계좌 현황을 파악할 수 있습니다. 
 
예금자보호여부 
해당
 
이 예금은 예금자보호법에 따라 원금과 소정의 이자를 합하여 1 인당 
“1 억원까지” (본 은행의 여타 보호상품과 합산) 보호됩니다. 
자료열람요구권 
 
▪ 금융소비자는 분쟁조정 또는 소송의 수행 등 권리구제를 위한 목적으로 은행이 기록 및  
유지·관리하는 다음의 자료에 대한 열람(사본 및 청취 포함)을 요구할 수 있습니다. 
- 계약체결에 관한 자료, 계약의 이행에 관한 자료, 금융상품 등에 관한 광고 자료, 
금융소비자의 권리행사에 관한 자료, 내부통제기준의 제정 및 운영 등에 관한 자료,  
업무 위탁에 관한 자료 
▪ 은행은 법령, 제 3 자의 이익 침해, 영업비밀의 침해 등의 사유가 있는 경우 이를 
금융소비자에게 알리고 자료 열람을 제한하거나 거절할 수 있습니다. 
 

이용제한 사항 
▪ 「하도급관리시스템」은 지방자치단체 및 공공기관 등이 원도급자에게 지급한 거래대금이 
하도급자와 근로자 등에게 집행여부를 관리/감독하고 지급을 보장하도록 자체 개발하여 
운영하는 시스템이며, 이 예금은 시스템을 이용하기 위한 전용계좌로써 대금의 지급을 
보장하지 않습니다.  
▪ 이 예금을 지급할 경우 먼저 입금한 예금부터 지급됩니다. 
▪ 「하도급관리시스템」을 통하여 입금 및 출금된 거래는 정정 및 취소가 불가능하오니, 시스템별 
「고객센터」로 문의하여 처리하시기 바랍니다. 
▪ 통장 개설 후 펌뱅킹서비스를 신청하지 않은 경우 입금이 제한됩니다. 
▣ 시스템 이용 및 문의안내 
시스템명 홈페이지 고객센터 
하도급지킴이 www.g2b.go.kr 1588 - 0800 
대금e-바로 hado.eseoul.go.kr 1800 - 8650 
클린PAY www.cleanpay.co.kr 070)4018-2016~9 
한수원PMS pms.khnp.co.kr 070)4018-2018 
노무비닷컴 www.nomubi.com 02-2122-2331 
상생결제시스템 kb.kefci.com 1670 - 0833 
▪ 통장이 ‘전기통신금융사기 피해방지 및 피해금 환급에 관한 특별법’ 에서 정의한 
피해의심거래계좌 및 사기이용 계좌로 이용될 경우 이체, 송금지연, 지급정지 등의 금융거래 
제한조치를 할 수 있습니다. 
 
 
3  유의 사항 
 
▪ 이 설명서는 「금융소비자 보호에 관한 법률」제19조제1항, 동 법 시행령 제14조제1항, 제3항에 따라 
금융상품에 관한 중요한 사항을 이해하기 쉽도록 설명하기 위해 설명을 하기 전에 제공되는 자료로써, 
상담일 이후 가입금액, 계약기간 등 변경에 의하여 일부 내용이 달라질 수 있습니다. 
▪ 본 설명서는 법령 및 내부통제기준에 따른 절차를 거쳐서 제공됩니다. 
 
이 상품은 KB국민은행 기업상품부에서 개발 및 관리하는 상품입니다. 
본 상품에 대한 문의사항 또는 민원 상담이 필요하시면 지점, 고객센터(1588-9999) 또는 인터넷 홈페이지 
(www.kbstar.com), 금융감독원 민원상담센터(국번없이 1332) 또는 e-금융민원센터(www.fcsc.kr)을 통해 
문의주시기 바랍니다. 
지점 등을 통해 은행에 접수된 민원은 특별한 사정이 없는 한 14 영업일 이내에 처리함을 원칙으로 하되, 
기한 연장시 이에 대해 안내드리도록 하겠습니다. 또한 요청이 있는 경우 민원처리진행상황을 안내 받으실 수 
있으며 금융소비자는 본 상품에 대하여 당 은행과 분쟁이 있는 경우에는 금융소비자보호법 제 36 조 
제1항에 따라 금융감독원에 분쟁조정을 신청할 수 있습니다. 
 
(2026.06.25 현재)",ok,
products/deposit/KB하도급지킴이통장특약.pdf,KB하도급지킴이통장특약.pdf,products/deposit,1,"『KB 하도급지킴이통장』특약 
 
 
제 1 조 약관의 적용 
KB 하도급지킴이통장(이하 “이 통장”이라 합니다)거래는 이 특약을 적용하고, 이 특약에서 정하지 
않은 사항은 예금거래기본약관 및 입출금이자유로운예금약관을 적용합니다.  
 
 
제 2 조 가입대상 
이 통장의 가입대상은 법인 및 개인사업자로 합니다. 
 
 
제 3 조 예금과목 
이 예금의 예금과목은 기업자유예금으로 합니다. 
 
 
제 4 조 기본이율 
이 통장의 기본이율은 결산일 현재 영업점에 고시한 기업자유예금 기본이율을 적용합니다. 
 
 
제 5 조 제한사항 
이 통장의 출금은 정부, 지방자치단체, 공공기관, 기업 등이 운영하는 정부계약 하도급관리시스템, 
대금 e-바로, 클린 PAY, 한수원 PMS 등 기타 이와 유사한 하도급관리시스템의 이체요청을 통해서만 
이루어지며, 창구 및 자동화기기, 인터넷뱅킹 등 비대면 채널을 통한 출금은 불가능 합니다. 
(단, 예금잔액이 일십만원 미만인 경우 하도급관리시스템의 이체요청 없이 해지 가능합니다.) 
 
제 6 조 우대서비스 
이 통장을 보유한 경우 아래의 수수료를 면제합니다. 
① 하도급관리시스템을 이용하여 발생하는 이체수수료 
② 하도급관리시스템을 통한 조회서비스 이용수수료 
 
부  칙 
 
이 약관은 2015.4.22 부터 시행합니다. 
 
 본 특약은 법령 및 내부통제기준에 따른 절차를 거쳐서 제공됩니다.",ok,
products/deposit/국민ONE통장250901.pdf,국민ONE통장250901.pdf,products/deposit,6,"KB국민은행                     준법감시인 심의필 제2025-0046-1호(심의일:2025.01.13) 
  [유효기간: 2025.01.13~ 2027.01.10] 
   「KB 국민ONE통장」 상품설명서 
 
 
 
1  상품명 및 특징 
▪ 상 품 명 : KB국민ONE통장 
▪ 상품특징 : 생활 속 은행 거래실적에 따라 다양한 수수료 면제 서비스를 제공하는 입출금이 자유로운 예금  
 
2  거래 조건 
 
구   분 내    용 
가입대상 
▪ 실명의 개인(1 인 1 계좌)  
※ 개인사업자 및 관련서류 미제출 임의단체 포함 
신규금액 ▪ 제한없음 
상품유형 
▪ 입출금이 자유로운 예금(보통예금, 저축예금) 
※ 동일 예금과목 상품 전환가능  
※ 개별상품에서 정한 기준에 의해 전환신규가 불가한 상품은 제외 
기본이율 
(2025.01.13 기준, 
세금공제 전) 
▪ 연 0.10% 
※ 결산일 현재 영업점에 고시한 예금과목별 기본이율 적용 
이자 지급시기 
▪ 보통예금 : 이자는 매년 6, 12월의 둘째 금요일에 결산하여 다음날 원금에 더함 
▪ 저축예금 : 이자는 매년 2, 5, 8, 11월의 둘째 금요일에 결산하여 다음날 원금에 더함 
※ 예금의 이자는 최종거래일로부터 5년이 경과한 날부터는 이자를 원금에 더하지 않고, 계좌
해지 또는 추가 입출금 거래 발생일에 일괄 계산하여 지급할 수 있습니다. 
 
이자 계산방법 
(산출근거) 
▪ 예금이자는 예금일부터 지급일 전일까지(결산시에는 지난 원가일부터 원가일 전일까지)를  
이자계산 기간으로 하고, 매일의 최종잔액을 평균하여 결산일 현재 영업점에 고시하는  
이율로 계산함 
◈ 이 설명서는 금융소비자의 권익 보호 및 예금상품에 대한 이해 증진을 위하여 「금융소비자 보호에 관한 법률」 및 
관련 규정에 의거, 은행의 내부 통제절차를 거쳐 예금상품의 주요 내용을 쉽게 이해할 수 있도록 작성한 
자료입니다. 
◈ 설명내용을 제대로 이해하지 못하였음에도 불구하고 설명을 이해했다는 서명을 하거나 녹취기록을 남기시는 경우,  
추후 해당 내용과 관련한 권리구제가 어려울 수 있습니다. 
◈ 인터넷뱅킹 등 비대면채널을 통해 가입하거나 통장 미발행 요청 시에는 통장 또는 증서가 교부되지 않습니다. 

KB생활 
서비스란? 
▪ KB생활서비스는 KB국민ONE통장 가입고객에게 제공하는 수수료면제 서비스입니다.  
※ 실적 발생 및 수수료면제는 이 통장 기준이며, 수수료면제 잔여횟수는 이월되지 않습니다. 
※ 예시는 참고 사항이므로 자세한 내용은 다음 장 KB생활서비스Ⅰ, Ⅱ를 참조하시기 바랍니다. 
 
 
 
 
 
 
 
 
 
 
KB생활 
서비스Ⅰ 
▪ “기본실적”만 있는 경우 
➢ 면제조건 : 전월 중 이 통장에서 아래“기본실적 중 하나 이상” 발생된 경우 
기본실적 실적 인정조건 
KB카드결제 KB국민카드(신용/체크/KB국민비씨 카드포함) 결제실적(현금서비스 포함)이 있는 경우  
공과금이체 이 통장에서 각종 공과금이체(출금) 실적주)이 있는 경우 
주) 아파트관리비, 지로, CMS, 펌뱅킹을 통한 자동납부(카드결제분 제외) 
➢ 면제기간 : 이번 달 11일부터 다음달 10일까지 
➢ 면제대상 수수료 및 면제횟수 
면제 대상 수수료(이 통장 기준) 면제횟수 
전자금융(인터넷뱅킹, 폰뱅킹, 모바일뱅킹) 이체수수료(다른은행으로 보낼 때) 
제한없음 KB국민은행 자동화기기 시간외출금수수료 
납부자자동이체(타행자동이체포함)수수료 
※ 이 통장의 신규(또는 전환)일부터 다음 다음 달 10일까지는 은행 거래실적에 관계없이 면제 

KB생활 
서비스Ⅱ 
▪ “기본실적 + 추가실적”이 있는 경우 
➢ 면제조건 : 전월 중 이 통장에서“위 기본실적 중 하나 이상 발생하고 아래  
추가실적 중 하나 이상 발생(기본실적+추가실적)”된 경우 
※ 기본실적 없이 “추가실적”만 있는 경우 수수료 면제 불가  
예시) 기본실적 없이 급여이체만 있는 경우 → 수수료면제(6항목) 모두 불가 
추가실적 실적 인정조건 
급여이체 건별 50만원 이상의 급여이체 실적주1)이 있는 경우  
가맹점결제 KB국민은행에서 지급한 카드 가맹점대금 입금실적주2)이 있는 경우  
연금수령 연금수령 실적주3)이 있는 경우 
➢ 면제기간 : 이번 달 11일 부터 다음달 10일까지 
➢ 면제대상 수수료 및 면제횟수 
면제 대상 수수료(이 통장 기준) 면제횟수 
전자금융(인터넷뱅킹, 폰뱅킹, 모바일뱅킹) 이체수수료(다른은행으로 보낼 때) 
제한없음 KB국민은행 자동화기기 시간외출금수수료 
납부자자동이체(타행자동이체포함)수수료 
KB국민은행 자동화기기 이체수수료(다른은행으로 보낼 때) 월 10회 
다른 은행 자동화기기주4) 출금수수료  월 5회 
입출금내역 SMS/FAX 통지수수료주5) 제한없음 
주1) 급여이체 실적 인정기준 : 아래 항목 중 하나에 해당하는 경우 
KB 국민은행 
급여이체실적 
- 급여이체 계약(신청)에 의해 KB 국민은행 급여이체 전산(급여성 선일자, 급여성 탑라인, 
기업인터넷뱅킹 등)을 통해 입금되는 건별 50 만원 이상의 입금 
- 고객이 지정한 일자(전후 1 영업일 포함 3 영업일)에 법인 또는 고유(납세) 번호를  
부여받은 단체가 당행 인터넷뱅킹, 폰뱅킹, 창구거래를 통해 이체하는 건별 50만원 이상의 입금  
- 고객이 지정한 일자(전후 1 영업일 포함 3 영업일)에 급여성 선일자, 급여성  
탑라인, 국고, 지로, CMS 를 통해 이체되는 건별 50 만원 이상의 입금  
다른 은행  
급여이체실적 
- 고객이 지정한 일자(전후 1 영업일 포함 3 영업일)에 다른 은행으로부터  
건별 50 만원 이상의 급여이체 
주2) 가맹점결제실적 인정기준 : KB국민카드(체크카드 및 선불카드 포함) 가맹점대금 및 공동망 가맹점  
 매입분(KB국민비씨카드 및 다른카드회사 카드 전표를KB국민은행이 매입한 경우) 포함 
주3) 연금수령 실적 인정기준 : 아래 항목 중 하나에 해당하는 경우 
- 4대연금(국민연금, 공무원연금, 사립학교교직원연금, 군인연금)공단에서 입금된 금액 
- 국가보훈처에서 입금된 금액  
-「KB골든라이프 공사주택연금론」및「KB골든라이프 주택연금론」의 월지급금 
- KB국민은행 연금신탁에서 입금되는 연금       
- KB국민은행 퇴직연금에서 입금되는 연금 
-「KB골든라이프연금우대예금(KB Hi!Story정기예금 및 KB골든라이프예금 포함)」의  
월 균등분할원금(또는 원리금(원금과 이자)) 
주4) 은행 외부에 설치된 다른 은행 제휴CD기 및 한컴/효성/나이스 등 VAN사 CD기 제외  
주5) “월 정액형”만 면제하며, “건별 부과형”으로 신청하는 경우는 제외 
세제관련 
▪ 비과세종합저축으로 가입가능  
※ 관련세법이 개정될 경우 세율이 변경되거나 세금이 부과될 수 있음 
거래방법 
▪ 신규 : 영업점 또는 KB스타뱅킹 이용 
▪ 해지 : 영업점 또는 개인인터넷뱅킹, KB스타뱅킹 이용 
▪ 전환 : 영업점 또는 개인인터넷뱅킹, KB스타뱅킹 이용 
계약해지방법 
▪ 영업점, 개인인터넷뱅킹, KB 스타뱅킹을 통해 해지 가능 
  ※ 개인인터넷뱅킹, KB 스타뱅킹을 통한 해지 시 해지잔액을 입금할 수 있는 본인명의의 
입출금이자유로운예금 계좌가 필요합니다. 
질권설정 ▪ 불가 
양도 및 담보제공 ▪ 양도 가능    ▪ 담보제공 불가능 
원금 및  
이자지급 제한  
 
▪ 계좌에 압류주1), 가압류주2)등이 등록될 경우 원금 및 이자 지급이 제한될 수 있음 
※ 민사집행법에 따라 최저생계비 이하 등 압류금지채권에 해당하는 경우에는 
법원에 압류금지채권 범위 변경 신청 등을 통해 압류를 취소할 수 있습니다. 
 
 주 1) 압류: 채무자의 특정한 재산에 대하여 처분(매매, 양도 등)을 금지하게 하는 법원의 조치로서,  
채권자가 채무자의 해당 재산을 금전화하여 채무 변제에 충당하려는 목적으로 이용됩니다. 
 주 2) 가압류: 법원이 채권자를 위하여 나중에 강제 집행을 할 목적으로 채무자의 재산을 임시로 
확보하는 행위입니다. 
  
▪ 예금잔액증명서 발급 당일에는 입금·출금·이체 등 잔액 변동 불가 
▪ 통장이 ‘전기통신금융사기 피해 방지 및 피해금 환급에 관한 특별법’에서 정의한 
피해의심거래계좌 및 사기이용계좌로 이용될 경우 이체, 송금지연, 지급정지 등의 금융거래 
제한조치를 할 수 있음 
 
거래중지 
 
▪ 다음의 경우에 해당하는 경우 입출금, 잔액조회, 이관 등의 거래 제한 
 (가) 예금잔액이 10,000원 미만이며, 1년이상 입출금거래가 없는 계좌 
 (나) 예금잔액이 10,000원 이상 50,000원 미만이며, 2년이상 입출금거래가 없는 계좌 
 (다) 예금잔액이 50,000원 이상 100,000원 미만이며, 3년이상 입출금거래가 없는 계좌 
☞ 무거래기간 산정기준 : 입출금 거래 또는 명의변경 거래 최종 발생일로 부터 산정 
▪ 편입시기 : 연2회(매년 6월, 12월 셋째 금요일 기준으로 익일인 토요일에 편입) 
▪ 거래를 다시 시작하고자 하는 경우에는 본인 확인 및 금융거래 목적을 확인 한 후 가능 
 
휴면예금 출연 
 
▪ 예금 만기일 또는 이자지급을 포함한 최종거래일 이후 5 년 이내 계좌를 해지하지 않을 경우  
예금거래기본약관 제 9 조의 2 휴면예금 및 출연에 따라 휴면예금은 “서민금융진흥원 
(국번없이 1397)”에 출연주)될 수 있으며, 이 경우 서민금융진흥원을 통해 휴면예금을 
찾으실 수 있습니다. 
▪ 휴면예금은 휴면예금통합조회서비스(www.sleepmoney.or.kr)를 통해 조회 가능합니다. 
 
주) 출연: 어떤 사람이나 단체가 자기의 의사에 따라 돈을 내거나 의무를 부담함으로써 재산상의  
손실을 입고 남의 재산을 증가시키는 일을 말합니다. 일반적으로 기부행위를 일컫는 말로  
사용되나 법률적으로는 비영리재단법인에 재산을 무상으로 내는 행위를 뜻합니다. 
 
※ 계좌통합관리서비스 이용 시 사용하지 않는 소액계좌를 잔고 이전/해지 할 수 있으며, 
   휴면계좌통합조회서비스 이용 시 휴면계좌 현황을 파악 할 수 있습니다. 
 
예금자 
보호여부 
해당
 
이 예금은 예금자보호법에 따라 원금과 소정의 이자를 합하여 1 인당 
“1 억원까지” (본 은행의 여타 보호상품과 합산) 보호됩니다. 
자료열람요구권 
▪ 금융소비자는 분쟁조정 또는 소송의 수행 등 권리구제를 위한 목적으로 은행이 기록 및  
유지·관리하는 다음의 자료에 대한 열람(사본 및 청취 포함)을 요구할 수 있습니다. 
- 계약체결에 관한 자료, 계약의 이행에 관한 자료, 금융상품 등에 관한 광고 자료, 
금융소비자의 권리행사에 관한 자료, 내부통제기준의 제정 및 운영 등에 관한 자료,  
업무 위탁에 관한 자료 
▪ 은행은 법령, 제 3 자의 이익 침해, 영업비밀의 침해 등의 사유가 있는 경우 이를 
금융소비자에게 알리고 자료 열람을 제한하거나 거절할 수 있습니다. 
이용제한 사항 
▪ 이 상품은 1 인 1 계좌만 가입이 가능합니다. 
▪ 수수료 면제 미사용 횟수는 이월되지 않습니다. 
▪ 이 통장을 급여통장으로 이용하시는 고객님께서는 급여이체 일자가 변경되면 가까운 영업점을 
방문하시거나 KB 국민은행 고객센터(☎1588-9999)를 통해 변경 신청 하시기 바랍니다. 
(급여이체 계약에 의하지 않은 일반 이체거래에 의한 입금 건은 급여이체실적으로 
인정되지 않으니 유의하시기 바랍니다.)  
▪ 통장이 ‘전기통신금융사기 피해 방지 및 피해금 환급에 관한 특별법’ 에서 정의한 피해의심 
거래계좌 및 사기이용 계좌로 이용될 경우 이체, 송금지연, 지급정지 등의 금융거래 제한조치 
를 할 수 있습니다. 
 
 
 
 
 
 
 

3  유의 사항 
 
▪ 이 설명서는 「금융소비자 보호에 관한 법률」제19조제1항, 동 법 시행령 제14조제1항, 제3항에 따라 
금융상품에 관한 중요한 사항을 이해하기 쉽도록 설명하기 위해 설명을 하기 전에 제공되는 자료로써, 
상담일 이후 가입금액, 계약기간 등 변경에 의하여 일부 내용이 달라질 수 있습니다. 
▪ 본 설명서는 법령 및 내부통제기준에 따른 절차를 거쳐서 제공됩니다. 
 
이 상품은 KB국민은행 수신상품부(P)에서 개발 및 관리하는 상품입니다. 
본 상품에 대한 문의사항 또는 민원 상담이 필요하시면 영업점, 고객센터(1588-9999) 또는 인터넷 홈페이지 
(www.kbstar.com), 금융감독원 민원상담센터(국번없이 1332) 또는 e-금융민원센터(www.fcsc.kr)을 통해 
문의주시기 바랍니다. 
영업점 등을 통해 은행에 접수된 민원은 특별한 사정이 없는 한 14 영업일 이내에 처리함을 원칙으로 하되, 
기한 연장시 이에 대해 안내드리도록 하겠습니다. 또한 요청이 있는 경우 민원처리진행상황을 안내 받으실 수 
있습니다. 또한 금융소비자는 본 상품에 대하여 당 은행과 분쟁이 있는 경우에는 금융소비자보호법 제 36 조 
제1항에 따라 금융감독원에 분쟁조정을 신청할 수 있습니다. 
 
 
(2025.01.13 현재)",ok,
products/deposit/나라사랑통장상품설명서20260309.pdf,나라사랑통장상품설명서20260309.pdf,products/deposit,5,"KB국민은행 준법감시인 심의필 제2026-0538-3호 (심의일: 2026.02.04)                                                       
[유효기간: 2026.03.09~ 2028.02.29] 
「KB 나라사랑우대통장」 상품설명서 
 
 
 
1  상품명 및 특징 
 
▪ 상 품 명 : KB나라사랑우대통장 
▪ 상품특징 : 거래실적에 따른 각종 수수료 면제와 급여이체 실적이 있는 국군 장병(將兵)에게 우대이율을 
제공하는 입출금이자유로운예금 
 
 
 
구   분 내    용 
가입대상 ▪ 실명의 개인 (1인1계좌) 
신규금액 ▪ 제한없음 
상품유형 
▪ 입출금이 자유로운 예금(저축예금 - MMDA 제외) 
※ 동일 예금과목 전환 가능 
※ 개별상품에서 정한 기준에 의해 전환신규가 불가한 상품은 제외 
기본이율 
(2026.03.09 기준, 
세금공제 전) 
▪ 기본이율 : 연 0.1% 
※ 결산일 현재 영업점에 고시한 저축예금 기본이율로 계산 
◈ 이 설명서는 금융소비자의 권익 보호 및 예금상품에 대한 이해 증진을 위하여 「금융소비자 보호에 관한 법률」 및 
관련 규정에 의거, 은행의 내부 통제절차를 거쳐 예금상품의 주요 내용을 쉽게 이해할 수 있도록 작성한 
자료입니다. 
◈ 설명내용을 제대로 이해하지 못하였음에도 불구하고 설명을 이해했다는 서명을 하거나 녹취기록을 남기시는 경우,  
추후 해당 내용과 관련한 권리구제가 어려울 수 있습니다. 
◈ 인터넷뱅킹 등 비대면채널을 통해 가입하거나 통장 미발행 요청 시에는 통장 또는 증서가 교부되지 않습니다. 
2  거래 조건 

우대이율 
(2026.03.09 기준 
세금공제 전) 
▪ 우대이율 : 연 1.9%p 
▪ 적용대상 : 결산일의 전월 말일을 기준으로 직전 3개월 동안 2개월 이상 이 통장으로 아래  
한 항목 이상에 해당하는 급여이체 실적이 있는 경우 
 이 통장으로 KB국민은행과 급여이체 계약에 의한 국군재정관리단을 통한 급여이체 실적이 있는 
경우 
 이 통장으로 육군「통합자금관리시스템」에 의한 급여이체 실적이 있는 경우 
 군인공제회에서 KB국민은행으로 제공하는 급여자료 중 이 통장으로 급여이체 실적이 있는 경우 
※ 각 호 이외의 급여이체는 우대이율이 적용되지 않습니다.  
▪ 적용한도 : 이 통장의 결산기 평균잔액 중 100만원 이하의 금액까지는 기본이율과 우대이율을 
합산하여 적용하며, 100만원을 초과하는 금액은 기본이율만 적용 
최종이율 
(2026.03.09 기준 
세금공제 전) 
▪ 이 통장의 적용이율은 최저 연 0.1% ~ 최고 연 2.0%(우대이율 포함 시) 
※ 결산기 평균잔액 100만원 이하의 금액에 대하여 적용 가능한 최고 금리 연2.0%  
▪ 우대이율 적용 구조표 및 그래프 
 
이자 지급시기 
▪ 매년 2월, 5월, 8월, 11월의 둘째 금요일에 결산하여 다음날 원금에 더함 
※ 예금의 이자는 최종거래일로부터 5년이 경과한 날부터는 이자를 원금에 더하지 않고, 계좌 
해지 또는 추가 입출금 거래 발생일에 일괄 계산하여 지급할 수 있습니다. 
이자 계산방법 
(산출근거) 
 
▪ 예금이자는 예금일부터 지급일 전일까지(결산시에는 지난 원가일부터 원가일 전일까지)를  
이자계산 기간으로 하고, 매일의 최종잔액을 평균하여 결산일 현재 영업점에 고시하는  
이율로 계산함 
 

전자금융/ 
자동화기기 
수수료 면제 
▪ 대상수수료 (이 통장 거래 기준) 
 전자금융(인터넷뱅킹, 폰뱅킹, 모바일뱅킹) 이체수수료(다른 은행으로 보낼 때) 
(※납부자자동이체 제외) 및 KB국민은행 자동화기기 시간외출금수수료  
▪ 면제기준 : 고객님의 전월(1일~ 말일) 실적이 다음 중 한 항목 이상에 해당하는 실적이 있는  
경우 
 이 통장에서 적금, 펀드, 대출원리금 등 계좌간 자동이체 실적(KB Wise플랜 적립이체 포함) 또는 
휴대폰 요금 등 각종 공과금(아파트관리비, 지로, VAN, CMS) 자동납부 실적이 있는 경우주1) 
 이 통장에서「KB국민카드(신용/체크/KB국민비씨 카드포함)」결제실적주2)  
(현금서비스 포함)이 있는 경우 
주1) KB Wise 플랜 적립이체를 제외한 자동이체(납부)는 공휴일 등 은행 비영업일인 이유로 다음달에 
이체(납부)가 발생한 경우에는 실제로 이체(납부)가 발생한 달을 기준으로 실적이 산정되므로 
유의하시기 바랍니다. 
주2) 실제 결제된 날 기준으로 선결제분은 제외 
▪ 면제기간 : 이번달 11일부터 다음달 10일까지 
▪ 면제횟수 : 제한없음  
※ 이 통장의 신규 또는 전환일로부터 다음 다음달 10일까지는 은행거래실적에 관계없이 수수료 면제 
세제관련 
▪ 비과세종합저축으로 가입 가능  
※ 단, 관련 세법이 개정될 경우 세율이 변경되거나 세금이 부과될 수 있음 
거래방법 
▪ 신규 : 영업점 또는 KB스타뱅킹  
▪ 해지 : 영업점 또는 개인인터넷뱅킹, KB스타뱅킹 
▪ 전환 : 영업점 또는 KB스타뱅킹 
계약해지방법 
▪ 영업점, 개인인터넷뱅킹, KB 스타뱅킹을 통해 해지 가능 
  ※ 개인인터넷뱅킹, KB 스타뱅킹을 통한 해지 시 해지잔액을 입금할 수 있는 본인명의의 
입출금이자유로운예금 계좌가 필요합니다. 
질권설정 ▪ 불가 
양도 및 담보제공 ▪ 양도 가능    ▪ 담보제공 불가능 
원금 및  
이자지급 제한  
▪ 계좌에 압류주1), 가압류주2) 등이 등록될 경우 원금 및 이자 지급이 제한될 수 있음 
※ 민사집행법에 따라 최저생계비 이하 등 압류금지채권에 해당하는 경우에는 
법원에 압류금지채권 범위 변경 신청 등을 통해 압류를 취소할 수 있습니다. 
 
 주 1) 압류: 채무자의 특정한 재산에 대하여 처분(매매, 양도 등)을 금지하게 하는 법원의 조치로서,  
채권자가 채무자의 해당 재산을 금전화하여 채무 변제에 충당하려는 목적으로 이용됩니다. 
 주 2) 가압류: 법원이 채권자를 위하여 나중에 강제 집행을 할 목적으로 채무자의 재산을 임시로 
확보하는 행위입니다. 
 
▪ 예금잔액증명서 발급 당일에는 입금·출금·이체 등 잔액 변동 불가 
▪ 통장이 ‘전기통신금융사기 피해 방지 및 피해금 환급에 관한 특별법’에서 정의한 
피해의심거래계좌 및 사기이용계좌로 이용될 경우 이체, 송금지연, 지급정지 등의 금융거래 
제한조치를 할 수 있음 
휴면예금 및 
출연 
▪ 예금 만기일 또는 이자지급을 포함한 최종거래일 이후 5 년 이내 계좌를 해지하지 않을 경우  
예금거래기본약관 제 9 조의 2 휴면예금 및 출연에 따라 휴면예금은 “서민금융진흥원 
(국번없이 1397)”에 출연주)될 수 있으며, 이 경우 서민금융진흥원을 통해 휴면예금을 
찾으실 수 있습니다. 
▪ 휴면예금은 휴면예금통합조회서비스(www.sleepmoney.or.kr)를 통해 조회 가능합니다. 
 
주) 출연: 어떤 사람이나 단체가 자기의 의사에 따라 돈을 내거나 의무를 부담함으로써 재산상의  
손실을 입고 남의 재산을 증가시키는 일을 말합니다. 일반적으로 기부행위를 일컫는 말로  
사용되나 법률적으로는 비영리재단법인에 재산을 무상으로 내는 행위를 뜻합니다. 
 
※ 계좌통합관리서비스 이용 시 사용하지 않는 소액계좌를 잔고 이전/해지할 수 있으며, 
   휴면계좌통합조회서비스 이용 시 휴면계좌 현황을 파악할 수 있습니다. 
예금자 
보호여부 
해당
 
이 예금은 예금자보호법에 따라 원금과 소정의 이자를 합하여 1 인당 
“1 억원까지” (본 은행의 여타 보호상품과 합산) 보호됩니다. 
자료열람요구권 
 
▪ 금융소비자는 분쟁조정 또는 소송의 수행 등 권리구제를 위한 목적으로 은행이 기록 및  
유지·관리하는 다음의 자료에 대한 열람(사본 및 청취 포함)을 요구할 수 있습니다. 
- 계약체결에 관한 자료, 계약의 이행에 관한 자료, 금융상품 등에 관한 광고 자료, 
금융소비자의 권리행사에 관한 자료, 내부통제기준의 제정 및 운영 등에 관한 자료,  
업무 위탁에 관한 자료 
▪ 은행은 법령, 제 3 자의 이익 침해, 영업비밀의 침해 등의 사유가 있는 경우 이를 
금융소비자에게 알리고 자료 열람을 제한하거나 거절할 수 있습니다. 
 

이용제한 사항 
▪ 이 상품은 1 인 1 계좌만 가입이 가능합니다. 
▪ 수수료 면제 미사용 횟수는 이월되지 않습니다.  
▪ 통장이 ‘전기통신금융사기 피해 방지 및 피해금 환급에 관한 특별법’ 에서 정의한 피해의심 
거래계좌 및 사기이용 계좌로 이용될 경우 이체, 송금지연, 지급정지 등의 금융거래 제한조치 
를 할 수 있습니다. 
 
3  유의 사항 
 
▪ 이 설명서는 「금융소비자 보호에 관한 법률」제19조제1항, 동 법 시행령 제14조제1항, 제3항에 따라 
금융상품에 관한 중요한 사항을 이해하기 쉽도록 설명하기 위해 설명을 하기 전에 제공되는 자료로써, 
상담일 이후 가입금액, 계약기간 등 변경에 의하여 일부 내용이 달라질 수 있습니다. 
▪ 본 설명서는 법령 및 내부통제기준에 따른 절차를 거쳐서 제공됩니다. 
 
이 상품은 KB국민은행 수신상품부(P)에서 개발 및 관리하는 상품입니다. 
본 상품에 대한 문의사항 또는 민원 상담이 필요하시면 영업점, 고객센터(1588-9999) 또는 인터넷 홈페이지 
(www.kbstar.com), 금융감독원 민원상담센터(국번없이 1332) 또는 e-금융민원센터(www.fcsc.kr)을 통해 
문의주시기 바랍니다. 
영업점 등을 통해 은행에 접수된 민원은 특별한 사정이 없는 한 14 영업일 이내에 처리함을 원칙으로 하되, 
기한 연장시 이에 대해 안내드리도록 하겠습니다. 또한 요청이 있는 경우 민원처리진행상황을 안내 받으실 수 
있으며 금융소비자는 본 상품에 대하여 당 은행과 분쟁이 있는 경우에는 금융소비자보호법 제 36 조 
제1항에 따라 금융감독원에 분쟁조정을 신청할 수 있습니다. 
 (2026.03.09 현재)",ok,
products/deposit/나라사랑통장특약20260309.pdf,나라사랑통장특약20260309.pdf,products/deposit,2,"「KB 나라사랑우대통장」 특약 
 
 
제 1 조 적용범위 
KB 나라사랑우대통장(이하 '이 통장'이라 함)거래는 이 특약을 적용하며, 이 특약에서 정하지 않은 사항은 
예금거래기본약관 및 입출금이자유로운예금약관을 적용합니다. 
 
제 2 조 가입대상 
이 통장의 가입대상은 실명의 개인으로 하며, 1 인 1 계좌에 한합니다. 
 
제 3 조 예금과목 
이 통장의 예금과목은 저축예금으로 합니다. 
 
제 4 조 기본이율 
이 통장의 이율은 결산일 현재 영업점에 게시한 기본이율을 적용합니다.  
 
제 5 조 우대이율  
① 적용대상: 이 통장 가입자가 결산일의 전월 말일을 기준으로 직전 3 개월 동안 2 개월 이상 
다음 각 호의 1 에 해당하는 경우 연 1.9%p 우대이율을 적용합니다.  
1. 이 통장으로 KB 국민은행과 급여이체 계약에 의한 국군재정관리단을 통한 급여이체 실적이 있는 경우 
2. 이 통장으로 육군「통합자금관리시스템」에 의한 급여이체 실적이 있는 경우 
3. 군인공제회에서 KB 국민은행으로 제공하는 급여자료 중 이 통장으로 급여이체 실적이 있는 경우 
※ 각호 이외의 급여이체는 우대이율이 적용되지 않습니다. 
② 적용방법: 이 통장 가입자가 제 1 항의 적용대상에 해당하는 경우 이 통장의 결산기 평균잔액 중 1 백만원 
이하의 금액까지는 기본이율과 우대이율을 합산하여 적용하며, 1 백만원을 초과하는 금액에 대하여는 기본 
이율을 적용합니다.  
 
제 6 조 전환계좌의 이율적용 기준 
① 이 통장으로 전환한 경우에는 전환일이 속한 결산기에 대해서는 기존 예금의 이율을 적용하고, 그 다음 
결산기부터 제 4 조 및 제 5 조에서 정한 이율(이하 “이 통장의 이율”이라 합니다)을 적용합니다. 
② 이 통장에서 다른 예금으로 전환한 경우에는 전환일이 속한 결산기에 대해서는 이 통장의 이율을 적용하고, 
그 다음 결산기부터 전환된 예금의 이율을 적용합니다. 
 
제 7 조 전자금융 및 자동화기기 수수료 면제  
① 이 통장에서 전월(1 일 ~ 말일) 거래실적이 다음 각 호의 1 에 해당하는 경우 이번 달 11 일부터 다음 달 
10 일까지 전자금융(인터넷뱅킹, 폰뱅킹, 모바일뱅킹) 타행이체 수수료와 KB 국민은행 자동화기기 시간외 
출금수수료를 면제합니다. 

1. 이 통장에서 각종 공과금(아파트관리비, 지로, VAN, CMS) 등의 자동납부실적이 있는 경우 또는 계좌간 
자동이체 실적(KB Wise 플랜 적립이체 포함)이 있는 경우 
2. 이 통장에서 KB 국민카드(KB 국민체크카드, KB 국민비씨카드 포함) 결제 실적(현금서비스 포함)이 있는 
경우 
② 통장의 신규 또는 전환일로부터 익익월 10 일까지는 은행거래실적에 관계 없이 전자금융(인터넷뱅킹, 폰뱅킹, 
모바일뱅킹) 타행이체수수료(납부자 자동이체 수수료 제외)와 KB 국민은행자동화기기 시간외 출금수수료를 
면제합니다. 
 
부  칙 
이 약관은 2010.11.01부터 시행합니다. 
부  칙 
이 약관은 2012.02.22부터 시행합니다. 
부  칙 
이 약관은 2012.07.12부터 시행합니다. 
부  칙 
이 약관은 2015.12.01부터 시행합니다. 
부  칙 
이 약관은 2018.12.27 부터 시행합니다. 
부  칙 
이 약관은 2023.01.01 부터 시행합니다. 
부  칙 
이 약관은 2026.03.09부터 시행합니다. 
 
본 특약은 법령 및 내부통제기준에 따른 절차를 거쳐서 제공됩니다.",ok,
products/deposit/모니모KB매일이자설명서(251017).pdf,모니모KB매일이자설명서(251017).pdf,products/deposit,5,"「모니모 KB 매일이자 통장」 상품설명서 
  
 
 
 
▪ 상 품 명 : 모니모 KB 매일이자 통장 
▪ 상품특징 : 삼성카드(주)의 「모니모 앱」 서비스 이용시 우대금리 및 혜택을 제공하는 통장  
 
 
구   분 내    용 
가입대상 
▪ 만 17 세 이상의 실명의 개인(1 인 1 계좌)  
※ 관련서류 미제출 임의단체, 개인사업자 및 공동명의 가입 불가 
※ 비거주자 및 외국인 가입 불가 
가입금액 ▪ 제한없음 상품유형 ▪ 입출금이 자유로운 예금(저축예금) 
거래방법 ▪ 신규 : 가입방법 참조               ▪ 해지 : 영업점, 개인인터넷뱅킹, KB스타뱅킹 
가입방법 ▪ 삼성카드(주)가 운영하는 모니모 앱 페이지에 연계된 「모니모 KB 매일이자 통장」 
비대면계좌개설서비스 통해서만 가능하며, 모니모 앱 전용 상품으로 이용 가능  
상품명 변경 ▪ 모니모 앱 해지(회원탈회) 또는 혁신금융서비스 종료시 「KB제휴통장」으로 상품명 변경 
이자계산방법  
및  
이자지급시기 
▪ 예금이자는 아래의 이자계산기간동안 매일의 최종잔액을 평균하여 이자결산일 현재 영업점 및 
KB국민은행 홈페이지에 고시하는 이율로 계산함  
- 이자계산기간 : 최초 예금일(또는 직전 이자지급일)부터 다음 이자지급일(또는 해지일) 
전일까지의 기간 
- 이자결산일 : 매월 제2금요일 또는 고객이 직접 이자지급 요청한 전일 
  - 이자지급일 : 이자결산일 다음날  
(단, 매월 제2금요일 다음날은 고객 요청에 의한 이자지급 제한) 
※ 예금의 이자는 최종거래일로부터 5년이 경과한 날부터는 이자를 원금에 더하지 않고,  
계좌해지 또는 추가 입출금 거래 발생일의 다음 결산일에 일괄 계산하여 지급할 수 
있습니다. 
기본금리 
(2025.10.17 기준, 
세금공제 전) 
▪ 연 0.10% 
※ 결산일 현재 영업점 및 KB국민은행 홈페이지에 고시한 예금과목별 기본이율 적용 
◈ 이 설명서는 금융소비자의 권익 보호 및 예금상품에 대한 이해 증진을 위하여 「금융소비자 보호에 관한 법률」 및 
관련 규정에 의거, 은행의 내부 통제절차를 거쳐 예금상품의 주요 내용을 쉽게 이해할 수 있도록 작성한 자료입니다. 
◈ 설명내용을 제대로 이해하지 못하였음에도 불구하고 설명을 이해했다는 서명을 하거나 녹취기록을 남기시는 경우,  
추후 해당 내용과 관련한 권리구제가 어려울 수 있습니다. 
◈ 이 상품은 종이통장이 발행되지 않습니다. 
1  상품명 및 특징 
2  거래 조건 
준법감시인 심의필 제2025-4207-3호(심의일: 2025.10.13) 
  [유효기간: 2025.10.17~ 2027.09.30] 
우대금리 
(2025.10.17 기준, 
세금공제 전) 
 
▪ 최고 금리 : 연 3.9%p 
▪ 적용 한도 : 매일의 최종 잔액 중 2백만원 이하 금액 
※ 우대금리는 최초 가입한 경우에만 제공되며, 이 통장 해지 후 재 가입한 경우는 제공 불가 
단, 최초 가입한 경우라도 KB제휴통장으로 상품명 변경된 경우는 제공 불가 
※ 「자동이체등록 및 마케팅동의 우대이율」은 최초 가입일로부터 다음달 제2금요일까지는  
[공통] 제공 조건만 충족해도 우대이율 제공 
(예) 최초 가입일 2025.11.3 → 우대이율 제공기간 2025.11.3 ~ 12.12 
 
 
 
 
 
 
 
 
 
 
 
 
 
 
구 분 금리 제공 기간 제공 조건 
특별 
우대 
금리 
연 2.9%p 최초 가입일로부터 
1년 이내 - [공통] ‘모니모 KB 매일이자 통장’ 최초 가입자 
& 모니모 앱 서비스 이용 시 
 연 0.9%p 최초 가입 후  
1년 초과 3년 이내 
자동 
이체 
등록 
최고 
연 0.6%p 
이번달  
제2금요일 다음날 
(또는 최초 가입일) 
~  
다음달 
제2금요일까지 
- [공통] ‘모니모 KB 매일이자 통장’ 최초 가입자 
& 모니모 앱 서비스 이용 시 
- 이번달 이자결산일(매월 제2금요일) 기준,  
이 통장으로 자동이체등록*시 건당 연 0.2%p씩 
* 등록대상 : 삼성카드(주)·삼성생명보험(주)· 
삼성화재해상보험(주) 
마케팅 
동의 연 0.4%p 
- [공통] ‘모니모 KB 매일이자 통장’ 최초 가입자 
& 모니모 앱 서비스 이용 시 
- 아래 ①,② 모두 등록 시 연 0.4%p 제공 
① 이번달 이자결산일(매월 제2금요일) 기준, 
    [KB] ‘(선택)개인(신용)정보 수집∙이용 동의서 
           (상품서비스 안내 등)’  
    (단, 상품서비스 안내 수단 중 ‘문자’는 필수) 
② 전월말 기준, 
    [모니모] ‘(선택)전자적 전송매체를 통한  
             광고성 정보 수신 동의’  
최종금리 
(2025.10.17 기준, 
세금공제 전) 
 
▪ 최저 연 0.1% ~ 최고 연 4.0%  
※ 최고금리는 신규가입일 당시 영업점 및 KB국민은행 홈페이지에 게시한 우대금리 적용 시 
수수료 면제 
혜택 
▪ 이 통장 거래에서 발생한 아래의 수수료 면제 (단, KB제휴통장으로 상품명 변경된 경우는 제외) 
 면제 대상 수수료 
1. KB국민은행 인터넷·폰·모바일뱅킹 다른은행 이체수수료 
2. 납부자 자동이체(타행 자동이체 포함) 수수료 
3. KB국민은행 자동화기기 다른은행 이체수수료 
4. KB국민은행 자동화기기 시간외 출금수수료 
5. 다른은행 자동화기기 출금수수료 
※ 다른은행 ATM의 경우 제휴 ATM 및 VAN사(효성·나이스·한네트 등) ATM 제외 
▪ 수수료 면제 횟수 : 제한없음 
세제관련 
▪ 비과세종합저축으로 가입가능  
※ 관련세법이 개정될 경우 세율이 변경되거나 세금이 부과될 수 있음 
상품전환 ▪ 불가 (다른 예금에서 이 예금으로 전환 또는 이 예금에서 다른 예금으로 전환 불가) 
계약해지방법 
▪ 영업점 방문, 개인인터넷뱅킹, KB 스타뱅킹을 통해 해지 가능 
  ※ 개인인터넷뱅킹, KB 스타뱅킹을 통한 해지 시 해지잔액을 입금할 수 있는 본인명의의 
입출금이자유로운예금 계좌가 필요합니다. 
양도 및 
담보제공 
▪ 양도 불가    ▪ 질권설정 및 담보제공 불가 
원금 및  
이자지급 제한  
▪ 계좌에 압류주1), 가압류주2)등이 등록될 경우 원금 및 이자 지급이 제한될 수 있음 
※ 민사집행법에 따라 최저생계비 이하 등 압류금지채권에 해당하는 경우에는 
법원에 압류금지채권 범위 변경 신청 등을 통해 압류를 취소할 수 있습니다. 
 
 주 1) 압류: 채무자의 특정한 재산에 대하여 처분(매매, 양도 등)을 금지하게 하는 법원의 조치로서,  
채권자가 채무자의 해당 재산을 금전화하여 채무 변제에 충당하려는 목적으로 이용됩니다. 
 주 2) 가압류: 법원이 채권자를 위하여 나중에 강제 집행을 할 목적으로 채무자의 재산을 임시로 
확보하는 행위입니다. 
▪ 예금잔액증명서 발급 당일에는 입금·출금·이체 등 잔액 변동 불가 
▪ 통장이 ‘전기통신금융사기 피해 방지 및 피해금 환급에 관한 특별법’에서 정의한 
피해의심거래계좌 및 사기이용계좌로 이용될 경우 이체, 송금지연, 지급정지 등의 금융거래 
제한조치를 할 수 있음 
거래중지 
▪ 다음의 경우에 해당하는 경우 입출금, 잔액조회, 이관 등의 거래 제한  
(KB제휴통장으로 상품명이 변경된 경우만 해당) 
 (가) 예금잔액이 10,000원 미만이며, 1년이상 입출금거래가 없는 계좌 
 (나) 예금잔액이 10,000원 이상 50,000원 미만이며, 2년이상 입출금거래가 없는 계좌 
 (다) 예금잔액이 50,000원 이상 100,000원 미만이며, 3년이상 입출금거래가 없는 계좌 
☞ 무거래기간 산정기준 : 입출금 거래 또는 명의변경 거래 최종 발생일로 부터 산정 
▪ 편입시기 : 연2회(매년 6월, 12월 셋째 금요일 기준으로 익일인 토요일에 편입) 
▪ 거래를 다시 시작하고자 하는 경우에는 본인 확인 및 금융거래 목적을 확인 한 후 가능 
휴면예금 출연 
▪ 예금 만기일 또는 이자지급을 포함한 최종거래일 이후 5 년 이내 계좌를 해지하지 않을 경우  
예금거래기본약관 제 9 조의 2 휴면예금 및 출연에 따라 휴면예금은 “서민금융진흥원 
(국번없이 1397)”에 출연주)될 수 있으며, 이 경우 서민금융진흥원을 통해 휴면예금을 
찾으실 수 있습니다. (KB 제휴통장으로 상품명이 변경된 경우만 해당) 
주) 어떤 사람이나 단체가 자기의 의사에 따라 돈을 내거나 의무를 부담함으로써 재산상의  
손실을 입고 남의 재산을 증가시키는 일을 말합니다. 일반적으로 기부행위를 일컫는 말로  
사용되나 법률적으로는 비영리재단법인에 재산을 무상으로 내는 행위를 뜻합니다. 
▪ 휴면예금은 휴면예금통합조회서비스(www.sleepmoney.or.kr)를 통해 조회 가능합니다. 
 
※ 계좌통합관리서비스 이용 시 사용하지 않는 소액계좌를 잔고 이전/해지 할 수 있으며, 
     휴면계좌통합조회서비스 이용 시 휴면계좌 현황을 파악 할 수 있습니다. 
예금자 
보호여부 
해 당 
이 예금은 예금자보호법에 따라 원금과 소정의 이자를 합하여 1 인당 
“1 억원까지”(본 은행의 여타 보호상품과 합산) 보호됩니다. 
자료열람요구권 
▪ 금융소비자는 분쟁조정 또는 소송의 수행 등 권리구제를 위한 목적으로 은행이 기록 및  
유지·관리하는 다음의 자료에 대한 열람(사본 및 청취 포함)을 요구할 수 있습니다. 
- 계약체결에 관한 자료, 계약의 이행에 관한 자료, 금융상품 등에 관한 광고 자료, 
금융소비자의 권리행사에 관한 자료, 내부통제기준의 제정 및 운영 등에 관한 자료,  
업무 위탁에 관한 자료 
▪ 은행은 법령, 제 3 자의 이익 침해, 영업비밀의 침해 등의 사유가 있는 경우 이를 
금융소비자에게 알리고 자료 열람을 제한하거나 거절할 수 있습니다. 
이용제한 사항 
▪ 통장이 ‘전기통신금융사기 피해 방지 및 피해금 환급에 관한 특별법’ 에서 정의한 피해의심 
거래계좌 및 사기이용 계좌로 이용될 경우 이체, 송금지연, 지급정지 등의 금융거래 제한조치 
를 할 수 있습니다. 
 
 
 
▪ 이 설명서는 「금융소비자 보호에 관한 법률」제19조제1항, 동 법 시행령 제14조제1항, 제3항에 따라 
금융상품에 관한 중요한 사항을 이해하기 쉽도록 설명하기 위해 설명을 하기 전에 제공되는 자료로써, 상담일 
이후 가입금액, 계약기간 등 변경에 의하여 일부 내용이 달라질 수 있습니다. 
▪ 이 통장의 우대금리 제공은 이 통장을 최초 가입하고 ‘모니모 앱’ 서비스 이용시에만 적용됩니다. 단, 이 통장 
해지 후 재 가입한 경우 및 KB제휴통장으로 상품명이 전환되는 경우는 우대금리를 제공하지 않습니다.  
▪ 이 통장은 혁신금융서비스로 선정되어 시험 운영하는 서비스로, 금융위원회가 지정한 102.5만좌 이하로 
제한하여 운영합니다. 
▪ 이 설명서는 법령 및 내부통제기준에 따른 절차를 거쳐서 제공됩니다. 
이 상품은 KB국민은행 수신상품부(P)에서 개발 및 관리하는 상품입니다.  
상품에 대한 문의사항 또는 민원 상담이 필요하시면 영업점, 고객센터(1588-9999) 또는 인터넷 홈페이지 
(www.kbstar.com), 금융감독원 민원상담센터(국번없이 1332) 또는 e-금융민원센터(www.fcsc.kr)를 통해 
문의주시기 바랍니다. 영업점 등을 통해 은행에 접수된 민원은 특별한 사정이 없는 한 14 영업일 이내에 처리 
함을 원칙으로 하되, 기한 연장시 이에 대해 안내드리도록 하겠습니다. 또한 요청이 있는 경우 민원처리 진행 
상황을 안내받으실 수 있습니다. 또한 금융소비자는 본 상품에 대하여 당 은행과 분쟁이 있는 경우에는 
금융소비자보호법 제 36 조 제 1 항에 따라 금융감독원에 분쟁조정을 신청할 수 있습니다. 
 
 
 
 
 
 
 
3  유의 사항 

 
 
 
구분 내용 
연계·제휴서비스 
내용  
▪ 이 통장의 연계ㆍ제휴서비스는 모니모 앱을 통하여 가입한 ‘모니모 KB 매일이자 통장’  
이용 시, 제휴사가 제공합니다. (※ ‘모니모 KB 매일이자 통장’ 해지 시 해당 서비스를 
제공하지 않음) 
제휴사명 제휴 앱 내용 
삼성카드㈜ 모니모주1) ① 모니머니주2)를 이 통장으로 자동 입금함 
② 모니모 서비스 페이지 내에서 이 통장의 잔액 및 거래내역 조회  
주1) 삼성카드(주)가 운영하는 앱으로 삼성금융계열사(삼성카드(주), 삼성생명보험(주), 
     삼성화재해상보험(주), 삼성증권(주))의 서비스를 모니모 회원에게 제공합니다. 
주2) 삼성카드(주)가 부여한 회원계정에 저장되는 금전적 가치가 있는 전자증표로서 회원이 직접 
충전하거나, 모니모 이용실적 또는 이벤트 등을 통해 부여받아 사용하는 전자금융거래법상 
“선불 전자지급수단”입니다. 
연계·제휴서비스 
제공 기간 
▪ 이 통장의 연계ㆍ제휴서비스는 모니모를 통하여 가입한 ‘모니모 KB 매일이자 통장’ 이용시  
제공합니다. (단, 제휴사와의 계약기간내에 한함) 
연계·제휴서비스 
제공 요건 
▪ 제휴사 앞 금융거래정보 이용ㆍ제공 동의를 하고 ‘모니모 KB 매일이자 통장’을 이용시  
제공합니다.  
연계·제휴서비스 
이행 책임 
▪ 연계ㆍ제휴서비스 이행책임 : KB국민은행은 연계ㆍ제휴서비스 등을 부당하게 축소하거나 
변경하지 않으며, 불가피하게 축소하거나 변경하는 경우 그에 상응하는 다른 연계ㆍ제휴 
서비스를 제공합니다. 
연계·제휴서비스 
변경 내용  
사전 통지 방법 
▪ 서면, 우편, 팩스, 전화, E-mail, LMS 등의 방법 중 2개 이상의 방법으로 축소, 변경되기  
6개월 전부터 매월 고지합니다. (단, 그에 상응하는 다른 연계ㆍ제휴 서비스를 제공하거나  
은행의 휴업ㆍ파산ㆍ경영상 위기 또는 연계ㆍ제휴 서비스 등을 제공하는 자의 일방적인  
제공 중단 등 6개월 전부터 고지하기 어려운 불가피한 사유가 있는 경우에는 해당 상황이 
발생하는 즉시 고지하는 경우 제외됩니다.) 
 
4  연계 ∙ 제휴서비스",ok,
products/deposit/생계비계좌개설용.pdf,생계비계좌개설용.pdf,products/deposit,3,"[필수] 개인(신용)정보 수집·이용·제공·조회 동의서
[KB생계비계좌 개설용]
KB국민은행 귀중
* 생계비계좌 개설과 관련하여 귀 행이 본인의 개인(신용)정보를 수집·이용하거나 제 3 자에게 제공하거나 조회하고자 하는
경우에는 「신용정보의 이용 및 보호에 관한 법률」, 「개인정보 보호법」 등 관계 법령에 따라 본인의 동의가 필요합니다.
* (금융)거래라 함은 은행업무(여신, 수신, 외국환), 겸영업무(신탁, 펀드, 투자일임, 방카슈랑스, 신용카드 등), 부수업무(보증, 
팩토링, 대여금고, 보호예수 등)와 관련된 거래를 의미합니다.
수집·이용 목적
- 생계비계좌 계약의 설정·유지·이행·관리
- 금융사고 조사, 분쟁 해결, 민원 처리
보유 및 이용기간
-(금융)거래 종료일*로부터 5 년까지 보유·이용됩니다.
위 보유 기간에서의 *(금융)거래 종료일이란 “귀하가 신청한 (금융)거래계약의 설정이 개시된 경우 “당 행과
거래 중인 모든 계약(여·수신, 내·외국환, 카드 및 제3자 담보 제공 등) 해지 및 서비스(대여금고, 보호예수, 
외국환거래지정, 인터넷뱅킹 포함 전자금융거래 등)가 종료된 날”을 말하며, 귀하가 신청한 (금융)거래계약의
설정이 거절된 경우 거절 시점”을 말합니다.
※ (금융)거래 종료일 후에는 금융사고 조사, 분쟁 해결, 민원 처리, 법령 상 의무이행을 위하여만 보유·이용됩니다 (단, 
다른 관련 법령에 해당하는 경우 해당 법령 상의 보존기간을 따름)
거부권리및불이익
귀하는 동의를 거부하실 수 있습니다. 다만, 위 개인(신용)정보 수집·이용에 관한 동의는 “생계비계좌
계약의 체결 및 이행을 위한” 필수적 사항이므로, 위 사항에 동의하셔야만 (금융)거래관계의 설정 및
유지가 가능합니다.
수집·이용 항목
고유식별정보
- 주민등록번호, 외국인등록번호
위 고유식별정보 수집·이용에 동의하십니까? ㅁ 동의하지 않음  ㅁ 동의함
개인(신용)정보
┖ 일반개인정보 국내거소신고번호, 성명
┖ 신용거래정보
생계비계좌 기보유 여부, 생계비계좌 개설 및 해지에 관한 정보(계좌번호, 개설일자, 해지일자
등) 및 계약의 설정·유지·이행·관리를 위한 상담 등을 통해 생성되는 정보
위 개인(신용)정보 수집·이용에 동의하십니까? ㅁ 동의하지 않음  ㅁ 동의함

제공받는 자 - 종합신용정보집중기관 [한국신용정보원]
제공받는자의
이용 목적
- 생계비계좌 계약의 설정 여부 판단을 위한 전체 금융기관으로부터 정보 집중 및
공유 등 법령에서 정한 종합신용정보집중기관의 업무 수행
보유및이용기간 - 제공받는 자의 이용목적을 달성할 때까지(관련 법령상 보존기간을 따름)
거부권리및불이익
귀하는 동의를 거부하실 수 있습니다. 다만, 위 개인(신용)정보 제공에 관한 동의는 “생계비계좌 계약의
체결 및 이행을 위한” 필수적 사항이므로, 위 사항에 동의하셔야만 (금융)거래관계의 설정 및 유지가
가능합니다.
제공 항목
고유식별정보
- 주민등록번호, 외국인등록번호
위 고유식별정보 제공에 동의하십니까? ㅁ 동의하지 않음  ㅁ 동의함
개인(신용)정보
┖ 일반개인정보 성명, 국내거소신고번호
┖ 신용거래정보 생계비계좌 개설 및 해지에 관한 정보(계좌번호, 개설일자, 해지일자 등)
위 개인(신용)정보 제공에 동의하십니까? ㅁ 동의하지 않음  ㅁ 동의함
조회 대상기관 - 제공받는 자와 동일
조회 목적 - 생계비계좌 계약의 설정 여부 판단 및 금융사고 조사, 분쟁해결, 민원처리
조회동의효력기간
-(금융)거래 종료일*로부터 5 년까지 보유됩니다.
위 보유 기간에서의 *(금융)거래 종료일이란 “귀하가 신청한 (금융)거래계약의 설정이 개시된 경우 “당 행과
거래 중인 모든 계약(여·수신, 내·외국환, 카드 및 제 3 자 담보 제공 등) 해지 및 서비스(대여금고, 보호예수, 
외국환거래지정, 인터넷뱅킹 포함 전자금융거래 등)가 종료된 날”을 말하며, 귀하가 신청한 (금융)거래계약의
설정이 거절된 경우 거절 시점”을 말합니다.
※ (금융)거래 종료일 후에는 금융사고 조사, 분쟁 해결, 민원 처리, 법령 상 의무이행을 위하여만 보유·이용됩니다 (단, 
다른 관련 법령에 해당하는 경우 해당 법령 상의 보존기간을 따름)
거부권리및불이익
귀하는 동의를 거부하실 수 있습니다. 다만, 위 개인(신용)정보 조회에 관한 동의는 “(금융)거래 계약의
체결 및 이행을 위한” 필수적 사항이므로, 위 사항에 동의하셔야만 (금융)거래관계의 설정 및 유지가
가능합니다.
조회 항목
고유식별정보 - 주민등록번호, 외국인등록번호

위 고유식별정보 조회에 동의하십니까? ㅁ 동의하지 않음  ㅁ 동의함
개인(신용)정보
┖ 일반개인정보 성명, 국내거소신고번호
┖ 신용거래정보 생계비계좌 개설 및 해지에 관한 정보(계좌번호, 개설일자, 해지일자 등)
┖ 공공정보 등 사망자정보 등
위 개인(신용)정보 조회에 동의하십니까? ㅁ 동의하지 않음  ㅁ 동의함
※ 본 동의 이후 동일한 목적 또는 이용 범위 내에서 개인(신용)정보의 정확성, 최신성을 유지하기 위해 제공하는 경우에는 별도의 추가
  동의가 필요하지 않습니다.
※ 금융기관의 고의 또는 과실 등 귀책사유로 인한 개인정보 유출로 고객님에게 발생한 손해에 대해 관계 법령 등에 따라 보상 받으실
   수 있습니다.
본인 성명 : (서명)
년 월 일 대리인 성명 : (서명)",ok,
products/deposit/수출입기업외화통장특약.pdf,수출입기업외화통장특약.pdf,products/deposit,3,"「KB 수출입기업우대 외화통장」 특약 
 
※ 본 특약은 법령 및 내부통제기준에 따른 절차를 거쳐서 제공됩니다. 
 
제 1 조 약관의 적용 
KB수출입기업우대외화통장(이하 “예금”이라 합니다)은 외화보통예금의 성격을 가지며, 예금주의 의사에 
따라 언제든지 입출금이 자유롭습니다. 이 특약에서 정하지 않은 사항은 외화예금거래 기본약관을 
준용합니다. 
 
제 2 조 예금의 종류  
이 예금의 계정과목은 외화보통예금으로 합니다. 
 
제 3 조 가입대상 
이 예금의 가입대상은 개인사업자 및 법인입니다. 
 
제 4 조 가입통화 및 계좌당 거래 가능 통화 
① 미 달러화(USD), 일본 엔화(JPY), 유로화(EUR), 영국 파운드화(GBP), 캐나다 달러화(CAD),  
뉴질랜드 달러화(NZD), 호주 달러화(AUD), 홍콩 달러화(HKD), 스위스 프랑화(CHF), 
싱가포르 달러화(SGD), 중국 위안화(CNY), 아랍에미레이트 디르함(AED), 바레인 디나르(BHD),  
덴마크 크로네(DKK), 쿠웨이트 디나르(KWD), 노르웨이 크로네(NOK), 사우디아라비아 리얄(SAR),  
스웨덴 크로네(SEK), 태국 바트(THB), 러시아 루블화(RUB)로 가입 가능합니다. 
② 한 계좌의 최대 거래 가능 통화는 10개로 제한합니다. 
 
제 5 조 가입금액 
이 예금의 가입금액은 제한이 없습니다. 
 
제 6 조 담보제공 및 기존 통장 전환 
이 예금은 담보제공 및 기존 통장에서 이 예금으로 전환은 불가능합니다. 
 
제 7 조 이율 및 이자계산방법 
① 이 예금의 이율은 영업점 및 인터넷에 고시된 해당 통화의 종류에 따른 외화보통예금이율을  
적용합니다.  
② 이 예금은 매년 3월, 6월, 9월, 12월의 둘째 금요일에 이자를 결산하고, 결산이자는 익일에 원금에  
더합니다. 
 
제 8 조 우대이율적용 

① 우대이율 적용대상 : 통화별 매일의 최종 잔액이 해당일(휴무일은 직전 영업일) 1회차 
대미환산율로 환산하여 미화 5만불 이상인 경우에, 해당 통화로 예치된 금액 (본조에서 
정하는 우대이율적용대상은 예금계좌에 예치된 “통화별 예치금”을 기준으로 산정되며,“예금계좌별  
잔액”을 기준으로 산정되지 않음.) 
② 적용될 우대이율 : 우대이율 적용대상이 된 해당통화의 7일미만 외화정기예금 이율 
③ 우대이율 적용기간 : 우대이율 적용대상에 해당하는 당일의 이자 계산시 
④ 본조에서 정하는 우대이율의 적용은 각 통화별 잔액을 기준으로 우대이율 적용대상 통화로 예치된  
금액에 대하여만 적용되며, 동 예금 계좌 잔액이 해당일(휴무일은 직전영업일) 1회차 대미환산율로  
환산하여 미화 5만불 이상이라 하더라도 통화별 우대 이율 적용 대상 요건을 충족하지 못할 경우  
우대이율은 적용되지 않습니다.  
 
제 9 조 수수료 우대 
(1) 대상 고객 및 우대 기간 
① 신규 계좌 개설 고객 : 가입일로부터 3개월째 해당월 말일까지 우대 
   (고객별 최초 1회에 한하여 적용함) 
② 매월 말일 기준 최근 3개월 계좌 별 평잔이 미화 3만불 이상인 계좌를  
보유하고 있는 고객 : 3개월간 수수료 우대 
    ③ 수수료 우대 기준이 되는 계좌 별 평잔은 매일의 통화 별 최종 잔액을 합산하여 산정하며, 
USD를 제외한 기타 통화들은 매일(휴무일은 직전 영업일)의 1회차 대미환산율로 환산한 금액을 
합산합니다.   
(2) 우대 사항 
① 해외 당타발 송금시 당타발 송금수수료 면제 
② 수출신용장통지수수료, 수출환어음매입수수료, 수출환어음추심수수료, 수입물품선취보증서 
 발급수수료 면제 
③ (당,타발)국내간자금이체수수료 면제 
 
제 10 조 사정변경 
 
① 본 특약의 내용은 은행의 사정에 의해 변경될 수 있습니다. 은행이 본 특약의 내용을 변경하고자 할  
때에는 변경시행일 1개월 전에 그 내용을 은행 영업점 및 은행 홈페이지에 1개월 동안  
게시·안내합니다. 다만 특약 변경 내용이 고객에 불리한 경우에는 변경 약관 시행일 1개월 이전에 
예금거래기본약관 제21조 제2항 각호의 방법으로 고객에 알립니다. 
② 제1항의 게시 또는 통지를 할 경우 “고객이 변경 통지에 동의하지 않을 경우 제1항의 게시일 또는  
통지를 받은 날로부터 변경약관 시행일 전 마지막 영업일까지 계약을 해지할 수 있으며, 계약해지의  
의사표시를 하지 않으면 변경된 약관이 시행일부터 적용됩니다.”라는 취지의 내용을 함께 게시 또는  
통지하여야 합니다. 
  

 
부 칙 
제 1 조 (시행일) 이 약관의 시행일은 2011.05.06로 합니다. 
 
부 칙 
제 1 조 (시행일) 이 약관의 시행일은 2011.11.14로 합니다. 
 
부 칙 
제 1 조 (시행일) 이 약관의 시행일은 2019.2.28로 합니다. 
 
제 2 조 (시행일) 이 약관의 시행일은 2020.4.1로 합니다. 
 
제 3 조 (시행일) 이 약관의 시행일은 2020.11.30로 합니다. 
 
제 4 조 (시행일) 이 약관의 시행일은 2023.5.29로 합니다.",ok,
products/deposit/수출입외화통장상품설명서.pdf,수출입외화통장상품설명서.pdf,products/deposit,4,"KB국민은행                                    준법감시인 심의필 제2025-0344-2호 (심의일: 2025.06.12) 
           [유효기간: 2025.06.12~2027.01.31] 
「KB 수출입기업우대 외화통장」 상품설명서 
 
금융 취약소비자에 해당하시는 경우 상품 상담에 앞서 외화예금상품 가입시 「금융소비자의 불이익사항」에 대해  
우선적으로 설명 들으실 수 있습니다. 고객님께서는 ‘금융 취약소비자’에 해당하십니까? 
□ 만 65세 이상   □ 은퇴자   □ 주부   □ 해당없음(일반적인 금융상품 판매 절차 진행)  
「금융소비자의 불이익사항」 
∙ 원화대가로 외화예금을 거래하는 경우 환율변동으로 인하여 원금 이익 또는 손실이 발생할 수 있습니다 
∙ 미국 달러화 이외의 외화 현금을 외화예금에 입금하는 경우 은행이 계산 근거를 명시하여 청구하는 바에 따라 
외화현찰수수료가 발생합니다 
 ∙ 외화 현금 이외의 지급수단으로 입금한 외화예금을 외화 현금으로 인출하는 경우 은행이 계산 근거를 명시하여  
청구하는 바에 따라 외화현찰수수료가 발생합니다 
 
 
 
1   상품명 및 특징 
 
￭ 상 품 명 : KB 수출입기업우대 외화통장 
￭ 상품특징 : 입출금이 자유로운 예금으로 매일 일정 금액 이상 잔액을 유지하는 경우 이자율(금리)우대와 
최근 3개월 평균잔액에 따라 수출입 관련 수수료가 면제되는 수출입 기업을 위한 예금 
 
2  거래 조건 
 
구  분 내   용 
가입자격 법인 또는 개인사업자 
상품유형 외화요구불예금 
가입통화 
 USD, JPY, EUR, GBP, CAD, NZD, AUD, HKD, CHF, SGD, CNY, AED, BHD, DKK, KWD, 
NOK, SAR, SEK, THB, RUB (20개 통화) 
(단, 가입통화 중 외화현찰 입금이 불가능한 통화(SAR, BHD, KWD, AED, RUB)는 
외화대체 및 원화대가 거래만 가능) 
가입금액 제한없음 
계좌당 거래 
가능통화 
계좌당 가입가능 통화(20개 통화) 중 10개 통화까지 가능 
거래방법 
신규 : 영업점, 인터넷뱅킹, KB스타기업뱅킹 
해지 : 영업점, 인터넷뱅킹, KB스타기업뱅킹 
계약해지방법 영업점, 인터넷뱅킹, KB스타기업뱅킹에서 해지 가능 
◈ 이 설명서는 금융소비자의 권익 보호 및 예금상품에 대한 이해 증진을 위하여 「금융소비자 보호에 관한 법률」 및 
관련 규정에 의거, 은행의 내부 통제절차를 거쳐 예금상품의 주요 내용을 쉽게 이해할 수 있도록 작성한 자료입니다. 
◈ 설명내용을 제대로 이해하지 못하였음에도 불구하고 설명을 이해했다는 서명을 하거나 녹취기록을 남기시는 경우,  
추후 해당 내용과 관련한 권리구제가 어려울 수 있습니다. 
◈ 인터넷뱅킹 등 비대면채널을 통해 가입하거나 통장 미발행 요청 시에는 통장 또는 증서가 교부되지 않습니다. 
기본이율 
(세금공제전) 
 - 일중 해당계좌의 통화별 최종 잔액주)이 미화 5만불 상당액 미만인 경우 
   ☞ 해당 통화의 외화보통예금 이자율 적용 
 - 일중 해당계좌의 통화별 최종 잔액주)이 미화 5만불 상당액 이상인 경우 
   ☞ 해당 통화의 7일 미만 외화정기예금 이자율 적용 
   주) 기타 통화는 매일(휴무일은 직전영업일)의 1회차 대미환산율로 환산한 미화(USD) 상당액으로 
 잔액을 산정하며, 동일계좌에 여러 통화가 입금된 경우에도 이를 합산하지 않고 각 통화별 
 잔액금액으로 금리우대 여부를 결정함. 
이자지급시기 
예금의 이자는 매년 3월, 6월, 9월, 12월의 둘째(두번째) 금요일에 결산하고, 결산일 다음일에  
원금 원금에 가산함 
이자계산방법 
(산출근거) 
(세금공제 전) 
[이자계산 산식] 매일의 최종잔액 X (연)이자율 X 예입일수 ÷ 360 
(단, 일본 JPY 및 영국 GBP는 365일) 
예금 이자는 계좌 개설일(또는 지난 이자 지급일)부터 이자 지급일 전날(또는 계좌 해지일 전날)까지의 
기간을 이자 계산 기간으로 하고 이자 결산 시 (외화지급)적용되는 환율은 결산일의 1회차 고시된  
기준환율을 적용하여 계산. 단, 결산일이 은행 휴무일인 경우 직전 영업일의 1회차 고시된 기준환율  
적용. 원금과 이자의 계산 및 지급단위는 예수통화의 보조단위까지 함 
수수료 면제 
대상 및 기간 
- 최초 거래고객 : 최초 계좌 개설일로부터 3개월째 해당하는 월의 말일까지 수수료 면제 적용 
                 (본 예금을 최초 개설하는 고객만 해당) 
- 계속 거래고객 : 계좌별 최근 3개월 평균잔액이 미화 3만불 상당액 이상인 경우 이후 3개월간  
수수료 면제 적용 (매월 말일에 최근 3개월 평균잔액 산출하여 선정) 
면제 수수료 
종류 
- 당발송금(해외로 보내는 외화송금) 및 타발송금(해외에서받는 외화송금) 거래할 때 발생하는 
  외화 송금수수료 면제 (단, 전신료 및 해외에서 원화로 들어오는 원화송금 제외) 
- (당, 타발)국내간자금이체수수료 
- 수출신용장(기타외화지급보증서 및 조건변경 포함) 통지수수료 면제 
- 수출환어음 매입/추심수수료 면제 
- 수입물품선취보증서 발급수수료 면제 
세제관련 세금우대 및 생계형 저축 가입 불가능 
양도 및 
담보제공 
- 양도 : 가능 
- 담보제공 : 불가 
원금 및 
이자지급 제한 
- 계좌에 압류주1), 가압류주2) 등이 등록될 경우 원금 및 이자 지급이 제한될 수 있음 
※ 민사집행법에 따라 최저생계비 이하 등 압류금지채권에 해당하는 경우에는 
법원에 압류금지채권 범위 변경 신청 등을 통해 압류를 취소할 수 있습니다. 
 주 1) 압류: 채무자의 특정한 재산에 대하여 처분(매매, 양도 등)을 금지하게 하는 법원의 조치로서,  
채권자가 채무자의 해당 재산을 금전화하여 채무 변제에 충당하려는 목적으로 이용됩니다. 
 주 2) 가압류: 법원이 채권자를 위하여 나중에 강제 집행을 할 목적으로 채무자의 재산을 임시로 
확보하는 행위입니다. 
- 예금잔액증명서 발급 당일에는 입금·출금·이체 등 잔액 변동 불가 
- 통장이 ‘전기통신금융사기 피해 방지 및 피해금 환급에 관한 특별법’에서 정의한 
피해의심거래계좌 및 사기이용계좌로 이용될 경우 이체, 송금지연, 지급정지 등의 금융거래  
제한조치를 할 수 있음 
예금자보호여부 
 
 
 
해당 
이 예금은 예금자보호법에 따라 원금과 소정의 이자를 합하여 1인당  
""1억원까지""(본 은행의 여타 보호상품과 합산) 보호됩니다. 

외화현금수수료 
부과 기준 
- ①USD(미국 달러) 외의 외화현금을 외화예금에 입금하거나, ②외화현금 외의  
방식(송금받은 경우 등)으로 입금된 금액을 외화현금으로 출금하는 경우에는 예금주가  
외화현금수수료를 부담합니다. 
  ∙ USD(미국 달러), JPY(일본 엔화), EUR(유로화) : 매매기준율(재정된 매매기준율)의 1.5% 
  ∙ 기타통화 : 매매기준율(재정된 매매기준율)의 3% 
- 외화현금수수료 면제 기준 
  ∙ USD(미국 달러) 현금으로 외화예금에 입금하는 경우 
  ∙ 외화현금으로 외화예금에 입금한 금액 범위내에서 동종의 외화현금으로 출금하는 경우 
  ∙ 정부기관, 지방자치단체, 외국공관 또는 국제기구가 외화예금에서 USD(미국 달러)  
현금으로 출금하는 경우 
  ∙ 외화현금으로 입금된 외화거치식예금의 이자를 외화현금으로 지급하는 경우 
이용제한 사항 이미 거래하시던 외화예금 통장은 KB수출입기업우대 외화통장으로의 전환이 불가능합니다. 
자료열람요구권 
▪ 금융소비자는 분쟁조정 또는 소송의 수행 등 권리구제를 위한 목적으로 은행이 기록 및  
유지·관리하는 다음의 자료에 대한 열람(사본 및 청취 포함)을 요구할 수 있습니다. 
  - 계약체결에 관한 자료, 계약의 이행에 관한 자료, 금융상품 등에 관한 광고 자료, 금융소비자의  
권리행사에 관한 자료, 내부통제기준의 제정 및 운영 등에 관한 자료, 업무 위탁에 관한 자료 
▪ 은행은 법령, 제3자의 이익 침해, 영업비밀의 침해 등의 사유가 있는 경우 이를  
금융소비자에게 알리고 자료 열람을 제한하거나 거절할 수 있습니다.   
연계·제휴서비스 해당없음 
 
3  유의 사항 
￭ 외화예금을 원화로 입금(신규입금 포함)하는 경우에는 은행이 영업점에 고시하는 입금시점의 대고객 
전신환매도율(송금 보내실 때 환율)을 적용합니다. 
￭ 이 예금을 원화대가로 거래하는 경우 환율변동으로 인하여 이익 또는 손실이 발생할 수 있으며,  
외화현금으로 입출금 하는 경우 외화현금수수료가 부과될 수 있습니다. 
￭ 외화예금의 원금 및 이자를 원화로 지급할 때에 적용할 환율은 은행이 영업점에 고시한 지급시점의 대고객  
전신환매입율(송금 받으실 때 환율)로 합니다. 단, 미국 달러화 외화현금을 대가로 외화예금에 입금할 때  
외화현금수수료를 면제한 경우로서 입금일부터7일 이내에 원화를 대가로 출금하는 경우에는 대고객  
현찰매입율(외국통화 파실 때 환율)을 적용합니다. 
￭ USD이외 통화의 이자율 적용은 매일(휴무일은 직전영업일)의 1회차 대미환산율로 환산한 미화 (USD) 
환산금액을 기준으로 잔액을 산정하여 적용합니다. 
￭ 이 설명서는 「금융소비자 보호에 관한 법률」제 19조제 1항, 동 법 시행령 제 14조제 1항, 제 3항에 따라 
금융상품에 관한 중요한 사항을 이해하기 쉽도록 설명하기 위해 설명을 하기 전에 제공되는 자료로써,  
상담일 이후 가입금액, 계약기간 등 변경에 의하여 일부 내용이 달라질 수 있습니다. 
￭ 본 설명서는 법령 및 내부통제기준에 따른 절차를 거쳐서 제공됩니다. 
 
 
 
 
 
 
 
  
 
 
이 상품은 KB국민은행 외환사업부에서 개발 및 관리하는 상품입니다. 
본 상품에 대한 문의사항 또는 민원 상담이 필요하시면 영업점, 고객센터(1588-9999) 또는 인터넷 
홈페이지(www.kbstar.com), 금융감독원 민원상담센터(국번없이 1332) 또는 e-금융민원센터(www.fcsc.kr)을  
통해 문의주시기 바랍니다.  
영업점 등을 통해 은행에 접수된 민원은 특별한 사정이 없는 한 14영업일 이내에 처리함을 원칙으로 하되, 
기한 연장시 이에 대해 안내드리도록 하겠습니다. 또한 요청이 있는 경우 민원처리진행상황을 안내 받으실 수 있습니다. 
또한 금융소비자는 본 상품에 대하여 당 은행과 분쟁이 있는 경우에는 금융소비자보호법 제 36조 제 1항에 
따라 금융감독원에 분쟁조정을 신청할 수 있습니다.",ok,
products/deposit/쓱머니KB통장상품설명서0701.pdf,쓱머니KB통장상품설명서0701.pdf,products/deposit,5,"「쓱머니 KB통장」 상품설명서 
  
 
 
 
▪ 상품명 : 「쓱머니 KB통장」 
▪ 상품특징 : 매일 이자받기 및 각종 우대금리 등 다양한 혜택을 제공하는 SSG.COM 제휴 전용 입출금통장 
 
 
◈ 이 설명서는 금융소비자의 권익 보호 및 예금상품에 대한 이해 증진을 위하여 「금융소비자 보호에 관한 법률」 및 
관련 규정에 의거, 은행의 내부 통제절차를 거쳐 예금상품의 주요 내용을 쉽게 이해할 수 있도록 작성한 자료입니다. 
◈ 설명내용을 제대로 이해하지 못하였음에도 불구하고 설명을 이해했다는 서명을 하거나 녹취기록을 남기시는 경우,  
추후 해당 내용과 관련한 권리구제가 어려울 수 있습니다. 
◈ 인터넷뱅킹 등 비대면채널을 통해 가입하거나 통장 미발행 요청 시에는 통장 또는 증서가 교부되지 않습니다. 
1  상품명 및 특징 
2  거래 조건 
구  분 내  용 
가입대상 
▪ 만 17 세 이상의 실명의 개인(1 인 1 계좌)  
※ 관련서류 미제출 임의단체, 개인사업자 및 공동명의 가입 불가 
※ 비거주자 및 외국인 가입 불가 
가입금액 ▪ 제한없음 상품유형 ▪ 입출금이 자유로운 예금(저축예금) 
거래방법 
▪ 신규 : SSG.COM 앱 內 KB국민은행 전용페이지에 연계된 「쓱머니 KB통장」 비대면 계좌 개설 
  서비스를 통해서만 가입 가능 
▪ 해지 : KB스타뱅킹, 개인인터넷뱅킹, 영업점  
판매한도 ▪ 40만좌(금융위원회 혁신금융서비스 지정 좌수) 
이자계산방법  
및  
이자지급시기 
▪ 예금이자는 아래의 이자계산기간 동안 매일의 최종잔액을 평균하여 이자결산일 현재 영업점 
및 KB국민은행 홈페이지에 고시하는 이율로 계산함  
- 이자계산기간 : 최초 예금일(또는 직전 이자지급일)부터 다음 이자지급일(또는 해지일) 
전일까지의 기간 
- 이자결산일 : 매월 제2금요일 또는 고객이 직접 이자지급 요청한 전일 
  (고객이 직접 이자지급을 요청 할 수 있는 매일 이자 받기 서비스 제공) 
  - 이자지급일 : 이자결산일 다음날  
(단, 매월 제2금요일 다음날은 고객 요청에 의한 이자지급 제한) 
※ 예금의 이자는 최종거래일로부터 5년이 경과한 날부터는 이자를 원금에 더하지 않고, 
계좌해지 또는 추가 입출금 거래 발생일의 다음 결산일에 일괄 계산하여 지급할 수 있습니다. 
기본금리 
(2026.04.08 기준, 
세금공제 전) 
▪ 연 0.10% 
※ 결산일 현재 영업점 및 KB국민은행 홈페이지에 고시한 예금과목별 기본금리 적용 
준법감시인 심의필 제2026-0754-1호(심의일: 2026.03.04) 
  [유효기간: 2026.04.08~ 2028.03.31] 
우대금리 
(2026.04.08 기준, 
세금공제 전) 
▪ 최고금리 : 연 3.9%p 
▪ 적용한도 : 매일의 최종 잔액 중 2백만원 이하 금액 
▪ 우대금리는 최초 가입한 경우에만 적용되며, 해지 후 재가입한 경우 모든 우대금리 적용 불가 
▪ 최초 가입한 경우라도 SSG.COM 회원 탈퇴 또는 혁신금융서비스 종료 시 「KB제휴통장」으로  
상품명이 변경되며 모든 우대금리 적용 불가 
 
 
❶ 신규 우대금리(최초 가입일로부터 3년 이내 차등 적용) 
☞ 보유 계좌는 활동계좌, 거래중지계좌를 모두 포함하며 기간 내 해지거래 또는 명의변경 
거래를 한 계좌도 보유 이력에 포함(휴면예금 출연, 신규 취소 계좌는 제외)  
(예) 최초 가입일: 2026.04.08 → 보유여부 조회 기간: 2025.10.08 ~ 2026.04.08 
❷ 쓱페이 우대금리(최초 가입일로부터 1년 이내 적용) 
☞ SSG PAY에 「쓱머니 KB통장」을 결제계좌로 등록한 날부터 우대금리 제공 
(예) 최초 가입일: 2026.04.08  SSG P A Y 계좌 등록 : 2026.04.10    
     -> 우대금리 적용기간: 2026.04.10 ~ 2027.04.07 
[참고] SSG PAY 계좌등록 방법 
◦ 「쓱머니 KB통장」 가입 완료 후 ‘SSG PAY 등록’ 바로가기 메뉴를 통해 등록  
◦ SSG PAY 앱 및 SSG.COM 결제하기 페이지의 ‘계좌등록’ 메뉴를 통해 등록  
❸ 쓱받는 우대금리 2종(최초 가입일로부터 3년 이내 적용) 
☞ 최초 가입일로부터 다다음달 제2금요일까지 쓱받는 우대금리 2종(최고 연1.0%p)을  
실적 관계없이 제공 
(예) 최초 가입일: 2026.04.08 → 우대금리 적용기간 : 2026.04.08 ~2026.06.12 
 
구 분 우대금리 적용기간 적용조건 
[공통] SSG.COM 가입고객이면서 「쓱머니 KB통장」 최초 가입고객 
신규 
우대금리 
연 1.5%p 최초 가입일로부터 
1년 이내 - 「쓱머니 KB통장」 최초 신규 가입일 기준 
최근 6개월 동안 국민은행 입출금통장을 
보유하지 않은 경우 연 0.4%p 최초 가입 후 
1년 초과 3년이내 
쓱페이 
우대금리 연 1.4%p 최초 가입일로부터 
1년 이내 
- SSG PAY에 「쓱머니 KB통장」을  
결제계좌로 등록한 경우 
※ SSG PAY 등록일부터 우대금리 적용 
쓱받는 
우대금리 
최고 
연 1.0%p 
(각 항목별  
0.5%p) 
이번달 
제2금요일 다음날 
~  
다음달 
제2금요일까지 
[입금우대: 연 0.5%p] 
- 이 통장으로 전월(1일~말일)에  
합산 50만원 이상 입금이력이 있는 경우 
[혜택 수신(마케팅) 동의: 연 0.5%p] 
- 전월 말일 기준 
SSG.COM과 KB국민은행 양사 모두 
혜택 수신(마케팅) 동의가 되어 있는 경우 
 
우대금리 
(2026.04.08 기준, 
세금공제 전) 
 
최종금리 
(2026.04.08 기준, 
세금공제 전) 
▪ 최저 연 0.1% ~ 최고 연 4.0%  
※ 최고금리는 신규가입일 당시 영업점 및 KB국민은행 홈페이지에 게시한 우대금리를 적용 시 제공 
수수료 면제 
혜택 
▪ 이 통장에서 발생한 아래의 수수료에 대해 횟수 제한 없이 면제  
① KB국민은행 개인인터넷뱅킹, KB스타뱅킹을 통한 다른은행 이체수수료 
② 납부자 자동이체(타행 자동이체 포함) 수수료 
③ KB국민은행 자동화기기(ATM) 다른은행 이체수수료 
④ KB국민은행 자동화기기(ATM) 시간외 출금수수료 
⑤ 다른은행 자동화기기(ATM) 출금수수료 
※ 다른은행 자동화기기의 경우 제휴 및 VAN사(효성·나이스·한네트 등) 자동화기기는 제외 
※ SSG.COM 회원 탈퇴 또는 혁신금융서비스 종료 시 「KB제휴통장」으로 상품명이 변경되며  
수수료 면제 적용 불가 
세제관련 ▪ 비과세종합저축으로 가입 불가 
상품전환 ▪ 불가(다른 예금에서 이 예금으로 전환 또는 이 예금에서 다른 예금으로 전환 불가) 
상품명 변경 ▪ SSG.COM 회원 탈퇴 또는 혁신금융서비스 종료 시 「KB제휴통장」으로 상품명 변경 
계약해지방법 
▪ 영업점 방문, 개인인터넷뱅킹, KB 스타뱅킹을 통해 해지 가능 
  ※ 개인인터넷뱅킹, KB 스타뱅킹을 통한 해지 시 해지잔액을 입금할 수 있는 본인명의의 
입출금이 자유로운 예금 계좌가 필요 
양도 및 담보제공 ▪ 양도 불가    ▪ 질권설정 및 담보제공 불가 
원금 및  
이자지급 제한  
▪ 계좌에 압류주1), 가압류주2)등이 등록될 경우 원금 및 이자 지급이 제한될 수 있음 
※ 민사집행법에 따라 최저생계비 이하 등 압류금지채권에 해당하는 경우에는 법원에  
  압류금지채권 범위 변경 신청 등을 통해 압류를 취소할 수 있습니다. 
주1) 압류: 채무자의 특정한 재산에 대하여 처분(매매, 양도 등)을 금지하게 하는 법원의 조치로서,  
           채권자가 채무자의 해당 재산을 금전화하여 채무 변제에 충당하려는 목적으로 이용 
주2) 가압류: 법원이 채권자를 위하여 나중에 강제 집행을 할 목적으로 채무자의 재산을 임시로 확보하는 행위 
▪ 예금잔액증명서 발급 당일에는 입금·출금·이체 등 잔액 변동 불가 
▪ 통장이 ‘전기통신금융사기 피해 방지 및 피해금 환급에 관한 특별법’에서 정의한 피해의심거래계좌 및 
   사기이용계좌로 이용될 경우 이체, 송금지연, 지급정지 등의 금융거래 제한 조치를 할 수 있음 
거래중지 ▪ 다음의 경우에 해당하는 경우 입출금, 잔액조회, 이관 등의 거래 제한  
(「KB제휴통장」으로 상품명이 변경된 경우만 해당) 
☞ 이후 우대금리 적용조건 충족 시 이자계산기간(우대금리 적용기간)동안 우대금리 제공 
(예) 이자계산기간(우대금리 적용기간): 2026.05.09~2026.06.12 인 경우   
[입금우대] 2026.04.01~2026.04.30  [혜택 수신(마케팅) 동의] 2026.04.30(말일) 실적 반영 
▪ 입금우대 : 결산이자 입금 건 제외 
▪ 혜택 수신(마케팅) 동의 
      [KB국민은행] ‘(선택)개인(신용)정보 수집∙이용 동의서(상품서비스 안내 등)’  
                     (단, 상품서비스 안내 수단 중 ‘문자’는 필수) 
[SSG.COM] ‘(선택)마케팅 활용 개인정보 수집 및 이용동의’ 
 
 
 
▪ 이 설명서는 「금융소비자 보호에 관한 법률」제19조제1항, 동 법 시행령 제14조제1항, 제3항에 따라 
금융상품에 관한 중요한 사항을 이해하기 쉽도록 설명하기 위해 설명을 하기 전에 제공되는 자료로써, 상담일 
이후 가입금액, 계약기간 등 변경에 의하여 일부 내용이 달라질 수 있습니다. 
▪ 이 통장은 금융위원회 혁신금융서비스* 지정에 관한 내용을 반영하여 신규계좌수를 40만좌로 제한합니다. 
   * 혁신금융서비스: 기존 금융서비스의 제공 내용ㆍ방식 등 차별성이 인정되는 금융업 또는 이와 관련된 업무를 
     수행하는 과정에서 제공되는 서비스에 대해 규제적용 특례를 인정하는 제도 
▪ 이 통장의 우대금리는 최초 가입한 경우에만 제공합니다. 이 통장 해지 후 재가입한 경우 및 「KB제휴통장」으로 
  상품명이 변경되는 경우는 우대금리를 제공하지 않습니다.  
▪ SSG.COM 회원 탈퇴일로부터 익일(다음날), 혁신금융서비스 종료일로부터 익일(다음날)에 「KB제휴통장」으로 
  상품명이 변경됩니다. 
▪ 이 설명서는 법령 및 내부통제기준에 따른 절차를 거쳐서 제공됩니다. 
 (가) 예금잔액이 10,000원 미만이며, 1년이상 입출금거래가 없는 계좌 
 (나) 예금잔액이 10,000원 이상 50,000원 미만이며, 2년이상 입출금거래가 없는 계좌 
 (다) 예금잔액이 50,000원 이상 100,000원 미만이며, 3년이상 입출금거래가 없는 계좌 
☞ 무거래기간 산정기준 : 입출금 거래 또는 명의변경 거래 최종 발생일로 부터 산정 
▪ 편입시기 : 연2회(매년 6월, 12월 셋째 금요일 기준으로 익일인 토요일에 편입) 
▪ 거래를 다시 시작하고자 하는 경우에는 본인 확인 및 금융거래 목적을 확인 한 후 가능 
휴면예금 출연 
▪ 예금 만기일 또는 이자지급을 포함한 최종거래일 이후 5 년 이내 계좌를 해지하지 않을 경우  
예금거래기본약관 제 9 조의 2 휴면예금 및 출연에 따라 휴면예금은 “서민금융진흥원 
(국번없이 1397)”에 출연주)될 수 있으며, 이 경우 서민금융진흥원을 통해 휴면예금을 
찾으실 수 있습니다. (「KB 제휴통장」으로 상품명이 변경된 경우만 해당) 
주) 어떤 사람이나 단체가 자기의 의사에 따라 돈을 내거나 의무를 부담함으로써 재산상의  
손실을 입고 남의 재산을 증가시키는 일을 말합니다. 일반적으로 기부행위를 일컫는 말로  
사용되나 법률적으로는 비영리재단법인에 재산을 무상으로 내는 행위를 뜻합니다. 
▪ 휴면예금은 휴면예금통합조회서비스(www.sleepmoney.or.kr)를 통해 조회 가능합니다. 
※ 계좌통합관리서비스 이용 시 사용하지 않는 소액계좌를 잔고 이전/해지 할 수 있으며, 
     휴면계좌통합조회서비스 이용 시 휴면계좌 현황을 파악 할 수 있습니다. 
예금자 
보호여부 
해 당 
 
이 예금은 예금자보호법에 따라 원금과 소정의 이자를 합하여 1 인당 
“1 억원까지”(본 은행의 여타 보호상품과 합산) 보호됩니다. 
자료열람요구권 
▪ 금융소비자는 분쟁조정 또는 소송의 수행 등 권리구제를 위한 목적으로 은행이 기록 및  
유지·관리하는 다음의 자료에 대한 열람(사본 및 청취 포함)을 요구할 수 있습니다. 
- 계약체결에 관한 자료, 계약의 이행에 관한 자료, 금융상품 등에 관한 광고 자료, 
금융소비자의 권리행사에 관한 자료, 내부통제기준의 제정 및 운영 등에 관한 자료,  
업무 위탁에 관한 자료 
▪ 은행은 법령, 제 3 자의 이익 침해, 영업비밀의 침해 등의 사유가 있는 경우 이를 
금융소비자에게 알리고 자료 열람을 제한하거나 거절할 수 있습니다. 
이용제한 사항 
▪ 1인 1계좌만 가입 가능하며 통장 해지 후 재가입 시 모든 우대금리 적용 불가 
▪ 다른 예금에서 이 예금으로 전환 또는 이 예금에서 다른 예금으로 전환 불가 
3  유의 사항 

 
 
 
구분 내용 
연계·제휴서비스 
내용  
▪ 이 통장의 연계ㆍ제휴서비스는 제휴사 앞 금융거래정보 이용ㆍ제공 동의 후  
「쓱머니 KB통장」 이용 시 제공합니다. (통장 해지 시 해당 서비스를 제공하지 않음) 
제휴사명 제휴 앱 내용 
㈜에스에스지닷컴 SSG.COM 
주1) 
▪ SSG.COM 앱 內 KB국민은행 전용페이지에서 
  이 통장의 잔액 및 거래내역 조회 
 ▪ 고객센터: 1577-3419(9시~22시(휴무없음)) ▪ SSG.COM 앱(1:1고객센터) 
㈜에스에스지페이먼츠 SSG PAY 
주2) 
▪ SSG MONEY 
주3)를 이 통장으로 자동 입금 주4)  
▪ SSG PAY 결제 연동 
   ▪ 고객센터: 1644-1133(9시~18시(주말, 공휴일 휴무)) ▪ SSG PAY 앱(1:1 문의) 
주1) 신세계그룹의 온ㆍ오프라인 유통망을 연계한 커머스 모델로 이마트, 신세계백화점 등 다양한  
강점을 활용해 차별화된 쇼핑경험을 제공합니다.  
주2) 신세계그룹의 전자결제 전문 기업으로 선불전자지급수단(SSG MONEY)충전 및 간편결제 
서비스를 제공합니다.  
주3) ㈜에스에스지페이먼츠가 발행 및 관리하며 SSG PAY 가맹점에서 재화 등을 구입하고  
그 대가를 지급하는 데 사용할 수 있는 선불전자지급수단을 말합니다. 
주4) 이 통장 가입 시 SSG.COM 쇼핑사이트에서 ‘SSG MONEY 충전결제’한 선불충전금(SSG MONEY) 
잔액이 있을 경우 최초 1회에 한해 이 통장으로 자동입금 합니다.(타 현금성으로 충전된 상품권, 
계좌, 제휴포인트는 자동입금 대상 제외) 
연계·제휴서비스 
제공 기간 
▪ 이 통장의 연계ㆍ제휴서비스는 SSG.COM 앱을 통해 가입한 「쓱머니 KB통장」 이용 시 
  제공합니다. (단, 제휴사와의 계약기간 내에 한함) 
연계·제휴서비스 
제공 요건 
▪ 이 통장의 연계ㆍ제휴서비스는 제휴사 앞 금융거래정보 이용ㆍ제공 동의를 하고  
「쓱머니 KB통장」을 이용 시 제공합니다.  
연계·제휴서비스 
이행 책임 
▪ KB국민은행은 연계∙제휴서비스 등을 부당하게 축소하거나 변경하지 않으며, 불가피하게 
축소하거나 변경하는 경우 그에 상응하는 다른 연계∙제휴 서비스를 제공합니다. 
연계·제휴서비스 
변경 내용  
사전 통지 방법 
▪ 서면, 우편, 팩스, 전화, E-mail, LMS 등의 방법 중 2개 이상의 방법으로 축소, 변경되기  
6개월 전부터 매월 고지합니다. (단, 그에 상응하는 다른 연계ㆍ제휴 서비스를 제공하거나  
은행의 휴업ㆍ파산ㆍ경영상 위기 또는 연계ㆍ제휴 서비스 등을 제공하는 자의 일방적인  
제공 중단 등 6개월 전부터 고지하기 어려운 불가피한 사유가 있는 경우에는 해당 상황이 
발생하는 즉시 고지할 수 있습니다.) 
 
이 상품은 KB국민은행 기업디지털영업부(P)에서 개발 및 관리하는 상품입니다. 상품에 대한 문의사항 또는 민원 상담이  
필요하시면 지점, 고객센터(1588-9999) 또는 KB국민은행 홈페이지(www.kbstar.com), 금융감독원 민원상담센터 (국번없이  
1332) 또는 e-금융민원센터(www.fcsc.kr)를 통해 문의주시길 바랍니다. 지점 등을 통해 은행에 접수된 민원은 특별한 사정이 
없는 한 14영업일 이내에 처리함을 원칙으로 하되, 기한 연장 시 이에 대해 안내 드리도록 하겠습니다. 또한 요청이 있는 경우 
민원처리 진행 상황을 안내받으실 수 있습니다. 또한 금융소비자는 본 상품에 대하여 당 은행과 분쟁이 있는 경우에는  
금융소비자보호법 제36조 제1항에 따라 금융감독원에 분쟁조정을 신청할 수 있습니다. 
4  연계 ∙ 제휴서비스",ok,
products/deposit/쓱머니KB통장특약0429.pdf,쓱머니KB통장특약0429.pdf,products/deposit,4,"「쓱머니 KB 통장」 특약 
 
제 1 조 적용범위 
「쓱머니 KB 통장」(이하 ‘통장’이라 합니다)거래는 이 특약을 적용하며, 이 특약에서 정하지 않은 사항은 
「예금거래기본약관」 및 「입출금이자유로운예금약관」을 적용합니다.  
제 2 조 예금과목 
이 통장의 예금과목은 「저축예금」으로 합니다.  
제 3 조 가입대상 
이 통장의 가입대상은 「금융실명거래 및 비밀보장에 관한 법률」에 따라 실명이 확인된 만 17 세 이상의  
개인으로, 1 인 1 계좌만 가입 가능합니다. 
제 4 조 거래방법 
① 이 통장의 신규는 ‘주식회사 에스에스지닷컴’(이하 ‘SSG.COM’이라고 합니다.)이 운영하는 앱 內  
KB 국민은행 전용페이지에 연계된 「쓱머니 KB 통장」 비대면 계좌 개설 서비스를 통해서만 가능합니다. 
  ② 이 통장의 해지는 영업점, 개인인터넷뱅킹, KB 스타뱅킹을 통해 가능합니다. 
제 5 조 상품명 
이 통장은 SSG.COM 회원탈퇴 시 또는 혁신금융서비스 종료 시 「KB 제휴통장」으로 상품명이 변경됩니다.  
제 6 조 이자지급 
① 이 통장의 이자는 다음의 이자계산기간동안 제②항의 이자계산방법으로 적용하여 이자지급일에 원금에  
더합니다. 
1. 이자계산기간 : 최초 예금일 또는 직전 이자지급일로부터 다음 이자지급일(또는 해지일) 전일까지의 기간 
2. 이자결산일 : 매월 제 2 금요일 또는 고객이 직접 이자지급을 요청한 전일 
3. 이자지급일 : 이자결산일 다음날 
※ 단, 매월 제 2 금요일 다음날은 고객의 요청에 의한 직접 이자지급이 제한됩니다. 
② 매일의 최종잔액을 평균한 금액은 해당하는 금액 구간에 따라 금리가 차등 적용되고, 이자결산일  
현재 영업점 및 KB 국민은행 홈페이지에 고시한 이 통장의 금리를 적용하며, 금리가 변경된 경우에는  
변경일로부터 변경된 금리를 적용합니다.   
제 7 조 우대금리 
① 이 통장의 이자계산기간 내 매일의 최종잔액 중 2백만원이하 금액에 대하여 우대금리 항목 및  
적용기간에 따라 최초 가입일(통장개설일)로부터 적용 합니다. 우대금리 항목은 신규고객 우대금리,  
쓱페이 등록 우대금리, 쓱받는 우대금리(입금우대 및 혜택 수신(마케팅) 동의)가 있으며 이는 가입시점의  
SSG.COM 앱 內 KB 국민은행 전용페이지, 상품설명서 및 KB 국민은행 홈페이지에 게시합니다.  
 
구 분 우대금리 적용기간 적용조건 
[공통] SSG.COM 가입고객이면서 「쓱머니 KB 통장」 최초 가입고객 

신규 
우대금리 
주 1) 
연 1.5%p 최초 가입일로부터 
1 년 이내 - 「쓱머니 KB 통장」 최초 신규 가입일  
기준 최근 6 개월 동안 국민은행 
입출금통장을 보유하지 않은 경우 연 0.4%p 최초 가입 후 
1 년 초과 3 년이내 
쓱페이 
우대금리 
주 2) 
연 1.4%p 최초 가입일로부터 
1 년 이내 
- SSG PAY 에 「쓱머니 KB 통장」을  
결제계좌로 등록한 경우 
※ SSG PAY 등록일부터 우대금리 적용 
쓱받는 
우대금리 
주 3) 
최고 
연 1.0%p 
(각 항목별  
0.5%p) 
이번달 
제 2 금요일 다음날 
~  
다음달 
제 2 금요일까지 
[입금우대: 연 0.5%p] 
- 이 통장으로 전월(1 일~말일)에  
합산 50 만원 이상 입금이력이 있는 경우 
[혜택 수신(마케팅) 동의: 연 0.5%p] 
- 전월 말일 기준 
SSG.COM 과 KB 국민은행 양사 모두 
혜택 수신(마케팅) 동의가 되어 있는 경우 
주 1) 신규 우대금리(최초 가입일로부터 3 년 이내 차등 적용) 
☞ 보유 계좌는 활동계좌, 거래중지계좌를 모두 포함하며 기간 내 해지거래 또는 명의변경거래를 한 계좌도  
보유이력에 포함(휴면예금 출연, 신규 취소 계좌는 제외) 
주 2) 쓱페이 우대금리(최초 가입일로부터 1 년 이내 적용) 
☞ SSG PAY에 「쓱머니 KB 통장」을 결제계좌로 등록한 날부터 우대금리 제공 
[참고] SSG PAY 계좌등록 방법 
◦ 「쓱머니 KB 통장」 가입 완료 후 ‘SSG PAY 등록’ 바로가기 메뉴를 통해 등록  
◦ SSG PAY 앱 및 SSG.COM 결제하기 페이지의 ‘계좌등록’ 메뉴를 통해 등록  
주 3) 쓱받는 우대금리 2 종(최초 가입일로부터 3 년 이내 적용)) 
☞ 최초 가입일로부터 다다음달 제 2 금요일까지 쓱받는 우대금리 2 종(최고 연 1.0%p)을  
실적 관계없이 제공 
☞ 이후 우대금리 적용조건 충족 시 이자계산기간(우대금리 적용기간)동안 우대금리 제공 
◦ 입금우대 : 결산이자 입금 건 제외 
◦ 혜택 수신(마케팅) 동의 
   [KB 국민은행] ‘(선택)개인(신용)정보 수집∙이용 동의서(상품서비스 안내 등)’  
                (단, 상품서비스 안내 수단 중 ‘문자’는 필수) 
   [SSG.COM] ‘(선택)마케팅 활용 개인정보 수집 및 이용동의 
② 이 통장의 우대금리는 다음의 경우 제공하지 않습니다. 
1. 이 통장을 해지 후 재 가입한 경우  
2. 이 통장의 상품명이 「KB 제휴통장」으로 변경된 경우  
제 8 조 수수료 우대 서비스 
이 통장을 통한 거래 시 아래의 수수료 면제 혜택을 제공합니다.  
 
면제 대상 수수료 비 고 
1. KB 국민은행 개인인터넷뱅킹, KB 스타뱅킹을 통한 다른은행 이체수수료 무제한 면제 
※ 단, KB 제휴통장으로  2. 납부자 자동이체(타행 자동이체 포함) 수수료 

3. KB 국민은행 자동화기기(ATM) 다른은행 이체수수료  
상품명이  
변경된 경우 제외 
4. KB 국민은행 자동화기기(ATM) 시간외 출금수수료 
5. 다른은행 자동화기기(ATM) 출금수수료 
※ 다른은행 ATM의 경우 제휴 ATM 및 VAN사(효성·나이스·한네트 등) ATM 제외 
제 9 조 제한사항 
① 다른 통장에서 이 통장으로 전환 또는 이 통장에서 다른 통장으로 전환은 불가합니다.  
② 이 통장은 비과세종합저축으로 가입이 불가합니다.  
제 10 조 연계∙제휴 서비스 
① 서비스 내용 
이 통장의 연계ㆍ제휴 서비스는 「쓱머니 KB 통장」 이용 시 제휴사가 제공합니다. 
 
제휴사명 제휴 앱 제휴 서비스 내용 
㈜에스에스지닷컴 SSG.COM 주 1) 
- SSG.COM 앱 內 KB 국민은행 전용페이지에서  
이 통장의 잔액 및 거래내역 조회 
㈜에스에스지페이먼츠 SSG PAY 주 2) 
- SSG MONEY 주 3)를 이 예금으로 자동 입금 주 4) 
- SSG PAY 결제 연동 
주 1) 신세계그룹의 온ㆍ오프라인 유통망을 연계한 커머스 모델로 이마트, 신세계백화점 등 다양한 강점을 활용해 
     차별화된 쇼핑경험을 제공합니다. 
주 2) 신세계그룹의 전자결제 전문 기업으로 선불전자지급수단(SSG MONEY)충전 및 간편결제 서비스를 제공합니다. 
주 3) ㈜에스에스지페이먼츠가 발행 및 관리하며 SSG PAY 가맹점에서 재화 등을 구입하고 그 대가를 지급하는 데 
     사용할 수 있는 선불전자지급수단을 말합니다.  
주 4) 이 통장 가입 시 SSG.COM 쇼핑사이트에서 ‘SSG MONEY 충전결제’한 선불충전금(SSG MONEY)잔액이  
있을 경우 최초 1 회에 한해 이 통장으로 자동입금 합니다.(타 현금성으로 충전된 상품권, 계좌, 제휴포인트는  
자동입금 대상 제외) 
② 서비스 제공 기간 
이 통장의 연계ㆍ제휴 서비스는 SSG.COM 을 통해 가입한 「쓱머니 KB 통장」 이용 시 제공합니다.  
(단, 제휴사와의 계약기간 내에 한함) 
③ 서비스 제공 요건 
이 통장의 연계ㆍ제휴 서비스는 제휴사 앞 금융거래정보 이용ㆍ제공 동의를 하고 「쓱머니 KB 통장」을  
이용 시 제공합니다.  
④ 서비스 이행 책임 
  KB 국민은행은 연계ㆍ제휴 서비스 등을 부당하게 축소하거나 변경하지 않으며, 불가피하게 축소하거나  
변경하는 경우 그에 상응하는 다른 연계ㆍ제휴 서비스를 제공합니다. 
⑤ 서비스 변경 내용 사전 통지 방법 
  서면, 우편, 팩스, 전화, E-mail, LMS 등의 방법 중 2 개 이상의 방법으로 축소, 변경되기 6 개월 전부터 매월 
고지합니다. (단, 그에 상응하는 다른 연계ㆍ제휴 서비스를 제공하거나 은행의 휴업ㆍ파산ㆍ경영상 위기 
또는 연계ㆍ제휴 서비스 등을 제공하는 자의 일방적인 제공 중단 등 6 개월 전부터 고지하기 어려운 
불가피한 사유가 있는 경우에는 해당 상황이 발생하는 즉시 고지할 수 있습니다.) 

제 11 조 혁신금융서비스 승인에 관한 사항 
① 이 통장은 금융혁신지원특별법에 따라 혁신금융사업자로 선정된 은행이 시험 운영하여 제공하는  
혁신금융서비스로 동 특별법이 정하는 다음의 사유가 발생하는 경우 서비스 운영이 종료될 수 있습니다. 
 1. 지정기간이 만료되는 경우  
 2. 금융위원회가 혁신금융서비스 지정을 취소하거나, 중지명령(변경결정)을 하는 경우 
 3. 은행이 금융위원회에 혁신금융서비스 지정철회를 요청하여 지정취소가 되는 경우 
 4. 합병 등 조직변경으로 혁신금융서비스 지정의 효력이 상실되는 경우 
② 이 통장은 제①항에 따라 운영이 종료되더라도 은행은 기존에 체결된 계약에 따른 의무를 이행해야 
합니다. 다만, 이행이 불가능한 경우에는 이용자의 동의를 얻어 계약을 조기에 종료할 수 있으며, 서비스 
중단으로 이용자의 손해가 발생한 경우 이를 배상할 책임이 있습니다. 
③ 이 통장은 혁신금융서비스로 선정되어 시험 운영하는 서비스이며, 그로 인해 예상하지 못한 위험이 발생할 
수 있습니다. 이용자에게 통장개설 전 ‘혁신금융서비스 고지사항’을 안내하고, 이용자는 동 내용에 대해 
동의 후 서비스를 이용할 수 있습니다. 다만, 해당 조치는 은행이 이용자에 대해 부담하는 법률적 책임에 
영향을 미치지 않습니다. 
  ④ 은행은 혁신금융서비스의 제공 및 중단 등으로 인하여 이용자에게 손해가 발생한 경우 고의 또는 과실이 
없음을 입증하지 못하는 한 이를 배상할 책임이 있으며, 이 경우를 대비하여 책임보험 가입 등 충분한 
배상방안을 마련하고 있습니다. 은행의 책임과 관련하여 금융혁신지원특별법, 전자금융거래법, 은행법 등 
다른 법령에 이용자에게 유리하게 적용될 수 있는 규정이 있는 경우에는 그 법령이 우선 적용됩니다. 
제 12 조 민원처리 및 분쟁조정 
① 이 예금에 대해 문의사항 또는 민원상담이 필요하시면 영업점, 고객센터(1588-9999) 또는 인터넷 
   홈페이지(www.kbstar.com), 금융감독원 민원상담센터(국번없이 1332) 또는 e-금융민원센터  
(www.fcsc.kr)를 통해 문의해 주시기 바랍니다. 영업점 등을 통해 은행에 접수된 민원은 특별한 사정이  
없는 한 14 영업일 이내에 처리함을 원칙으로 하되, 기한 연장 시 이에 대해 안내드리도록 하겠습니다.  
또한 요청이 있는 경우 민원처리 진행 상황을 안내 받으실 수 있습니다.  
② 금융소비자는 이 통장에 대하여 은행과 분쟁이 있는 경우에는 금융소비자보호법 제 36 조 제 1 항에 따라 
금융감독원에 분쟁조정을 신청할 수 있습니다. 
 
부 칙 
이 약관은 2026. 04.29 부터 시행합니다. 
 
 
 
 
 
본 특약은 법령 및 내부통제기준에 따른 절차를 거쳐서 제공됩니다.",ok,
products/deposit/약관 및 상품설명서 (1).pdf,약관 및 상품설명서 (1).pdf,products/deposit,1,"1 
 
거치식예금 약관 
 
 
 
제 1 조  적용범위 
① 거치식예금(이하 '이 예금'이라 합니다)이란 예치기간을 정하고 거래를 시작할 때 맡긴 돈을 
만기에 찾는 예금을 말합니다.  
② 이 약관에서 정하지 아니한 사항은 예금거래기본약관의 규정을 적용합니다. 
③ 양도성예금증서 및 표지어음의 거래에는 이 약관을 적용합니다. 
 
제 2 조  지급시기 
이 예금은 약정한 만기일 이후 거래처가 청구할 때 지급합니다. 다만, 거래처가 부득이한 사정으로 
청구할 때에는 만기전이라도 지급할 수 있습니다. 
 
제 3 조  이자 
① 이 예금의 이자는 약정한 예치기간에 따라 예금일 당시 영업점에 게시한 예치기간별 이율로 셈
하여 만기일 이후 원금과 함께 지급합니다. 그러나 거래처의 요청이 있으면 월별로 이자를 지급
할 수 있습니다. 
② 만기일 후 지급 청구할 때는 만기일로부터 지급일 전날까지의 기간에 대해 예금일 당시 영업점에 
게시한 만기후이율로 셈한 이자를 더하여 지급합니다. 
③ 만기일 전에 지급청구할 때는 예금일로부터 지급일 전날까지의 기간에 대하여 예금일 당시 영
업점에 게시한 중도해지이율로 셈하여 지급하며, 이미 지급한 이자는 지급할 금액에서 뺍니다. 
④ 이 예금 중 변동금리를 적용하는 예금은 이율을 바꾼 때 바꾼 이율로 셈하여 이자를 지급 합니다. 
 
부     칙 
이 약관은 2017년 6월 30일 이후부터 적용합니다. 
 
부     칙 
이 약관은 2020년 10월 8일 이후부터 적용합니다. 
 
본 약관은 법령 및 내부통제기준에 따른 절차를 거쳐서 제공됩니다.",ok,
products/deposit/약관 및 상품설명서 (10).pdf,약관 및 상품설명서 (10).pdf,products/deposit,2,"「KB모임금고」 특약 
 
 
 
제 1 조 적용범위 
「KB모임금고」(이하 “이 통장”)의 거래는 이 특약을 적용하며, 이 특약에서 정하지 않은 사항은 
「예금거래기본약관」, 「입출금이자유로운예금약관」, 「KB모임통장 서비스 이용약관」을 적용합니다.  
 
제 2 조 가입대상 
이 통장의 가입대상은 KB모임통장 서비스에 등록된 통장을 보유한 실명의 개인으로 합니다.   
 
제 3 조 예금과목 
이 통장의 예금과목은 저축예금으로 합니다. 
 
제 4 조 가입의 제한 
① 이 통장은 KB모임통장 서비스에 등록된 통장(이하 “근거계좌”)을 통한 연결신규만 가능합니다. 
② 이 통장은 근거계좌별 하나의 계좌만 개설할 수 있으며, 1인 최대 3계좌까지 개설할 수 있습니다. 
③ 이 통장은 신규시 0원계좌로만 개설 가능합니다. 
 
제 5 조 입금의 제한 
① 이 통장은 최대 1천만원까지 입금 가능합니다. 
② 이 통장은 근거계좌에서의 이체를 통해서만 입금이 가능하며, 그 외의 입금은 모두 제한됩니다. 
 
제 6 조 출금의 제한 
이 통장은 근거계좌로의 이체를 통해서만 출금이 가능하며, 그 외의 출금은 모두 제한됩니다. 
 
제 7 조 거래의 제한 
① 이 통장은 근거계좌의 이체를 통한 입금과 출금 발생 시 전자금융의 1일 한도와 1회 한도가  
    적용되며 해당 한도를 초과하는 경우 이체가 제한됩니다. 
② 이 통장은 카드결제, 공과금 결제 등 결제성 계좌이체 등록 및 자동이체 등록이 불가합니다.  
③ 이 통장의 근거계좌에 입금 또는 출금제한 사유(압류, 가압류 등)가 발생한 경우 이 통장으로의 
   이체 또는 이 통장에서의 이체가 제한될 수 있습니다. 
 
 
 

 
제 8 조 이자계산방법 및 지급 
이 통장의 이자는 매일의 최종잔액을 평균하여 결산일 현재 영업점 및 KB국민은행 홈페이지에 고시
한 이율로 계산하며 예금일(또는 지난 원가일)부터 원가일(또는 지급일) 전날까지를 이자 계산기간으
로 보고, 매월 둘째 금요일 다음날(원가일) 원금에 더합니다. 
단, 고객이 원가일(또는 지급일)전에 이자받기를 신청한 경우, 예금일(또는 지난 원가일)부터 이자받
기 신청 전일까지의 이자를 바로 수령할 수 있습니다. 
 
제 9 조 기본이율 
이 통장의 기본이율은 결산일(매월 둘째 금요일) 현재 영업점 및 KB국민은행 홈페이지에 고시한 이
율을 적용합니다. 
 
제 10 조 우대이율 
매월 결산일 기준으로 이 통장 근거계좌의 KB모임통장 서비스에 참여 중인 모임원이 있는 경우 우대
이율을 적용합니다. 
 
제 11 조 거래방법 
① 이 통장은 KB 스타뱅킹을 통해 가입이 가능합니다. 
② 이 통장은 KB 스타뱅킹, 인터넷뱅킹, 영업점을 통해 해지가 가능합니다. 
 
제 12 조 제한사항 
① 이 통장은 상속 또는 양도에 의한 명의변경이 불가합니다. 
② 이 통장은 비과세종합저축 가입이 불가합니다. 
③ 근거계좌의 해지를 위해서는 이 통장의 해지가 먼저 필요하며, 이 통장의 해지 시 해지원금 및 
   이자는 근거계좌로 입금됩니다. 
④ KB국민은행(이하 “은행”)은 이 통장의 이용과 관련하여 KB모임통장 서비스 이용자간 또는 그와  
   제3자 상호간에 발생한 거래, 분쟁에 대하여 개입할 의무가 없으며 은행의 고의 또는 과실이 
   없는 한 책임의 전부 또는 일부를 지지 않습니다. 
 
부 칙 
이 약관은 2024.09.24 부터 시행합니다. 
 
부 칙 
이 약관은 2024.12.27 부터 시행하며 기존 및 신규가입고객 모두 적용됩니다. 
 
본 특약은 법령 및 내부통제기준에 따른 절차를 거쳐서 제공됩니다.",ok,
products/deposit/약관 및 상품설명서 (11).pdf,약관 및 상품설명서 (11).pdf,products/deposit,4,"1 
 
입출금이자유로운예금약관 
제 1 조  적용범위 
① 입출금이자유로운예금(이하 '이 예금' 이라 합니다)이란 예치기간을 정하지 아니하고 자유로이 
입출금하는 예금을 말합니다. 
② 이 약관에서 정하지 아니한 사항은 예금거래기본약관의 규정을 적용합니다. 
 
제 2 조  이자 
① 이 약관의 적용을 받는 예금 중 다음 예금의 이자는 해당 기준일에 셈하여 기준일에 이은 첫 
영업일(이하 '원가일' 이라 합니다)에 원금에 더합니다. 다만, 당좌예금은 이자를 붙이지 않으며, 
은행에서 따로 정하는 예금 중 일정한 기준에 해당되는 경우에는 이자를 지급하지 않을 수 
있습니다. 
 
 
 
 
② 제1항의 예금이자는 최초 예금일(또는 지난 원가일)부터 원가일 전날까지를 이자 계산기간으로 
하고, 매일 최종잔액을 평균하여 영업점에 게시한 이율로 셈합니다. 다만, 기업자유예금의 이자는 
예금액마다 예금일부터 원가일 전날 까지를 이자계산 기간으로 하여 셈한 다음 이미 지급한 
이자액을 뺍니다. 
③ 예금의 이자는 제①항에 따른 이자지급을 제외한 최종거래일로부터 5년까지는 제①항  및 제②항에
서 정한 방식으로 지급하고, 5년이 경과한 날부터는 이자를 원금에 더하지 않고, 계좌해지 또는 
추가 입출금 거래 발생일에 일괄 계산하여 지급할 수 있습니다. 
 
제 3 조  거래중지계좌 
은행은 이 예금이 다음 각호의 1에 해당할 때에는 거래중지계좌로 따로 관리하여 입출금, 잔액조회, 
이관 등의 거래를 제한할 수 있다. 다만, 거래처가 위 계좌로 입출금, 잔액조회, 이관 등을 
은행창구에서 서면으로 신청한 때에는 은행은 금융거래목적확인서 등 서류를 징구하여 금융거래 
목적을 확인 후 거래 재개에 필요한 조치를 취할 수 있습니다. 
① 예금잔액이 10,000원 미만이며, 1년이상 입출금 거래가 없는 계좌 
② 예금잔액이 10,000원 이상 50,000원 미만이며, 2년이상 입출금 거래가 없는 계좌 
③ 예금잔액이 50,000원 이상 100,000원 미만이며, 3년이상 입출금 거래가 없는 계좌 
 
제 4 조  은행제공 수표·어음용지에 의한 거래 및 어음발행내역 등록 
① 거래처는 은행이 내어준 수표, 어음 용지로 거래하여야 하며, 1,000만원 이상의 어음을 
발행하였을 경우 발행 내역(발행일, 지급기일, 발행금액 등)을 금융결제원의 어음발행 관련 
네트워크에 등록하여야 합니다. 
② 제1항의 용지는 거래처가 요청할 때 은행이 내어줍니다. 다만, 거래처가 요청한 양이 많다고 
판단될 때에는 이를 필요하다고 인정되는 양으로 제한할 수 있습니다. 
 
제 5 조  거래제한 
① 가계당좌예금은 모든 금융기관을 통하여 1인1계좌에 한합니다. 
② 거래처는 제4조 제1항의 규정에 따라 교부 받은 가계수표용지에 인쇄된 발행 한도금액 이내로 
발행하여야 하며, 은행은 발행 한도를 넘는 수표에 대하여는 지급하지 않습니다.  
다만, 거래처가 은행(다른 은행 포함)과 직접 거래할 때에는 발행한도액을 초과하여 
    발행할 수 있습니다. 
예금 보통예금 저축예금 기업자유예금 
가계당좌예금 
이자계산 기준일 매년 6월과 12월의 매년 2월과 
5월, 8월, 11월의 
매년 3월과 
6월, 9월, 12월의 
제2금요일 

 
 
2 
 
③ 통장이「전기통신금융사기 피해방지 및 피해금 환급에 관한 특별법」에서 정의한  
사기이용계좌로 사용될 경우, 통장 명의인에 대한 계좌개설 및 현금카드 발급,  
해당 통장의 인출∙이체한도 축소 등 금융거래를 제한할 수 있습니다. 
 
제 6 조  수표·어음금 지급 및 지급위탁 취소 
① 은행은 제4조 제1항에 따라 내어준 수표나 어음에 적힌 금액을 거래처에서 지급위탁 받아 그 
제시인에게 지급합니다. 
② 은행은 수표나 어음이 지급제시기간 안에 제시된 때에만 지급합니다. 다만, 수표는 지급제시 
기간이 지난 뒤에도 지급할 수 있습니다. 
③ 거래처가 이미 발행한 수표나 어음의 지급위탁을 취소할 때에는 은행이 마련한 서식으로 
신청해야 하고 어음교환 업무규약에 따라 수표나 어음에 적힌 금액을 담보금으로 예치해야 
합니다. 
 
제 7 조  지급특례 
제6조 제1항의 규정에 불구하고 거래처가 은행에 이행하여야 할 다음의 채무가 있을 때에는 은행은 
수표나 지급청구서 없이 해당예금에서 지급하거나 대체 결제할 수 있습니다. 
1. 각종 이자, 보증료, 수수료 
2. 수입어음 원금, 수출어음 부도대전 
3. 어음교환업무규약에 따른 제재금 
4. 콜자금 결제통지서나 콜자금 상환영수증으로 청구 받은 금액 
 
제 8 조  지급자금 부족시의 처리 
같은 날 거래처의 지급자금을 초과하는 수표나 어음의 지급 또는 그 밖의 채무 이행의 청구가 있는 
경우 은행은 거래처의 의사를 확인하였을 때에는 그 의사에 따라 처리하고 의사를 확인할 수 없는 
때에는 은행이 판단하여 처리합니다. 
 
제 9 조  초과지급 및 일부지급의 거절 
① 은행은 당좌예금·가계당좌예금의 지급자금(대출한도 포함)을 초과하는 수표나 어음금은 지급하지 
않습니다. 
② 은행은 수표나 어음에 적힌 금액의 일부에 대하여 지급 청구하는 경우에는 지급하지 아니 
합니다. 
 
제 10 조  수표·어음금의 지급과 면책 등 
① 은행이 수표나 어음금을 지급함에 있어 다음 각 호의 경우에 해당하는 때에는 거래처에 손해가 
생겨도 은행은 책임을 지지 않습니다. 다만, 제3호 및 제4호의 경우에는 어음·수표의 지급 
사무를 함에 있어 요구되는 주의를 다하였어야 합니다. 
1. 발행일이 기재되지 아니한 수표, 발행일이나 수취인 또는 발행일 및 수취인이 기재되지 
아니한 어음을 지급했을 때 
2. 달력에 없는 날짜를 발행일 또는 지급일로 기재한 수표·어음에 대하여 그 달 말일을 
지급일로 하여 지급 하였을 때(다만, 32이상의 숫자를 만기일 또는 지급일로 한 때에는 그러 
하지 아니 합니다) 
3. 예금거래기본약관 제5조 제1항에 따라 신고된 거래인감이 틀림없다고 인정되는 도장을 
수표뒷면에 찍은 횡선수표를 지급하였을 때 
4. `지시금지’란 글자를 누구나 알아볼 수 있는 크기로 분명히 적지 않아 그 수표나 어음이 
지시금지 수표 또는 어음인지 모르고 지급했을 때 
② 제3호에 따라 지급함으로써 수표법상 횡선위반에 해당하여 제3자 에게 손해배상 했을 때에는 
은행은 그 금액을 거래처에게 상환 청구할 수 있습니다. 
 

 
 
3 
 
제 11 조  대리인과의 거래 
① 거래처가 대리인을 통하여 거래하고자 할 때에는 수표·어음 거래에 사용할 대리인  
성명과 인감을 신고하여야 합니다. 
② 은행은 제1항에 따라 신고된 대리인 이『신용정보관리규약』상의 신용불량 정보 대상자에 
해당하여 수표나 어음의 유통질서를 해칠만한 상당한 이유가 있을 때에는 그 사실을 거래처에 
통보 하고 이의 교체를 요청할 수 있습니다. 
③ 거래처가 대리인을 통하여 수표나 어음을 발행할 때에는 수표 또는 어음 면에 거래처 본인 및 
대리인의 성명을 적고 대리 관계를 나타내는 표시를 하여야 하며 은행은 대리인 명의만으로 
발행한 수표나 어음을 지급 거절할 수 있습니다. 
 
제 12 조  당좌·가계당좌예금 계약의 해지 
① 은행은 거래처가 관련법규나 규정을 위반하여 당좌거래 자격을 잃거나 이 약관의 중요사항을 
위반하여 은행과 당좌거래를 계속하는 것이 부적절하다고 판단될 때에는 미리 서면으로 
통지하고 해당 예금계약을 해지할 수 있습니다. 
② 은행은 거래처가『신용정보관리규약』의 기준에 의해 신용불량정보 대상자로 등록되고, 은행이 
정한 당좌· 가계당좌 예금 계약 해지사유에 해당할 때에는 이 예금을 해지하고 그 사실을 
거래처에 통지합니다. 
 
제 13 조  당좌·가계당좌예금 해지 후 처리 
이 예금을 해지했을 때는 해지 전에 발행한 수표나 어음이 지급제시 되더라도 은행은 지급하지 
않으며 거래처는 사용하지 않은 수표나 어음용지를 곧 개설점에 반환하여야 합니다. 
 
제 14 조  당좌예금 거래보증금 
① 거래처는 은행이 따로 정한 당좌예금 거래보증금(이하 '보증금'이라 합니다)을 은행에 
별단예금으로 예치해야 하며, 보증금에는 이자를 붙이지 않습니다. 
② 은행이 제1항의 보증금액을 변경했거나 거래처가 개설점 변경 등으로 예치한 보증금이 부족할 
경우 거래처는 그 차액을 추가로 예치하여야 하고, 남으면 은행은 그 차액을 거래처에게 돌려 
줍니다. 
③ 이 예금을 해지했을 때 은행은 제1항의 보증금을 거래처가 은행에 갚아야 할 채무변제로 충당합
니다. 
④ 은행은 제3항의 절차를 마치고 보증금이 남았을 때에는 사용하지 않은 수표· 어음용지를 모두 
회수한 뒤에 돌려 줍니다.  다만, 이미 발행한 수표나 어음으로서 지급제시 되지 않은 것이 있을 
때에는 부도처리수수료와 어음교환 업무규약에서 정한 부도어음 제재금 만큼 빼고 돌려줍니다. 
⑤ 제4항 전단의 규정에도 불구하고 거래처가 수표나 어음용지를 회수할 수 없는 정당한 사유가 
있으면 은행은 곧 보증금을 돌려줍니다. 
 
 
부     칙 
이 약관은 2016. 2. 19부터 적용합니다. 
 
부     칙 
제1조(시행일)  
제2조 제3항을 신설하는 개정약관은 2016년 12월30일부터 시행한다. 
제2조(이자에 관한 경과조치) 
제2조 제3항의 최종거래일이 이 약관 시행일보다 전일자인 예금의 경우, 해당 예금의 최종거래일은 이약관의 
시행일로 본다. 
 
부     칙 
이 약관은 2017.6.30부터 적용합니다. 

 
 
4 
부     칙 
이 약관은 2020.10.8부터 적용합니다. 
 
부     칙 
이 약관은 2024.3.29부터 적용합니다. 
 
 
 
본 약관은 법령 및 내부통제기준에 따른 절차를 거쳐서 제공됩니다.",ok,
products/deposit/약관 및 상품설명서 (12).pdf,약관 및 상품설명서 (12).pdf,products/deposit,4,"「KB모임금고」 상품설명서 
 
1  상품명 및 특징 
▪ 상품명 : KB모임금고 
▪ 상품특징 : KB모임통장 서비스에 참여 중인 모임원이 있는 경우 우대금리를 제공하는 파킹통장 
 
2  거래 조건 
 
구   분 내   용 
가입대상 ▪ KB모임통장 서비스에 등록된 통장을 보유한 실명의 개인 
가입제한 
▪ KB모임통장 서비스에 등록된 통장(이하 “근거계좌”)을 통한 연결신규만 가능 
  ※ 근거계좌별 하나의 계좌만 개설할 수 있으며, 1인 최대 3계좌까지 개설 가능 
상품유형 ▪ 입출금이자유로운예금(저축예금) 
신규금액 ▪ 0원계좌로만 개설 가능 
입금한도 
▪ 1천만원 
  ※ 단, 잔액이 1천만원을 초과한 경우에도 이자는 입금 가능 
이자 지급시기 
▪ 이자는 결산일(매월 둘째 금요일)에 결산하여 다음날(원가일) 원금에 더함 
※ 단, 고객이 이자받기를 요청한 경우 요청일에 원금에 더함  
※ 예금의 이자는 최종거래일로부터 5 년이 경과한 날부터는 이자를 원금에 더하지 않고,  
   계좌해지 또는 추가 입출금 거래 발생일에 일괄 계산하여 지급할 수 있습니다. 
기본이율 
(세금공제 전, 
2024.12.27 기준) 
▪ 연 0.1%  
  ※ 결산일 현재 영업점 및 KB국민은행 홈페이지에 고시한 저축예금 기본이율 적용 
우대이율 
(세금공제 전, 
2024.12.27기준) 
▪ 연 1.9%p 
- 적용대상 : 매월 결산일 기준으로 이 통장 근거계좌의 KB모임통장 서비스에 참여 중인 
              모임원이 있는 경우 
◈ 이 설명서는 금융소비자의 권익 보호 및 예금상품에 대한 이해 증진을 위하여 「금융소비자 보호에 관한 법률」 및 
관련 규정에 의거, 은행의 내부 통제절차를 거쳐 예금상품의 주요 내용을 쉽게 이해할 수 있도록 작성한 
자료입니다. 
◈ 설명내용을 제대로 이해하지 못하였음에도 불구하고 설명을 이해했다는 서명을 하거나 녹취기록을 남기시는 경우,  
추후 해당 내용과 관련한 권리구제가 어려울 수 있습니다. 
◈ KB 스타뱅킹 등 비대면채널을 통해 가입하거나 통장 미발행 요청 시에는 통장 또는 증서가 교부되지 않습니다. 
 준법감시인 심의필 제2024-5546-2호(2024.11.25) 
(유효기간: 2024.12.27 ~ 2026.10.31) 
 
 
 
- 적용기간 : 매월 결산일 다음날부터 다음달 결산일까지 적용  
※ KB모임금고 신규일로부터 처음 도래하는 결산일까지는 우대이율 적용대상 여부와 
    관계없이 우대이율 적용 
   【우대이율 적용】 
   예) 결산일인 24.10.11(10 월 둘째 금요일)을 기준으로 KB모임금고와 연결된 근거계좌의  
       KB모임통장 서비스에 참여 중인 모임원이 있는 경우 
       ☞ 24.10.12(10월 결산일 다음날) ~ 24.11.8(11 월 결산일) 기간에 대해 우대이율을 
        적용하며 24.11.9(11 월 결산일 다음날)에 지급 
   【우대이율 미적용】 
   예) 결산일인 24.11.8(11월 둘째 금요일)을 기준으로 KB모임금고와 연결된 근거계좌의  
       KB모임통장 서비스에 참여 중인 모임원이 없는 경우 
       ☞ 24.11.9(11월 결산일 다음날) ~ 24.12.13(12 월 결산일) 기간에 대해 우대이율을 
        미적용하며 24.12.14(12 월 결산일 다음날)에 미지급 
   【신규 후 첫 결산】 
 예) 24.11.1 에 KB모임금고 신규 후 처음 도래하는 결산일인 24.11.8(11월 둘째 금요일)은  
     연결된 근거계좌의 KB모임통장 서비스에 참여 중인 모임원 유무와 관계없이  
     ☞ 24.11.1(신규일) ~ 24.11.8(최초 도래 결산일) 기간에 대해 우대이율을 적용하며  
        24.11.9(11월 결산일 다음날)에 지급 
   【이자받기】 
   예) 결산일인 24.11.8(11월 둘째 금요일)을 기준으로 11.15(금) 이자받기를 신청하는 경우 
     ☞ 24.11.9(11 월 결산일 다음날) ~ 24.11.14(이자받기 신청 전일) 기간에 대해 
        24.11.15(이자받기 신청일)에 지급 
이자 계산방법 
(산출근거) 
▪ 예금이자는 매일의 최종잔액을 평균하여 결산일 현재 영업점 및 KB국민은행 홈페이지에  
  고시한 이율로 계산함 
▪ 예금이자는 예금일(또는 지난 원가일)부터 원가일(또는 지급일) 전날까지를 이자 계산기간 
으로 보고 매월 둘째 금요일 다음날(원가일) 원금에 더함 
▪ 단, 고객이 원가일(또는 지급일)전에 이자받기를 신청한 경우, 예금일(또는 지난 원가일) 
  부터 이자받기 신청 전일까지의 이자를 바로 수령함 
세제관련 ▪ 비과세종합저축으로 가입 불가 
거래방법 
▪ 신규 : KB스타뱅킹 
▪ 해지 : KB스타뱅킹, 인터넷뱅킹, 영업점 
▪ 입금 : 근거계좌에서의 이체를 통한 입금만 가능 
▪ 출금 : 근거계좌로의 이체를 통한 출금만 가능 
  ※ 입금, 출금거래 시 전자금융 1일 한도 및 1회 한도 적용(해당 한도 초과 시 거래제한) 
계약해지방법 ▪ KB 스타뱅킹, 인터넷뱅킹, 영업점을 통해 해지 가능 
연계ㆍ 제휴 서비스 ▪ 해당없음 
질권설정 ▪ 불가 
양도 및 
담보제공 
▪ 양도 불가능 
▪ 담보제공 불가능 
원금 및  
이자지급 제한  
▪ 계좌에 압류주1), 가압류주2) 등이 등록될 경우 원금 및 이자 지급이 제한될 수 있음 
※ 민사집행법에 따라 최저생계비 이하 등 압류금지채권에 해당하는 경우에는 
법원에 압류금지채권 범위 변경 신청 등을 통해 압류를 취소할 수 있습니다. 
 주 1) 압류: 채무자의 특정한 재산에 대하여 처분(매매, 양도 등)을 금지하게 하는 법원의 조치로서,  
채권자가 채무자의 해당 재산을 금전화하여 채무 변제에 충당하려는 목적으로 이용됩니다. 
 주 2) 가압류: 법원이 채권자를 위하여 나중에 강제 집행을 할 목적으로 채무자의 재산을 임시로 
확보하는 행위입니다. 
▪ 예금잔액증명서 발급 당일에는 입금·출금·이체 등 잔액 변동 불가 
▪ 통장이 ‘전기통신금융사기 피해 방지 및 피해금 환급에 관한 특별법’에서 정의한 
피해의심거래계좌 및 사기이용계좌로 이용될 경우 이체, 송금지연, 지급정지 등의 
금융거래 제한조치를 할 수 있음 
거래중지 ▪ 해당없음 
휴면예금 및 출연 
▪ 예금 만기일 또는 이자지급을 포함한 최종거래일 이후 5 년 이내 계좌를 해지하지 않을 경우  
예금거래기본약관 제 9 조의 2 휴면예금 및 출연에 따라 휴면예금은 “서민금융진흥원 
(국번없이 1397)”에 출연주)될 수 있으며, 이 경우 서민금융진흥원을 통해 휴면예금을 
찾으실 수 있습니다. 
▪ 휴면예금은 휴면예금통합조회서비스(www.sleepmoney.or.kr)를 통해 조회 가능합니다. 
 
주) 출연: 어떤 사람이나 단체가 자기의 의사에 따라 돈을 내거나 의무를 부담함으로써 재산상의  
손실을 입고 남의 재산을 증가시키는 일을 말합니다. 일반적으로 기부행위를 일컫는 말로  
사용되나 법률적으로는 비영리재단법인에 재산을 무상으로 내는 행위를 뜻합니다. 
※ 계좌통합관리서비스 이용 시 사용하지 않는 소액계좌를 잔고 이전/해지 할 수 있으며, 
 휴면계좌통합조회서비스 이용 시 휴면계좌 현황을 파악할 수 있습니다. 
예금자보호여부 
해당 
 
이 예금은 예금자보호법에 따라 원금과 소정의 이자를 합하여 1인당 
“1 억원까지”(본 은행의 여타 보호상품과 합산) 보호됩니다. 
자료열람요구권 
▪ 금융소비자는 분쟁조정 또는 소송의 수행 등 권리구제를 위한 목적으로 은행이 기록 및  
유지·관리하는 다음의 자료에 대한 열람(사본 및 청취 포함)을 요구할 수 있습니다. 
- 계약체결에 관한 자료, 계약의 이행에 관한 자료, 금융상품 등에 관한 광고 자료, 
금융소비자의 권리행사에 관한 자료, 내부통제기준의 제정 및 운영 등에 관한 자료,  
업무 위탁에 관한 자료 
▪ 은행은 법령, 제 3 자의 이익 침해, 영업비밀의 침해 등의 사유가 있는 경우 이를 
금융소비자에게 알리고 자료 열람을 제한하거나 거절할 수 있습니다. 

이용제한 사항 
▪ 이 통장은 상속 또는 양도에 의한 명의변경이 불가합니다. 
▪ 이 통장은 근거계좌별 하나의 계좌만 개설할 수 있으며, 1인 최대 3계좌까지 개설할 수 
  있습니다. 
▪ 이 통장을 해지하는 경우 원금과 결산이자는 연결된 근거계좌로 입금됩니다. 
▪ 근거계좌의 해지를 위해서는 이 통장의 해지가 먼저 필요합니다. 
▪ 근거계좌의 입금 또는 출금제한 사유가 발생한 경우 이 통장으로의 이체가 제한될 수 
  있습니다. 
▪ 입금, 출금거래 시 전자금융 1일 한도 및 1회 한도 적용되며 해당한도 초과 시 거래가 
  제한될 수 있습니다. 
▪ 이 통장은 카드결제, 공과금 결제 등 결제성 계좌이체 등록 및 자동이체 등록이 
  불가합니다. 
▪ 이 통장은 마이너스통장 등의 한도대출 계좌, 대출원리금 납부계좌로 이용이 
  불가합니다. 
 
3  유의 사항 
▪ 이 설명서는 「금융소비자 보호에 관한 법률」제19조제1항, 동 법 시행령 제14조제1항, 제3항에 따라 
금융상품에 관한 중요한 사항을 이해하기 쉽도록 설명하기 위해 설명을 하기 전에 제공되는 자료로써, 
상담일 이후 가입금액, 계약기간 등 변경에 의하여 일부 내용이 달라질 수 있습니다. 
▪ 본 설명서는 법령 및 내부통제기준에 따른 절차를 거쳐서 제공됩니다. 
이 상품은 KB 국민은행 수신상품부(P)에서 관리하는 상품입니다. 
본 상품에 대한 문의사항 또는 민원 상담이 필요하시면 영업점, 고객센터(1588-9999) 또는 인터넷 홈페이지 
(www.kbstar.com), 금융감독원 민원상담센터(국번없이 1332) 또는 e-금융민원센터(www.fcsc.kr)을 통해 
문의주시기 바랍니다. 
영업점 등을 통해 은행에 접수된 민원은 특별한 사정이 없는 한 14 영업일 이내에 처리함을 원칙으로 하되, 
기한 연장시 이에 대해 안내드리도록 하겠습니다. 또한 요청이 있는 경우 민원처리진행상황을 안내 받으실 수 
있으며 금융소비자는 본 상품에 대하여 당 은행과 분쟁이 있는 경우에는 금융소비자보호법 제 36 조 제 1 항에 
따라 금융감독원에 분쟁조정을 신청할 수 있습니다.",ok,
products/deposit/약관 및 상품설명서 (2).pdf,약관 및 상품설명서 (2).pdf,products/deposit,3,"「KB Star 정기예금」 특약 
 
제 1 조  적용범위 
① KB Star 정기예금(이하 '이 예금'이라 합니다)거래는 이 특약을 적용하며, 이 특약에서 정하지 않은 사항은 
예금거래기본약관 및 거치식예금약관을 적용합니다. 
② 이 예금의 거래에 있어서 발생하는 전자금융거래에 관한 사항은 전자금융거래기본약관 및 
전자금융서비스기본약관을 적용 합니다. 
 
제 2 조  거래방법 
① 이 예금은 인터넷뱅킹, KB 스타뱅킹, 콜센터를 통해서만 신규 가입이 가능합니다. 
② 이 예금은 인터넷뱅킹, KB 스타뱅킹, 영업점 창구를 통해서만 해지가 가능합니다. 
 
제 3 조  가입대상 
이 예금의 가입자는 개인 및 개인사업자로 합니다. 
 
제 4 조  계정과목 
이 예금의 계정과목은 정기예금으로 합니다. 
 
제 5 조  계약기간 
이 예금의 계약기간은 1 개월 이상 36 개월 이내의 월단위로 합니다. 
 
제 6 조  저축방법 
이 예금은 신규 시 1 백만원 이상을 예치하여야 합니다.  
 
제 7 조  이율의 적용 
① 이 예금의 이율은 신규 및 자동재예치 시 인터넷 홈페이지(www.kbstar.com) 및 영업점에 게시된 이율을 
적용 합니다. 
② 제 1 항의 이율을 적용함에 있어 거래처가 중도해지 또는 만기후해지 하는 경우는 신규 및 자동재예치 시 
인터넷 홈페이지(www.kbstar.com) 및 영업점에 게시된 중도해지이율 또는 만기후이율을 적용합니다. 
③ 이 예금의 신규 시 금리우대쿠폰을 적용한 경우 쿠폰 우대금리를 기본이율에 가산합니다. 
※ 금리우대쿠폰 우대금리는 신규 당시 적용한 쿠폰의 우대금리를 따르며, 세부 사항은 금리우대쿠폰에서  
확인 가능합니다. 
※ 금리우대쿠폰은 신규 시에만 사용 가능하며 재예치 또는 중도해지 시에는 적용되지 않습니다. 
 
제 8 조  이자지급방법 
이 예금의 이자는 신규 및 자동재예치 시 인터넷 홈페이지(www.kbstar.com) 및 영업점에 게시한 이율로 
셈하여 만기에 원금과 함께 지급합니다.  
 

 
제 9 조  자동해지 
① 만기해지방법 설정구분을 ‘자동해지’로 선택한 경우 만기일에 최초 신규 시 출금계좌로 자동해지 입금 처리 
됩니다. 
② 만기해지방법은 인터넷뱅킹, KB 스타뱅킹, 영업점, 콜센터를 통해 만기일 전일까지 변경이 가능합니다. 
③ 제 1 항에도 불구하고 은행이 아래에서 정한 자동해지 제외사유에 해당하는 경우에는 고객이 자동해지를 
신청했더라도 자동해지 처리가 되지 않으며 신규 및 자동재예치 시 안내된 방법을 통해 개별통지 됩니다. 
   가. 자동해지 대상 계좌 및 출금계좌에 법적지급제한, 지급 및 해지제한이 되어 있는 경우 
   나. 출금계좌가 해지된 경우 
④ 제 3 항에 의해 자동해지 처리가 되지 않은 계좌는 만기일 이후 경과기간에 대해서는 만기후이율이 
적용됩니다. 
 
제 10 조  자동재예치 
① 만기해지방법 설정구분을 ‘자동재예치(원금)’ 혹은 ‘자동재예치(원금+이자)’로 선택한 경우에 한해 재예치 
처리 됩니다. 
② 만기해지방법은 인터넷뱅킹, KB 스타뱅킹, 영업점, 콜센터를 통해 만기일 전일까지 변경이 가능합니다. 
③ 계약기간 등의 계약조건은 직전의 계약조건과 동일하게 적용되며, 적용이자율은 재예치 당시 인터넷 홈페이지 
및 영업점에 게시된 이율을 적용합니다. 
④ 재예치기간은 당초 계약기간을 포함하여 최장 10 년 까지 가능합니다. 
⑤ 제 1 항에도 불구하고 은행이 아래에서 정한 재예치 제외사유에 해당하는 경우에는 고객이 재예치를 
신청했더라도 재예치 처리가 되지 않으며 신규 및 자동재예치 시 안내된 방법을 통해 개별통지 됩니다. 
   가. 재예치 가능기간(최장 10 년)이 경과 될 경우 
   나. 재예치 대상 계좌 및 출금계좌에 법적지급제한, 지급 및 해지제한이 되어 있는 경우 
   다. 출금계좌가 해지된 경우 
⑥ 제 5 항에 의해 재예치 처리가 되지 않은 계좌는 만기일 이후 경과기간에 대해서는 만기후이율이 적용됩니다. 
 
제 11 조  분할인출 
① 이 예금은 가입일로부터 1 개월이상 경과된 계좌에 한하여 계좌별로 3 회(해지 포함)까지 분할인출이 
가능합니다. 
② 이 예금을 만기일(또는 재예치 만기일)전에 분할인출하는 경우 분할인출금액에 대한 이자는 가입 당시 
예치기간별 기본이율을 단리로 적용합니다. 
부 칙 
이 약관은 2018.09.05 부터 시행합니다. 
 
부 칙 
이 약관은 2019.04.17 부터 시행합니다. 
 
부 칙 
이 약관은 2022.12.15 부터 시행합니다. 

 
 
본 특약은 법령 및 내부통제기준에 따른 절차를 거쳐서 제공됩니다.",ok,
products/deposit/약관 및 상품설명서 (3).pdf,약관 및 상품설명서 (3).pdf,products/deposit,9,"예금거래기본약관 
 
이 예금거래기본약관(이하 “이 약관”이라 합니다)은 주식회사 국민은행(이하 “은행”이라 합니다)과 거래처
(또는 예금주)가 서로 믿음을 바탕으로 예금거래를 빠르고 틀림없이 처리하는 한편, 서로의 이해관계를 합
리적으로 조정하기 위하여 기본적이고 일반적인 사항을 정한 것입니다. 은행은 이 약관을 영업점에 놓아 두
고, 거래처는 영업시간 중 언제든지 이 약관을 볼 수 있고 또한 그 교부를 청구할 수 있습니다. 
 
제1조(적용범위) 
이 약관은 입출금이 자유로운 예금, 거치식예금, 적립식예금 거래에 적용합니다. 
 
제2조(실명거래) 
① 거래처는 실명으로 거래하여야 합니다. 
② 은행은 거래처의 실명확인을 위하여 주민등록증·사업자등록증 등 실명확인증표 또는 그밖에 필요한 
서류의 제시나 제출을 요구할 수 있고, 거래처는 이에 따라야 합니다. 
 
제3조(거래장소) 
거래처는 예금계좌를 개설한 영업점(이하 “개설점” 이라 합니다)에서 모든 예금거래를 합니다. 다만, 은행
이 정하는 바에 따라 다른 영업점이나 다른 금융기관, 또는 현금자동출금기·현금자동입출금기·컴퓨터·전
화기 등(이하 “전산통신기기”라 합니다)을 통해 거래할 수 있습니다. 
 
제4조(거래방법) 
거래처는 은행에서 내준 통장(증서, 전자통장을 포함합니다, 이하 같습니다.) 또는 수표·어음 용지로 거래
하여야 합니다. 그러나 입금할 때와, 자동이체약정·전산통신기기·바이오인증 이용약정에 따라 거래하는 
경우 및 기 등록된 생체정보(이하 “바이오정보”), 실명확인증표 등을 통해 본인확인된 경우에는 통장 없
이(이하 “무통장”)도 거래할 수 있습니다. 
 
제5조(인감과 비밀번호 등의 신고) 
① 거래처는 거래를 시작할 때 인감 또는 서명, 비밀번호, 성명, 상호, 대표자명, 대리인명, 주소 등 거래
에 필요한 사항을 신고하여야 합니다. 다만, 비밀번호는 비밀번호입력기(이하 “Pin-Pad기”라 합니다)
에 의하여 거래처가 직접 등록할 수 있으며, 거래처가 은행에 내점할 수 없는 경우 거래처는 개설된 예
금의 첫거래 전에 은행이 정한 방법에 따라 전산통신기기를 이용하여 비밀번호를 등록하여야 합니다. 
② 제1항에 불구하고 은행에서 따로 정하는 예금은 비밀번호를 신고하지 않습니다. 
③ 거래처는 인감과 서명을 함께 신고하거나, 인감 또는 서명을 추가 신고 할 수 있습니다. 
④ 통장을 발행하지 않는 경우 은행은 거래처로부터 인감 또는 서명의 신고 절차를 생략할 수 있습니다. 
 
제6조(입금) 
① 거래처는 현금이나 즉시 추심할 수 있는 수표·어음·기타 증권(이하 “증권”이라 합니다) 등으로 입금

할 수 있습니다. 
② 거래처는 현금이나 증권으로 계좌송금(거래처가 개설점 이외에서 자기 계좌에 입금하거나, 제3자가 
개설점 또는 다른 영업점이나, 다른 금융기관에서 거래처 계좌에 입금하는 것) 하거나, 계좌 이체(거래
처의 신청에 따라 은행이 특정계좌에서 자금을 출금하여 같은 은행 또는 다른 은행의 다른 계좌에 입
금하는 것)를 할 수 있습니다. 
③ 증권으로 입금할 때 입금인은 증권의 백지보충이나 배서 또는 영수기명날인 등 필요한 절차를 밟아야 
하며, 은행은 백지보충 등의 의무를 지지 않습니다. 
④ 입금하는 증권이 수표나 어음일 때 은행은 소정 금액란에 적힌 금액으로 처리합니다. 
 
제7조(예금이 되는 시기) 
① 제6조에 따라 입금한 경우 : 다음 각 호의 시기에 예금이 됩니다. 
1. 현금으로 입금한 경우 : 은행이 이를 받아 확인한 때 
2. 현금으로 계좌송금 하거나 또는 계좌 이체한 경우 : 예금원장에 입금의 기록을 한 때 
3. 증권으로 입금하거나 계좌 송금한 경우 : 은행이 그 증권을 교환에 돌려 부도 반환 시한이 지나고 
결제를 확인한 때. 다만, 개설점에서 지급하여야 할 증권은 그날 안에 결제를 확인한 때 
② 제1항 제3호에도 불구하고 증권이 자기앞수표이고 지급제시기간 안에 사고신고가 없으며 결제될 것
이 틀림없음을 은행이 확인한 경우에는 예금원장에 입금의 기록이 된 때 예금이 됩니다. 
③ 은행은 특별한 사정이 없는 한 제1항 및 제2항의 확인 또는 입금기록을 신속히 하여야 합니다. 
 
제8조(증권의 부도) 
① 제6조 제1항에 따라 입금한 증권이 지급거절되었을 때는 은행은 그 금액을 예금원장에서 뺀 뒤, 거래
처(무통장 입금일 때는 입금의뢰인)가 신고한 연락처로 그 사실을 알립니다. 다만, 통화불능 등 부득이
한 사유로 그 사실을 알릴 수 없는 경우에는 그러하지 아니합니다. 
② 은행은 지급 거절된 증권을 그 권리보전절차를 밟지 아니하고, 입금한 영업점에서 거래처(무통장 입
금일 때는 입금의뢰인)가 반환 청구할 때 돌려줍니다. 다만, 증권발행인이 지급 거절한 날의 다음 영업
일까지 증권을 입금한 예금계좌에 해당자금을 현금이나 즉시 현금으로 바꿀 수 있는 증권으로 입금했
을 때는 발행인에게 돌려줄 수 있습니다. 
 
제9조(이자) 
① 이자는 원을 단위로 약정한 예치기간 또는 제7조에 따라 예금이 된 날(자기앞수표·가계수표는 입금일)
부터 지급일 전날까지의 기간에 대하여 은행이 정한 이율로 셈합니다. 
② 은행은 예금종류별 예금이율표를 영업점 및 인터넷 홈페이지에 비치·게시하고, 이율을 바꾼 때는 그 
바꾼 내용을 영업점 및 인터넷 홈페이지에 1개월 동안 게시합니다. 
③ 제2항에 따라 이율을 바꾼 때는, 입출금이 자유로운 예금은 바꾼 날로부터 바꾼 이율을 적용하며, 거
치식·적립식예금은 계약 당시의 이율을 적용함을 원칙으로 하되, 변동금리가 적용되는 예금은 바꾼 날
로부터 바꾼 이율을 적용합니다. 
④ 변동이율을 적용하는 거치식·적립식예금은 최초 거래시 이율적용방법을 통장, 전산통신기기 등으로 

표시하며, 변동이율을 적용하는 적립식예금은 이율을 바꾼 때마다 바뀐 이율을 통장에 기록하거나 전산
통신기기 등으로 안내합니다. 
⑤ 거래처가 실제 받는 이자는 제1항에 따라 셈한 이자에서 소득세법 등 관계법령에 따라 원천징수한 
세액을 뺀 금액입니다. 
 
제9조의2(휴면예금 및 출연) 
① 은행은 예금이 다음 각 호에 해당할 때에는 예금채권의 소멸시효가 완성된 것(이하 “휴면예금”이라 
한다)으로 봅니다. 
가. 입출금이 자유로운 예금은 이자지급을 포함한 최종거래일로부터 5년 이상 경과한 예금 
나. 거치식, 적립식예금은 만기일 또는 이자지급을 포함한 최종거래일로부터 5년 이상 경과한 예금 
② 제1항에 따른 휴면예금은 「서민의 금융생활 지원에 관한 법률」 제40조 따라 “서민금융진흥원”으로 
출연될 수 있으며, 원권리자는 출연된 휴면예금을 동법 제45조에 따라 지급청구 할 수 있습니다. 
③ 예금계약은 예금이 제1항 각 호에 따라 휴면예금에 해당하게 된 시점에 자동 종료하며, 해당 계좌는 
더 이상 이용이 불가합니다. 잔액이 0원으로 된 예금이 제1항 각 호에 해당하게 된 경우도 같습니다. 
 
제10조(지급·해지청구) 
① 거래처가 예금·이자를 찾거나 예금계약을 해지하고자 할 때는 신고한 비밀번호 등 필요한 사항을 적
거나 PIN-Pad기에 입력하고, 거래 인감을 날인하거나 서명감과 일치하게 서명한 지급 또는 해지 청구
서를 제출하여야 합니다. 
② 거래처가 무통장으로 거래하고 실명확인증표 등에 의해 본인확인된 경우 은행이 정하는 바에 따라 제
1항에 따른 절차의 전부 또는 일부를 생략할 수 있습니다. 
③ 거래처가 자동이체·전산통신기기·바이오인증 등을 이용하여 찾을 때는 그 약정에서 정한 바에 따릅니
다. 
 
제11조(금융사고자금 지급정지) 
① 은행은 ‘금융사고예방을 위한 공동협약’(이하 “협약”이라 한다) 및 ‘금융사고예방을 위한 공동협약 시
행세칙’(이하 “세칙”이라 한다)에서 정하는 금융사고(이하 “금융사고”라 한다)로 인한 사고자금이 이체
된 거래처의 계좌(이하 “사고계좌”라 한다)에 대하여 금융사고가 발생한 금융기관의 요청이 있는 경우 
지체없이 지급정지를 취한다. 
② 제1항의 지급정지 금액은 금융사고로 인해 이체된 금액 이내로 한다. 
③ 제1항의 지급정지기간은 지급정지한 날로부터 10영업일 이내로 한다. 다만, 지급정지를 요청한 금융
기관의 신청으로 법원에 의한 결정문 송달이 이루어진 경우에는 그러하지 아니하며, 법원의 결정문 송
달이 지연되어 지급정지를 요청한 금융기관이 관련 증빙서류를 첨부하여 서면으로 지급정지기간의 연
장을 요청하는 경우 은행은 10영업일 이내에서 연장할 수 있다. 
④ 은행이 제1항의 지급정지를 한 때에는 지체없이 거래처에 지급정지 사실과 이의신청 절차를 유선 또
는 이와 상응하는 방법으로 통지하여야 하며, 거래처가 이의를 신청한 때에는 은행이 정한 민원처리 절
차에 의하여 처리한다. 

⑤ 거래처가 지급을 청구하는 경우에는 금융사고에 의해 이체된 자금을 제외하고 지급한다. 
⑥ 은행은 금융사고와 관련한 사항이 해소 된 경우 지체없이 지급정지를 해지 하여야 한다. 
⑦ 은행은 거래처의 계좌에서 금융사고로 인한 사고자금이 다른 금융기관에 이체된 경우 사고발생을 인
지한 날로부터 10일 이내에 그 다른 금융기관에 대하여 지급정지를 요청할 수 있다. 
⑧ 이 조의 금융사고자금 지급정지와 관련하여 이 조에서 정하지 아니한 사항은 제1항의 협약 및 세칙
에서 정하는 바에 따른다. 
 
제12조(지급시기) 
① 입출금이 자유로운 예금은 거래처가 찾을 때 지급합니다. 이 경우 기업자유예금은 먼저 예금한 금액
부터 지급합니다. 
② 거치식·적립식예금은 만기일 이후 거래처가 찾을 때 지급합니다. 
 
제13조(양도 및 질권설정) 
① 거래처가 예금을 양도하거나 질권설정 하려면 사전에 은행에 통지하고 동의를 받아야 합니다. 다만, 
법령에 의하여 금지되는 경우에는 양도나 질권설정을 할 수 없습니다. 
② 입출금이 자유로운 예금은 질권설정 할 수 없습니다. 
 
제14조(사고·변경사항 신고) 
① 거래처는 통장·도장·카드 또는 증권이나 그 용지를 분실·도난·멸실·훼손했을 때는 곧 서면으로 신고
하여야 합니다. 다만, 긴급하거나 부득이할 때는 영업시간 중에 전화 등으로 신고할수 있으며 이 때는 
다음 영업일 안에 서면 신고 하여야 합니다. 
② 거래처가 인감 또는 서명, 비밀번호, 성명, 상호, 대표자명, 대리인명, 주소, 전화번호 기타 신고 사항
을 바꿀 때는 서면으로 신고하여야 합니다. 다만, 비밀번호는 서면신고 없이 전산통신기기를 이용하여 
바꿀 수 있으며, 이 경우 계좌번호, 주민등록번호, 비밀번호 등 은행이 정한 요건이 맞으면 은행은 새로
운 비밀번호로 변경 처리 합니다. 
③ 거래처는 주소, 전화번호 등의 일부 신고사항에 대하여는 은행이 정한 방법에 따라 전산통신기기를 
이용하여 변경할 수 있습니다. 
④ 제1항 및 제2항의 신고는 은행이 이를 접수한 뒤 전산입력 등 필요한 조치를 하는데 걸리는 합리적
인 시간이 지나면 그 효력이 생기며 전산장애 등 불가항력적인 사유로 처리하지 못한 때는 복구 등 사
유 해제시 즉시 처리해야 합니다. 
⑤ 제1항의 신고를 철회할 때는 거래처 본인이 서면 또는 전산통신기기 등으로 하여야 합니다. 
 
제15조(통장·카드의 재발급 등) 
제14조에 따라 통장·도장·카드에 대한 사고신고가 있을 때에는 은행은 신고인이 거래처 본인임을 확인
하는 등 필요한 조치를 마친 뒤에 재발급하거나 지급합니다. 
 
제16조(통지방법 및 효력) 

① 은행은 오류의 정정 등 예금거래에서 발생하는 일반적 사항을 통보하는 경우에는 거래처가 신고한 연
락처로 전화 통보할 수 있습니다. 이 때, 통화자가 거래처 본인이 아닌 경우, 그 통화자가 은행의 통지
내용을 이해하고 이를 거래처에 전달 할 것이라고 믿을 충분한 이유가 있는 때에는 거래처에 정당하게 
통보한 것으로 봅니다. 
② 은행이 예금거래에서 발생하는 일반적 사항을 서면으로 통지했을 때는 천재지변 등 불가 항력적인 경
우 외에는 보통의 우송기간이 지났을 때 도달한 것으로 봅니다. 
③ 은행은 예금계약의 임의해지 등 중요한 의사표시를 하는 때는 서면으로 하여야 하며 그 통지가 거래
처에 도달되어야 의사표시의 효력이 생깁니다. 다만, 관계법령 또는 어음교환업무규약 등에 의하여 예
금계약을 해지한 경우나 거래처가 제14조에 의한 변경 신고를 게을리하여 도달되지 않은 때에는 그러
하지 아니합니다. 
 
제17조(면책) 
① 은행은 예금지급청구서, 증권(어음교환소에서 전자적정보의 형태로 제시된 어음ㆍ수표 등 포함) 또는 
신고서 등에 찍힌 인영(또는 서명)을 신고한 인감(또는 서명감)과 육안으로 주의 깊게 비교·대조하여 
틀림없다고 여기고, 예금지급청구서 등에 적힌 비밀번호나 PIN-Pad기를 이용하여 입력된 비밀번호가 
신고 또는 등록한 것과 같아서 예금을 지급하였거나 기타 거래처가 요구하는 업무를 처리하였을 때에
는 인감이나 서명의 위조·변조 또는 도용이나 그밖의 다른 사고로 인하여 거래처에 손해가 생겨도 그 
책임을 지지 않습니다. 다만, 은행이 거래처의 인감이나 서명의 위조·변조 또는 도용 사실을 알았거나 
알 수 있었을 때는 그러하지 아니합니다. 
② 전산통신기기 등을 이용하거나 거래정보 등의 제공 및 금융거래명세 등의 통보와 관련하여 은행이 책
임질 수 없는 사유로 계좌번호, 비밀번호 등의 금융정보가 새어나가 거래처에 손해가 생겨도 은행은 그 
책임을 지지 않습니다. 
③ 은행이 거래처의 실명확인증표 등으로 주의 깊게 본인확인하여 예금을 지급하였거나 기타 거래처가 
요구하는 업무를 처리하였을 때에는 위조·변조 또는 도용이나 그밖에 다른 사고로 인하여 거래처에 손
해가 생겨도 그 책임을 지지 않습니다. 다만, 은행이 고의 또는 과실로 인한 귀책사유가 있는 경우 은
행은 그 책임의 일부 또는 전부를 부담합니다. 
④ 은행이 주민등록증 등 실명확인증표로 주의 깊게 실명확인 하거나 실명 전환한 계좌는 거래처가 실명
확인증표 또는 서류의 위조·변조·도용 등을 한 경우, 이로 인하여 거래처에 손해가 생겨도 은행은 그 
책임을 지지 않습니다. 
⑤ 거래처가 제14조 제1항, 제2항, 제4항의 신고나 절차를 미루어생긴 손해에 대해 은행은 그 책임을 
지지 않습니다. 다만, 이 경우에도 은행은 거래처에 손해가 발생하지 않도록 선량한 관리자로서의 주의
를 다하여야 합니다. 
 
제18조(수수료) 
① 거래처가 개설점이 아닌 다른 영업점이나 다른 금융기관 또는 전산통신기기 등을 통해 거래할 때 은
행은 온라인수수료나 추심수수료 등을 받을 수 있습니다. 
② 은행은 제1항의 경우 외에도 거래처가 자기앞수표 발행 등을 원하거나 거래처 잘못으로 통장 재발행 

등을 요청하는 경우 그 사무처리와 관련하여 수수료를 받을 수 있습니다. 
③ 제1항, 제2항과 관련한 수수료표는 영업점 및 인터넷 홈페이지에 게시합니다. 
 
제19조(오류처리 등) 
① 은행이 예금원장이나 통장거래내용을 사실과 다르게 처리하였을 때는, 이를 확인하여 바르게 고치고 
그 사실을 거래처에 통지하여야 합니다. 
② 거래처는 거래를 마친 때 그 내용이 맞는가를 확인하고, 거래내용이 사실과 다를 때는 바르게 고칠 
것을 요구할 수 있으며, 은행은 그 사실을 확인하고 바르게 처리하여야 합니다. 
 
제20조(예금의 비밀보장) 
① 은행은 「금융실명거래 및 비밀보장에 관한 법률」등 법령에서 정한 경우를 제외하고는 거래처의 거래
내용에 대한 자료나 정보를 남에게 제공하지 않습니다. 
② 은행은 거래처가 전산통신기기 등으로 무통장입금(송금 포함), 예금잔액 등에 관한 정보의 제공을 요
청한 때는 명의인·계좌번호·비밀번호[자동응답 서비스(ARS)는 계좌번호·비밀번호]가 맞으면 그 요청
자를 본인으로 여겨 입금(송금)을 하고 입금인, 입금액, 예금 잔액 등에 관한 정보를 제공할 수 있으며, 
이로 인하여 금융거래 정보누설 등으로 거래처에 손해가 생겨도 그 책임을 지지 않습니다. 
 
제21조(약관변경) 
① 은행은 이 약관이나 입출금이 자유로운 예금 약관, 거치식·적립식예금 약관(이하 총칭하여 본조에서” 
약관등” 이라고 합니다)을 변경하고자 하는 경우에는 변경되는 약관등의 시행일 1개월 전에 그 내용
을 영업점과 인터넷 홈페이지에 게시하여 거래처에 알립니다. 다만, 다음 각 호의 어느 하나에 해당
하는 경우에는 변경된 약관등을 즉시 게시 또는 공고하여야 합니다. 
1. 법령의 개정, 제도의 개선 또는 관련 법령에 의한 약관변경권고(명령)로 인하여 긴급히 약관등을 변
경한 경우 
2. 약관등의 개정이 거래처에 유리한 경우 
3. 변경 전 내용이 기존 거래처에 그대로 적용되는 경우 
4. 기존 약관등의 내용이 실질적으로 변경되지 않는 단순한 문구 변경의 경우 
② 은행은 약관등을 변경하는 경우 제1항에 따른 게시와는 별도로 변경되는 약관등의 시행일 1개월 전
에 거래처에 변경 내용(신·구조문대비표 포함)을 다음 각 호 중 1개(거래처에 불리한 변경인 경우에는 
3개) 이상의 방법으로 알리되, 제1호 내지 제3호의 방법이 포함되어야 합니다. 다만, 전항 각 호의 어
느 하나에 해당하는 경우에는 즉시 거래처에 알립니다. 
1. 거래처가 신고한 정보에 따른 우편 또는 전자우편(E-mail)에 의한 통지 
2. 거래처가 신고한 휴대전화 문자메시지(SMS, MMS) 또는 이에 준하는 거래처가 사전 동의한 전자적 
의사표시에 의한 통지 
3. 거래처와 약정한 별도의 전자기기(앱푸쉬 등)에 의한 통지 
4. 거래통장에 표기 
5. 현금자동지급기/현금자동입출금기 설치장소에 게시(이 경우 큰 문자를 사용하고 알아보기 쉬운 위치

에 게시합니다) 
6. 인터넷뱅킹 및 모바일뱅킹 초기화면에 게시 
③ 제2항에도 불구하고, 내용의 실질적 변경을 수반하지 않는 오탈자나 자구 수정 등 단순한 문구 변경
인 경우에는 제2항을 적용하지 아니합니다. 
④ 제1항의 게시 또는 제2항의 통지를 할 경우 “예금주가 변경에 동의하지 아니한 경우 제1항의 게시일 
또는 제2항의 통지를 받은 날로부터 1개월 이내에 계약을 해지할 수 있으며, 계약해지의 의사표시를 
하지 아니한 경우에는 변경에 동의한 것으로 본다”라는 취지의 내용을 함께 게시 또는 통지합니다. 
⑤ 제4항의 게시일 또는 통지를 받은 날로부터 1개월 이내에 계약해지의 의사표시가 도달하지 않으면 
거래처가 변경에 동의한 것으로 봅니다. 
 
제22조(약관적용의 순서) 
① 은행과 거래처 사이에 개별적으로 합의한 사항이 약관조항과 다를 때는 그 합의사항을 약관에 우선하
여 적용합니다. 
② 이 약관에 정한 사항과 입출금이 자유로운 예금 약관 또는 거치식·적립식예금 약관에서 정한 사항이 
다를 때는 입출금이 자유로운 예금 약관이나 거치식·적립식예금 약관을 먼저 적용합니다. 
 
제23조(기타) 
이 약관과 입출금이 자유로운 예금 약관 또는 거치식·적립식예금 약관에서 정하지 않은 사항은 따로 약
정이 없으면 관계법령, 어음교환업무규약을 적용 합니다. 
 
제24조(이의제기) 
거래처는 은행거래와 관련하여 이의가 있을 때 거래은행의 분쟁처리기구에 해결을 요구하거나, 금융분쟁
조정위원회 등을 통해 분쟁조정을 신청할 수 있습니다. 
 
제25조(위법계약의 해지) 
금융소비자는 「금융소비자보호에 관한 법률」 제47조 및 관련 규정이 정하는 바에 따라 서면등으로 해당 
계약의 해지를 요구할 수 있습니다. 
 
제26조(고객확인 및 검증) 
① 「특정 금융거래정보의 보고 및 이용 등에 관한 법률」과 「공중 등 협박목적 및 대량살상무기확산을 
위한 자금조달행위의 금지에 관한 법률」에 따른 고객확인 및 검증을 위해 은행은 거래처에 다음 각 호
에서 정한 정보, 문서, 자료 등을 요구할 수 있으며, 거래처가 이를 거부하거나 확인·검증이 충분히 이
루어지지 않을 경우 금융거래가 지연되거나 거절됩니다. 
1. 개인 
정 보 자 료 
성명, 실명번호, 국적, 
주소(거소), 연락처 등 
실명확인증표(주민등록증, 운전면허증, 여권 등), 
행정정보문서(주민등록등본 등), 

실제소유자가 다른 경우 추가서류 필요 
직장명, 직장주소, 업종 등 직장정보문서(재직증명서 등) 
거래목적, 자금원천, 
재산현황 등 
기타 추가정보 확인이 가능한 자료 
(부동산 계약서, 공과금 고지서 등) 
 
2. 법인(단체) 
정 보 자 료 
법인(단체)명, 실명번호, 
주소, 연락처, 대표자 정보, 
실제소유자(주주 및 임원), 
업종, 설립목적 등 
실명확인증표(사업자등록증 등), 대표자 신원정보문서, 
법인(단체) 확인문서(법인등기사항전부증명서, 정관, 
규약 등), 주주명부(출자자명부) 등 
회사 경영정보, 거래목적, 
자금원천 등 
기타 추가정보 확인이 가능한 자료 
(전자세금계산서, 각종 인허가서 등) 
 
② 「특정 금융거래정보의 보고 및 이용 등에 관한 법률」에서 정한 가상자산사업자인 거래처는 은행에 
가상자산사업자임을 고지하여야 하며, 고지하지 않아 고객확인 및 검증이 충분히 이루어지지 않을 경
우 금융거래가 거절되거나 종료됩니다. 
③ 「공중 등 협박목적 및 대량살상무기확산을 위한 자금조달행위의 금지에 관한 법률」에 의거 금융거
래등제한대상자로 지정되어 고시된 자, UN 등 자금세탁방지와 관련하여 국제사회에서 발표하는 거래
제한 대상자에 대해서는 금융거래가 제한되거나 거절됩니다. 
 
 
부     칙 
이 약관은 2003.12.1.부터 시행합니다. 
 
부     칙 
이 약관은 2016.12.30.부터 시행합니다. 
 
부     칙 
이 약관은 2020.10.8.부터 시행합니다. 
 
부     칙 
이 약관은 2021.3.25.부터 시행합니다. 
 
부     칙 
이 약관은 2021.10.11.부터 시행합니다. 
 
부     칙 
이 약관은 2022.3.14.부터 시행합니다. 
 
부     칙 
이 약관은 2023.2.27.부터 시행합니다. 
 
부     칙 
이 약관은 2025.2.7.부터 시행합니다. 
 
본 「예금거래기본약관」은 법령 및 내부통제 기준에 따른 절차를 거쳐서 제공됩니다.",ok,
products/deposit/약관 및 상품설명서 (4).pdf,약관 및 상품설명서 (4).pdf,products/deposit,5,"「KB Star 정기예금」 상품설명서 
 
1  상품 개요 및 특징 
▪ 상 품 명 : KB Star 정기예금 
▪ 상품특징 : 인터넷뱅킹 등 비대면채널을 통해서만 가입 가능한 온라인 전용 정기예금 
 
2  거래 조건 
 
구 분 내 용 
가입자격 ▪ 개인 및 개인사업자 
상품유형 ▪ 정기예금 
가입금액 ▪ 1백만원이상(추가입금 불가) 
가입기간 ▪ 1개월 이상 36개월 이하(월 단위) 
거래방법  
▪ 신규 : 인터넷뱅킹 및 KB스타뱅킹, 고객센터 (영업점 가입 불가) 
▪ 해지 : 영업점, 인터넷뱅킹, KB스타뱅킹 
계약해지방법 
▪ 영업점, 인터넷뱅킹, KB스타뱅킹을 통해 해지 가능 
- 만기해지방법 중 자동해지 / 자동재예치(원금) / 자동재예치(원금+이자) 중 선택 가능 
- 중도해지 / 만기후해지의 경우 위의 방법을 통해 해지 가능 
- KB스타뱅킹은 Play 스토어(안드로이드) / App Store(IOS)를 통해 다운로드 및 설치 가능 
 
▪ 최초 가입 시 아래의 구분 중 1개 방법 선택 가능 
① 자동해지 : 만기일(휴일인 경우 휴일 이후 최초 도래하는 첫 은행영업일) 당일 상품 신규가입 시 
출금계좌에 만기해지 금액 전액 입금 
② 자동재예치(원금) : 만기(재예치)일(휴일인 경우 휴일 이후 최초 도래하는 첫 은행영업일)  당일 
고시한 고객적용이율을 적용하며, 적용이자율을 제외한 가입조건은 기존 가입조건과 동일하게 
원금부분만 재예치, 이자 금액은 신규가입 시 출금계좌에 입금  
③ 자동재예치(원금+이자) : 만기(재예치)일(휴일인 경우 휴일 이후 최초 도래하는 첫 은행영업 
일) 당일 고시한 고객적용이율을 적용하며, 적용이자율을 제외한 가입조건은 기존 가입조건과 
동일조건으로 만기해지 금액 전액 재예치 
▪ 본예금 및 출금계좌에 법적지급제한, 지급 및 해지제한이 되어있는 경우 자동해지/자동재예치 
  불가합니다.  
▪ 출금계좌가 해지된 경우 자동해지 / 자동재예치 불가합니다. 
◈ 이 설명서는 금융소비자의 권익 보호 및 예금상품에 대한 이해 증진을 위하여 「금융소비자 보호에 관한 법률」 및 
관련 규정에 의거, 은행의 내부 통제절차를 거쳐 예금상품의 주요 내용을 쉽게 이해할 수 있도록 작성한 
자료입니다. 
◈ 설명내용을 제대로 이해하지 못하였음에도 불구하고 설명을 이해했다는 서명을 하거나 녹취기록을 남기시는 경우,  
추후 해당 내용과 관련한 권리구제가 어려울 수 있습니다. 
◈ 인터넷뱅킹 등 비대면채널을 통해 가입하거나 통장 미발행 요청 시에는 통장 또는 증서가 교부되지 않습니다. 
준법감시인 심의필 제2026-3320-3호(심의일: 2026.07.21) 
 (유효기간: 2026.07.21 ~ 2028.06.30) 
) 
) 
 
KB국민은행 

▪ 재예치 가능기간(최장 10년)이 경과주) 될 경우 자동재예치 불가합니다. 
주) 경과: (해당 시간을) 완전히 지나간 기간 * (예시) 입금일부터 해지일까지 지나간 기간 
▪ 자동해지/ 자동재예치가 정상처리되지 않은 경우 문자메세지 등을 통해 개별통지 됩니다. 
▪ [만기해지방법]은 인터넷뱅킹, KB스타뱅킹, 영업점, 고객센터를 통해 만기일 전일 
까지 변경 가능합니다. 
▪ 「오픈뱅킹」서비스를 통해 신규 가입한 경우, 자동해지(재예치)시 만기해지금액(이자금액)은 
 국민은행 출금계좌로 입금됩니다. 
▪ 분할인출 가능 
- 가입일로부터 1개월 이상 경과된 계좌에 한하여 계좌별 3회(해지포함)까지 일부 금액 인출 가능 
※ 인출금액의 제한은 없으나, 계좌별 잔액이 100만원 이상 유지 되어야 함. 
※ 분할인출된 금액의 적용금리는 가입당시 계약기간별 기본이율을 적용함. 
기본이율  
(세금공제 전,  
2026.07.22 
기준) 
▪ 신규(또는 재예치)일 당시 영업점 및 인터넷 홈페이지(www.kbstar.com)에 고시한 계약기간별  
「기본이율」 적용  
계약기간 
1 개월 이상  
3 개월 미만 
3 개월 이상 
6 개월 미만 
6 개월 이상 
9 개월 미만 
9 개월 이상 
12 개월 미만 
기본이율  연 2.05% 연 2.25% 연 2.35% 연 2.35% 
계약기간 
12 개월 이상 
24 개월 미만 
24 개월 이상 
36 개월 미만 
36 개월 
기본이율 연 2.40% 연 2.40% 연 2.40% 
 
 
우대이율  
(세금공제 전,  
2026.07.22 
기준) 
▪ 금리우대쿠폰 : 이 예금의 신규 시 금리우대쿠폰을 적용한 경우 쿠폰 우대금리를 기본이율에 가산 
※ 금리우대쿠폰 우대금리는 신규 당시 적용한 쿠폰의 우대금리를 따르며, 세부 사항 (적용방법, 
유의사항 등)은 금리우대쿠폰에서 확인 가능 
※ 금리우대쿠폰은 신규 시에만 사용 가능하며 재예치 또는 중도해지시 미적용 
최종이율 
(세금공제 전, 
2026.07.22 
기준) 
▪ 신규(또는 재예치)일 당시 영업점 및 인터넷 홈페이지(www.kbstar.com)에 고시한 계약기간별  
「고객적용이율」 적용 
이자지급시기 ▪ 만기일시지급식 : 만기(후) 또는 중도해지 요청시 이자를 지급 
이자계산방법 
(산출근거) 
[세전] 
▪ 신규일부터 만기일 전일까지의 기간에 대하여 약정이율로 계산 한 금액(원미만 절사) 
[이자계산 산식] 신규금액 X 약정이율 X 약정개월수 ÷ 12 
 
 
 
 
 
 상품신규일 만기일전일   · · · 
신규금액 X 약정이율 X 약정개월수 ÷ 12 
중도해지이율 
(산출근거) 
(세금공제 전, 
2026.07.22 
기준) 
▪ 긴급 자금수요 등으로 중도해지할 경우 정기예금 중도해지이자율에 비해 회전식 정기예금이 
  유리할 수 있음 
▪ 신규가입일 당시 영업점 및 인터넷 홈페이지(www.kbstar.com)에 고시한 예치기간별 
  중도해지이율 적용                                                                  (단위: 연 %) 
예치기간 이율 
1개월미만 0.1 
1개월이상~3개월미만 기본이율 X 50% X 경과월수/계약월수 (단, 최저금리는 0.1) 
3개월이상~6개월미만 기본이율 X 50% X 경과월수/계약월수 (단, 최저금리는 0.1) 
6개월이상~8개월미만 기본이율 X 60% X 경과월수/계약월수 (단, 최저금리는 0.2) 
8개월이상~10개월미만 기본이율 X 70% X 경과월수/계약월수 (단, 최저금리는 0.2) 
10개월이상~11개월미만 기본이율 X 80% X 경과월수/계약월수 (단, 최저금리는 0.2) 
11개월이상 기본이율 X 90% X 경과월수/계약월수 (단, 최저금리는 0.2) 
1. 기본이율: 신규가입일 당시 영업점에 고시된 계약기간별 이율(우대이율 제외) 
2. 경과월수: 입금일 다음날로부터 해지월 입금해당일까지를 월수로 하고, 1개월 미만은 절상  
3. 계약월수: 신규일 다음날로부터 만기월 신규해당일까지를 월수로 하고, 1개월 미만은 절상 
4. 이율은 소수점 둘째 자리까지 표시(소수점 셋째 자리에서 절사) 
 
 
만기후이율 
(산출근거) 
(세금공제 전, 
2026.07.22 
기준)  
▪ 신규가입일 당시 영업점 및 인터넷 홈페이지(www.kbstar.com)에 고시한 경과기간별 
  만기후이율 적용                                                                    (단위: 연 %) 
경과기간 이율 
만기후 1개월이내 기본이율 X 50% 
만기후 1개월초과~3개월이내 기본이율 X 30% 
만기후 3개월초과 0.1 
1. 기본이율: 신규가입일 당시 영업점에 고시된 계약기간별 이율(우대이율 제외) 
2. 경과월수: 입금일 다음날로부터 해지월 입금해당일까지를 월수로 하고, 1개월 미만은 절상  
3. 이율은 소수점 둘째 자리까지 표시(소수점 셋째 자리에서 절사) 
세제 관련 
▪ 비과세종합저축으로 가입가능 
※ 단, 관련 세법 개정 시 세율이 변경되거나 세금이 부과될 수 있음 
※ 계약기간 만료일 이후의 이자는 과세됨 

양도 및 
 담보제공 
▪ 가능. 예금담보대출은 예금잔액 95% 이내로 가능 
원금 및  
이자지급 제한 
▪ 계좌에 압류주1), 가압류주2), 질권주3) 등이 등록될 경우 원금 및 이자 지급이 제한될 수 있습니다. 
※ 민사집행법에 따라 최저생계비 이하 등 압류금지채권에 해당하는 경우에는 
법원에 압류금지채권 범위 변경 신청 등을 통해 압류를 취소할 수 있습니다. 
 
 주 1) 압류: 채무자의 특정한 재산에 대하여 처분(매매, 양도 등)을 금지하게 하는 법원의 조치로서,  
채권자가 채무자의 해당 재산을 금전화하여 채무 변제에 충당하려는 목적으로 이용됩니다. 
 주 2) 가압류: 법원이 채권자를 위하여 나중에 강제 집행을 할 목적으로 채무자의 재산을 임시로 확보하는 
행위입니다. 
 주 3) 질권설정: 채무자가 변제기일에 채무를 이행하지 않는 경우 설정자(담보물 소유자)가 제공한 담보물에 
대하여 채권자가 직접 청구하여 우선적으로 변제받을 수 있는 권리를 설정하는 것으로써 일반적으로 
담보물이 동산 또는 권리(예·적금, 채권 등)인 경우에 활용됩니다. 
▪ 예금잔액증명서 발급 당일에는 입금·출금·이체 등 잔액 변동이 불가합니다. 
통장 발행 
▪ KB Star 정기예금은 통장이 발행되지 않습니다.  
▪ 통장발행을 원하실 경우, 영업점에 방문하셔야 하며 수수료가 부과됩니다. 단, 수수료 면제는  
KB국민은행 수수료 관련지침에서 정하는 바에 따릅니다. 
휴면예금 및 
출연 
▪ 예금 만기일 또는 이자지급을 포함한 최종거래일 이후 5 년 이내 계좌를 해지하지 않을 경우  
예금거래기본약관 제 9 조의 2 휴면예금 및 출연에 따라 휴면예금은 “서민금융진흥원 
(국번없이 1397)”에 출연주)될 수 있으며, 이 경우 서민금융진흥원을 통해 휴면예금을 
찾으실 수 있습니다. 
▪ 휴면예금은 휴면예금통합조회서비스(www.sleepmoney.or.kr)를 통해 조회 가능합니다. 
 
주) 출연: 어떤 사람이나 단체가 자기의 의사에 따라 돈을 내거나 의무를 부담함으로써 재산상의  
손실을 입고 남의 재산을 증가시키는 일을 말합니다. 일반적으로 기부행위를 일컫는 말로  
사용되나 법률적으로는 비영리재단법인에 재산을 무상으로 내는 행위를 뜻합니다. 
 
※ 계좌통합관리서비스 이용 시 사용하지 않는 소액계좌를 잔고 이전/해지 할 수 있으며, 
 휴면계좌통합조회서비스 이용 시 휴면계좌 현황을 파악할 수 있습니다. 
예금자 
보호여부 
해 당 
 
이 예금은 예금자보호법에 따라 원금과 소정의 이자를 합하여 1 인당 
“1 억원까지”(본 은행의 여타 보호상품과 합산) 보호됩니다. 
위법 계 약해 지 권 
▪ 금융소비자는 은행이 금융소비자보호법 판매원칙주 1)을 위반하여 해당 금융상품에 관한 계약을 
체결한 경우에는 법 위반사실을 안 날로부터 1 년 이내(해당 기간은 계약체결일로부터 5 년 이내의 
범위)에 해지요구서 주 2)와 위반사항을 증명하는 서류를 은행에 제출하여 해당 계약의 해지를 
요구할 수 있습니다. 만약, 금융소비자의 요구가 정당한 것으로 판단될 경우 수수료, 위약금 등 
계약의 해지와 관련된 비용 부담 없이 해당 계약을 해지할 수 있습니다. 
 
주 1) 금융소비자보호법 판매원칙: 부적합한 금융상품을 권유한 경우(제 17 조 제 3 항), 적정하지 않은 
금융상품에 대해 부적정하다는 사실을 알리지 않은 경우(제 18 조 제 2 항), 금융상품에 대해 거짓 또는 
왜곡하여 설명하거나 중요한 사항에 대한 설명을 누락한 경우(제 19 조 제 1,3 항), 불공정영업행위의 
금지(제 20 조 제 1 항), 부당권유행위의 금지(제 21 조) 
주 2) 해지요구서: 금융상품의 명칭, 법 위반사실을 포함하여 계약의 해지를 요구하기 위하여 작성한 문서 

자료 열 람요 구 권 
▪ 금융소비자는 분쟁조정 또는 소송의 수행 등 권리구제를 위한 목적으로 은행이 기록 및  
유지·관리하는 다음의 자료에 대한 열람(사본 및 청취 포함)을 요구할 수 있습니다. 
- 계약체결에 관한 자료, 계약의 이행에 관한 자료, 금융상품 등에 관한 광고 자료, 
금융소비자의 권리행사에 관한 자료, 내부통제기준의 제정 및 운영 등에 관한 자료,  
업무 위탁에 관한 자료 
▪ 은행은 법령, 제 3 자의 이익 침해, 영업비밀의 침해 등의 사유가 있는 경우 이를 
금융소비자에게 알리고 자료 열람을 제한하거나 거절할 수 있습니다. 
이용제한 사항 
▪ 본 예금 및 출금계좌에 법적지급제한, 지급 및 해지제한이 되어있는 경우 자동해지/자동재예치 불가합니다. 
▪ 출금계좌가 해지된 경우 자동해지 / 자동재예치 불가합니다. 
 
3  유의 사항 
▪ 이 설명서는 「금융소비자 보호에 관한 법률」제19조제1항, 동 법 시행령 제14조제1항, 제3항에 따라 
금융상품에 관한 중요한 사항을 이해하기 쉽도록 설명하기 위해 설명을 하기 전에 제공되는 자료로써, 
상담일 이후 가입금액, 계약기간 등 변경에 의하여 일부 내용이 달라질 수 있습니다. 
▪ 본 설명서는 법령 및 내부통제기준에 따른 절차를 거쳐서 제공됩니다. 
이 상품은 KB 국민은행 수신상품부(P)에서 개발 및 관리하는 상품입니다. 
본 상품에 대한 문의사항 또는 민원 상담이 필요하시면 영업점, 고객센터(1588-9999) 또는 인터넷  
홈페이지(www.kbstar.com), 금융감독원 민원상담센터(국번없이 1332) 또는 e-금융민원센터(www.fcsc.kr)을 
통해 문의주시기 바랍니다. 
영업점 등을 통해 은행에 접수된 민원은 특별한 사정이 없는 한 14 영업일 이내에 처리함을 원칙으로 하되, 
기한 연장시 이에 대해 안내드리도록 하겠습니다. 또한 요청이 있는 경우 민원처리진행상황을 안내받으실 수 있습니다. 
또한 금융소비자는 본 상품에 대하여 당 은행과 분쟁이 있는 경우에는 금융소비자보호법 제 36 조 제 1 항에 따라  
금융감독원에 분쟁조정을 신청할 수 있습니다. 
▪ KB Star 정기예금은 자동재예치 시 금리가 변동되는 정기예금으로 금리상승기에 약정금리 인상 가능성이 큰  
반면, 금리 하락기에는 약정금리 인하로 소비자에게 불리할 수 있습니다. 
구분 고정금리 변동금리 
운용형태 
  
특징 
‣ 예금 가입시 결정된 금리가 
예금만기까지 동일하게 유지 
‣ 일정주기(3/6개월 등) 마다 예금 기준금리의  
변동에 따라 예금금리가 변동 
장점 ‣ 시장금리 하락기에 이자율 하락 없음 ‣ 시장금리 상승기에는 이자 수익이 증가 
단점 
‣ 시장금리 상승기에 이자율 상승 효과가 없어  
변동금리보다 불리 
‣ 시장금리 하락기에는 이자 수익 하락으로  
고정금리보다 불리",ok,
products/deposit/약관 및 상품설명서 (5).pdf,약관 및 상품설명서 (5).pdf,products/deposit,4,"1 
 
입출금이자유로운예금약관 
제 1 조  적용범위 
① 입출금이자유로운예금(이하 '이 예금' 이라 합니다)이란 예치기간을 정하지 아니하고 자유로이 
입출금하는 예금을 말합니다. 
② 이 약관에서 정하지 아니한 사항은 예금거래기본약관의 규정을 적용합니다. 
 
제 2 조  이자 
① 이 약관의 적용을 받는 예금 중 다음 예금의 이자는 해당 기준일에 셈하여 기준일에 이은 첫 
영업일(이하 '원가일' 이라 합니다)에 원금에 더합니다. 다만, 당좌예금은 이자를 붙이지 않으며, 
은행에서 따로 정하는 예금 중 일정한 기준에 해당되는 경우에는 이자를 지급하지 않을 수 
있습니다. 
 
 
 
 
② 제1항의 예금이자는 최초 예금일(또는 지난 원가일)부터 원가일 전날까지를 이자 계산기간으로 
하고, 매일 최종잔액을 평균하여 영업점에 게시한 이율로 셈합니다. 다만, 기업자유예금의 이자는 
예금액마다 예금일부터 원가일 전날 까지를 이자계산 기간으로 하여 셈한 다음 이미 지급한 
이자액을 뺍니다. 
③ 예금의 이자는 제①항에 따른 이자지급을 제외한 최종거래일로부터 5년까지는 제①항  및 제②항에
서 정한 방식으로 지급하고, 5년이 경과한 날부터는 이자를 원금에 더하지 않고, 계좌해지 또는 
추가 입출금 거래 발생일에 일괄 계산하여 지급할 수 있습니다. 
 
제 3 조  거래중지계좌 
은행은 이 예금이 다음 각호의 1에 해당할 때에는 거래중지계좌로 따로 관리하여 입출금, 잔액조회, 
이관 등의 거래를 제한할 수 있다. 다만, 거래처가 위 계좌로 입출금, 잔액조회, 이관 등을 
은행창구에서 서면으로 신청한 때에는 은행은 금융거래목적확인서 등 서류를 징구하여 금융거래 
목적을 확인 후 거래 재개에 필요한 조치를 취할 수 있습니다. 
① 예금잔액이 10,000원 미만이며, 1년이상 입출금 거래가 없는 계좌 
② 예금잔액이 10,000원 이상 50,000원 미만이며, 2년이상 입출금 거래가 없는 계좌 
③ 예금잔액이 50,000원 이상 100,000원 미만이며, 3년이상 입출금 거래가 없는 계좌 
 
제 4 조  은행제공 수표·어음용지에 의한 거래 및 어음발행내역 등록 
① 거래처는 은행이 내어준 수표, 어음 용지로 거래하여야 하며, 1,000만원 이상의 어음을 
발행하였을 경우 발행 내역(발행일, 지급기일, 발행금액 등)을 금융결제원의 어음발행 관련 
네트워크에 등록하여야 합니다. 
② 제1항의 용지는 거래처가 요청할 때 은행이 내어줍니다. 다만, 거래처가 요청한 양이 많다고 
판단될 때에는 이를 필요하다고 인정되는 양으로 제한할 수 있습니다. 
 
제 5 조  거래제한 
① 가계당좌예금은 모든 금융기관을 통하여 1인1계좌에 한합니다. 
② 거래처는 제4조 제1항의 규정에 따라 교부 받은 가계수표용지에 인쇄된 발행 한도금액 이내로 
발행하여야 하며, 은행은 발행 한도를 넘는 수표에 대하여는 지급하지 않습니다.  
다만, 거래처가 은행(다른 은행 포함)과 직접 거래할 때에는 발행한도액을 초과하여 
    발행할 수 있습니다. 
예금 보통예금 저축예금 기업자유예금 
가계당좌예금 
이자계산 기준일 매년 6월과 12월의 매년 2월과 
5월, 8월, 11월의 
매년 3월과 
6월, 9월, 12월의 
제2금요일 

 
 
2 
 
③ 통장이「전기통신금융사기 피해방지 및 피해금 환급에 관한 특별법」에서 정의한  
사기이용계좌로 사용될 경우, 통장 명의인에 대한 계좌개설 및 현금카드 발급,  
해당 통장의 인출∙이체한도 축소 등 금융거래를 제한할 수 있습니다. 
 
제 6 조  수표·어음금 지급 및 지급위탁 취소 
① 은행은 제4조 제1항에 따라 내어준 수표나 어음에 적힌 금액을 거래처에서 지급위탁 받아 그 
제시인에게 지급합니다. 
② 은행은 수표나 어음이 지급제시기간 안에 제시된 때에만 지급합니다. 다만, 수표는 지급제시 
기간이 지난 뒤에도 지급할 수 있습니다. 
③ 거래처가 이미 발행한 수표나 어음의 지급위탁을 취소할 때에는 은행이 마련한 서식으로 
신청해야 하고 어음교환 업무규약에 따라 수표나 어음에 적힌 금액을 담보금으로 예치해야 
합니다. 
 
제 7 조  지급특례 
제6조 제1항의 규정에 불구하고 거래처가 은행에 이행하여야 할 다음의 채무가 있을 때에는 은행은 
수표나 지급청구서 없이 해당예금에서 지급하거나 대체 결제할 수 있습니다. 
1. 각종 이자, 보증료, 수수료 
2. 수입어음 원금, 수출어음 부도대전 
3. 어음교환업무규약에 따른 제재금 
4. 콜자금 결제통지서나 콜자금 상환영수증으로 청구 받은 금액 
 
제 8 조  지급자금 부족시의 처리 
같은 날 거래처의 지급자금을 초과하는 수표나 어음의 지급 또는 그 밖의 채무 이행의 청구가 있는 
경우 은행은 거래처의 의사를 확인하였을 때에는 그 의사에 따라 처리하고 의사를 확인할 수 없는 
때에는 은행이 판단하여 처리합니다. 
 
제 9 조  초과지급 및 일부지급의 거절 
① 은행은 당좌예금·가계당좌예금의 지급자금(대출한도 포함)을 초과하는 수표나 어음금은 지급하지 
않습니다. 
② 은행은 수표나 어음에 적힌 금액의 일부에 대하여 지급 청구하는 경우에는 지급하지 아니 
합니다. 
 
제 10 조  수표·어음금의 지급과 면책 등 
① 은행이 수표나 어음금을 지급함에 있어 다음 각 호의 경우에 해당하는 때에는 거래처에 손해가 
생겨도 은행은 책임을 지지 않습니다. 다만, 제3호 및 제4호의 경우에는 어음·수표의 지급 
사무를 함에 있어 요구되는 주의를 다하였어야 합니다. 
1. 발행일이 기재되지 아니한 수표, 발행일이나 수취인 또는 발행일 및 수취인이 기재되지 
아니한 어음을 지급했을 때 
2. 달력에 없는 날짜를 발행일 또는 지급일로 기재한 수표·어음에 대하여 그 달 말일을 
지급일로 하여 지급 하였을 때(다만, 32이상의 숫자를 만기일 또는 지급일로 한 때에는 그러 
하지 아니 합니다) 
3. 예금거래기본약관 제5조 제1항에 따라 신고된 거래인감이 틀림없다고 인정되는 도장을 
수표뒷면에 찍은 횡선수표를 지급하였을 때 
4. `지시금지’란 글자를 누구나 알아볼 수 있는 크기로 분명히 적지 않아 그 수표나 어음이 
지시금지 수표 또는 어음인지 모르고 지급했을 때 
② 제3호에 따라 지급함으로써 수표법상 횡선위반에 해당하여 제3자 에게 손해배상 했을 때에는 
은행은 그 금액을 거래처에게 상환 청구할 수 있습니다. 
 

 
 
3 
 
제 11 조  대리인과의 거래 
① 거래처가 대리인을 통하여 거래하고자 할 때에는 수표·어음 거래에 사용할 대리인  
성명과 인감을 신고하여야 합니다. 
② 은행은 제1항에 따라 신고된 대리인 이『신용정보관리규약』상의 신용불량 정보 대상자에 
해당하여 수표나 어음의 유통질서를 해칠만한 상당한 이유가 있을 때에는 그 사실을 거래처에 
통보 하고 이의 교체를 요청할 수 있습니다. 
③ 거래처가 대리인을 통하여 수표나 어음을 발행할 때에는 수표 또는 어음 면에 거래처 본인 및 
대리인의 성명을 적고 대리 관계를 나타내는 표시를 하여야 하며 은행은 대리인 명의만으로 
발행한 수표나 어음을 지급 거절할 수 있습니다. 
 
제 12 조  당좌·가계당좌예금 계약의 해지 
① 은행은 거래처가 관련법규나 규정을 위반하여 당좌거래 자격을 잃거나 이 약관의 중요사항을 
위반하여 은행과 당좌거래를 계속하는 것이 부적절하다고 판단될 때에는 미리 서면으로 
통지하고 해당 예금계약을 해지할 수 있습니다. 
② 은행은 거래처가『신용정보관리규약』의 기준에 의해 신용불량정보 대상자로 등록되고, 은행이 
정한 당좌· 가계당좌 예금 계약 해지사유에 해당할 때에는 이 예금을 해지하고 그 사실을 
거래처에 통지합니다. 
 
제 13 조  당좌·가계당좌예금 해지 후 처리 
이 예금을 해지했을 때는 해지 전에 발행한 수표나 어음이 지급제시 되더라도 은행은 지급하지 
않으며 거래처는 사용하지 않은 수표나 어음용지를 곧 개설점에 반환하여야 합니다. 
 
제 14 조  당좌예금 거래보증금 
① 거래처는 은행이 따로 정한 당좌예금 거래보증금(이하 '보증금'이라 합니다)을 은행에 
별단예금으로 예치해야 하며, 보증금에는 이자를 붙이지 않습니다. 
② 은행이 제1항의 보증금액을 변경했거나 거래처가 개설점 변경 등으로 예치한 보증금이 부족할 
경우 거래처는 그 차액을 추가로 예치하여야 하고, 남으면 은행은 그 차액을 거래처에게 돌려 
줍니다. 
③ 이 예금을 해지했을 때 은행은 제1항의 보증금을 거래처가 은행에 갚아야 할 채무변제로 충당합
니다. 
④ 은행은 제3항의 절차를 마치고 보증금이 남았을 때에는 사용하지 않은 수표· 어음용지를 모두 
회수한 뒤에 돌려 줍니다.  다만, 이미 발행한 수표나 어음으로서 지급제시 되지 않은 것이 있을 
때에는 부도처리수수료와 어음교환 업무규약에서 정한 부도어음 제재금 만큼 빼고 돌려줍니다. 
⑤ 제4항 전단의 규정에도 불구하고 거래처가 수표나 어음용지를 회수할 수 없는 정당한 사유가 
있으면 은행은 곧 보증금을 돌려줍니다. 
 
 
부     칙 
이 약관은 2016. 2. 19부터 적용합니다. 
 
부     칙 
제1조(시행일)  
제2조 제3항을 신설하는 개정약관은 2016년 12월30일부터 시행한다. 
제2조(이자에 관한 경과조치) 
제2조 제3항의 최종거래일이 이 약관 시행일보다 전일자인 예금의 경우, 해당 예금의 최종거래일은 이약관의 
시행일로 본다. 
 
부     칙 
이 약관은 2017.6.30부터 적용합니다. 

 
 
4 
부     칙 
이 약관은 2020.10.8부터 적용합니다. 
 
부     칙 
이 약관은 2024.3.29부터 적용합니다. 
 
 
 
본 약관은 법령 및 내부통제기준에 따른 절차를 거쳐서 제공됩니다.",ok,
products/deposit/약관 및 상품설명서 (6).pdf,약관 및 상품설명서 (6).pdf,products/deposit,9,"예금거래기본약관 
 
이 예금거래기본약관(이하 “이 약관”이라 합니다)은 주식회사 국민은행(이하 “은행”이라 합니다)과 거래처
(또는 예금주)가 서로 믿음을 바탕으로 예금거래를 빠르고 틀림없이 처리하는 한편, 서로의 이해관계를 합
리적으로 조정하기 위하여 기본적이고 일반적인 사항을 정한 것입니다. 은행은 이 약관을 영업점에 놓아 두
고, 거래처는 영업시간 중 언제든지 이 약관을 볼 수 있고 또한 그 교부를 청구할 수 있습니다. 
 
제1조(적용범위) 
이 약관은 입출금이 자유로운 예금, 거치식예금, 적립식예금 거래에 적용합니다. 
 
제2조(실명거래) 
① 거래처는 실명으로 거래하여야 합니다. 
② 은행은 거래처의 실명확인을 위하여 주민등록증·사업자등록증 등 실명확인증표 또는 그밖에 필요한 
서류의 제시나 제출을 요구할 수 있고, 거래처는 이에 따라야 합니다. 
 
제3조(거래장소) 
거래처는 예금계좌를 개설한 영업점(이하 “개설점” 이라 합니다)에서 모든 예금거래를 합니다. 다만, 은행
이 정하는 바에 따라 다른 영업점이나 다른 금융기관, 또는 현금자동출금기·현금자동입출금기·컴퓨터·전
화기 등(이하 “전산통신기기”라 합니다)을 통해 거래할 수 있습니다. 
 
제4조(거래방법) 
거래처는 은행에서 내준 통장(증서, 전자통장을 포함합니다, 이하 같습니다.) 또는 수표·어음 용지로 거래
하여야 합니다. 그러나 입금할 때와, 자동이체약정·전산통신기기·바이오인증 이용약정에 따라 거래하는 
경우 및 기 등록된 생체정보(이하 “바이오정보”), 실명확인증표 등을 통해 본인확인된 경우에는 통장 없
이(이하 “무통장”)도 거래할 수 있습니다. 
 
제5조(인감과 비밀번호 등의 신고) 
① 거래처는 거래를 시작할 때 인감 또는 서명, 비밀번호, 성명, 상호, 대표자명, 대리인명, 주소 등 거래
에 필요한 사항을 신고하여야 합니다. 다만, 비밀번호는 비밀번호입력기(이하 “Pin-Pad기”라 합니다)
에 의하여 거래처가 직접 등록할 수 있으며, 거래처가 은행에 내점할 수 없는 경우 거래처는 개설된 예
금의 첫거래 전에 은행이 정한 방법에 따라 전산통신기기를 이용하여 비밀번호를 등록하여야 합니다. 
② 제1항에 불구하고 은행에서 따로 정하는 예금은 비밀번호를 신고하지 않습니다. 
③ 거래처는 인감과 서명을 함께 신고하거나, 인감 또는 서명을 추가 신고 할 수 있습니다. 
④ 통장을 발행하지 않는 경우 은행은 거래처로부터 인감 또는 서명의 신고 절차를 생략할 수 있습니다. 
 
제6조(입금) 
① 거래처는 현금이나 즉시 추심할 수 있는 수표·어음·기타 증권(이하 “증권”이라 합니다) 등으로 입금

할 수 있습니다. 
② 거래처는 현금이나 증권으로 계좌송금(거래처가 개설점 이외에서 자기 계좌에 입금하거나, 제3자가 
개설점 또는 다른 영업점이나, 다른 금융기관에서 거래처 계좌에 입금하는 것) 하거나, 계좌 이체(거래
처의 신청에 따라 은행이 특정계좌에서 자금을 출금하여 같은 은행 또는 다른 은행의 다른 계좌에 입
금하는 것)를 할 수 있습니다. 
③ 증권으로 입금할 때 입금인은 증권의 백지보충이나 배서 또는 영수기명날인 등 필요한 절차를 밟아야 
하며, 은행은 백지보충 등의 의무를 지지 않습니다. 
④ 입금하는 증권이 수표나 어음일 때 은행은 소정 금액란에 적힌 금액으로 처리합니다. 
 
제7조(예금이 되는 시기) 
① 제6조에 따라 입금한 경우 : 다음 각 호의 시기에 예금이 됩니다. 
1. 현금으로 입금한 경우 : 은행이 이를 받아 확인한 때 
2. 현금으로 계좌송금 하거나 또는 계좌 이체한 경우 : 예금원장에 입금의 기록을 한 때 
3. 증권으로 입금하거나 계좌 송금한 경우 : 은행이 그 증권을 교환에 돌려 부도 반환 시한이 지나고 
결제를 확인한 때. 다만, 개설점에서 지급하여야 할 증권은 그날 안에 결제를 확인한 때 
② 제1항 제3호에도 불구하고 증권이 자기앞수표이고 지급제시기간 안에 사고신고가 없으며 결제될 것
이 틀림없음을 은행이 확인한 경우에는 예금원장에 입금의 기록이 된 때 예금이 됩니다. 
③ 은행은 특별한 사정이 없는 한 제1항 및 제2항의 확인 또는 입금기록을 신속히 하여야 합니다. 
 
제8조(증권의 부도) 
① 제6조 제1항에 따라 입금한 증권이 지급거절되었을 때는 은행은 그 금액을 예금원장에서 뺀 뒤, 거래
처(무통장 입금일 때는 입금의뢰인)가 신고한 연락처로 그 사실을 알립니다. 다만, 통화불능 등 부득이
한 사유로 그 사실을 알릴 수 없는 경우에는 그러하지 아니합니다. 
② 은행은 지급 거절된 증권을 그 권리보전절차를 밟지 아니하고, 입금한 영업점에서 거래처(무통장 입
금일 때는 입금의뢰인)가 반환 청구할 때 돌려줍니다. 다만, 증권발행인이 지급 거절한 날의 다음 영업
일까지 증권을 입금한 예금계좌에 해당자금을 현금이나 즉시 현금으로 바꿀 수 있는 증권으로 입금했
을 때는 발행인에게 돌려줄 수 있습니다. 
 
제9조(이자) 
① 이자는 원을 단위로 약정한 예치기간 또는 제7조에 따라 예금이 된 날(자기앞수표·가계수표는 입금일)
부터 지급일 전날까지의 기간에 대하여 은행이 정한 이율로 셈합니다. 
② 은행은 예금종류별 예금이율표를 영업점 및 인터넷 홈페이지에 비치·게시하고, 이율을 바꾼 때는 그 
바꾼 내용을 영업점 및 인터넷 홈페이지에 1개월 동안 게시합니다. 
③ 제2항에 따라 이율을 바꾼 때는, 입출금이 자유로운 예금은 바꾼 날로부터 바꾼 이율을 적용하며, 거
치식·적립식예금은 계약 당시의 이율을 적용함을 원칙으로 하되, 변동금리가 적용되는 예금은 바꾼 날
로부터 바꾼 이율을 적용합니다. 
④ 변동이율을 적용하는 거치식·적립식예금은 최초 거래시 이율적용방법을 통장, 전산통신기기 등으로 

표시하며, 변동이율을 적용하는 적립식예금은 이율을 바꾼 때마다 바뀐 이율을 통장에 기록하거나 전산
통신기기 등으로 안내합니다. 
⑤ 거래처가 실제 받는 이자는 제1항에 따라 셈한 이자에서 소득세법 등 관계법령에 따라 원천징수한 
세액을 뺀 금액입니다. 
 
제9조의2(휴면예금 및 출연) 
① 은행은 예금이 다음 각 호에 해당할 때에는 예금채권의 소멸시효가 완성된 것(이하 “휴면예금”이라 
한다)으로 봅니다. 
가. 입출금이 자유로운 예금은 이자지급을 포함한 최종거래일로부터 5년 이상 경과한 예금 
나. 거치식, 적립식예금은 만기일 또는 이자지급을 포함한 최종거래일로부터 5년 이상 경과한 예금 
② 제1항에 따른 휴면예금은 「서민의 금융생활 지원에 관한 법률」 제40조 따라 “서민금융진흥원”으로 
출연될 수 있으며, 원권리자는 출연된 휴면예금을 동법 제45조에 따라 지급청구 할 수 있습니다. 
③ 예금계약은 예금이 제1항 각 호에 따라 휴면예금에 해당하게 된 시점에 자동 종료하며, 해당 계좌는 
더 이상 이용이 불가합니다. 잔액이 0원으로 된 예금이 제1항 각 호에 해당하게 된 경우도 같습니다. 
 
제10조(지급·해지청구) 
① 거래처가 예금·이자를 찾거나 예금계약을 해지하고자 할 때는 신고한 비밀번호 등 필요한 사항을 적
거나 PIN-Pad기에 입력하고, 거래 인감을 날인하거나 서명감과 일치하게 서명한 지급 또는 해지 청구
서를 제출하여야 합니다. 
② 거래처가 무통장으로 거래하고 실명확인증표 등에 의해 본인확인된 경우 은행이 정하는 바에 따라 제
1항에 따른 절차의 전부 또는 일부를 생략할 수 있습니다. 
③ 거래처가 자동이체·전산통신기기·바이오인증 등을 이용하여 찾을 때는 그 약정에서 정한 바에 따릅니
다. 
 
제11조(금융사고자금 지급정지) 
① 은행은 ‘금융사고예방을 위한 공동협약’(이하 “협약”이라 한다) 및 ‘금융사고예방을 위한 공동협약 시
행세칙’(이하 “세칙”이라 한다)에서 정하는 금융사고(이하 “금융사고”라 한다)로 인한 사고자금이 이체
된 거래처의 계좌(이하 “사고계좌”라 한다)에 대하여 금융사고가 발생한 금융기관의 요청이 있는 경우 
지체없이 지급정지를 취한다. 
② 제1항의 지급정지 금액은 금융사고로 인해 이체된 금액 이내로 한다. 
③ 제1항의 지급정지기간은 지급정지한 날로부터 10영업일 이내로 한다. 다만, 지급정지를 요청한 금융
기관의 신청으로 법원에 의한 결정문 송달이 이루어진 경우에는 그러하지 아니하며, 법원의 결정문 송
달이 지연되어 지급정지를 요청한 금융기관이 관련 증빙서류를 첨부하여 서면으로 지급정지기간의 연
장을 요청하는 경우 은행은 10영업일 이내에서 연장할 수 있다. 
④ 은행이 제1항의 지급정지를 한 때에는 지체없이 거래처에 지급정지 사실과 이의신청 절차를 유선 또
는 이와 상응하는 방법으로 통지하여야 하며, 거래처가 이의를 신청한 때에는 은행이 정한 민원처리 절
차에 의하여 처리한다. 

⑤ 거래처가 지급을 청구하는 경우에는 금융사고에 의해 이체된 자금을 제외하고 지급한다. 
⑥ 은행은 금융사고와 관련한 사항이 해소 된 경우 지체없이 지급정지를 해지 하여야 한다. 
⑦ 은행은 거래처의 계좌에서 금융사고로 인한 사고자금이 다른 금융기관에 이체된 경우 사고발생을 인
지한 날로부터 10일 이내에 그 다른 금융기관에 대하여 지급정지를 요청할 수 있다. 
⑧ 이 조의 금융사고자금 지급정지와 관련하여 이 조에서 정하지 아니한 사항은 제1항의 협약 및 세칙
에서 정하는 바에 따른다. 
 
제12조(지급시기) 
① 입출금이 자유로운 예금은 거래처가 찾을 때 지급합니다. 이 경우 기업자유예금은 먼저 예금한 금액
부터 지급합니다. 
② 거치식·적립식예금은 만기일 이후 거래처가 찾을 때 지급합니다. 
 
제13조(양도 및 질권설정) 
① 거래처가 예금을 양도하거나 질권설정 하려면 사전에 은행에 통지하고 동의를 받아야 합니다. 다만, 
법령에 의하여 금지되는 경우에는 양도나 질권설정을 할 수 없습니다. 
② 입출금이 자유로운 예금은 질권설정 할 수 없습니다. 
 
제14조(사고·변경사항 신고) 
① 거래처는 통장·도장·카드 또는 증권이나 그 용지를 분실·도난·멸실·훼손했을 때는 곧 서면으로 신고
하여야 합니다. 다만, 긴급하거나 부득이할 때는 영업시간 중에 전화 등으로 신고할수 있으며 이 때는 
다음 영업일 안에 서면 신고 하여야 합니다. 
② 거래처가 인감 또는 서명, 비밀번호, 성명, 상호, 대표자명, 대리인명, 주소, 전화번호 기타 신고 사항
을 바꿀 때는 서면으로 신고하여야 합니다. 다만, 비밀번호는 서면신고 없이 전산통신기기를 이용하여 
바꿀 수 있으며, 이 경우 계좌번호, 주민등록번호, 비밀번호 등 은행이 정한 요건이 맞으면 은행은 새로
운 비밀번호로 변경 처리 합니다. 
③ 거래처는 주소, 전화번호 등의 일부 신고사항에 대하여는 은행이 정한 방법에 따라 전산통신기기를 
이용하여 변경할 수 있습니다. 
④ 제1항 및 제2항의 신고는 은행이 이를 접수한 뒤 전산입력 등 필요한 조치를 하는데 걸리는 합리적
인 시간이 지나면 그 효력이 생기며 전산장애 등 불가항력적인 사유로 처리하지 못한 때는 복구 등 사
유 해제시 즉시 처리해야 합니다. 
⑤ 제1항의 신고를 철회할 때는 거래처 본인이 서면 또는 전산통신기기 등으로 하여야 합니다. 
 
제15조(통장·카드의 재발급 등) 
제14조에 따라 통장·도장·카드에 대한 사고신고가 있을 때에는 은행은 신고인이 거래처 본인임을 확인
하는 등 필요한 조치를 마친 뒤에 재발급하거나 지급합니다. 
 
제16조(통지방법 및 효력) 

① 은행은 오류의 정정 등 예금거래에서 발생하는 일반적 사항을 통보하는 경우에는 거래처가 신고한 연
락처로 전화 통보할 수 있습니다. 이 때, 통화자가 거래처 본인이 아닌 경우, 그 통화자가 은행의 통지
내용을 이해하고 이를 거래처에 전달 할 것이라고 믿을 충분한 이유가 있는 때에는 거래처에 정당하게 
통보한 것으로 봅니다. 
② 은행이 예금거래에서 발생하는 일반적 사항을 서면으로 통지했을 때는 천재지변 등 불가 항력적인 경
우 외에는 보통의 우송기간이 지났을 때 도달한 것으로 봅니다. 
③ 은행은 예금계약의 임의해지 등 중요한 의사표시를 하는 때는 서면으로 하여야 하며 그 통지가 거래
처에 도달되어야 의사표시의 효력이 생깁니다. 다만, 관계법령 또는 어음교환업무규약 등에 의하여 예
금계약을 해지한 경우나 거래처가 제14조에 의한 변경 신고를 게을리하여 도달되지 않은 때에는 그러
하지 아니합니다. 
 
제17조(면책) 
① 은행은 예금지급청구서, 증권(어음교환소에서 전자적정보의 형태로 제시된 어음ㆍ수표 등 포함) 또는 
신고서 등에 찍힌 인영(또는 서명)을 신고한 인감(또는 서명감)과 육안으로 주의 깊게 비교·대조하여 
틀림없다고 여기고, 예금지급청구서 등에 적힌 비밀번호나 PIN-Pad기를 이용하여 입력된 비밀번호가 
신고 또는 등록한 것과 같아서 예금을 지급하였거나 기타 거래처가 요구하는 업무를 처리하였을 때에
는 인감이나 서명의 위조·변조 또는 도용이나 그밖의 다른 사고로 인하여 거래처에 손해가 생겨도 그 
책임을 지지 않습니다. 다만, 은행이 거래처의 인감이나 서명의 위조·변조 또는 도용 사실을 알았거나 
알 수 있었을 때는 그러하지 아니합니다. 
② 전산통신기기 등을 이용하거나 거래정보 등의 제공 및 금융거래명세 등의 통보와 관련하여 은행이 책
임질 수 없는 사유로 계좌번호, 비밀번호 등의 금융정보가 새어나가 거래처에 손해가 생겨도 은행은 그 
책임을 지지 않습니다. 
③ 은행이 거래처의 실명확인증표 등으로 주의 깊게 본인확인하여 예금을 지급하였거나 기타 거래처가 
요구하는 업무를 처리하였을 때에는 위조·변조 또는 도용이나 그밖에 다른 사고로 인하여 거래처에 손
해가 생겨도 그 책임을 지지 않습니다. 다만, 은행이 고의 또는 과실로 인한 귀책사유가 있는 경우 은
행은 그 책임의 일부 또는 전부를 부담합니다. 
④ 은행이 주민등록증 등 실명확인증표로 주의 깊게 실명확인 하거나 실명 전환한 계좌는 거래처가 실명
확인증표 또는 서류의 위조·변조·도용 등을 한 경우, 이로 인하여 거래처에 손해가 생겨도 은행은 그 
책임을 지지 않습니다. 
⑤ 거래처가 제14조 제1항, 제2항, 제4항의 신고나 절차를 미루어생긴 손해에 대해 은행은 그 책임을 
지지 않습니다. 다만, 이 경우에도 은행은 거래처에 손해가 발생하지 않도록 선량한 관리자로서의 주의
를 다하여야 합니다. 
 
제18조(수수료) 
① 거래처가 개설점이 아닌 다른 영업점이나 다른 금융기관 또는 전산통신기기 등을 통해 거래할 때 은
행은 온라인수수료나 추심수수료 등을 받을 수 있습니다. 
② 은행은 제1항의 경우 외에도 거래처가 자기앞수표 발행 등을 원하거나 거래처 잘못으로 통장 재발행 

등을 요청하는 경우 그 사무처리와 관련하여 수수료를 받을 수 있습니다. 
③ 제1항, 제2항과 관련한 수수료표는 영업점 및 인터넷 홈페이지에 게시합니다. 
 
제19조(오류처리 등) 
① 은행이 예금원장이나 통장거래내용을 사실과 다르게 처리하였을 때는, 이를 확인하여 바르게 고치고 
그 사실을 거래처에 통지하여야 합니다. 
② 거래처는 거래를 마친 때 그 내용이 맞는가를 확인하고, 거래내용이 사실과 다를 때는 바르게 고칠 
것을 요구할 수 있으며, 은행은 그 사실을 확인하고 바르게 처리하여야 합니다. 
 
제20조(예금의 비밀보장) 
① 은행은 「금융실명거래 및 비밀보장에 관한 법률」등 법령에서 정한 경우를 제외하고는 거래처의 거래
내용에 대한 자료나 정보를 남에게 제공하지 않습니다. 
② 은행은 거래처가 전산통신기기 등으로 무통장입금(송금 포함), 예금잔액 등에 관한 정보의 제공을 요
청한 때는 명의인·계좌번호·비밀번호[자동응답 서비스(ARS)는 계좌번호·비밀번호]가 맞으면 그 요청
자를 본인으로 여겨 입금(송금)을 하고 입금인, 입금액, 예금 잔액 등에 관한 정보를 제공할 수 있으며, 
이로 인하여 금융거래 정보누설 등으로 거래처에 손해가 생겨도 그 책임을 지지 않습니다. 
 
제21조(약관변경) 
① 은행은 이 약관이나 입출금이 자유로운 예금 약관, 거치식·적립식예금 약관(이하 총칭하여 본조에서” 
약관등” 이라고 합니다)을 변경하고자 하는 경우에는 변경되는 약관등의 시행일 1개월 전에 그 내용
을 영업점과 인터넷 홈페이지에 게시하여 거래처에 알립니다. 다만, 다음 각 호의 어느 하나에 해당
하는 경우에는 변경된 약관등을 즉시 게시 또는 공고하여야 합니다. 
1. 법령의 개정, 제도의 개선 또는 관련 법령에 의한 약관변경권고(명령)로 인하여 긴급히 약관등을 변
경한 경우 
2. 약관등의 개정이 거래처에 유리한 경우 
3. 변경 전 내용이 기존 거래처에 그대로 적용되는 경우 
4. 기존 약관등의 내용이 실질적으로 변경되지 않는 단순한 문구 변경의 경우 
② 은행은 약관등을 변경하는 경우 제1항에 따른 게시와는 별도로 변경되는 약관등의 시행일 1개월 전
에 거래처에 변경 내용(신·구조문대비표 포함)을 다음 각 호 중 1개(거래처에 불리한 변경인 경우에는 
3개) 이상의 방법으로 알리되, 제1호 내지 제3호의 방법이 포함되어야 합니다. 다만, 전항 각 호의 어
느 하나에 해당하는 경우에는 즉시 거래처에 알립니다. 
1. 거래처가 신고한 정보에 따른 우편 또는 전자우편(E-mail)에 의한 통지 
2. 거래처가 신고한 휴대전화 문자메시지(SMS, MMS) 또는 이에 준하는 거래처가 사전 동의한 전자적 
의사표시에 의한 통지 
3. 거래처와 약정한 별도의 전자기기(앱푸쉬 등)에 의한 통지 
4. 거래통장에 표기 
5. 현금자동지급기/현금자동입출금기 설치장소에 게시(이 경우 큰 문자를 사용하고 알아보기 쉬운 위치

에 게시합니다) 
6. 인터넷뱅킹 및 모바일뱅킹 초기화면에 게시 
③ 제2항에도 불구하고, 내용의 실질적 변경을 수반하지 않는 오탈자나 자구 수정 등 단순한 문구 변경
인 경우에는 제2항을 적용하지 아니합니다. 
④ 제1항의 게시 또는 제2항의 통지를 할 경우 “예금주가 변경에 동의하지 아니한 경우 제1항의 게시일 
또는 제2항의 통지를 받은 날로부터 1개월 이내에 계약을 해지할 수 있으며, 계약해지의 의사표시를 
하지 아니한 경우에는 변경에 동의한 것으로 본다”라는 취지의 내용을 함께 게시 또는 통지합니다. 
⑤ 제4항의 게시일 또는 통지를 받은 날로부터 1개월 이내에 계약해지의 의사표시가 도달하지 않으면 
거래처가 변경에 동의한 것으로 봅니다. 
 
제22조(약관적용의 순서) 
① 은행과 거래처 사이에 개별적으로 합의한 사항이 약관조항과 다를 때는 그 합의사항을 약관에 우선하
여 적용합니다. 
② 이 약관에 정한 사항과 입출금이 자유로운 예금 약관 또는 거치식·적립식예금 약관에서 정한 사항이 
다를 때는 입출금이 자유로운 예금 약관이나 거치식·적립식예금 약관을 먼저 적용합니다. 
 
제23조(기타) 
이 약관과 입출금이 자유로운 예금 약관 또는 거치식·적립식예금 약관에서 정하지 않은 사항은 따로 약
정이 없으면 관계법령, 어음교환업무규약을 적용 합니다. 
 
제24조(이의제기) 
거래처는 은행거래와 관련하여 이의가 있을 때 거래은행의 분쟁처리기구에 해결을 요구하거나, 금융분쟁
조정위원회 등을 통해 분쟁조정을 신청할 수 있습니다. 
 
제25조(위법계약의 해지) 
금융소비자는 「금융소비자보호에 관한 법률」 제47조 및 관련 규정이 정하는 바에 따라 서면등으로 해당 
계약의 해지를 요구할 수 있습니다. 
 
제26조(고객확인 및 검증) 
① 「특정 금융거래정보의 보고 및 이용 등에 관한 법률」과 「공중 등 협박목적 및 대량살상무기확산을 
위한 자금조달행위의 금지에 관한 법률」에 따른 고객확인 및 검증을 위해 은행은 거래처에 다음 각 호
에서 정한 정보, 문서, 자료 등을 요구할 수 있으며, 거래처가 이를 거부하거나 확인·검증이 충분히 이
루어지지 않을 경우 금융거래가 지연되거나 거절됩니다. 
1. 개인 
정 보 자 료 
성명, 실명번호, 국적, 
주소(거소), 연락처 등 
실명확인증표(주민등록증, 운전면허증, 여권 등), 
행정정보문서(주민등록등본 등), 

실제소유자가 다른 경우 추가서류 필요 
직장명, 직장주소, 업종 등 직장정보문서(재직증명서 등) 
거래목적, 자금원천, 
재산현황 등 
기타 추가정보 확인이 가능한 자료 
(부동산 계약서, 공과금 고지서 등) 
 
2. 법인(단체) 
정 보 자 료 
법인(단체)명, 실명번호, 
주소, 연락처, 대표자 정보, 
실제소유자(주주 및 임원), 
업종, 설립목적 등 
실명확인증표(사업자등록증 등), 대표자 신원정보문서, 
법인(단체) 확인문서(법인등기사항전부증명서, 정관, 
규약 등), 주주명부(출자자명부) 등 
회사 경영정보, 거래목적, 
자금원천 등 
기타 추가정보 확인이 가능한 자료 
(전자세금계산서, 각종 인허가서 등) 
 
② 「특정 금융거래정보의 보고 및 이용 등에 관한 법률」에서 정한 가상자산사업자인 거래처는 은행에 
가상자산사업자임을 고지하여야 하며, 고지하지 않아 고객확인 및 검증이 충분히 이루어지지 않을 경
우 금융거래가 거절되거나 종료됩니다. 
③ 「공중 등 협박목적 및 대량살상무기확산을 위한 자금조달행위의 금지에 관한 법률」에 의거 금융거
래등제한대상자로 지정되어 고시된 자, UN 등 자금세탁방지와 관련하여 국제사회에서 발표하는 거래
제한 대상자에 대해서는 금융거래가 제한되거나 거절됩니다. 
 
 
부     칙 
이 약관은 2003.12.1.부터 시행합니다. 
 
부     칙 
이 약관은 2016.12.30.부터 시행합니다. 
 
부     칙 
이 약관은 2020.10.8.부터 시행합니다. 
 
부     칙 
이 약관은 2021.3.25.부터 시행합니다. 
 
부     칙 
이 약관은 2021.10.11.부터 시행합니다. 
 
부     칙 
이 약관은 2022.3.14.부터 시행합니다. 
 
부     칙 
이 약관은 2023.2.27.부터 시행합니다. 
 
부     칙 
이 약관은 2025.2.7.부터 시행합니다. 
 
본 「예금거래기본약관」은 법령 및 내부통제 기준에 따른 절차를 거쳐서 제공됩니다.",ok,
products/deposit/약관 및 상품설명서 (7).pdf,약관 및 상품설명서 (7).pdf,products/deposit,3,"「KB마이핏통장」 특약 
 
 
제 1 조  적용범위 
① “KB마이핏통장(이하 ‘이 통장’이라 합니다)” 거래는 이 특약을 적용하며, 이 특약에서 정하지 않은 사항은 
예금거래기본약관 및 입출금이 자유로운 예금약관을 적용합니다.  
② 이 통장의 거래에 있어서 발생하는 전자금융거래에 관한 사항은 「전자금융거래기본약관」을 적용합니다. 
 
제 2 조  가입대상   
① 이 통장의 가입대상은 만 18세 이상 만 38세 이하 실명의 개인(개인사업자 불포함)으로,  
순수개인 및 관련서류 미제출 임의단체 명의로 가입 가능하며, 개인사업자 명의로 가입은 불가합니다. 
② 신규/전환 가입 후에는 가입대상 연령과 관계 없이 이 통장을 계속하여 이용 가능합니다. 
③ 이 통장은 1인 1계좌만 가입이 가능하며, 공동명의로 가입이 불가합니다. 
 
제 3 조  예금과목 
이 통장의 예금과목은 저축예금으로 합니다.  
 
제 4 조  전환가입 
사용 중인 저축예금 통장에서 이 통장으로 전환가입이 가능합니다. 다만, 공동명의 계좌, KB증권통장 및  
MMDA통장의 경우 이 통장으로 전환가입이 불가합니다. 
 
제 5 조  적용이율 
① 이 통장의 기본이율은 결산일(매년 2월, 5월, 8월, 11월의 둘째 금요일) 현재 영업점 또는 KB국민은행  
홈페이지에 게시한 기본이율을 적용합니다. 
② 이 통장의 가입고객이 제8조의 머니쪼개기 서비스에 따라 [비상금]을 설정하고, 이 통장에서 결산일이 속한  
월의 전월 말일 기준 직전 3개월 동안 2개월 이상 거래실적이 다음 각 호 중 1가지 이상 해당하는 경우,  
이자계산기간동안 매일의 [비상금] 최종잔액에 대하여 결산일 현재 영업점 또는 KB국민은행 홈페이지에  
게시한 비상금이율을 적용합니다. 
1. 이 통장에 급여(지정)일을 등록하고, 지정한 일자(전후 1영업일 포함 3영업일)에 건별 50만원 이상 금액이  
입금(이체)된 경우 (※ 단, 지정한 일자가 휴일인 경우에는 전 영업일을 지정일로 합니다.) 
      2. 아래의 급여성 적요가 기재되어 건별 50만원 이상 금액이 입금(이체)된 경우 
         ㅇ 월급/급여/수당/급료/상여/보너스/봉급/연금/성과급/보로금/임금/Salary/Bonus/Pay 
3. 급여이체계약(신청)에 의해 KB국민은행 급여이체전산(선일자, 탑라인, 기업인터넷뱅킹 등)을 통해 건별 
50만원 이상 금액이 입금(이체)된 경우 
③ 다만 본 조 제②항의 1호 및 2호의 경우 KB국민은행 본인계좌(개인사업자 계좌 포함)에서 이체된 건과 
KB국민은행 영업점 또는 자동화기기에서 본인명의로 입금(이체)된 건은 실적에서 제외됩니다. 
④ 본 조 제②항에 의해 비상금이율을 적용할 경우 기본이율은 적용하지 않습니다. 
⑤ 고객의 입금 금액 정정 요청 등 부득이한 사유로 KB스타뱅킹앱의 비상금 거래내역에 표시된  
비상금 잔액보다 실제 비상금 잔액이 더 적은 경우 실제 잔액에 대하여 비상금이율을 적용합니다. 

 
제 6 조 전환계좌의 이율적용 기준 
① 다른 통장에서 이 통장으로 전환가입한 경우에는 전환일이 속한 이자계산기간에 대해서는 기존 통장의  
이율을 적용하고, 그 다음 이자계산기간부터 제5조에서 정한 이율(이하 “이 통장의 이율”이라 합니다)을  
적용합니다. 
② 이 통장에서 다른 통장으로 전환한 경우에는 전환일이 속한 이자계산기간에 대해서는 이 통장의 이율을  
적용하고, 그 다음 이자계산기간부터 전환된 통장의 이율을 적용합니다. 
 
제 7 조 수수료면제 혜택 
① 이 통장에서 전월(1일~말일) 거래실적이 다음 각 호 중 1가지 이상 해당하는 경우, 이번 달 11일부터  
다음 달 10일까지 이 통장에서 발생한 전자금융(인터넷뱅킹, 폰뱅킹, 모바일뱅킹) 다른은행 이체 수수료,  
KB국민은행 ATM 다른은행 이체 수수료, KB국민은행 ATM 시간외 출금수수료 및 다른은행 ATM 
출금 수수료를 면제합니다. 
※ 단, 다른은행 ATM의 경우 은행 외부에 설치된 다른은행 제휴ATM 및 효성/나이스/한네트 등 
VAN사 ATM은 제외됩니다. 
1. 제5조의 비상금이율 적용조건에 해당하는 급여(지정)일 입금 실적 
2.  KB국민카드(신용·체크·KB국민비씨카드 포함) 결제실적(현금서비스 포함) 
② 통장의 신규/전환일로부터 다음 다음달 10일까지는 거래실적에 관계 없이 제①항의 수수료를 면제합니다. 
 
제 8 조  머니쪼개기 서비스 
① 이 통장 가입 고객에게는 통장 잔액을 기본비/생활비/비상금으로 나누어 관리할 수 있는 머니쪼개기 서비스가  
제공됩니다. 기본비는 자동으로 설정되며, 생활비/비상금은 필요에 따라 설정·해제 가능합니다. 
기본비 - 모든 입금과 출금을 자유롭게 거래 
생활비 - KB 체크카드로 쓸 돈을 따로 정해 계획적인 소비 관리 
비상금 
- 비상 시 쓸 돈을 비상금이율 혜택 받으며 따로 보관 (최대 2백만원까지 설정 가능) 
※ 비 상 금 이 율 적 용 조 건 충족 시 비상금으로 설정된 금액에 대해 비 상 금 이 율 적용 
② 머니쪼개기 서비스는 KB스타뱅킹앱에서 이용 가능합니다. 
③ 머니쪼개기 서비스 이용방법은 다음 각 호와 같습니다. 
    1. 이 통장의 모든 입금과 출금은 [기본비]에서 거래되며, [생활비]를 설정한 경우 KB체크카드로 이용한  
체크승인금액* 결제는 [생활비] 잔액 내에서만 가능합니다. 또한 [기본비]에서 출금가능한 잔액이 부족한  
때에는 연체방지 등을 위해 금액이동 없이, 부족한 금액만큼 [생활비]에서 출금됩니다. 
(* KB체크카드의 현금카드 기능 및 후불교통카드 기능 이용금액 제외) 
2. [비상금] 잔액은 현금출금, 송금, 자동이체, 신용/체크카드 결제, 공과금·보험료·휴대폰대금 결제 등  
모든 출금이 불가합니다. 
3. 기본비/생활비/비상금간 [금액이동]하여 기본비/생활비/비상금 잔액을 변경합니다. 
④ 다른 통장에서 이 통장으로 전환가입하는 경우 전환가입 후 처음 도래하는 결산일 다음날부터  
[비상금] 설정이 가능합니다. 
 
 

 
⑤ 이 통장에 종합통장자동대출을 설정한 경우 또는 통장을 양도/상속한 경우 [생활비/비상금] 이용이 제한되며, 
[생활비/비상금]은 자동으로 해제됩니다. 
 
제 9 조  거래방법 
① 이 통장의 신규/전환은 영업점, KB스타뱅킹앱을 통해 가능합니다. 
② 이 통장의 머니쪼개기 서비스는 KB스타뱅킹앱에서만 이용 가능합니다. 
③ 이 통장의 해지는 영업점, KB스타뱅킹앱 및 인터넷뱅킹에서 가능합니다.  
 
제 10 조  제한사항 
  이 통장에서 다른 통장으로 전환한 경우 다음 결산일까지 이 통장으로 재전환이 불가합니다. 
 
 
 
부 칙 
이 약관은 2020.06.01 부터 시행합니다. 
 
부 칙 
이 약관은 2021.9.24부터 시행하며 신규 가입고객에 한하여 적용됩니다. 
 
부 칙 
이 약관은 2022.6.30부터 시행합니다.",ok,
products/deposit/약관 및 상품설명서 (8).pdf,약관 및 상품설명서 (8).pdf,products/deposit,5,"KB 마이핏통장 상품설명서 
 
1  상품 개요 및 특징 
 
상품명 KB마이핏통장 
특징 
❶ 하나의 통장을 목적에 맞게 쪼개 쓸 수 있는 통장 [최고 연1.5%(세금공제전)] 
KB마이핏통장 잔액 1,500,000 원 
• 기본비 [입출금] 잔액 200,000 원 
• 생활비 [KB체크카드 결제] 잔액 300,000 원   
• 비상금 [조건 달성 시 연1.5% (세금공제 전)] [출금제한] 잔액 1,000,000 원 
❷ 전자금융 이체 수수료, KB국민은행 및 다른은행 ATM 출금 수수료 등 면제 
 
2  거래 조건 
 
구   분 내   용 
가입대상 
만 18세 이상 만 38세 이하 실명의 개인 (1인 1계좌) 
※ 관련서류 미제출 임의단체 가입 가능, 개인사업자 및 공동명의 가입 불가 
※ 가입 후에는 연령과 관계 없이 이 통장 계속 이용 가능 
상품유형 입출금이 자유로운 예금 (저축예금)  신규금액 제한 없음 
이자지급 시기 
이자는 2월, 5월, 8월, 11월 둘째 금요일(결산일)을 기준으로 결산하여 다음날 계좌로 지급 
※ 결산 시 이자계산기간 : 최초 예금일(또는 지난 이자지급일) ~ 이번 이자지급일 전날 
┗ (예시) 5월 둘째 금요일에 2월 둘째 금요일 다음날 ~ 5월 둘째 금요일까지 기간에 대하여  
이자계산 후 그 다음날 이자지급 
※ 계좌해지 시에는 계좌해지일 전날까지 기간에 대하여 이자계산 후 해지일에 이자지급 
※ 예금의 이자는 최종거래일로부터 5년이 경과한 날부터는 이자를 원금에 더하지 않고,  
계좌해지 또는 추가 입출금 거래 발생일에 일괄 계산하여 지급할 수 있습니다. 
◈ 이 설명서는 금융소비자의 권익 보호 및 예금상품에 대한 이해 증진을 위하여 「금융소비자 보호에 관한 법률」 및 
관련 규정에 의거, 은행의 내부 통제절차를 거쳐 예금상품의 주요 내용을 쉽게 이해할 수 있도록 작성한 
자료입니다. 
◈ 설명내용을 제대로 이해하지 못하였음에도 불구하고 설명을 이해했다는 서명을 하거나 녹취기록을 남기시는 경우,  
추후 해당 내용과 관련한 권리구제가 어려울 수 있습니다. 
◈ 인터넷뱅킹 등 비대면채널을 통해 가입하거나 통장 미발행 요청 시에는 통장 또는 증서가 교부되지 않습니다. 
준법감시인 심의필 제2025-0131-5호(심의일: 2025.01.14.) 
(유효기간: 2025.01.14.~2027.01.10.) 
 
 
적용이율 
(세금공제 전, 
2025.01.10. 기준) 
매 이자계산기간별로 결산일 현재 기본이율 및 비상금이율 적용 
※ 이율은 변경될 수 있으며, 영업점 및 KB국민은행 홈페이지에 게시 
(1) 비상금이율 : 연 1.5% 
※ 조건 충족 시 매일의 비상금 박스주) 최종잔액*(최대 2백만원)에 대하여 적용 * 24시 잔액 
※ 주) 통장 잔액 중 일부 또는 전부를 분리하여 보관하는 박스 (머니쪼개기 서비스 참조) 
(2) 기본이율 : 연 0.1% 
※ 비상금이율 적용금액을 제외한 최종잔액* 대하여 적용 * 24시 잔액 
비상금이율 
적용조건 
이자지급 월(또는 계좌해지 월)의 전월 말일 기준 직전 3개월(예시) 동안 2개월 이상 
아래의 건별 월 50만원 이상 입금 실적 중 1가지 충족 시 이자계산기간 동안 비상금이율 적용 
ㄴ (예시) 이자지급 월이 5월인 경우 : 2월 1일 ~ 4월 30일 
❶ 고객이 등록한 지정일(전후 1영업일 포함 3영업일)에 다른 사람 또는 회사로부터 이체된 건 
※ 다른 금융기관의 본인명의 통장에서 이체된 경우 다른 사람으로 간주하여 실적 인정 
※ 지정일이 휴일인 경우 전 영업일을 지정일로 함 
❷ 거래내역에 아래의 급여성 문구가 포함되어 다른 사람 또는 회사로부터 이체된 건 
- 월급, 급여, 수당, 급료, 상여, 보너스, 봉급, 연금, 성과급, 보로금, 임금, Salary, Bonus, Pay 
※ 다른 금융기관의 본인명의 통장에서 이체된 경우 다른 사람으로 간주하여 실적 인정 
❸ 급여이체 계약 또는 신청에 의해 KB국민은행 급여이체 전산*을 통해 이체된 급여 
(* 기업인터넷뱅킹/선일자/탑라인 급여이체 등) 
이자 계산방법 
(산출근거) 
이자계산기간의 일별 이자를 합산 
※ 일별 이자 계산방법 
구분 산식 
비상금이율 적용 대상 금액 일별 비상금 박스 최종잔액 X 비상금이율/365 
기본이율 적용 대상 금액 
(일별 총 최종잔액 – 일별 비상금이율 적용 대상 최종잔액) 
X 기본이율/365 
 
수수료면제 
혜택 
• 면제 횟수 제한 없이 아래 수수료면제 (이 통장 기준) 
면제 대상 수수료 면제 기간 
1. KB국민은행 ATM 시간외 출금수수료 
이번달 11일 
~ 다음달 10일 
2. 다른은행 ATM 출금수수료 
3. KB국민은행 인터넷·폰·모바일뱅킹 이체수수료(다른은행으로 보낼 때) 
4. KB국민은행 ATM 이체수수료(다른은행으로 보낼 때) 
※ 다른은행 ATM의 경우 제휴 ATM 및 VAN사(효성·나이스·한네트 등) ATM 제외 
※ 이 통장의 신규일(또는 전환일)로부터 다음 다음달 10일까지는 조건에 관계 없이 면제 
• 면제조건 : 이 통장으로 전월(1일~말일) 중 아래 실적 중 1가지 이상 충족한 경우 
- KB국민카드(신용·체크·KB BC카드) 결제(현금서비스 포함) 실적 
- 비상금이율 실적조건에 해당하는 건별 50만원 이상 입금 실적 
머니쪼개기 
서비스 
• 계좌 속 박스를 온-오프하여 하나의 통장을 목적에 맞게 쪼개 쓸 수 있는 서비스 
구분 기능 
기본비 박스 | 필수 입출금이 자유로운 기능 
비상금 박스 | 선택 갑작스런 지출을 대비한 비상금 보관 기능 
생활비 박스 | 선택 계획적인 소비를 위해 KB체크카드 결제 분리 기능 
※ 비상금/생활비 박스 기능 외 모든 거래는 기본비 박스에서 거래 
• 이용방법 : KB스타뱅킹앱의 머니쪼개기에서 이용 
- KB스타뱅킹앱 > 전계좌조회 > KB마이핏통장 펼치기(∨) 버튼 > 박스 선택 > 전용화면 
 ❶ 
비상금 박스 
안내사항 | [계좌 입금 불가] [계좌 출금 불가] 
• 최대 2백만원까지 비상금 보관이 가능하며, 조건 충족 시 비상금이율이 적용됩니다. 
• 비상금 보관 방법 : 다른 박스에서 비상금 박스로 금액이동만 가능(계좌 입금 불가) 
• 비상금 찾는 방법 : 다른 박스로 금액이동만 가능하고, 그 외 모든 계좌 출금/이체 불가 
※ 비상금 박스 잔액은 카드/공과금 결제, 보험료/계좌간 (자동)이체, 현금출금 등 불가 
 ❷ 
생활비 박스 
안내사항 | [계좌 입금 불가] [KB체크카드 결제 분리] 
• 생활비 박스 이용 시 KB체크카드 가맹점 체크승인금액 결제는 총 잔액이 있어도 
생활비 박스 잔액까지만 가능합니다. 
※ 체크승인 결제 외 현금카드/후불교통카드 기능, 소액신용결제 등은 기본비 박스에서 출금 
• 생활비 박스 오프 시 KB체크카드는 원래대로 기본비 박스에서 이용됩니다. 
• 계좌 입금은 불가하며, 다른 박스에서 생활비 박스로 금액이동만 가능합니다. 
 ❸ 
유의사항 
• 전환계좌의 경우 전환 후 처음 도래하는 결산일까지는 전환 前 통장 이율이 적용되고, 
그 다음날부터 이 통장 이율 적용 및 비상금 박스 이용이 가능 합니다. 
• 기본비 박스의 출금가능 잔액 부족 시 부족한 금액은 생활비 박스에서 출금 됩니다. 
• KB체크카드 소액신용결제서비스는 기본비 박스 잔액이 부족한 경우 사용되며, 
생활비 박스 잔액만 부족한 경우에는 사용이 거절 됩니다. 
• 마이너스 통장 설정 시 또는 통장 양도·상속 시 머니쪼개기 서비스를 이용할 수 없습니다. 
거래방법 
• 신규 : 영업점, KB 스타뱅킹앱 
• 전환 : 영업점, KB 스타뱅킹앱 
※ 저축예금 통장에서 사용 중인 계좌번호 그대로 이 통장으로 전환 가능 
※ 단, 개별상품에서 정한 기준에 의해 전환 불가한 상품은 제외 
계약해지방법 
영업점, 개인인터넷뱅킹, KB 스타뱅킹앱을 통해 해지 가능 
 ※ 개인인터넷뱅킹, KB 스타뱅킹앱을 통한 해지 시 해지 잔액을 입금할 수 있는 
본인명의의 입출금이자유로운예금 계좌가 필요합니다. 
세제관련 
비과세종합저축으로 가입 가능    
※ 관련 세법 개정 시 세율이 변경되거나 세금이 부과될 수 있음 
기타 안내사항 
• 질권설정 : 불가 
• 양도 : 가능 
• 담보제공 : 불가능 
원금 및  
이자지급 제한  
• 계좌에 압류주1), 가압류주2) 등이 등록될 경우 원금 및 이자 지급이 제한될 수 있음 
※ 민사집행법에 따라 최저생계비 이하 등 압류금지채권에 해당하는 경우에는 
법원에 압류금지채권 범위 변경 신청 등을 통해 압류를 취소할 수 있습니다. 
 
 주 1) 압류: 채무자의 특정한 재산에 대하여 처분(매매, 양도 등)을 금지하게 하는 법원의 조치로서,  
채권자가 채무자의 해당 재산을 금전화하여 채무 변제에 충당하려는 목적으로 이용됩니다. 
 주 2) 가압류: 법원이 채권자를 위하여 나중에 강제 집행을 할 목적으로 채무자의 재산을 임시로 
확보하는 행위입니다. 
 
• 예금잔액증명서 발급 당일에는 입금·출금·이체 등 잔액 변동 불가 
• 통장이 ‘전기통신금융사기 피해 방지 및 피해금 환급에 관한 특별법’에서 정의한 
피해의심거래계좌 및 사기이용계좌로 이용될 경우 이체, 송금지연, 지급정지 등의 금융거래 
제한조치를 할 수 있음 
거래중지 
• 다음의 경우에 해당하는 경우 입출금, 잔액조회, 이관 등의 거래 제한  
(가) 예금잔액이 10,000 원 미만이며, 1 년 이상 입출금거래가 없는 계좌 
    (나) 예금잔액이 10,000 원 이상 50,000 원 미만이며, 2 년 이상 입출금거래가 없는 계좌 
    (다) 예금잔액이 50,000 원 이상 100,000 원 미만이며, 3 년 이상 입출금거래가 없는 계좌 
☞ 무거래기간 산정기준 : 입출금 거래 또는 명의변경 거래 최종 발생일로 부터 산정 
• 편입시기 : 연 2 회(매년 6 월, 12 월 셋째 금요일 기준으로 익일인 토요일에 편입) 
• 거래를 다시 시작하고자 하는 경우에는 본인 확인 및 금융거래 목적을 확인 한 후 가능 
휴면예금 출연 
• 예금 만기일 또는 이자지급을 포함한 최종거래일 이후 5 년 이내 계좌를 해지하지 않을 경우  
예금거래기본약관 제 9 조의 2 휴면예금 및 출연에 따라 휴면예금은 “서민금융진흥원 
(국번없이 1397)”에 출연주)될 수 있으며, 이 경우 서민금융진흥원을 통해 휴면예금을 
찾으실 수 있습니다. 
• 휴면예금은 휴면예금통합조회서비스(www.sleepmoney.or.kr)를 통해 조회 가능합니다. 
 
주) 출연: 어떤 사람이나 단체가 자기의 의사에 따라 돈을 내거나 의무를 부담함으로써 재산상의  
손실을 입고 남의 재산을 증가시키는 일을 말합니다. 일반적으로 기부행위를 일컫는 말로  
사용되나 법률적으로는 비영리재단법인에 재산을 무상으로 내는 행위를 뜻합니다. 
 
※ 계좌통합관리서비스 이용 시 사용하지 않는 소액계좌를 잔고 이전/해지 할 수 있으며, 
   휴면계좌통합조회서비스 이용 시 휴면계좌 현황을 파악할 수 있습니다. 
예금자 
보호여부 
해 당 
 
이 예금은 예금자보호법에 따라 원금과 소정의 이자를 합하여 1인당 
“1억원까지”(본 은행의 여타 보호상품과 합산) 보호됩니다. 

자료열람요구권 
▪ 금융소비자는 분쟁조정 또는 소송의 수행 등 권리구제를 위한 목적으로 은행이 기록 및  
유지·관리하는 다음의 자료에 대한 열람(사본 및 청취 포함)을 요구할 수 있습니다. 
- 계약체결에 관한 자료, 계약의 이행에 관한 자료, 금융상품 등에 관한 광고 자료, 
금융소비자의 권리행사에 관한 자료, 내부통제기준의 제정 및 운영 등에 관한 자료,  
업무 위탁에 관한 자료 
▪ 은행은 법령, 제 3 자의 이익 침해, 영업비밀의 침해 등의 사유가 있는 경우 이를 
금융소비자에게 알리고 자료 열람을 제한하거나 거절할 수 있습니다. 
이용제한 사항 
• 이 상품은 1인 1계좌만 가입가능하며 공동명의로 가입할 수 없습니다. 
• 머니쪼개기 서비스 이용 시 계좌 총 잔액과 관계 없이 고객이 설정한 박스별 잔액에 따라 
출금가능금액이 달라집니다. 
• 고객의 입금 금액 정정 요청 등 부득이한 사유로 비상금 박스 거래내역에 표시된 잔액과 
실제 비상금 박스 잔액이 다른 경우 실제 잔액에 대하여 비상금이율을 적용합니다. 
• 이 통장 가입일에 따라 처음 도래하는 결산일에는 비상금이율 적용을 위한 
최소기간 조건(2 개월)을 충족하지 못 할 수 있습니다. 
(예시) 8 월 둘째주 금요일 결산 시 실적확인기간은 5 월 1 일부터 7 월 31 일까지이며, 
7 월 1 일 가입 고객은 2 개월 이상 실적 충족 불가 
• 이 통장에서 다른 통장으로 전환 시 다음 결산일까지 이 통장으로 재전환 할 수 없습니다. 
• 통장이 ‘전기통신금융사기 피해 방지 및 피해금 환급에 관한 특별법’ 에서 정의한 피해의심 
거래계좌 및 사기이용 계좌로 이용될 경우 이체, 송금지연, 지급정지 등의 금융거래 제한조치 
를 할 수 있습니다. 
 
 
3  유의 사항 
• 이 설명서는 「금융소비자 보호에 관한 법률」제19조제1항, 동 법 시행령 제14조제1항, 제3항에 따라 
금융상품에 관한 중요한 사항을 이해하기 쉽도록 설명하기 위해 설명을 하기 전에 제공되는 자료로써, 
상담일 이후 가입금액, 계약기간 등 변경에 의하여 일부 내용이 달라질 수 있습니다. 
• 본 설명서는 법령 및 내부통제기준에 따른 절차를 거쳐서 제공됩니다. 
이 상품은 KB국민은행 수신상품부(P)에서 관리하는 상품입니다.  
본 상품에 대한 문의사항 또는 민원 상담이 필요하시면 영업점, 고객센터(1588-9999) 또는 인터넷 홈페이지 
(www.kbstar.com), 금융감독원 민원상담센터(국번없이 1332) 또는 e-금융민원센터(www.fcsc.kr)을 통해 
문의주시기 바랍니다. 영업점 등을 통해 은행에 접수된 민원은 특별한 사정이 없는 한 14 영업일 이내에 처리함을 
원칙으로 하되, 기한 연장시 이에 대해 안내드리도록 하겠습니다. 요청이 있는 경우 민원처리진행상황을 안내받으실 
수 있습니다. 또한 금융소비자는 본 상품에 대하여 당 은행과 분쟁이 있는 경우에는 금융소비자보호법 제 36 조 
제 1 항에 따라 금융감독원에 분쟁조정을 신청할 수 있습니다.",ok,
products/deposit/약관 및 상품설명서 (9).pdf,약관 및 상품설명서 (9).pdf,products/deposit,9,"예금거래기본약관 
 
이 예금거래기본약관(이하 “이 약관”이라 합니다)은 주식회사 국민은행(이하 “은행”이라 합니다)과 거래처
(또는 예금주)가 서로 믿음을 바탕으로 예금거래를 빠르고 틀림없이 처리하는 한편, 서로의 이해관계를 합
리적으로 조정하기 위하여 기본적이고 일반적인 사항을 정한 것입니다. 은행은 이 약관을 영업점에 놓아 두
고, 거래처는 영업시간 중 언제든지 이 약관을 볼 수 있고 또한 그 교부를 청구할 수 있습니다. 
 
제1조(적용범위) 
이 약관은 입출금이 자유로운 예금, 거치식예금, 적립식예금 거래에 적용합니다. 
 
제2조(실명거래) 
① 거래처는 실명으로 거래하여야 합니다. 
② 은행은 거래처의 실명확인을 위하여 주민등록증·사업자등록증 등 실명확인증표 또는 그밖에 필요한 
서류의 제시나 제출을 요구할 수 있고, 거래처는 이에 따라야 합니다. 
 
제3조(거래장소) 
거래처는 예금계좌를 개설한 영업점(이하 “개설점” 이라 합니다)에서 모든 예금거래를 합니다. 다만, 은행
이 정하는 바에 따라 다른 영업점이나 다른 금융기관, 또는 현금자동출금기·현금자동입출금기·컴퓨터·전
화기 등(이하 “전산통신기기”라 합니다)을 통해 거래할 수 있습니다. 
 
제4조(거래방법) 
거래처는 은행에서 내준 통장(증서, 전자통장을 포함합니다, 이하 같습니다.) 또는 수표·어음 용지로 거래
하여야 합니다. 그러나 입금할 때와, 자동이체약정·전산통신기기·바이오인증 이용약정에 따라 거래하는 
경우 및 기 등록된 생체정보(이하 “바이오정보”), 실명확인증표 등을 통해 본인확인된 경우에는 통장 없
이(이하 “무통장”)도 거래할 수 있습니다. 
 
제5조(인감과 비밀번호 등의 신고) 
① 거래처는 거래를 시작할 때 인감 또는 서명, 비밀번호, 성명, 상호, 대표자명, 대리인명, 주소 등 거래
에 필요한 사항을 신고하여야 합니다. 다만, 비밀번호는 비밀번호입력기(이하 “Pin-Pad기”라 합니다)
에 의하여 거래처가 직접 등록할 수 있으며, 거래처가 은행에 내점할 수 없는 경우 거래처는 개설된 예
금의 첫거래 전에 은행이 정한 방법에 따라 전산통신기기를 이용하여 비밀번호를 등록하여야 합니다. 
② 제1항에 불구하고 은행에서 따로 정하는 예금은 비밀번호를 신고하지 않습니다. 
③ 거래처는 인감과 서명을 함께 신고하거나, 인감 또는 서명을 추가 신고 할 수 있습니다. 
④ 통장을 발행하지 않는 경우 은행은 거래처로부터 인감 또는 서명의 신고 절차를 생략할 수 있습니다. 
 
제6조(입금) 
① 거래처는 현금이나 즉시 추심할 수 있는 수표·어음·기타 증권(이하 “증권”이라 합니다) 등으로 입금

할 수 있습니다. 
② 거래처는 현금이나 증권으로 계좌송금(거래처가 개설점 이외에서 자기 계좌에 입금하거나, 제3자가 
개설점 또는 다른 영업점이나, 다른 금융기관에서 거래처 계좌에 입금하는 것) 하거나, 계좌 이체(거래
처의 신청에 따라 은행이 특정계좌에서 자금을 출금하여 같은 은행 또는 다른 은행의 다른 계좌에 입
금하는 것)를 할 수 있습니다. 
③ 증권으로 입금할 때 입금인은 증권의 백지보충이나 배서 또는 영수기명날인 등 필요한 절차를 밟아야 
하며, 은행은 백지보충 등의 의무를 지지 않습니다. 
④ 입금하는 증권이 수표나 어음일 때 은행은 소정 금액란에 적힌 금액으로 처리합니다. 
 
제7조(예금이 되는 시기) 
① 제6조에 따라 입금한 경우 : 다음 각 호의 시기에 예금이 됩니다. 
1. 현금으로 입금한 경우 : 은행이 이를 받아 확인한 때 
2. 현금으로 계좌송금 하거나 또는 계좌 이체한 경우 : 예금원장에 입금의 기록을 한 때 
3. 증권으로 입금하거나 계좌 송금한 경우 : 은행이 그 증권을 교환에 돌려 부도 반환 시한이 지나고 
결제를 확인한 때. 다만, 개설점에서 지급하여야 할 증권은 그날 안에 결제를 확인한 때 
② 제1항 제3호에도 불구하고 증권이 자기앞수표이고 지급제시기간 안에 사고신고가 없으며 결제될 것
이 틀림없음을 은행이 확인한 경우에는 예금원장에 입금의 기록이 된 때 예금이 됩니다. 
③ 은행은 특별한 사정이 없는 한 제1항 및 제2항의 확인 또는 입금기록을 신속히 하여야 합니다. 
 
제8조(증권의 부도) 
① 제6조 제1항에 따라 입금한 증권이 지급거절되었을 때는 은행은 그 금액을 예금원장에서 뺀 뒤, 거래
처(무통장 입금일 때는 입금의뢰인)가 신고한 연락처로 그 사실을 알립니다. 다만, 통화불능 등 부득이
한 사유로 그 사실을 알릴 수 없는 경우에는 그러하지 아니합니다. 
② 은행은 지급 거절된 증권을 그 권리보전절차를 밟지 아니하고, 입금한 영업점에서 거래처(무통장 입
금일 때는 입금의뢰인)가 반환 청구할 때 돌려줍니다. 다만, 증권발행인이 지급 거절한 날의 다음 영업
일까지 증권을 입금한 예금계좌에 해당자금을 현금이나 즉시 현금으로 바꿀 수 있는 증권으로 입금했
을 때는 발행인에게 돌려줄 수 있습니다. 
 
제9조(이자) 
① 이자는 원을 단위로 약정한 예치기간 또는 제7조에 따라 예금이 된 날(자기앞수표·가계수표는 입금일)
부터 지급일 전날까지의 기간에 대하여 은행이 정한 이율로 셈합니다. 
② 은행은 예금종류별 예금이율표를 영업점 및 인터넷 홈페이지에 비치·게시하고, 이율을 바꾼 때는 그 
바꾼 내용을 영업점 및 인터넷 홈페이지에 1개월 동안 게시합니다. 
③ 제2항에 따라 이율을 바꾼 때는, 입출금이 자유로운 예금은 바꾼 날로부터 바꾼 이율을 적용하며, 거
치식·적립식예금은 계약 당시의 이율을 적용함을 원칙으로 하되, 변동금리가 적용되는 예금은 바꾼 날
로부터 바꾼 이율을 적용합니다. 
④ 변동이율을 적용하는 거치식·적립식예금은 최초 거래시 이율적용방법을 통장, 전산통신기기 등으로 

표시하며, 변동이율을 적용하는 적립식예금은 이율을 바꾼 때마다 바뀐 이율을 통장에 기록하거나 전산
통신기기 등으로 안내합니다. 
⑤ 거래처가 실제 받는 이자는 제1항에 따라 셈한 이자에서 소득세법 등 관계법령에 따라 원천징수한 
세액을 뺀 금액입니다. 
 
제9조의2(휴면예금 및 출연) 
① 은행은 예금이 다음 각 호에 해당할 때에는 예금채권의 소멸시효가 완성된 것(이하 “휴면예금”이라 
한다)으로 봅니다. 
가. 입출금이 자유로운 예금은 이자지급을 포함한 최종거래일로부터 5년 이상 경과한 예금 
나. 거치식, 적립식예금은 만기일 또는 이자지급을 포함한 최종거래일로부터 5년 이상 경과한 예금 
② 제1항에 따른 휴면예금은 「서민의 금융생활 지원에 관한 법률」 제40조 따라 “서민금융진흥원”으로 
출연될 수 있으며, 원권리자는 출연된 휴면예금을 동법 제45조에 따라 지급청구 할 수 있습니다. 
③ 예금계약은 예금이 제1항 각 호에 따라 휴면예금에 해당하게 된 시점에 자동 종료하며, 해당 계좌는 
더 이상 이용이 불가합니다. 잔액이 0원으로 된 예금이 제1항 각 호에 해당하게 된 경우도 같습니다. 
 
제10조(지급·해지청구) 
① 거래처가 예금·이자를 찾거나 예금계약을 해지하고자 할 때는 신고한 비밀번호 등 필요한 사항을 적
거나 PIN-Pad기에 입력하고, 거래 인감을 날인하거나 서명감과 일치하게 서명한 지급 또는 해지 청구
서를 제출하여야 합니다. 
② 거래처가 무통장으로 거래하고 실명확인증표 등에 의해 본인확인된 경우 은행이 정하는 바에 따라 제
1항에 따른 절차의 전부 또는 일부를 생략할 수 있습니다. 
③ 거래처가 자동이체·전산통신기기·바이오인증 등을 이용하여 찾을 때는 그 약정에서 정한 바에 따릅니
다. 
 
제11조(금융사고자금 지급정지) 
① 은행은 ‘금융사고예방을 위한 공동협약’(이하 “협약”이라 한다) 및 ‘금융사고예방을 위한 공동협약 시
행세칙’(이하 “세칙”이라 한다)에서 정하는 금융사고(이하 “금융사고”라 한다)로 인한 사고자금이 이체
된 거래처의 계좌(이하 “사고계좌”라 한다)에 대하여 금융사고가 발생한 금융기관의 요청이 있는 경우 
지체없이 지급정지를 취한다. 
② 제1항의 지급정지 금액은 금융사고로 인해 이체된 금액 이내로 한다. 
③ 제1항의 지급정지기간은 지급정지한 날로부터 10영업일 이내로 한다. 다만, 지급정지를 요청한 금융
기관의 신청으로 법원에 의한 결정문 송달이 이루어진 경우에는 그러하지 아니하며, 법원의 결정문 송
달이 지연되어 지급정지를 요청한 금융기관이 관련 증빙서류를 첨부하여 서면으로 지급정지기간의 연
장을 요청하는 경우 은행은 10영업일 이내에서 연장할 수 있다. 
④ 은행이 제1항의 지급정지를 한 때에는 지체없이 거래처에 지급정지 사실과 이의신청 절차를 유선 또
는 이와 상응하는 방법으로 통지하여야 하며, 거래처가 이의를 신청한 때에는 은행이 정한 민원처리 절
차에 의하여 처리한다. 

⑤ 거래처가 지급을 청구하는 경우에는 금융사고에 의해 이체된 자금을 제외하고 지급한다. 
⑥ 은행은 금융사고와 관련한 사항이 해소 된 경우 지체없이 지급정지를 해지 하여야 한다. 
⑦ 은행은 거래처의 계좌에서 금융사고로 인한 사고자금이 다른 금융기관에 이체된 경우 사고발생을 인
지한 날로부터 10일 이내에 그 다른 금융기관에 대하여 지급정지를 요청할 수 있다. 
⑧ 이 조의 금융사고자금 지급정지와 관련하여 이 조에서 정하지 아니한 사항은 제1항의 협약 및 세칙
에서 정하는 바에 따른다. 
 
제12조(지급시기) 
① 입출금이 자유로운 예금은 거래처가 찾을 때 지급합니다. 이 경우 기업자유예금은 먼저 예금한 금액
부터 지급합니다. 
② 거치식·적립식예금은 만기일 이후 거래처가 찾을 때 지급합니다. 
 
제13조(양도 및 질권설정) 
① 거래처가 예금을 양도하거나 질권설정 하려면 사전에 은행에 통지하고 동의를 받아야 합니다. 다만, 
법령에 의하여 금지되는 경우에는 양도나 질권설정을 할 수 없습니다. 
② 입출금이 자유로운 예금은 질권설정 할 수 없습니다. 
 
제14조(사고·변경사항 신고) 
① 거래처는 통장·도장·카드 또는 증권이나 그 용지를 분실·도난·멸실·훼손했을 때는 곧 서면으로 신고
하여야 합니다. 다만, 긴급하거나 부득이할 때는 영업시간 중에 전화 등으로 신고할수 있으며 이 때는 
다음 영업일 안에 서면 신고 하여야 합니다. 
② 거래처가 인감 또는 서명, 비밀번호, 성명, 상호, 대표자명, 대리인명, 주소, 전화번호 기타 신고 사항
을 바꿀 때는 서면으로 신고하여야 합니다. 다만, 비밀번호는 서면신고 없이 전산통신기기를 이용하여 
바꿀 수 있으며, 이 경우 계좌번호, 주민등록번호, 비밀번호 등 은행이 정한 요건이 맞으면 은행은 새로
운 비밀번호로 변경 처리 합니다. 
③ 거래처는 주소, 전화번호 등의 일부 신고사항에 대하여는 은행이 정한 방법에 따라 전산통신기기를 
이용하여 변경할 수 있습니다. 
④ 제1항 및 제2항의 신고는 은행이 이를 접수한 뒤 전산입력 등 필요한 조치를 하는데 걸리는 합리적
인 시간이 지나면 그 효력이 생기며 전산장애 등 불가항력적인 사유로 처리하지 못한 때는 복구 등 사
유 해제시 즉시 처리해야 합니다. 
⑤ 제1항의 신고를 철회할 때는 거래처 본인이 서면 또는 전산통신기기 등으로 하여야 합니다. 
 
제15조(통장·카드의 재발급 등) 
제14조에 따라 통장·도장·카드에 대한 사고신고가 있을 때에는 은행은 신고인이 거래처 본인임을 확인
하는 등 필요한 조치를 마친 뒤에 재발급하거나 지급합니다. 
 
제16조(통지방법 및 효력) 

① 은행은 오류의 정정 등 예금거래에서 발생하는 일반적 사항을 통보하는 경우에는 거래처가 신고한 연
락처로 전화 통보할 수 있습니다. 이 때, 통화자가 거래처 본인이 아닌 경우, 그 통화자가 은행의 통지
내용을 이해하고 이를 거래처에 전달 할 것이라고 믿을 충분한 이유가 있는 때에는 거래처에 정당하게 
통보한 것으로 봅니다. 
② 은행이 예금거래에서 발생하는 일반적 사항을 서면으로 통지했을 때는 천재지변 등 불가 항력적인 경
우 외에는 보통의 우송기간이 지났을 때 도달한 것으로 봅니다. 
③ 은행은 예금계약의 임의해지 등 중요한 의사표시를 하는 때는 서면으로 하여야 하며 그 통지가 거래
처에 도달되어야 의사표시의 효력이 생깁니다. 다만, 관계법령 또는 어음교환업무규약 등에 의하여 예
금계약을 해지한 경우나 거래처가 제14조에 의한 변경 신고를 게을리하여 도달되지 않은 때에는 그러
하지 아니합니다. 
 
제17조(면책) 
① 은행은 예금지급청구서, 증권(어음교환소에서 전자적정보의 형태로 제시된 어음ㆍ수표 등 포함) 또는 
신고서 등에 찍힌 인영(또는 서명)을 신고한 인감(또는 서명감)과 육안으로 주의 깊게 비교·대조하여 
틀림없다고 여기고, 예금지급청구서 등에 적힌 비밀번호나 PIN-Pad기를 이용하여 입력된 비밀번호가 
신고 또는 등록한 것과 같아서 예금을 지급하였거나 기타 거래처가 요구하는 업무를 처리하였을 때에
는 인감이나 서명의 위조·변조 또는 도용이나 그밖의 다른 사고로 인하여 거래처에 손해가 생겨도 그 
책임을 지지 않습니다. 다만, 은행이 거래처의 인감이나 서명의 위조·변조 또는 도용 사실을 알았거나 
알 수 있었을 때는 그러하지 아니합니다. 
② 전산통신기기 등을 이용하거나 거래정보 등의 제공 및 금융거래명세 등의 통보와 관련하여 은행이 책
임질 수 없는 사유로 계좌번호, 비밀번호 등의 금융정보가 새어나가 거래처에 손해가 생겨도 은행은 그 
책임을 지지 않습니다. 
③ 은행이 거래처의 실명확인증표 등으로 주의 깊게 본인확인하여 예금을 지급하였거나 기타 거래처가 
요구하는 업무를 처리하였을 때에는 위조·변조 또는 도용이나 그밖에 다른 사고로 인하여 거래처에 손
해가 생겨도 그 책임을 지지 않습니다. 다만, 은행이 고의 또는 과실로 인한 귀책사유가 있는 경우 은
행은 그 책임의 일부 또는 전부를 부담합니다. 
④ 은행이 주민등록증 등 실명확인증표로 주의 깊게 실명확인 하거나 실명 전환한 계좌는 거래처가 실명
확인증표 또는 서류의 위조·변조·도용 등을 한 경우, 이로 인하여 거래처에 손해가 생겨도 은행은 그 
책임을 지지 않습니다. 
⑤ 거래처가 제14조 제1항, 제2항, 제4항의 신고나 절차를 미루어생긴 손해에 대해 은행은 그 책임을 
지지 않습니다. 다만, 이 경우에도 은행은 거래처에 손해가 발생하지 않도록 선량한 관리자로서의 주의
를 다하여야 합니다. 
 
제18조(수수료) 
① 거래처가 개설점이 아닌 다른 영업점이나 다른 금융기관 또는 전산통신기기 등을 통해 거래할 때 은
행은 온라인수수료나 추심수수료 등을 받을 수 있습니다. 
② 은행은 제1항의 경우 외에도 거래처가 자기앞수표 발행 등을 원하거나 거래처 잘못으로 통장 재발행 

등을 요청하는 경우 그 사무처리와 관련하여 수수료를 받을 수 있습니다. 
③ 제1항, 제2항과 관련한 수수료표는 영업점 및 인터넷 홈페이지에 게시합니다. 
 
제19조(오류처리 등) 
① 은행이 예금원장이나 통장거래내용을 사실과 다르게 처리하였을 때는, 이를 확인하여 바르게 고치고 
그 사실을 거래처에 통지하여야 합니다. 
② 거래처는 거래를 마친 때 그 내용이 맞는가를 확인하고, 거래내용이 사실과 다를 때는 바르게 고칠 
것을 요구할 수 있으며, 은행은 그 사실을 확인하고 바르게 처리하여야 합니다. 
 
제20조(예금의 비밀보장) 
① 은행은 「금융실명거래 및 비밀보장에 관한 법률」등 법령에서 정한 경우를 제외하고는 거래처의 거래
내용에 대한 자료나 정보를 남에게 제공하지 않습니다. 
② 은행은 거래처가 전산통신기기 등으로 무통장입금(송금 포함), 예금잔액 등에 관한 정보의 제공을 요
청한 때는 명의인·계좌번호·비밀번호[자동응답 서비스(ARS)는 계좌번호·비밀번호]가 맞으면 그 요청
자를 본인으로 여겨 입금(송금)을 하고 입금인, 입금액, 예금 잔액 등에 관한 정보를 제공할 수 있으며, 
이로 인하여 금융거래 정보누설 등으로 거래처에 손해가 생겨도 그 책임을 지지 않습니다. 
 
제21조(약관변경) 
① 은행은 이 약관이나 입출금이 자유로운 예금 약관, 거치식·적립식예금 약관(이하 총칭하여 본조에서” 
약관등” 이라고 합니다)을 변경하고자 하는 경우에는 변경되는 약관등의 시행일 1개월 전에 그 내용
을 영업점과 인터넷 홈페이지에 게시하여 거래처에 알립니다. 다만, 다음 각 호의 어느 하나에 해당
하는 경우에는 변경된 약관등을 즉시 게시 또는 공고하여야 합니다. 
1. 법령의 개정, 제도의 개선 또는 관련 법령에 의한 약관변경권고(명령)로 인하여 긴급히 약관등을 변
경한 경우 
2. 약관등의 개정이 거래처에 유리한 경우 
3. 변경 전 내용이 기존 거래처에 그대로 적용되는 경우 
4. 기존 약관등의 내용이 실질적으로 변경되지 않는 단순한 문구 변경의 경우 
② 은행은 약관등을 변경하는 경우 제1항에 따른 게시와는 별도로 변경되는 약관등의 시행일 1개월 전
에 거래처에 변경 내용(신·구조문대비표 포함)을 다음 각 호 중 1개(거래처에 불리한 변경인 경우에는 
3개) 이상의 방법으로 알리되, 제1호 내지 제3호의 방법이 포함되어야 합니다. 다만, 전항 각 호의 어
느 하나에 해당하는 경우에는 즉시 거래처에 알립니다. 
1. 거래처가 신고한 정보에 따른 우편 또는 전자우편(E-mail)에 의한 통지 
2. 거래처가 신고한 휴대전화 문자메시지(SMS, MMS) 또는 이에 준하는 거래처가 사전 동의한 전자적 
의사표시에 의한 통지 
3. 거래처와 약정한 별도의 전자기기(앱푸쉬 등)에 의한 통지 
4. 거래통장에 표기 
5. 현금자동지급기/현금자동입출금기 설치장소에 게시(이 경우 큰 문자를 사용하고 알아보기 쉬운 위치

에 게시합니다) 
6. 인터넷뱅킹 및 모바일뱅킹 초기화면에 게시 
③ 제2항에도 불구하고, 내용의 실질적 변경을 수반하지 않는 오탈자나 자구 수정 등 단순한 문구 변경
인 경우에는 제2항을 적용하지 아니합니다. 
④ 제1항의 게시 또는 제2항의 통지를 할 경우 “예금주가 변경에 동의하지 아니한 경우 제1항의 게시일 
또는 제2항의 통지를 받은 날로부터 1개월 이내에 계약을 해지할 수 있으며, 계약해지의 의사표시를 
하지 아니한 경우에는 변경에 동의한 것으로 본다”라는 취지의 내용을 함께 게시 또는 통지합니다. 
⑤ 제4항의 게시일 또는 통지를 받은 날로부터 1개월 이내에 계약해지의 의사표시가 도달하지 않으면 
거래처가 변경에 동의한 것으로 봅니다. 
 
제22조(약관적용의 순서) 
① 은행과 거래처 사이에 개별적으로 합의한 사항이 약관조항과 다를 때는 그 합의사항을 약관에 우선하
여 적용합니다. 
② 이 약관에 정한 사항과 입출금이 자유로운 예금 약관 또는 거치식·적립식예금 약관에서 정한 사항이 
다를 때는 입출금이 자유로운 예금 약관이나 거치식·적립식예금 약관을 먼저 적용합니다. 
 
제23조(기타) 
이 약관과 입출금이 자유로운 예금 약관 또는 거치식·적립식예금 약관에서 정하지 않은 사항은 따로 약
정이 없으면 관계법령, 어음교환업무규약을 적용 합니다. 
 
제24조(이의제기) 
거래처는 은행거래와 관련하여 이의가 있을 때 거래은행의 분쟁처리기구에 해결을 요구하거나, 금융분쟁
조정위원회 등을 통해 분쟁조정을 신청할 수 있습니다. 
 
제25조(위법계약의 해지) 
금융소비자는 「금융소비자보호에 관한 법률」 제47조 및 관련 규정이 정하는 바에 따라 서면등으로 해당 
계약의 해지를 요구할 수 있습니다. 
 
제26조(고객확인 및 검증) 
① 「특정 금융거래정보의 보고 및 이용 등에 관한 법률」과 「공중 등 협박목적 및 대량살상무기확산을 
위한 자금조달행위의 금지에 관한 법률」에 따른 고객확인 및 검증을 위해 은행은 거래처에 다음 각 호
에서 정한 정보, 문서, 자료 등을 요구할 수 있으며, 거래처가 이를 거부하거나 확인·검증이 충분히 이
루어지지 않을 경우 금융거래가 지연되거나 거절됩니다. 
1. 개인 
정 보 자 료 
성명, 실명번호, 국적, 
주소(거소), 연락처 등 
실명확인증표(주민등록증, 운전면허증, 여권 등), 
행정정보문서(주민등록등본 등), 

실제소유자가 다른 경우 추가서류 필요 
직장명, 직장주소, 업종 등 직장정보문서(재직증명서 등) 
거래목적, 자금원천, 
재산현황 등 
기타 추가정보 확인이 가능한 자료 
(부동산 계약서, 공과금 고지서 등) 
 
2. 법인(단체) 
정 보 자 료 
법인(단체)명, 실명번호, 
주소, 연락처, 대표자 정보, 
실제소유자(주주 및 임원), 
업종, 설립목적 등 
실명확인증표(사업자등록증 등), 대표자 신원정보문서, 
법인(단체) 확인문서(법인등기사항전부증명서, 정관, 
규약 등), 주주명부(출자자명부) 등 
회사 경영정보, 거래목적, 
자금원천 등 
기타 추가정보 확인이 가능한 자료 
(전자세금계산서, 각종 인허가서 등) 
 
② 「특정 금융거래정보의 보고 및 이용 등에 관한 법률」에서 정한 가상자산사업자인 거래처는 은행에 
가상자산사업자임을 고지하여야 하며, 고지하지 않아 고객확인 및 검증이 충분히 이루어지지 않을 경
우 금융거래가 거절되거나 종료됩니다. 
③ 「공중 등 협박목적 및 대량살상무기확산을 위한 자금조달행위의 금지에 관한 법률」에 의거 금융거
래등제한대상자로 지정되어 고시된 자, UN 등 자금세탁방지와 관련하여 국제사회에서 발표하는 거래
제한 대상자에 대해서는 금융거래가 제한되거나 거절됩니다. 
 
 
부     칙 
이 약관은 2003.12.1.부터 시행합니다. 
 
부     칙 
이 약관은 2016.12.30.부터 시행합니다. 
 
부     칙 
이 약관은 2020.10.8.부터 시행합니다. 
 
부     칙 
이 약관은 2021.3.25.부터 시행합니다. 
 
부     칙 
이 약관은 2021.10.11.부터 시행합니다. 
 
부     칙 
이 약관은 2022.3.14.부터 시행합니다. 
 
부     칙 
이 약관은 2023.2.27.부터 시행합니다. 
 
부     칙 
이 약관은 2025.2.7.부터 시행합니다. 
 
본 「예금거래기본약관」은 법령 및 내부통제 기준에 따른 절차를 거쳐서 제공됩니다.",ok,
products/deposit/예금거래기본약관20250207 (16).pdf,예금거래기본약관20250207 (16).pdf,products/deposit,9,"예금거래기본약관 
 
이 예금거래기본약관(이하 “이 약관”이라 합니다)은 주식회사 국민은행(이하 “은행”이라 합니다)과 거래처
(또는 예금주)가 서로 믿음을 바탕으로 예금거래를 빠르고 틀림없이 처리하는 한편, 서로의 이해관계를 합
리적으로 조정하기 위하여 기본적이고 일반적인 사항을 정한 것입니다. 은행은 이 약관을 영업점에 놓아 두
고, 거래처는 영업시간 중 언제든지 이 약관을 볼 수 있고 또한 그 교부를 청구할 수 있습니다. 
 
제1조(적용범위) 
이 약관은 입출금이 자유로운 예금, 거치식예금, 적립식예금 거래에 적용합니다. 
 
제2조(실명거래) 
① 거래처는 실명으로 거래하여야 합니다. 
② 은행은 거래처의 실명확인을 위하여 주민등록증·사업자등록증 등 실명확인증표 또는 그밖에 필요한 
서류의 제시나 제출을 요구할 수 있고, 거래처는 이에 따라야 합니다. 
 
제3조(거래장소) 
거래처는 예금계좌를 개설한 영업점(이하 “개설점” 이라 합니다)에서 모든 예금거래를 합니다. 다만, 은행
이 정하는 바에 따라 다른 영업점이나 다른 금융기관, 또는 현금자동출금기·현금자동입출금기·컴퓨터·전
화기 등(이하 “전산통신기기”라 합니다)을 통해 거래할 수 있습니다. 
 
제4조(거래방법) 
거래처는 은행에서 내준 통장(증서, 전자통장을 포함합니다, 이하 같습니다.) 또는 수표·어음 용지로 거래
하여야 합니다. 그러나 입금할 때와, 자동이체약정·전산통신기기·바이오인증 이용약정에 따라 거래하는 
경우 및 기 등록된 생체정보(이하 “바이오정보”), 실명확인증표 등을 통해 본인확인된 경우에는 통장 없
이(이하 “무통장”)도 거래할 수 있습니다. 
 
제5조(인감과 비밀번호 등의 신고) 
① 거래처는 거래를 시작할 때 인감 또는 서명, 비밀번호, 성명, 상호, 대표자명, 대리인명, 주소 등 거래
에 필요한 사항을 신고하여야 합니다. 다만, 비밀번호는 비밀번호입력기(이하 “Pin-Pad기”라 합니다)
에 의하여 거래처가 직접 등록할 수 있으며, 거래처가 은행에 내점할 수 없는 경우 거래처는 개설된 예
금의 첫거래 전에 은행이 정한 방법에 따라 전산통신기기를 이용하여 비밀번호를 등록하여야 합니다. 
② 제1항에 불구하고 은행에서 따로 정하는 예금은 비밀번호를 신고하지 않습니다. 
③ 거래처는 인감과 서명을 함께 신고하거나, 인감 또는 서명을 추가 신고 할 수 있습니다. 
④ 통장을 발행하지 않는 경우 은행은 거래처로부터 인감 또는 서명의 신고 절차를 생략할 수 있습니다. 
 
제6조(입금) 
① 거래처는 현금이나 즉시 추심할 수 있는 수표·어음·기타 증권(이하 “증권”이라 합니다) 등으로 입금

할 수 있습니다. 
② 거래처는 현금이나 증권으로 계좌송금(거래처가 개설점 이외에서 자기 계좌에 입금하거나, 제3자가 
개설점 또는 다른 영업점이나, 다른 금융기관에서 거래처 계좌에 입금하는 것) 하거나, 계좌 이체(거래
처의 신청에 따라 은행이 특정계좌에서 자금을 출금하여 같은 은행 또는 다른 은행의 다른 계좌에 입
금하는 것)를 할 수 있습니다. 
③ 증권으로 입금할 때 입금인은 증권의 백지보충이나 배서 또는 영수기명날인 등 필요한 절차를 밟아야 
하며, 은행은 백지보충 등의 의무를 지지 않습니다. 
④ 입금하는 증권이 수표나 어음일 때 은행은 소정 금액란에 적힌 금액으로 처리합니다. 
 
제7조(예금이 되는 시기) 
① 제6조에 따라 입금한 경우 : 다음 각 호의 시기에 예금이 됩니다. 
1. 현금으로 입금한 경우 : 은행이 이를 받아 확인한 때 
2. 현금으로 계좌송금 하거나 또는 계좌 이체한 경우 : 예금원장에 입금의 기록을 한 때 
3. 증권으로 입금하거나 계좌 송금한 경우 : 은행이 그 증권을 교환에 돌려 부도 반환 시한이 지나고 
결제를 확인한 때. 다만, 개설점에서 지급하여야 할 증권은 그날 안에 결제를 확인한 때 
② 제1항 제3호에도 불구하고 증권이 자기앞수표이고 지급제시기간 안에 사고신고가 없으며 결제될 것
이 틀림없음을 은행이 확인한 경우에는 예금원장에 입금의 기록이 된 때 예금이 됩니다. 
③ 은행은 특별한 사정이 없는 한 제1항 및 제2항의 확인 또는 입금기록을 신속히 하여야 합니다. 
 
제8조(증권의 부도) 
① 제6조 제1항에 따라 입금한 증권이 지급거절되었을 때는 은행은 그 금액을 예금원장에서 뺀 뒤, 거래
처(무통장 입금일 때는 입금의뢰인)가 신고한 연락처로 그 사실을 알립니다. 다만, 통화불능 등 부득이
한 사유로 그 사실을 알릴 수 없는 경우에는 그러하지 아니합니다. 
② 은행은 지급 거절된 증권을 그 권리보전절차를 밟지 아니하고, 입금한 영업점에서 거래처(무통장 입
금일 때는 입금의뢰인)가 반환 청구할 때 돌려줍니다. 다만, 증권발행인이 지급 거절한 날의 다음 영업
일까지 증권을 입금한 예금계좌에 해당자금을 현금이나 즉시 현금으로 바꿀 수 있는 증권으로 입금했
을 때는 발행인에게 돌려줄 수 있습니다. 
 
제9조(이자) 
① 이자는 원을 단위로 약정한 예치기간 또는 제7조에 따라 예금이 된 날(자기앞수표·가계수표는 입금일)
부터 지급일 전날까지의 기간에 대하여 은행이 정한 이율로 셈합니다. 
② 은행은 예금종류별 예금이율표를 영업점 및 인터넷 홈페이지에 비치·게시하고, 이율을 바꾼 때는 그 
바꾼 내용을 영업점 및 인터넷 홈페이지에 1개월 동안 게시합니다. 
③ 제2항에 따라 이율을 바꾼 때는, 입출금이 자유로운 예금은 바꾼 날로부터 바꾼 이율을 적용하며, 거
치식·적립식예금은 계약 당시의 이율을 적용함을 원칙으로 하되, 변동금리가 적용되는 예금은 바꾼 날
로부터 바꾼 이율을 적용합니다. 
④ 변동이율을 적용하는 거치식·적립식예금은 최초 거래시 이율적용방법을 통장, 전산통신기기 등으로 

표시하며, 변동이율을 적용하는 적립식예금은 이율을 바꾼 때마다 바뀐 이율을 통장에 기록하거나 전산
통신기기 등으로 안내합니다. 
⑤ 거래처가 실제 받는 이자는 제1항에 따라 셈한 이자에서 소득세법 등 관계법령에 따라 원천징수한 
세액을 뺀 금액입니다. 
 
제9조의2(휴면예금 및 출연) 
① 은행은 예금이 다음 각 호에 해당할 때에는 예금채권의 소멸시효가 완성된 것(이하 “휴면예금”이라 
한다)으로 봅니다. 
가. 입출금이 자유로운 예금은 이자지급을 포함한 최종거래일로부터 5년 이상 경과한 예금 
나. 거치식, 적립식예금은 만기일 또는 이자지급을 포함한 최종거래일로부터 5년 이상 경과한 예금 
② 제1항에 따른 휴면예금은 「서민의 금융생활 지원에 관한 법률」 제40조 따라 “서민금융진흥원”으로 
출연될 수 있으며, 원권리자는 출연된 휴면예금을 동법 제45조에 따라 지급청구 할 수 있습니다. 
③ 예금계약은 예금이 제1항 각 호에 따라 휴면예금에 해당하게 된 시점에 자동 종료하며, 해당 계좌는 
더 이상 이용이 불가합니다. 잔액이 0원으로 된 예금이 제1항 각 호에 해당하게 된 경우도 같습니다. 
 
제10조(지급·해지청구) 
① 거래처가 예금·이자를 찾거나 예금계약을 해지하고자 할 때는 신고한 비밀번호 등 필요한 사항을 적
거나 PIN-Pad기에 입력하고, 거래 인감을 날인하거나 서명감과 일치하게 서명한 지급 또는 해지 청구
서를 제출하여야 합니다. 
② 거래처가 무통장으로 거래하고 실명확인증표 등에 의해 본인확인된 경우 은행이 정하는 바에 따라 제
1항에 따른 절차의 전부 또는 일부를 생략할 수 있습니다. 
③ 거래처가 자동이체·전산통신기기·바이오인증 등을 이용하여 찾을 때는 그 약정에서 정한 바에 따릅니
다. 
 
제11조(금융사고자금 지급정지) 
① 은행은 ‘금융사고예방을 위한 공동협약’(이하 “협약”이라 한다) 및 ‘금융사고예방을 위한 공동협약 시
행세칙’(이하 “세칙”이라 한다)에서 정하는 금융사고(이하 “금융사고”라 한다)로 인한 사고자금이 이체
된 거래처의 계좌(이하 “사고계좌”라 한다)에 대하여 금융사고가 발생한 금융기관의 요청이 있는 경우 
지체없이 지급정지를 취한다. 
② 제1항의 지급정지 금액은 금융사고로 인해 이체된 금액 이내로 한다. 
③ 제1항의 지급정지기간은 지급정지한 날로부터 10영업일 이내로 한다. 다만, 지급정지를 요청한 금융
기관의 신청으로 법원에 의한 결정문 송달이 이루어진 경우에는 그러하지 아니하며, 법원의 결정문 송
달이 지연되어 지급정지를 요청한 금융기관이 관련 증빙서류를 첨부하여 서면으로 지급정지기간의 연
장을 요청하는 경우 은행은 10영업일 이내에서 연장할 수 있다. 
④ 은행이 제1항의 지급정지를 한 때에는 지체없이 거래처에 지급정지 사실과 이의신청 절차를 유선 또
는 이와 상응하는 방법으로 통지하여야 하며, 거래처가 이의를 신청한 때에는 은행이 정한 민원처리 절
차에 의하여 처리한다. 

⑤ 거래처가 지급을 청구하는 경우에는 금융사고에 의해 이체된 자금을 제외하고 지급한다. 
⑥ 은행은 금융사고와 관련한 사항이 해소 된 경우 지체없이 지급정지를 해지 하여야 한다. 
⑦ 은행은 거래처의 계좌에서 금융사고로 인한 사고자금이 다른 금융기관에 이체된 경우 사고발생을 인
지한 날로부터 10일 이내에 그 다른 금융기관에 대하여 지급정지를 요청할 수 있다. 
⑧ 이 조의 금융사고자금 지급정지와 관련하여 이 조에서 정하지 아니한 사항은 제1항의 협약 및 세칙
에서 정하는 바에 따른다. 
 
제12조(지급시기) 
① 입출금이 자유로운 예금은 거래처가 찾을 때 지급합니다. 이 경우 기업자유예금은 먼저 예금한 금액
부터 지급합니다. 
② 거치식·적립식예금은 만기일 이후 거래처가 찾을 때 지급합니다. 
 
제13조(양도 및 질권설정) 
① 거래처가 예금을 양도하거나 질권설정 하려면 사전에 은행에 통지하고 동의를 받아야 합니다. 다만, 
법령에 의하여 금지되는 경우에는 양도나 질권설정을 할 수 없습니다. 
② 입출금이 자유로운 예금은 질권설정 할 수 없습니다. 
 
제14조(사고·변경사항 신고) 
① 거래처는 통장·도장·카드 또는 증권이나 그 용지를 분실·도난·멸실·훼손했을 때는 곧 서면으로 신고
하여야 합니다. 다만, 긴급하거나 부득이할 때는 영업시간 중에 전화 등으로 신고할수 있으며 이 때는 
다음 영업일 안에 서면 신고 하여야 합니다. 
② 거래처가 인감 또는 서명, 비밀번호, 성명, 상호, 대표자명, 대리인명, 주소, 전화번호 기타 신고 사항
을 바꿀 때는 서면으로 신고하여야 합니다. 다만, 비밀번호는 서면신고 없이 전산통신기기를 이용하여 
바꿀 수 있으며, 이 경우 계좌번호, 주민등록번호, 비밀번호 등 은행이 정한 요건이 맞으면 은행은 새로
운 비밀번호로 변경 처리 합니다. 
③ 거래처는 주소, 전화번호 등의 일부 신고사항에 대하여는 은행이 정한 방법에 따라 전산통신기기를 
이용하여 변경할 수 있습니다. 
④ 제1항 및 제2항의 신고는 은행이 이를 접수한 뒤 전산입력 등 필요한 조치를 하는데 걸리는 합리적
인 시간이 지나면 그 효력이 생기며 전산장애 등 불가항력적인 사유로 처리하지 못한 때는 복구 등 사
유 해제시 즉시 처리해야 합니다. 
⑤ 제1항의 신고를 철회할 때는 거래처 본인이 서면 또는 전산통신기기 등으로 하여야 합니다. 
 
제15조(통장·카드의 재발급 등) 
제14조에 따라 통장·도장·카드에 대한 사고신고가 있을 때에는 은행은 신고인이 거래처 본인임을 확인
하는 등 필요한 조치를 마친 뒤에 재발급하거나 지급합니다. 
 
제16조(통지방법 및 효력) 

① 은행은 오류의 정정 등 예금거래에서 발생하는 일반적 사항을 통보하는 경우에는 거래처가 신고한 연
락처로 전화 통보할 수 있습니다. 이 때, 통화자가 거래처 본인이 아닌 경우, 그 통화자가 은행의 통지
내용을 이해하고 이를 거래처에 전달 할 것이라고 믿을 충분한 이유가 있는 때에는 거래처에 정당하게 
통보한 것으로 봅니다. 
② 은행이 예금거래에서 발생하는 일반적 사항을 서면으로 통지했을 때는 천재지변 등 불가 항력적인 경
우 외에는 보통의 우송기간이 지났을 때 도달한 것으로 봅니다. 
③ 은행은 예금계약의 임의해지 등 중요한 의사표시를 하는 때는 서면으로 하여야 하며 그 통지가 거래
처에 도달되어야 의사표시의 효력이 생깁니다. 다만, 관계법령 또는 어음교환업무규약 등에 의하여 예
금계약을 해지한 경우나 거래처가 제14조에 의한 변경 신고를 게을리하여 도달되지 않은 때에는 그러
하지 아니합니다. 
 
제17조(면책) 
① 은행은 예금지급청구서, 증권(어음교환소에서 전자적정보의 형태로 제시된 어음ㆍ수표 등 포함) 또는 
신고서 등에 찍힌 인영(또는 서명)을 신고한 인감(또는 서명감)과 육안으로 주의 깊게 비교·대조하여 
틀림없다고 여기고, 예금지급청구서 등에 적힌 비밀번호나 PIN-Pad기를 이용하여 입력된 비밀번호가 
신고 또는 등록한 것과 같아서 예금을 지급하였거나 기타 거래처가 요구하는 업무를 처리하였을 때에
는 인감이나 서명의 위조·변조 또는 도용이나 그밖의 다른 사고로 인하여 거래처에 손해가 생겨도 그 
책임을 지지 않습니다. 다만, 은행이 거래처의 인감이나 서명의 위조·변조 또는 도용 사실을 알았거나 
알 수 있었을 때는 그러하지 아니합니다. 
② 전산통신기기 등을 이용하거나 거래정보 등의 제공 및 금융거래명세 등의 통보와 관련하여 은행이 책
임질 수 없는 사유로 계좌번호, 비밀번호 등의 금융정보가 새어나가 거래처에 손해가 생겨도 은행은 그 
책임을 지지 않습니다. 
③ 은행이 거래처의 실명확인증표 등으로 주의 깊게 본인확인하여 예금을 지급하였거나 기타 거래처가 
요구하는 업무를 처리하였을 때에는 위조·변조 또는 도용이나 그밖에 다른 사고로 인하여 거래처에 손
해가 생겨도 그 책임을 지지 않습니다. 다만, 은행이 고의 또는 과실로 인한 귀책사유가 있는 경우 은
행은 그 책임의 일부 또는 전부를 부담합니다. 
④ 은행이 주민등록증 등 실명확인증표로 주의 깊게 실명확인 하거나 실명 전환한 계좌는 거래처가 실명
확인증표 또는 서류의 위조·변조·도용 등을 한 경우, 이로 인하여 거래처에 손해가 생겨도 은행은 그 
책임을 지지 않습니다. 
⑤ 거래처가 제14조 제1항, 제2항, 제4항의 신고나 절차를 미루어생긴 손해에 대해 은행은 그 책임을 
지지 않습니다. 다만, 이 경우에도 은행은 거래처에 손해가 발생하지 않도록 선량한 관리자로서의 주의
를 다하여야 합니다. 
 
제18조(수수료) 
① 거래처가 개설점이 아닌 다른 영업점이나 다른 금융기관 또는 전산통신기기 등을 통해 거래할 때 은
행은 온라인수수료나 추심수수료 등을 받을 수 있습니다. 
② 은행은 제1항의 경우 외에도 거래처가 자기앞수표 발행 등을 원하거나 거래처 잘못으로 통장 재발행 

등을 요청하는 경우 그 사무처리와 관련하여 수수료를 받을 수 있습니다. 
③ 제1항, 제2항과 관련한 수수료표는 영업점 및 인터넷 홈페이지에 게시합니다. 
 
제19조(오류처리 등) 
① 은행이 예금원장이나 통장거래내용을 사실과 다르게 처리하였을 때는, 이를 확인하여 바르게 고치고 
그 사실을 거래처에 통지하여야 합니다. 
② 거래처는 거래를 마친 때 그 내용이 맞는가를 확인하고, 거래내용이 사실과 다를 때는 바르게 고칠 
것을 요구할 수 있으며, 은행은 그 사실을 확인하고 바르게 처리하여야 합니다. 
 
제20조(예금의 비밀보장) 
① 은행은 「금융실명거래 및 비밀보장에 관한 법률」등 법령에서 정한 경우를 제외하고는 거래처의 거래
내용에 대한 자료나 정보를 남에게 제공하지 않습니다. 
② 은행은 거래처가 전산통신기기 등으로 무통장입금(송금 포함), 예금잔액 등에 관한 정보의 제공을 요
청한 때는 명의인·계좌번호·비밀번호[자동응답 서비스(ARS)는 계좌번호·비밀번호]가 맞으면 그 요청
자를 본인으로 여겨 입금(송금)을 하고 입금인, 입금액, 예금 잔액 등에 관한 정보를 제공할 수 있으며, 
이로 인하여 금융거래 정보누설 등으로 거래처에 손해가 생겨도 그 책임을 지지 않습니다. 
 
제21조(약관변경) 
① 은행은 이 약관이나 입출금이 자유로운 예금 약관, 거치식·적립식예금 약관(이하 총칭하여 본조에서” 
약관등” 이라고 합니다)을 변경하고자 하는 경우에는 변경되는 약관등의 시행일 1개월 전에 그 내용
을 영업점과 인터넷 홈페이지에 게시하여 거래처에 알립니다. 다만, 다음 각 호의 어느 하나에 해당
하는 경우에는 변경된 약관등을 즉시 게시 또는 공고하여야 합니다. 
1. 법령의 개정, 제도의 개선 또는 관련 법령에 의한 약관변경권고(명령)로 인하여 긴급히 약관등을 변
경한 경우 
2. 약관등의 개정이 거래처에 유리한 경우 
3. 변경 전 내용이 기존 거래처에 그대로 적용되는 경우 
4. 기존 약관등의 내용이 실질적으로 변경되지 않는 단순한 문구 변경의 경우 
② 은행은 약관등을 변경하는 경우 제1항에 따른 게시와는 별도로 변경되는 약관등의 시행일 1개월 전
에 거래처에 변경 내용(신·구조문대비표 포함)을 다음 각 호 중 1개(거래처에 불리한 변경인 경우에는 
3개) 이상의 방법으로 알리되, 제1호 내지 제3호의 방법이 포함되어야 합니다. 다만, 전항 각 호의 어
느 하나에 해당하는 경우에는 즉시 거래처에 알립니다. 
1. 거래처가 신고한 정보에 따른 우편 또는 전자우편(E-mail)에 의한 통지 
2. 거래처가 신고한 휴대전화 문자메시지(SMS, MMS) 또는 이에 준하는 거래처가 사전 동의한 전자적 
의사표시에 의한 통지 
3. 거래처와 약정한 별도의 전자기기(앱푸쉬 등)에 의한 통지 
4. 거래통장에 표기 
5. 현금자동지급기/현금자동입출금기 설치장소에 게시(이 경우 큰 문자를 사용하고 알아보기 쉬운 위치

에 게시합니다) 
6. 인터넷뱅킹 및 모바일뱅킹 초기화면에 게시 
③ 제2항에도 불구하고, 내용의 실질적 변경을 수반하지 않는 오탈자나 자구 수정 등 단순한 문구 변경
인 경우에는 제2항을 적용하지 아니합니다. 
④ 제1항의 게시 또는 제2항의 통지를 할 경우 “예금주가 변경에 동의하지 아니한 경우 제1항의 게시일 
또는 제2항의 통지를 받은 날로부터 1개월 이내에 계약을 해지할 수 있으며, 계약해지의 의사표시를 
하지 아니한 경우에는 변경에 동의한 것으로 본다”라는 취지의 내용을 함께 게시 또는 통지합니다. 
⑤ 제4항의 게시일 또는 통지를 받은 날로부터 1개월 이내에 계약해지의 의사표시가 도달하지 않으면 
거래처가 변경에 동의한 것으로 봅니다. 
 
제22조(약관적용의 순서) 
① 은행과 거래처 사이에 개별적으로 합의한 사항이 약관조항과 다를 때는 그 합의사항을 약관에 우선하
여 적용합니다. 
② 이 약관에 정한 사항과 입출금이 자유로운 예금 약관 또는 거치식·적립식예금 약관에서 정한 사항이 
다를 때는 입출금이 자유로운 예금 약관이나 거치식·적립식예금 약관을 먼저 적용합니다. 
 
제23조(기타) 
이 약관과 입출금이 자유로운 예금 약관 또는 거치식·적립식예금 약관에서 정하지 않은 사항은 따로 약
정이 없으면 관계법령, 어음교환업무규약을 적용 합니다. 
 
제24조(이의제기) 
거래처는 은행거래와 관련하여 이의가 있을 때 거래은행의 분쟁처리기구에 해결을 요구하거나, 금융분쟁
조정위원회 등을 통해 분쟁조정을 신청할 수 있습니다. 
 
제25조(위법계약의 해지) 
금융소비자는 「금융소비자보호에 관한 법률」 제47조 및 관련 규정이 정하는 바에 따라 서면등으로 해당 
계약의 해지를 요구할 수 있습니다. 
 
제26조(고객확인 및 검증) 
① 「특정 금융거래정보의 보고 및 이용 등에 관한 법률」과 「공중 등 협박목적 및 대량살상무기확산을 
위한 자금조달행위의 금지에 관한 법률」에 따른 고객확인 및 검증을 위해 은행은 거래처에 다음 각 호
에서 정한 정보, 문서, 자료 등을 요구할 수 있으며, 거래처가 이를 거부하거나 확인·검증이 충분히 이
루어지지 않을 경우 금융거래가 지연되거나 거절됩니다. 
1. 개인 
정 보 자 료 
성명, 실명번호, 국적, 
주소(거소), 연락처 등 
실명확인증표(주민등록증, 운전면허증, 여권 등), 
행정정보문서(주민등록등본 등), 

실제소유자가 다른 경우 추가서류 필요 
직장명, 직장주소, 업종 등 직장정보문서(재직증명서 등) 
거래목적, 자금원천, 
재산현황 등 
기타 추가정보 확인이 가능한 자료 
(부동산 계약서, 공과금 고지서 등) 
 
2. 법인(단체) 
정 보 자 료 
법인(단체)명, 실명번호, 
주소, 연락처, 대표자 정보, 
실제소유자(주주 및 임원), 
업종, 설립목적 등 
실명확인증표(사업자등록증 등), 대표자 신원정보문서, 
법인(단체) 확인문서(법인등기사항전부증명서, 정관, 
규약 등), 주주명부(출자자명부) 등 
회사 경영정보, 거래목적, 
자금원천 등 
기타 추가정보 확인이 가능한 자료 
(전자세금계산서, 각종 인허가서 등) 
 
② 「특정 금융거래정보의 보고 및 이용 등에 관한 법률」에서 정한 가상자산사업자인 거래처는 은행에 
가상자산사업자임을 고지하여야 하며, 고지하지 않아 고객확인 및 검증이 충분히 이루어지지 않을 경
우 금융거래가 거절되거나 종료됩니다. 
③ 「공중 등 협박목적 및 대량살상무기확산을 위한 자금조달행위의 금지에 관한 법률」에 의거 금융거
래등제한대상자로 지정되어 고시된 자, UN 등 자금세탁방지와 관련하여 국제사회에서 발표하는 거래
제한 대상자에 대해서는 금융거래가 제한되거나 거절됩니다. 
 
 
부     칙 
이 약관은 2003.12.1.부터 시행합니다. 
 
부     칙 
이 약관은 2016.12.30.부터 시행합니다. 
 
부     칙 
이 약관은 2020.10.8.부터 시행합니다. 
 
부     칙 
이 약관은 2021.3.25.부터 시행합니다. 
 
부     칙 
이 약관은 2021.10.11.부터 시행합니다. 
 
부     칙 
이 약관은 2022.3.14.부터 시행합니다. 
 
부     칙 
이 약관은 2023.2.27.부터 시행합니다. 
 
부     칙 
이 약관은 2025.2.7.부터 시행합니다. 
 
본 「예금거래기본약관」은 법령 및 내부통제 기준에 따른 절차를 거쳐서 제공됩니다.",ok,
products/deposit/예금거래기본약관20250207.pdf,예금거래기본약관20250207.pdf,products/deposit,9,"예금거래기본약관 
 
이 예금거래기본약관(이하 “이 약관”이라 합니다)은 주식회사 국민은행(이하 “은행”이라 합니다)과 거래처
(또는 예금주)가 서로 믿음을 바탕으로 예금거래를 빠르고 틀림없이 처리하는 한편, 서로의 이해관계를 합
리적으로 조정하기 위하여 기본적이고 일반적인 사항을 정한 것입니다. 은행은 이 약관을 영업점에 놓아 두
고, 거래처는 영업시간 중 언제든지 이 약관을 볼 수 있고 또한 그 교부를 청구할 수 있습니다. 
 
제1조(적용범위) 
이 약관은 입출금이 자유로운 예금, 거치식예금, 적립식예금 거래에 적용합니다. 
 
제2조(실명거래) 
① 거래처는 실명으로 거래하여야 합니다. 
② 은행은 거래처의 실명확인을 위하여 주민등록증·사업자등록증 등 실명확인증표 또는 그밖에 필요한 
서류의 제시나 제출을 요구할 수 있고, 거래처는 이에 따라야 합니다. 
 
제3조(거래장소) 
거래처는 예금계좌를 개설한 영업점(이하 “개설점” 이라 합니다)에서 모든 예금거래를 합니다. 다만, 은행
이 정하는 바에 따라 다른 영업점이나 다른 금융기관, 또는 현금자동출금기·현금자동입출금기·컴퓨터·전
화기 등(이하 “전산통신기기”라 합니다)을 통해 거래할 수 있습니다. 
 
제4조(거래방법) 
거래처는 은행에서 내준 통장(증서, 전자통장을 포함합니다, 이하 같습니다.) 또는 수표·어음 용지로 거래
하여야 합니다. 그러나 입금할 때와, 자동이체약정·전산통신기기·바이오인증 이용약정에 따라 거래하는 
경우 및 기 등록된 생체정보(이하 “바이오정보”), 실명확인증표 등을 통해 본인확인된 경우에는 통장 없
이(이하 “무통장”)도 거래할 수 있습니다. 
 
제5조(인감과 비밀번호 등의 신고) 
① 거래처는 거래를 시작할 때 인감 또는 서명, 비밀번호, 성명, 상호, 대표자명, 대리인명, 주소 등 거래
에 필요한 사항을 신고하여야 합니다. 다만, 비밀번호는 비밀번호입력기(이하 “Pin-Pad기”라 합니다)
에 의하여 거래처가 직접 등록할 수 있으며, 거래처가 은행에 내점할 수 없는 경우 거래처는 개설된 예
금의 첫거래 전에 은행이 정한 방법에 따라 전산통신기기를 이용하여 비밀번호를 등록하여야 합니다. 
② 제1항에 불구하고 은행에서 따로 정하는 예금은 비밀번호를 신고하지 않습니다. 
③ 거래처는 인감과 서명을 함께 신고하거나, 인감 또는 서명을 추가 신고 할 수 있습니다. 
④ 통장을 발행하지 않는 경우 은행은 거래처로부터 인감 또는 서명의 신고 절차를 생략할 수 있습니다. 
 
제6조(입금) 
① 거래처는 현금이나 즉시 추심할 수 있는 수표·어음·기타 증권(이하 “증권”이라 합니다) 등으로 입금

할 수 있습니다. 
② 거래처는 현금이나 증권으로 계좌송금(거래처가 개설점 이외에서 자기 계좌에 입금하거나, 제3자가 
개설점 또는 다른 영업점이나, 다른 금융기관에서 거래처 계좌에 입금하는 것) 하거나, 계좌 이체(거래
처의 신청에 따라 은행이 특정계좌에서 자금을 출금하여 같은 은행 또는 다른 은행의 다른 계좌에 입
금하는 것)를 할 수 있습니다. 
③ 증권으로 입금할 때 입금인은 증권의 백지보충이나 배서 또는 영수기명날인 등 필요한 절차를 밟아야 
하며, 은행은 백지보충 등의 의무를 지지 않습니다. 
④ 입금하는 증권이 수표나 어음일 때 은행은 소정 금액란에 적힌 금액으로 처리합니다. 
 
제7조(예금이 되는 시기) 
① 제6조에 따라 입금한 경우 : 다음 각 호의 시기에 예금이 됩니다. 
1. 현금으로 입금한 경우 : 은행이 이를 받아 확인한 때 
2. 현금으로 계좌송금 하거나 또는 계좌 이체한 경우 : 예금원장에 입금의 기록을 한 때 
3. 증권으로 입금하거나 계좌 송금한 경우 : 은행이 그 증권을 교환에 돌려 부도 반환 시한이 지나고 
결제를 확인한 때. 다만, 개설점에서 지급하여야 할 증권은 그날 안에 결제를 확인한 때 
② 제1항 제3호에도 불구하고 증권이 자기앞수표이고 지급제시기간 안에 사고신고가 없으며 결제될 것
이 틀림없음을 은행이 확인한 경우에는 예금원장에 입금의 기록이 된 때 예금이 됩니다. 
③ 은행은 특별한 사정이 없는 한 제1항 및 제2항의 확인 또는 입금기록을 신속히 하여야 합니다. 
 
제8조(증권의 부도) 
① 제6조 제1항에 따라 입금한 증권이 지급거절되었을 때는 은행은 그 금액을 예금원장에서 뺀 뒤, 거래
처(무통장 입금일 때는 입금의뢰인)가 신고한 연락처로 그 사실을 알립니다. 다만, 통화불능 등 부득이
한 사유로 그 사실을 알릴 수 없는 경우에는 그러하지 아니합니다. 
② 은행은 지급 거절된 증권을 그 권리보전절차를 밟지 아니하고, 입금한 영업점에서 거래처(무통장 입
금일 때는 입금의뢰인)가 반환 청구할 때 돌려줍니다. 다만, 증권발행인이 지급 거절한 날의 다음 영업
일까지 증권을 입금한 예금계좌에 해당자금을 현금이나 즉시 현금으로 바꿀 수 있는 증권으로 입금했
을 때는 발행인에게 돌려줄 수 있습니다. 
 
제9조(이자) 
① 이자는 원을 단위로 약정한 예치기간 또는 제7조에 따라 예금이 된 날(자기앞수표·가계수표는 입금일)
부터 지급일 전날까지의 기간에 대하여 은행이 정한 이율로 셈합니다. 
② 은행은 예금종류별 예금이율표를 영업점 및 인터넷 홈페이지에 비치·게시하고, 이율을 바꾼 때는 그 
바꾼 내용을 영업점 및 인터넷 홈페이지에 1개월 동안 게시합니다. 
③ 제2항에 따라 이율을 바꾼 때는, 입출금이 자유로운 예금은 바꾼 날로부터 바꾼 이율을 적용하며, 거
치식·적립식예금은 계약 당시의 이율을 적용함을 원칙으로 하되, 변동금리가 적용되는 예금은 바꾼 날
로부터 바꾼 이율을 적용합니다. 
④ 변동이율을 적용하는 거치식·적립식예금은 최초 거래시 이율적용방법을 통장, 전산통신기기 등으로 

표시하며, 변동이율을 적용하는 적립식예금은 이율을 바꾼 때마다 바뀐 이율을 통장에 기록하거나 전산
통신기기 등으로 안내합니다. 
⑤ 거래처가 실제 받는 이자는 제1항에 따라 셈한 이자에서 소득세법 등 관계법령에 따라 원천징수한 
세액을 뺀 금액입니다. 
 
제9조의2(휴면예금 및 출연) 
① 은행은 예금이 다음 각 호에 해당할 때에는 예금채권의 소멸시효가 완성된 것(이하 “휴면예금”이라 
한다)으로 봅니다. 
가. 입출금이 자유로운 예금은 이자지급을 포함한 최종거래일로부터 5년 이상 경과한 예금 
나. 거치식, 적립식예금은 만기일 또는 이자지급을 포함한 최종거래일로부터 5년 이상 경과한 예금 
② 제1항에 따른 휴면예금은 「서민의 금융생활 지원에 관한 법률」 제40조 따라 “서민금융진흥원”으로 
출연될 수 있으며, 원권리자는 출연된 휴면예금을 동법 제45조에 따라 지급청구 할 수 있습니다. 
③ 예금계약은 예금이 제1항 각 호에 따라 휴면예금에 해당하게 된 시점에 자동 종료하며, 해당 계좌는 
더 이상 이용이 불가합니다. 잔액이 0원으로 된 예금이 제1항 각 호에 해당하게 된 경우도 같습니다. 
 
제10조(지급·해지청구) 
① 거래처가 예금·이자를 찾거나 예금계약을 해지하고자 할 때는 신고한 비밀번호 등 필요한 사항을 적
거나 PIN-Pad기에 입력하고, 거래 인감을 날인하거나 서명감과 일치하게 서명한 지급 또는 해지 청구
서를 제출하여야 합니다. 
② 거래처가 무통장으로 거래하고 실명확인증표 등에 의해 본인확인된 경우 은행이 정하는 바에 따라 제
1항에 따른 절차의 전부 또는 일부를 생략할 수 있습니다. 
③ 거래처가 자동이체·전산통신기기·바이오인증 등을 이용하여 찾을 때는 그 약정에서 정한 바에 따릅니
다. 
 
제11조(금융사고자금 지급정지) 
① 은행은 ‘금융사고예방을 위한 공동협약’(이하 “협약”이라 한다) 및 ‘금융사고예방을 위한 공동협약 시
행세칙’(이하 “세칙”이라 한다)에서 정하는 금융사고(이하 “금융사고”라 한다)로 인한 사고자금이 이체
된 거래처의 계좌(이하 “사고계좌”라 한다)에 대하여 금융사고가 발생한 금융기관의 요청이 있는 경우 
지체없이 지급정지를 취한다. 
② 제1항의 지급정지 금액은 금융사고로 인해 이체된 금액 이내로 한다. 
③ 제1항의 지급정지기간은 지급정지한 날로부터 10영업일 이내로 한다. 다만, 지급정지를 요청한 금융
기관의 신청으로 법원에 의한 결정문 송달이 이루어진 경우에는 그러하지 아니하며, 법원의 결정문 송
달이 지연되어 지급정지를 요청한 금융기관이 관련 증빙서류를 첨부하여 서면으로 지급정지기간의 연
장을 요청하는 경우 은행은 10영업일 이내에서 연장할 수 있다. 
④ 은행이 제1항의 지급정지를 한 때에는 지체없이 거래처에 지급정지 사실과 이의신청 절차를 유선 또
는 이와 상응하는 방법으로 통지하여야 하며, 거래처가 이의를 신청한 때에는 은행이 정한 민원처리 절
차에 의하여 처리한다. 

⑤ 거래처가 지급을 청구하는 경우에는 금융사고에 의해 이체된 자금을 제외하고 지급한다. 
⑥ 은행은 금융사고와 관련한 사항이 해소 된 경우 지체없이 지급정지를 해지 하여야 한다. 
⑦ 은행은 거래처의 계좌에서 금융사고로 인한 사고자금이 다른 금융기관에 이체된 경우 사고발생을 인
지한 날로부터 10일 이내에 그 다른 금융기관에 대하여 지급정지를 요청할 수 있다. 
⑧ 이 조의 금융사고자금 지급정지와 관련하여 이 조에서 정하지 아니한 사항은 제1항의 협약 및 세칙
에서 정하는 바에 따른다. 
 
제12조(지급시기) 
① 입출금이 자유로운 예금은 거래처가 찾을 때 지급합니다. 이 경우 기업자유예금은 먼저 예금한 금액
부터 지급합니다. 
② 거치식·적립식예금은 만기일 이후 거래처가 찾을 때 지급합니다. 
 
제13조(양도 및 질권설정) 
① 거래처가 예금을 양도하거나 질권설정 하려면 사전에 은행에 통지하고 동의를 받아야 합니다. 다만, 
법령에 의하여 금지되는 경우에는 양도나 질권설정을 할 수 없습니다. 
② 입출금이 자유로운 예금은 질권설정 할 수 없습니다. 
 
제14조(사고·변경사항 신고) 
① 거래처는 통장·도장·카드 또는 증권이나 그 용지를 분실·도난·멸실·훼손했을 때는 곧 서면으로 신고
하여야 합니다. 다만, 긴급하거나 부득이할 때는 영업시간 중에 전화 등으로 신고할수 있으며 이 때는 
다음 영업일 안에 서면 신고 하여야 합니다. 
② 거래처가 인감 또는 서명, 비밀번호, 성명, 상호, 대표자명, 대리인명, 주소, 전화번호 기타 신고 사항
을 바꿀 때는 서면으로 신고하여야 합니다. 다만, 비밀번호는 서면신고 없이 전산통신기기를 이용하여 
바꿀 수 있으며, 이 경우 계좌번호, 주민등록번호, 비밀번호 등 은행이 정한 요건이 맞으면 은행은 새로
운 비밀번호로 변경 처리 합니다. 
③ 거래처는 주소, 전화번호 등의 일부 신고사항에 대하여는 은행이 정한 방법에 따라 전산통신기기를 
이용하여 변경할 수 있습니다. 
④ 제1항 및 제2항의 신고는 은행이 이를 접수한 뒤 전산입력 등 필요한 조치를 하는데 걸리는 합리적
인 시간이 지나면 그 효력이 생기며 전산장애 등 불가항력적인 사유로 처리하지 못한 때는 복구 등 사
유 해제시 즉시 처리해야 합니다. 
⑤ 제1항의 신고를 철회할 때는 거래처 본인이 서면 또는 전산통신기기 등으로 하여야 합니다. 
 
제15조(통장·카드의 재발급 등) 
제14조에 따라 통장·도장·카드에 대한 사고신고가 있을 때에는 은행은 신고인이 거래처 본인임을 확인
하는 등 필요한 조치를 마친 뒤에 재발급하거나 지급합니다. 
 
제16조(통지방법 및 효력) 

① 은행은 오류의 정정 등 예금거래에서 발생하는 일반적 사항을 통보하는 경우에는 거래처가 신고한 연
락처로 전화 통보할 수 있습니다. 이 때, 통화자가 거래처 본인이 아닌 경우, 그 통화자가 은행의 통지
내용을 이해하고 이를 거래처에 전달 할 것이라고 믿을 충분한 이유가 있는 때에는 거래처에 정당하게 
통보한 것으로 봅니다. 
② 은행이 예금거래에서 발생하는 일반적 사항을 서면으로 통지했을 때는 천재지변 등 불가 항력적인 경
우 외에는 보통의 우송기간이 지났을 때 도달한 것으로 봅니다. 
③ 은행은 예금계약의 임의해지 등 중요한 의사표시를 하는 때는 서면으로 하여야 하며 그 통지가 거래
처에 도달되어야 의사표시의 효력이 생깁니다. 다만, 관계법령 또는 어음교환업무규약 등에 의하여 예
금계약을 해지한 경우나 거래처가 제14조에 의한 변경 신고를 게을리하여 도달되지 않은 때에는 그러
하지 아니합니다. 
 
제17조(면책) 
① 은행은 예금지급청구서, 증권(어음교환소에서 전자적정보의 형태로 제시된 어음ㆍ수표 등 포함) 또는 
신고서 등에 찍힌 인영(또는 서명)을 신고한 인감(또는 서명감)과 육안으로 주의 깊게 비교·대조하여 
틀림없다고 여기고, 예금지급청구서 등에 적힌 비밀번호나 PIN-Pad기를 이용하여 입력된 비밀번호가 
신고 또는 등록한 것과 같아서 예금을 지급하였거나 기타 거래처가 요구하는 업무를 처리하였을 때에
는 인감이나 서명의 위조·변조 또는 도용이나 그밖의 다른 사고로 인하여 거래처에 손해가 생겨도 그 
책임을 지지 않습니다. 다만, 은행이 거래처의 인감이나 서명의 위조·변조 또는 도용 사실을 알았거나 
알 수 있었을 때는 그러하지 아니합니다. 
② 전산통신기기 등을 이용하거나 거래정보 등의 제공 및 금융거래명세 등의 통보와 관련하여 은행이 책
임질 수 없는 사유로 계좌번호, 비밀번호 등의 금융정보가 새어나가 거래처에 손해가 생겨도 은행은 그 
책임을 지지 않습니다. 
③ 은행이 거래처의 실명확인증표 등으로 주의 깊게 본인확인하여 예금을 지급하였거나 기타 거래처가 
요구하는 업무를 처리하였을 때에는 위조·변조 또는 도용이나 그밖에 다른 사고로 인하여 거래처에 손
해가 생겨도 그 책임을 지지 않습니다. 다만, 은행이 고의 또는 과실로 인한 귀책사유가 있는 경우 은
행은 그 책임의 일부 또는 전부를 부담합니다. 
④ 은행이 주민등록증 등 실명확인증표로 주의 깊게 실명확인 하거나 실명 전환한 계좌는 거래처가 실명
확인증표 또는 서류의 위조·변조·도용 등을 한 경우, 이로 인하여 거래처에 손해가 생겨도 은행은 그 
책임을 지지 않습니다. 
⑤ 거래처가 제14조 제1항, 제2항, 제4항의 신고나 절차를 미루어생긴 손해에 대해 은행은 그 책임을 
지지 않습니다. 다만, 이 경우에도 은행은 거래처에 손해가 발생하지 않도록 선량한 관리자로서의 주의
를 다하여야 합니다. 
 
제18조(수수료) 
① 거래처가 개설점이 아닌 다른 영업점이나 다른 금융기관 또는 전산통신기기 등을 통해 거래할 때 은
행은 온라인수수료나 추심수수료 등을 받을 수 있습니다. 
② 은행은 제1항의 경우 외에도 거래처가 자기앞수표 발행 등을 원하거나 거래처 잘못으로 통장 재발행 

등을 요청하는 경우 그 사무처리와 관련하여 수수료를 받을 수 있습니다. 
③ 제1항, 제2항과 관련한 수수료표는 영업점 및 인터넷 홈페이지에 게시합니다. 
 
제19조(오류처리 등) 
① 은행이 예금원장이나 통장거래내용을 사실과 다르게 처리하였을 때는, 이를 확인하여 바르게 고치고 
그 사실을 거래처에 통지하여야 합니다. 
② 거래처는 거래를 마친 때 그 내용이 맞는가를 확인하고, 거래내용이 사실과 다를 때는 바르게 고칠 
것을 요구할 수 있으며, 은행은 그 사실을 확인하고 바르게 처리하여야 합니다. 
 
제20조(예금의 비밀보장) 
① 은행은 「금융실명거래 및 비밀보장에 관한 법률」등 법령에서 정한 경우를 제외하고는 거래처의 거래
내용에 대한 자료나 정보를 남에게 제공하지 않습니다. 
② 은행은 거래처가 전산통신기기 등으로 무통장입금(송금 포함), 예금잔액 등에 관한 정보의 제공을 요
청한 때는 명의인·계좌번호·비밀번호[자동응답 서비스(ARS)는 계좌번호·비밀번호]가 맞으면 그 요청
자를 본인으로 여겨 입금(송금)을 하고 입금인, 입금액, 예금 잔액 등에 관한 정보를 제공할 수 있으며, 
이로 인하여 금융거래 정보누설 등으로 거래처에 손해가 생겨도 그 책임을 지지 않습니다. 
 
제21조(약관변경) 
① 은행은 이 약관이나 입출금이 자유로운 예금 약관, 거치식·적립식예금 약관(이하 총칭하여 본조에서” 
약관등” 이라고 합니다)을 변경하고자 하는 경우에는 변경되는 약관등의 시행일 1개월 전에 그 내용
을 영업점과 인터넷 홈페이지에 게시하여 거래처에 알립니다. 다만, 다음 각 호의 어느 하나에 해당
하는 경우에는 변경된 약관등을 즉시 게시 또는 공고하여야 합니다. 
1. 법령의 개정, 제도의 개선 또는 관련 법령에 의한 약관변경권고(명령)로 인하여 긴급히 약관등을 변
경한 경우 
2. 약관등의 개정이 거래처에 유리한 경우 
3. 변경 전 내용이 기존 거래처에 그대로 적용되는 경우 
4. 기존 약관등의 내용이 실질적으로 변경되지 않는 단순한 문구 변경의 경우 
② 은행은 약관등을 변경하는 경우 제1항에 따른 게시와는 별도로 변경되는 약관등의 시행일 1개월 전
에 거래처에 변경 내용(신·구조문대비표 포함)을 다음 각 호 중 1개(거래처에 불리한 변경인 경우에는 
3개) 이상의 방법으로 알리되, 제1호 내지 제3호의 방법이 포함되어야 합니다. 다만, 전항 각 호의 어
느 하나에 해당하는 경우에는 즉시 거래처에 알립니다. 
1. 거래처가 신고한 정보에 따른 우편 또는 전자우편(E-mail)에 의한 통지 
2. 거래처가 신고한 휴대전화 문자메시지(SMS, MMS) 또는 이에 준하는 거래처가 사전 동의한 전자적 
의사표시에 의한 통지 
3. 거래처와 약정한 별도의 전자기기(앱푸쉬 등)에 의한 통지 
4. 거래통장에 표기 
5. 현금자동지급기/현금자동입출금기 설치장소에 게시(이 경우 큰 문자를 사용하고 알아보기 쉬운 위치

에 게시합니다) 
6. 인터넷뱅킹 및 모바일뱅킹 초기화면에 게시 
③ 제2항에도 불구하고, 내용의 실질적 변경을 수반하지 않는 오탈자나 자구 수정 등 단순한 문구 변경
인 경우에는 제2항을 적용하지 아니합니다. 
④ 제1항의 게시 또는 제2항의 통지를 할 경우 “예금주가 변경에 동의하지 아니한 경우 제1항의 게시일 
또는 제2항의 통지를 받은 날로부터 1개월 이내에 계약을 해지할 수 있으며, 계약해지의 의사표시를 
하지 아니한 경우에는 변경에 동의한 것으로 본다”라는 취지의 내용을 함께 게시 또는 통지합니다. 
⑤ 제4항의 게시일 또는 통지를 받은 날로부터 1개월 이내에 계약해지의 의사표시가 도달하지 않으면 
거래처가 변경에 동의한 것으로 봅니다. 
 
제22조(약관적용의 순서) 
① 은행과 거래처 사이에 개별적으로 합의한 사항이 약관조항과 다를 때는 그 합의사항을 약관에 우선하
여 적용합니다. 
② 이 약관에 정한 사항과 입출금이 자유로운 예금 약관 또는 거치식·적립식예금 약관에서 정한 사항이 
다를 때는 입출금이 자유로운 예금 약관이나 거치식·적립식예금 약관을 먼저 적용합니다. 
 
제23조(기타) 
이 약관과 입출금이 자유로운 예금 약관 또는 거치식·적립식예금 약관에서 정하지 않은 사항은 따로 약
정이 없으면 관계법령, 어음교환업무규약을 적용 합니다. 
 
제24조(이의제기) 
거래처는 은행거래와 관련하여 이의가 있을 때 거래은행의 분쟁처리기구에 해결을 요구하거나, 금융분쟁
조정위원회 등을 통해 분쟁조정을 신청할 수 있습니다. 
 
제25조(위법계약의 해지) 
금융소비자는 「금융소비자보호에 관한 법률」 제47조 및 관련 규정이 정하는 바에 따라 서면등으로 해당 
계약의 해지를 요구할 수 있습니다. 
 
제26조(고객확인 및 검증) 
① 「특정 금융거래정보의 보고 및 이용 등에 관한 법률」과 「공중 등 협박목적 및 대량살상무기확산을 
위한 자금조달행위의 금지에 관한 법률」에 따른 고객확인 및 검증을 위해 은행은 거래처에 다음 각 호
에서 정한 정보, 문서, 자료 등을 요구할 수 있으며, 거래처가 이를 거부하거나 확인·검증이 충분히 이
루어지지 않을 경우 금융거래가 지연되거나 거절됩니다. 
1. 개인 
정 보 자 료 
성명, 실명번호, 국적, 
주소(거소), 연락처 등 
실명확인증표(주민등록증, 운전면허증, 여권 등), 
행정정보문서(주민등록등본 등), 

실제소유자가 다른 경우 추가서류 필요 
직장명, 직장주소, 업종 등 직장정보문서(재직증명서 등) 
거래목적, 자금원천, 
재산현황 등 
기타 추가정보 확인이 가능한 자료 
(부동산 계약서, 공과금 고지서 등) 
 
2. 법인(단체) 
정 보 자 료 
법인(단체)명, 실명번호, 
주소, 연락처, 대표자 정보, 
실제소유자(주주 및 임원), 
업종, 설립목적 등 
실명확인증표(사업자등록증 등), 대표자 신원정보문서, 
법인(단체) 확인문서(법인등기사항전부증명서, 정관, 
규약 등), 주주명부(출자자명부) 등 
회사 경영정보, 거래목적, 
자금원천 등 
기타 추가정보 확인이 가능한 자료 
(전자세금계산서, 각종 인허가서 등) 
 
② 「특정 금융거래정보의 보고 및 이용 등에 관한 법률」에서 정한 가상자산사업자인 거래처는 은행에 
가상자산사업자임을 고지하여야 하며, 고지하지 않아 고객확인 및 검증이 충분히 이루어지지 않을 경
우 금융거래가 거절되거나 종료됩니다. 
③ 「공중 등 협박목적 및 대량살상무기확산을 위한 자금조달행위의 금지에 관한 법률」에 의거 금융거
래등제한대상자로 지정되어 고시된 자, UN 등 자금세탁방지와 관련하여 국제사회에서 발표하는 거래
제한 대상자에 대해서는 금융거래가 제한되거나 거절됩니다. 
 
 
부     칙 
이 약관은 2003.12.1.부터 시행합니다. 
 
부     칙 
이 약관은 2016.12.30.부터 시행합니다. 
 
부     칙 
이 약관은 2020.10.8.부터 시행합니다. 
 
부     칙 
이 약관은 2021.3.25.부터 시행합니다. 
 
부     칙 
이 약관은 2021.10.11.부터 시행합니다. 
 
부     칙 
이 약관은 2022.3.14.부터 시행합니다. 
 
부     칙 
이 약관은 2023.2.27.부터 시행합니다. 
 
부     칙 
이 약관은 2025.2.7.부터 시행합니다. 
 
본 「예금거래기본약관」은 법령 및 내부통제 기준에 따른 절차를 거쳐서 제공됩니다.",ok,
products/deposit/예금거래기본약관_5586329411498782 (1).pdf,예금거래기본약관_5586329411498782 (1).pdf,products/deposit,9,"예금거래기본약관 
 
이 예금거래기본약관(이하 “이 약관”이라 합니다)은 주식회사 국민은행(이하 “은행”이라 합니다)과 거래처
(또는 예금주)가 서로 믿음을 바탕으로 예금거래를 빠르고 틀림없이 처리하는 한편, 서로의 이해관계를 합
리적으로 조정하기 위하여 기본적이고 일반적인 사항을 정한 것입니다. 은행은 이 약관을 영업점에 놓아 두
고, 거래처는 영업시간 중 언제든지 이 약관을 볼 수 있고 또한 그 교부를 청구할 수 있습니다. 
 
제1조(적용범위) 
이 약관은 입출금이 자유로운 예금, 거치식예금, 적립식예금 거래에 적용합니다. 
 
제2조(실명거래) 
① 거래처는 실명으로 거래하여야 합니다. 
② 은행은 거래처의 실명확인을 위하여 주민등록증·사업자등록증 등 실명확인증표 또는 그밖에 필요한 
서류의 제시나 제출을 요구할 수 있고, 거래처는 이에 따라야 합니다. 
 
제3조(거래장소) 
거래처는 예금계좌를 개설한 영업점(이하 “개설점” 이라 합니다)에서 모든 예금거래를 합니다. 다만, 은행
이 정하는 바에 따라 다른 영업점이나 다른 금융기관, 또는 현금자동출금기·현금자동입출금기·컴퓨터·전
화기 등(이하 “전산통신기기”라 합니다)을 통해 거래할 수 있습니다. 
 
제4조(거래방법) 
거래처는 은행에서 내준 통장(증서, 전자통장을 포함합니다, 이하 같습니다.) 또는 수표·어음 용지로 거래
하여야 합니다. 그러나 입금할 때와, 자동이체약정·전산통신기기·바이오인증 이용약정에 따라 거래하는 
경우 및 기 등록된 생체정보(이하 “바이오정보”), 실명확인증표 등을 통해 본인확인된 경우에는 통장 없
이(이하 “무통장”)도 거래할 수 있습니다. 
 
제5조(인감과 비밀번호 등의 신고) 
① 거래처는 거래를 시작할 때 인감 또는 서명, 비밀번호, 성명, 상호, 대표자명, 대리인명, 주소 등 거래
에 필요한 사항을 신고하여야 합니다. 다만, 비밀번호는 비밀번호입력기(이하 “Pin-Pad기”라 합니다)
에 의하여 거래처가 직접 등록할 수 있으며, 거래처가 은행에 내점할 수 없는 경우 거래처는 개설된 예
금의 첫거래 전에 은행이 정한 방법에 따라 전산통신기기를 이용하여 비밀번호를 등록하여야 합니다. 
② 제1항에 불구하고 은행에서 따로 정하는 예금은 비밀번호를 신고하지 않습니다. 
③ 거래처는 인감과 서명을 함께 신고하거나, 인감 또는 서명을 추가 신고 할 수 있습니다. 
④ 통장을 발행하지 않는 경우 은행은 거래처로부터 인감 또는 서명의 신고 절차를 생략할 수 있습니다. 
 
제6조(입금) 
① 거래처는 현금이나 즉시 추심할 수 있는 수표·어음·기타 증권(이하 “증권”이라 합니다) 등으로 입금

할 수 있습니다. 
② 거래처는 현금이나 증권으로 계좌송금(거래처가 개설점 이외에서 자기 계좌에 입금하거나, 제3자가 
개설점 또는 다른 영업점이나, 다른 금융기관에서 거래처 계좌에 입금하는 것) 하거나, 계좌 이체(거래
처의 신청에 따라 은행이 특정계좌에서 자금을 출금하여 같은 은행 또는 다른 은행의 다른 계좌에 입
금하는 것)를 할 수 있습니다. 
③ 증권으로 입금할 때 입금인은 증권의 백지보충이나 배서 또는 영수기명날인 등 필요한 절차를 밟아야 
하며, 은행은 백지보충 등의 의무를 지지 않습니다. 
④ 입금하는 증권이 수표나 어음일 때 은행은 소정 금액란에 적힌 금액으로 처리합니다. 
 
제7조(예금이 되는 시기) 
① 제6조에 따라 입금한 경우 : 다음 각 호의 시기에 예금이 됩니다. 
1. 현금으로 입금한 경우 : 은행이 이를 받아 확인한 때 
2. 현금으로 계좌송금 하거나 또는 계좌 이체한 경우 : 예금원장에 입금의 기록을 한 때 
3. 증권으로 입금하거나 계좌 송금한 경우 : 은행이 그 증권을 교환에 돌려 부도 반환 시한이 지나고 
결제를 확인한 때. 다만, 개설점에서 지급하여야 할 증권은 그날 안에 결제를 확인한 때 
② 제1항 제3호에도 불구하고 증권이 자기앞수표이고 지급제시기간 안에 사고신고가 없으며 결제될 것
이 틀림없음을 은행이 확인한 경우에는 예금원장에 입금의 기록이 된 때 예금이 됩니다. 
③ 은행은 특별한 사정이 없는 한 제1항 및 제2항의 확인 또는 입금기록을 신속히 하여야 합니다. 
 
제8조(증권의 부도) 
① 제6조 제1항에 따라 입금한 증권이 지급거절되었을 때는 은행은 그 금액을 예금원장에서 뺀 뒤, 거래
처(무통장 입금일 때는 입금의뢰인)가 신고한 연락처로 그 사실을 알립니다. 다만, 통화불능 등 부득이
한 사유로 그 사실을 알릴 수 없는 경우에는 그러하지 아니합니다. 
② 은행은 지급 거절된 증권을 그 권리보전절차를 밟지 아니하고, 입금한 영업점에서 거래처(무통장 입
금일 때는 입금의뢰인)가 반환 청구할 때 돌려줍니다. 다만, 증권발행인이 지급 거절한 날의 다음 영업
일까지 증권을 입금한 예금계좌에 해당자금을 현금이나 즉시 현금으로 바꿀 수 있는 증권으로 입금했
을 때는 발행인에게 돌려줄 수 있습니다. 
 
제9조(이자) 
① 이자는 원을 단위로 약정한 예치기간 또는 제7조에 따라 예금이 된 날(자기앞수표·가계수표는 입금일)
부터 지급일 전날까지의 기간에 대하여 은행이 정한 이율로 셈합니다. 
② 은행은 예금종류별 예금이율표를 영업점 및 인터넷 홈페이지에 비치·게시하고, 이율을 바꾼 때는 그 
바꾼 내용을 영업점 및 인터넷 홈페이지에 1개월 동안 게시합니다. 
③ 제2항에 따라 이율을 바꾼 때는, 입출금이 자유로운 예금은 바꾼 날로부터 바꾼 이율을 적용하며, 거
치식·적립식예금은 계약 당시의 이율을 적용함을 원칙으로 하되, 변동금리가 적용되는 예금은 바꾼 날
로부터 바꾼 이율을 적용합니다. 
④ 변동이율을 적용하는 거치식·적립식예금은 최초 거래시 이율적용방법을 통장, 전산통신기기 등으로 

표시하며, 변동이율을 적용하는 적립식예금은 이율을 바꾼 때마다 바뀐 이율을 통장에 기록하거나 전산
통신기기 등으로 안내합니다. 
⑤ 거래처가 실제 받는 이자는 제1항에 따라 셈한 이자에서 소득세법 등 관계법령에 따라 원천징수한 
세액을 뺀 금액입니다. 
 
제9조의2(휴면예금 및 출연) 
① 은행은 예금이 다음 각 호에 해당할 때에는 예금채권의 소멸시효가 완성된 것(이하 “휴면예금”이라 
한다)으로 봅니다. 
가. 입출금이 자유로운 예금은 이자지급을 포함한 최종거래일로부터 5년 이상 경과한 예금 
나. 거치식, 적립식예금은 만기일 또는 이자지급을 포함한 최종거래일로부터 5년 이상 경과한 예금 
② 제1항에 따른 휴면예금은 「서민의 금융생활 지원에 관한 법률」 제40조 따라 “서민금융진흥원”으로 
출연될 수 있으며, 원권리자는 출연된 휴면예금을 동법 제45조에 따라 지급청구 할 수 있습니다. 
③ 예금계약은 예금이 제1항 각 호에 따라 휴면예금에 해당하게 된 시점에 자동 종료하며, 해당 계좌는 
더 이상 이용이 불가합니다. 잔액이 0원으로 된 예금이 제1항 각 호에 해당하게 된 경우도 같습니다. 
 
제10조(지급·해지청구) 
① 거래처가 예금·이자를 찾거나 예금계약을 해지하고자 할 때는 신고한 비밀번호 등 필요한 사항을 적
거나 PIN-Pad기에 입력하고, 거래 인감을 날인하거나 서명감과 일치하게 서명한 지급 또는 해지 청구
서를 제출하여야 합니다. 
② 거래처가 무통장으로 거래하고 실명확인증표 등에 의해 본인확인된 경우 은행이 정하는 바에 따라 제
1항에 따른 절차의 전부 또는 일부를 생략할 수 있습니다. 
③ 거래처가 자동이체·전산통신기기·바이오인증 등을 이용하여 찾을 때는 그 약정에서 정한 바에 따릅니
다. 
 
제11조(금융사고자금 지급정지) 
① 은행은 ‘금융사고예방을 위한 공동협약’(이하 “협약”이라 한다) 및 ‘금융사고예방을 위한 공동협약 시
행세칙’(이하 “세칙”이라 한다)에서 정하는 금융사고(이하 “금융사고”라 한다)로 인한 사고자금이 이체
된 거래처의 계좌(이하 “사고계좌”라 한다)에 대하여 금융사고가 발생한 금융기관의 요청이 있는 경우 
지체없이 지급정지를 취한다. 
② 제1항의 지급정지 금액은 금융사고로 인해 이체된 금액 이내로 한다. 
③ 제1항의 지급정지기간은 지급정지한 날로부터 10영업일 이내로 한다. 다만, 지급정지를 요청한 금융
기관의 신청으로 법원에 의한 결정문 송달이 이루어진 경우에는 그러하지 아니하며, 법원의 결정문 송
달이 지연되어 지급정지를 요청한 금융기관이 관련 증빙서류를 첨부하여 서면으로 지급정지기간의 연
장을 요청하는 경우 은행은 10영업일 이내에서 연장할 수 있다. 
④ 은행이 제1항의 지급정지를 한 때에는 지체없이 거래처에 지급정지 사실과 이의신청 절차를 유선 또
는 이와 상응하는 방법으로 통지하여야 하며, 거래처가 이의를 신청한 때에는 은행이 정한 민원처리 절
차에 의하여 처리한다. 

⑤ 거래처가 지급을 청구하는 경우에는 금융사고에 의해 이체된 자금을 제외하고 지급한다. 
⑥ 은행은 금융사고와 관련한 사항이 해소 된 경우 지체없이 지급정지를 해지 하여야 한다. 
⑦ 은행은 거래처의 계좌에서 금융사고로 인한 사고자금이 다른 금융기관에 이체된 경우 사고발생을 인
지한 날로부터 10일 이내에 그 다른 금융기관에 대하여 지급정지를 요청할 수 있다. 
⑧ 이 조의 금융사고자금 지급정지와 관련하여 이 조에서 정하지 아니한 사항은 제1항의 협약 및 세칙
에서 정하는 바에 따른다. 
 
제12조(지급시기) 
① 입출금이 자유로운 예금은 거래처가 찾을 때 지급합니다. 이 경우 기업자유예금은 먼저 예금한 금액
부터 지급합니다. 
② 거치식·적립식예금은 만기일 이후 거래처가 찾을 때 지급합니다. 
 
제13조(양도 및 질권설정) 
① 거래처가 예금을 양도하거나 질권설정 하려면 사전에 은행에 통지하고 동의를 받아야 합니다. 다만, 
법령에 의하여 금지되는 경우에는 양도나 질권설정을 할 수 없습니다. 
② 입출금이 자유로운 예금은 질권설정 할 수 없습니다. 
 
제14조(사고·변경사항 신고) 
① 거래처는 통장·도장·카드 또는 증권이나 그 용지를 분실·도난·멸실·훼손했을 때는 곧 서면으로 신고
하여야 합니다. 다만, 긴급하거나 부득이할 때는 영업시간 중에 전화 등으로 신고할수 있으며 이 때는 
다음 영업일 안에 서면 신고 하여야 합니다. 
② 거래처가 인감 또는 서명, 비밀번호, 성명, 상호, 대표자명, 대리인명, 주소, 전화번호 기타 신고 사항
을 바꿀 때는 서면으로 신고하여야 합니다. 다만, 비밀번호는 서면신고 없이 전산통신기기를 이용하여 
바꿀 수 있으며, 이 경우 계좌번호, 주민등록번호, 비밀번호 등 은행이 정한 요건이 맞으면 은행은 새로
운 비밀번호로 변경 처리 합니다. 
③ 거래처는 주소, 전화번호 등의 일부 신고사항에 대하여는 은행이 정한 방법에 따라 전산통신기기를 
이용하여 변경할 수 있습니다. 
④ 제1항 및 제2항의 신고는 은행이 이를 접수한 뒤 전산입력 등 필요한 조치를 하는데 걸리는 합리적
인 시간이 지나면 그 효력이 생기며 전산장애 등 불가항력적인 사유로 처리하지 못한 때는 복구 등 사
유 해제시 즉시 처리해야 합니다. 
⑤ 제1항의 신고를 철회할 때는 거래처 본인이 서면 또는 전산통신기기 등으로 하여야 합니다. 
 
제15조(통장·카드의 재발급 등) 
제14조에 따라 통장·도장·카드에 대한 사고신고가 있을 때에는 은행은 신고인이 거래처 본인임을 확인
하는 등 필요한 조치를 마친 뒤에 재발급하거나 지급합니다. 
 
제16조(통지방법 및 효력) 

① 은행은 오류의 정정 등 예금거래에서 발생하는 일반적 사항을 통보하는 경우에는 거래처가 신고한 연
락처로 전화 통보할 수 있습니다. 이 때, 통화자가 거래처 본인이 아닌 경우, 그 통화자가 은행의 통지
내용을 이해하고 이를 거래처에 전달 할 것이라고 믿을 충분한 이유가 있는 때에는 거래처에 정당하게 
통보한 것으로 봅니다. 
② 은행이 예금거래에서 발생하는 일반적 사항을 서면으로 통지했을 때는 천재지변 등 불가 항력적인 경
우 외에는 보통의 우송기간이 지났을 때 도달한 것으로 봅니다. 
③ 은행은 예금계약의 임의해지 등 중요한 의사표시를 하는 때는 서면으로 하여야 하며 그 통지가 거래
처에 도달되어야 의사표시의 효력이 생깁니다. 다만, 관계법령 또는 어음교환업무규약 등에 의하여 예
금계약을 해지한 경우나 거래처가 제14조에 의한 변경 신고를 게을리하여 도달되지 않은 때에는 그러
하지 아니합니다. 
 
제17조(면책) 
① 은행은 예금지급청구서, 증권(어음교환소에서 전자적정보의 형태로 제시된 어음ㆍ수표 등 포함) 또는 
신고서 등에 찍힌 인영(또는 서명)을 신고한 인감(또는 서명감)과 육안으로 주의 깊게 비교·대조하여 
틀림없다고 여기고, 예금지급청구서 등에 적힌 비밀번호나 PIN-Pad기를 이용하여 입력된 비밀번호가 
신고 또는 등록한 것과 같아서 예금을 지급하였거나 기타 거래처가 요구하는 업무를 처리하였을 때에
는 인감이나 서명의 위조·변조 또는 도용이나 그밖의 다른 사고로 인하여 거래처에 손해가 생겨도 그 
책임을 지지 않습니다. 다만, 은행이 거래처의 인감이나 서명의 위조·변조 또는 도용 사실을 알았거나 
알 수 있었을 때는 그러하지 아니합니다. 
② 전산통신기기 등을 이용하거나 거래정보 등의 제공 및 금융거래명세 등의 통보와 관련하여 은행이 책
임질 수 없는 사유로 계좌번호, 비밀번호 등의 금융정보가 새어나가 거래처에 손해가 생겨도 은행은 그 
책임을 지지 않습니다. 
③ 은행이 거래처의 실명확인증표 등으로 주의 깊게 본인확인하여 예금을 지급하였거나 기타 거래처가 
요구하는 업무를 처리하였을 때에는 위조·변조 또는 도용이나 그밖에 다른 사고로 인하여 거래처에 손
해가 생겨도 그 책임을 지지 않습니다. 다만, 은행이 고의 또는 과실로 인한 귀책사유가 있는 경우 은
행은 그 책임의 일부 또는 전부를 부담합니다. 
④ 은행이 주민등록증 등 실명확인증표로 주의 깊게 실명확인 하거나 실명 전환한 계좌는 거래처가 실명
확인증표 또는 서류의 위조·변조·도용 등을 한 경우, 이로 인하여 거래처에 손해가 생겨도 은행은 그 
책임을 지지 않습니다. 
⑤ 거래처가 제14조 제1항, 제2항, 제4항의 신고나 절차를 미루어생긴 손해에 대해 은행은 그 책임을 
지지 않습니다. 다만, 이 경우에도 은행은 거래처에 손해가 발생하지 않도록 선량한 관리자로서의 주의
를 다하여야 합니다. 
 
제18조(수수료) 
① 거래처가 개설점이 아닌 다른 영업점이나 다른 금융기관 또는 전산통신기기 등을 통해 거래할 때 은
행은 온라인수수료나 추심수수료 등을 받을 수 있습니다. 
② 은행은 제1항의 경우 외에도 거래처가 자기앞수표 발행 등을 원하거나 거래처 잘못으로 통장 재발행 

등을 요청하는 경우 그 사무처리와 관련하여 수수료를 받을 수 있습니다. 
③ 제1항, 제2항과 관련한 수수료표는 영업점 및 인터넷 홈페이지에 게시합니다. 
 
제19조(오류처리 등) 
① 은행이 예금원장이나 통장거래내용을 사실과 다르게 처리하였을 때는, 이를 확인하여 바르게 고치고 
그 사실을 거래처에 통지하여야 합니다. 
② 거래처는 거래를 마친 때 그 내용이 맞는가를 확인하고, 거래내용이 사실과 다를 때는 바르게 고칠 
것을 요구할 수 있으며, 은행은 그 사실을 확인하고 바르게 처리하여야 합니다. 
 
제20조(예금의 비밀보장) 
① 은행은 「금융실명거래 및 비밀보장에 관한 법률」등 법령에서 정한 경우를 제외하고는 거래처의 거래
내용에 대한 자료나 정보를 남에게 제공하지 않습니다. 
② 은행은 거래처가 전산통신기기 등으로 무통장입금(송금 포함), 예금잔액 등에 관한 정보의 제공을 요
청한 때는 명의인·계좌번호·비밀번호[자동응답 서비스(ARS)는 계좌번호·비밀번호]가 맞으면 그 요청
자를 본인으로 여겨 입금(송금)을 하고 입금인, 입금액, 예금 잔액 등에 관한 정보를 제공할 수 있으며, 
이로 인하여 금융거래 정보누설 등으로 거래처에 손해가 생겨도 그 책임을 지지 않습니다. 
 
제21조(약관변경) 
① 은행은 이 약관이나 입출금이 자유로운 예금 약관, 거치식·적립식예금 약관(이하 총칭하여 본조에서” 
약관등” 이라고 합니다)을 변경하고자 하는 경우에는 변경되는 약관등의 시행일 1개월 전에 그 내용
을 영업점과 인터넷 홈페이지에 게시하여 거래처에 알립니다. 다만, 다음 각 호의 어느 하나에 해당
하는 경우에는 변경된 약관등을 즉시 게시 또는 공고하여야 합니다. 
1. 법령의 개정, 제도의 개선 또는 관련 법령에 의한 약관변경권고(명령)로 인하여 긴급히 약관등을 변
경한 경우 
2. 약관등의 개정이 거래처에 유리한 경우 
3. 변경 전 내용이 기존 거래처에 그대로 적용되는 경우 
4. 기존 약관등의 내용이 실질적으로 변경되지 않는 단순한 문구 변경의 경우 
② 은행은 약관등을 변경하는 경우 제1항에 따른 게시와는 별도로 변경되는 약관등의 시행일 1개월 전
에 거래처에 변경 내용(신·구조문대비표 포함)을 다음 각 호 중 1개(거래처에 불리한 변경인 경우에는 
3개) 이상의 방법으로 알리되, 제1호 내지 제3호의 방법이 포함되어야 합니다. 다만, 전항 각 호의 어
느 하나에 해당하는 경우에는 즉시 거래처에 알립니다. 
1. 거래처가 신고한 정보에 따른 우편 또는 전자우편(E-mail)에 의한 통지 
2. 거래처가 신고한 휴대전화 문자메시지(SMS, MMS) 또는 이에 준하는 거래처가 사전 동의한 전자적 
의사표시에 의한 통지 
3. 거래처와 약정한 별도의 전자기기(앱푸쉬 등)에 의한 통지 
4. 거래통장에 표기 
5. 현금자동지급기/현금자동입출금기 설치장소에 게시(이 경우 큰 문자를 사용하고 알아보기 쉬운 위치

에 게시합니다) 
6. 인터넷뱅킹 및 모바일뱅킹 초기화면에 게시 
③ 제2항에도 불구하고, 내용의 실질적 변경을 수반하지 않는 오탈자나 자구 수정 등 단순한 문구 변경
인 경우에는 제2항을 적용하지 아니합니다. 
④ 제1항의 게시 또는 제2항의 통지를 할 경우 “예금주가 변경에 동의하지 아니한 경우 제1항의 게시일 
또는 제2항의 통지를 받은 날로부터 1개월 이내에 계약을 해지할 수 있으며, 계약해지의 의사표시를 
하지 아니한 경우에는 변경에 동의한 것으로 본다”라는 취지의 내용을 함께 게시 또는 통지합니다. 
⑤ 제4항의 게시일 또는 통지를 받은 날로부터 1개월 이내에 계약해지의 의사표시가 도달하지 않으면 
거래처가 변경에 동의한 것으로 봅니다. 
 
제22조(약관적용의 순서) 
① 은행과 거래처 사이에 개별적으로 합의한 사항이 약관조항과 다를 때는 그 합의사항을 약관에 우선하
여 적용합니다. 
② 이 약관에 정한 사항과 입출금이 자유로운 예금 약관 또는 거치식·적립식예금 약관에서 정한 사항이 
다를 때는 입출금이 자유로운 예금 약관이나 거치식·적립식예금 약관을 먼저 적용합니다. 
 
제23조(기타) 
이 약관과 입출금이 자유로운 예금 약관 또는 거치식·적립식예금 약관에서 정하지 않은 사항은 따로 약
정이 없으면 관계법령, 어음교환업무규약을 적용 합니다. 
 
제24조(이의제기) 
거래처는 은행거래와 관련하여 이의가 있을 때 거래은행의 분쟁처리기구에 해결을 요구하거나, 금융분쟁
조정위원회 등을 통해 분쟁조정을 신청할 수 있습니다. 
 
제25조(위법계약의 해지) 
금융소비자는 「금융소비자보호에 관한 법률」 제47조 및 관련 규정이 정하는 바에 따라 서면등으로 해당 
계약의 해지를 요구할 수 있습니다. 
 
제26조(고객확인 및 검증) 
① 「특정 금융거래정보의 보고 및 이용 등에 관한 법률」과 「공중 등 협박목적 및 대량살상무기확산을 
위한 자금조달행위의 금지에 관한 법률」에 따른 고객확인 및 검증을 위해 은행은 거래처에 다음 각 호
에서 정한 정보, 문서, 자료 등을 요구할 수 있으며, 거래처가 이를 거부하거나 확인·검증이 충분히 이
루어지지 않을 경우 금융거래가 지연되거나 거절됩니다. 
1. 개인 
정 보 자 료 
성명, 실명번호, 국적, 
주소(거소), 연락처 등 
실명확인증표(주민등록증, 운전면허증, 여권 등), 
행정정보문서(주민등록등본 등), 

실제소유자가 다른 경우 추가서류 필요 
직장명, 직장주소, 업종 등 직장정보문서(재직증명서 등) 
거래목적, 자금원천, 
재산현황 등 
기타 추가정보 확인이 가능한 자료 
(부동산 계약서, 공과금 고지서 등) 
 
2. 법인(단체) 
정 보 자 료 
법인(단체)명, 실명번호, 
주소, 연락처, 대표자 정보, 
실제소유자(주주 및 임원), 
업종, 설립목적 등 
실명확인증표(사업자등록증 등), 대표자 신원정보문서, 
법인(단체) 확인문서(법인등기사항전부증명서, 정관, 
규약 등), 주주명부(출자자명부) 등 
회사 경영정보, 거래목적, 
자금원천 등 
기타 추가정보 확인이 가능한 자료 
(전자세금계산서, 각종 인허가서 등) 
 
② 「특정 금융거래정보의 보고 및 이용 등에 관한 법률」에서 정한 가상자산사업자인 거래처는 은행에 
가상자산사업자임을 고지하여야 하며, 고지하지 않아 고객확인 및 검증이 충분히 이루어지지 않을 경
우 금융거래가 거절되거나 종료됩니다. 
③ 「공중 등 협박목적 및 대량살상무기확산을 위한 자금조달행위의 금지에 관한 법률」에 의거 금융거
래등제한대상자로 지정되어 고시된 자, UN 등 자금세탁방지와 관련하여 국제사회에서 발표하는 거래
제한 대상자에 대해서는 금융거래가 제한되거나 거절됩니다. 
 
 
부     칙 
이 약관은 2003.12.1.부터 시행합니다. 
 
부     칙 
이 약관은 2016.12.30.부터 시행합니다. 
 
부     칙 
이 약관은 2020.10.8.부터 시행합니다. 
 
부     칙 
이 약관은 2021.3.25.부터 시행합니다. 
 
부     칙 
이 약관은 2021.10.11.부터 시행합니다. 
 
부     칙 
이 약관은 2022.3.14.부터 시행합니다. 
 
부     칙 
이 약관은 2023.2.27.부터 시행합니다. 
 
부     칙 
이 약관은 2025.2.7.부터 시행합니다. 
 
본 「예금거래기본약관」은 법령 및 내부통제 기준에 따른 절차를 거쳐서 제공됩니다.",ok,
products/deposit/외화보통예금상품설명서.pdf,외화보통예금상품설명서.pdf,products/deposit,3,"KB국민은행                                     준법감시인 심의필 제2026-2124-6호 (심의일: 2026.05.21) 
            [유효기간: 2026.05.21~2028.04.30] 
「외화보통예금」 상품설명서 
 
금융 취약소비자에 해당하시는 경우 상품 상담에 앞서 외화예금상품 가입시 「금융소비자의 불이익사항」에 대해  
우선적으로 설명 들으실 수 있습니다. 고객님께서는 ‘금융 취약소비자’에 해당하십니까? 
□ 만 65세 이상   □ 은퇴자   □ 주부   □ 해당없음(일반적인 금융상품 판매 절차 진행)  
「금융소비자의 불이익사항」 
∙ 원화대가로 외화예금을 거래하는 경우 환율변동으로 인하여 원금 이익 또는 손실이 발생할 수 있습니다 
∙ 미국 달러화 이외의 외화 현금을 외화예금에 입금하는 경우 은행이 계산 근거를 명시하여 청구하는 바에 따라 
외화현찰수수료가 발생합니다 
 ∙ 외화 현금 이외의 지급수단으로 입금한 외화예금을 외화 현금으로 인출하는 경우 은행이 계산 근거를 명시하여  
청구하는 바에 따라 외화현찰수수료가 발생합니다 
 
 
 
1   상품명 및 특징 
 
￭ 상 품 명 : 외화보통예금 
￭ 상품특징 : 예금의 만기를 정하지 않은 입출금이 자유로운 외화예금 
 
2  거래 조건 
 
구  분 내   용 
가입대상 
제한 없음  
(단, 모바일 채널을 통한 가입 시 주민등록증, 운전면허증을 소지한 만 19세 이상의  
국민인 거주자만 가입 가능) 
상품유형  외화요구불예금 
전환가능 여부 
 KB글로벌 외화투자통장에서 이 통장으로 전환 및 이 통장에서 KB글로벌 외화투자통장으로  
전환 가능 
가입통화 USD, JPY, EUR, GBP, CAD, AUD, NZD, CHF, HKD, SGD, CNY (11개 통화) 
계좌당 거래 
가능통화 
계좌당 가입가능 통화(11개 통화) 중 10개 통화까지 가능 
가입금액 제한 없음 
거래방법 개인 
신규 : 영업점, KB스타뱅킹 
해지 : 영업점, 인터넷뱅킹, KB스타뱅킹 
◈ 이 설명서는 금융소비자의 권익 보호 및 예금상품에 대한 이해 증진을 위하여 「금융소비자 보호에 관한 법률」 및 
관련 규정에 의거, 은행의 내부 통제절차를 거쳐 예금상품의 주요 내용을 쉽게 이해할 수 있도록 작성한 자료입니다. 
◈ 설명내용을 제대로 이해하지 못하였음에도 불구하고 설명을 이해했다는 서명을 하거나 녹취기록을 남기시는 경우,  
추후 해당 내용과 관련한 권리구제가 어려울 수 있습니다. 
◈ 인터넷뱅킹 등 비대면채널을 통해 가입하거나 통장 미발행 요청 시에는 통장 또는 증서가 교부되지 않습니다. 
전환 : 영업점 
법인 
신규 : 영업점 
해지 : 영업점, 인터넷뱅킹, KB스타기업뱅킹 
전환 : 영업점 
계약해지방법 
- 개인 : 영업점, 인터넷뱅킹, KB스타뱅킹에서 해지 가능 
- 법인 : 영업점, 인터넷뱅킹, KB스타기업뱅킹에서 해지 가능  
기본이율 
(2026.05.13 현재, 
세금공제 전) 
 영업점 및 KB국민은행 홈페이지에 고시된 통화별 외화보통예금 이율 적용 
 (USD 연 0.01%, CAD 연 0.01, NZD 연 0.01%, CNY 연 0.01%, 그 밖의 통화는 0.00%) 
 ※ 통화별 적용 이율은 변경될 수 있으며, 변경일 이후에는 변경된 이율 적용 
이자지급시기  예금의 이자는 매년 5월, 11월의 둘째(두번째) 금요일에 결산하여 다음날 원금에 더함 
이자계산방법 
(산출근거) 
(세금공제 전) 
 [이자계산 산식] 매일의 최종잔액 X (연)이자율 X 예입일수 ÷ 360 
(단, 일본 JPY 및 영국 GBP는 365일) 
예금 이자는 계좌 개설일(또는 지난 이자 지급일)부터 이자 지급일 전날(또는 계좌 해지일 
전날)까지의 기간을 이자 계산 기간으로 하고 이자 결산 시 (외화지급)적용되는 환율은 
결산일의 1회차 고시된 기준환율을 적용하여 계산. 단, 결산일이 은행 휴무일인 경우 직전 
영업일의 1회차 고시된 기준환율 적용. 원금과 이자의 계산 및 지급단위는 예수통화의 
보조단위까지 함  
세제관련 세금우대 및 생계형 저축 가입 불가능 
원금 및 
이자지급 제한 
- 계좌에 압류주1), 가압류주2) 등이 등록될 경우 원금 및 이자 지급이 제한될 수 있음 
※ 민사집행법에 따라 최저생계비 이하 등 압류금지채권에 해당하는 경우에는 
법원에 압류금지채권 범위 변경 신청 등을 통해 압류를 취소할 수 있습니다. 
 주 1) 압류: 채무자의 특정한 재산에 대하여 처분(매매, 양도 등)을 금지하게 하는 법원의 조치로서,  
채권자가 채무자의 해당 재산을 금전화하여 채무 변제에 충당하려는 목적으로 이용됩니다. 
 주 2) 가압류: 법원이 채권자를 위하여 나중에 강제 집행을 할 목적으로 채무자의 재산을 임시로 
확보하는 행위입니다. 
- 예금잔액증명서 발급 당일에는 입금·출금·이체 등 잔액 변동 불가 
- 통장이 ‘전기통신금융사기 피해 방지 및 피해금 환급에 관한 특별법’에서 정의한 
피해의심거래계좌 및 사기이용계좌로 이용될 경우 이체, 송금지연, 지급정지 등의 금융거래  
제한조치를 할 수 있음 
예금자보호여부 
 
 
 
해당 
이 예금은 예금자보호법에 따라 원금과 소정의 이자를 합하여 1인당  
""1억원까지""(본 은행의 여타 보호상품과 합산) 보호됩니다. 
외화현금수수료 
부과 기준 
- ①USD(미국 달러) 외의 외화현금을 외화예금에 입금하거나, ②외화현금 외의  
방식(송금받은 경우 등)으로 입금된 금액을 외화현금으로 출금하는 경우에는 예금주가  
외화현금수수료를 부담합니다. 

  ∙ USD(미국 달러), JPY(일본 엔화), EUR(유로화) : 매매기준율(재정된 매매기준율)의 1.5% 
  ∙ 기타통화 : 매매기준율(재정된 매매기준율)의 3% 
- 외화현금수수료 면제 기준 
  ∙ USD(미국 달러) 현금으로 외화예금에 입금하는 경우 
  ∙ 외화현금으로 외화예금에 입금한 금액 범위내에서 동종의 외화현금으로 출금하는 경우 
  ∙ 정부기관, 지방자치단체, 외국공관 또는 국제기구가 외화예금에서 USD(미국 달러)  
현금으로 출금하는 경우 
  ∙ 외화현금으로 입금된 외화거치식예금의 이자를 외화현금으로 지급하는 경우 
자료열람요구권 
▪ 금융소비자는 분쟁조정 또는 소송의 수행 등 권리구제를 위한 목적으로 은행이 기록 및  
유지·관리하는 다음의 자료에 대한 열람(사본 및 청취 포함)을 요구할 수 있습니다. 
  - 계약체결에 관한 자료, 계약의 이행에 관한 자료, 금융상품 등에 관한 광고 자료, 금융소비자의  
권리행사에 관한 자료, 내부통제기준의 제정 및 운영 등에 관한 자료, 업무 위탁에 관한 자료 
▪ 은행은 법령, 제3자의 이익 침해, 영업비밀의 침해 등의 사유가 있는 경우 이를  
금융소비자에게 알리고 자료 열람을 제한하거나 거절할 수 있습니다.   
연계·제휴서비스 해당없음 
 
3  유의 사항 
▪ 외화예금을 원화로 입금(신규입금 포함)하는 경우에는 은행이 영업점에 고시하는 입금 시점의 대고객  
전신환매도율(송금 보내실 때 환율)을 적용합니다. 
▪ 이 예금을 원화대가로 거래하는 경우 환율변동으로 인하여 이익 또는 손실이 발생할 수 있습니다. 
▪ 외화예금의 원금 및 이자를 원화로 지급할 때에 적용할 환율은 은행이 영업점에 고시한 지급시점의 
대고객 전신환매입율(송금 받으실 때 환율)로 합니다. 단, 미국 달러화 외화현금을 대가로 외화예금에 
입금할 때 외화현금수수료를 면제한 경우로서 입금일부터 7일 이내에 원화를 대가로 출금하는 경우에는 
대고객 현찰매입율(외국통화 파실 때 환율)을 적용합니다. 
▪ 이 설명서는 「금융소비자 보호에 관한 법률」제 19조제 1항, 동 법 시행령 제 14조제 1항, 제 3항에 따라  
금융상품에 관한 중요한 사항을 이해하기 쉽도록 설명하기 위해 설명을 하기 전에 제공되는 자료로써, 상담일  
이후 가입금액, 계약기간 등 변경에 의하여 일부 내용이 달라질 수 있습니다. 
￭ 본 설명서는 법령 및 내부통제기준에 따른 절차를 거쳐서 제공됩니다. 
 
 
이 상품은 KB국민은행 외환사업부에서 개발 및 관리하는 상품입니다. 
본 상품에 대한 문의사항 또는 민원 상담이 필요하시면 영업점, 고객센터(1588-9999) 또는 인터넷 홈페이지 
(www.kbstar.com), 금융감독원 민원상담센터(국번없이 1332) 또는 e-금융민원센터(www.fcsc.kr)을 통해 
문의주시기 바랍니다.  
영업점 등을 통해 은행에 접수된 민원은 특별한 사정이 없는 한 14영업일 이내에 처리함을 원칙으로 하되, 
기한 연장시 이에 대해 안내드리도록 하겠습니다. 또한 요청이 있는 경우 민원처리진행상황을 안내 받으실 수 있습니다. 
또한 금융소비자는 본 상품에 대하여 당 은행과 분쟁이 있는 경우에는 금융소비자보호법 제 36조 제 1항에 
따라 금융감독원에 분쟁조정을 신청할 수 있습니다.",ok,
products/deposit/외화예금거래기본약관_8330999660887375.pdf,외화예금거래기본약관_8330999660887375.pdf,products/deposit,4,"「외화예금거래기본약관」 
 
이 약관은 예금주와 국민은행(이하 ""은행""이라 한다)과의 외화예금거래에 적용되며 은행은 이 약관을 모든 
영업점에 비치하고 예금주는 영업시간 중 언제나 이 약관을 열람하거나 그 사본교부를 신청할 수 있다. 
     
제 1 장 외화예금 총칙 
 
제 1 조 적용범위    
이 약관은 다음 각 호의 거래에 적용하기로 한다.    
       
1. 외화보통예금 
2. 외화당좌예금 
3. 외화정기예금 
        
제 2 조 지급시기    
외화보통예금 및 외화당좌예금은 예금주가 청구할 때 지급한다.  
외화정기예금은 만기일 이후 또는 거치기간 경과 후 예금주가 청구할 때 지급한다. 다만, 예금주가 
부득이한 사정으로 청구할 때는 그 전이라도 지급할 수 있다.  
    
제 3 조 이자계산    
외화예금 이자의 연간일수는 360 일(단, JPY, GBP 는 365 일)로 적용하여 예금통화의 보조단위까지 
계산하며 보조단위 미만은 버린다. 
       
제 4 조 적용환율 및 수수료    
① 외화예금을 원화로 입금(신규입금 포함)하는 경우에는 은행이 영업점에 고시하는 입금시점의 대고객  
전신환매도율을 적용하고 외화예금의 원금 및 이자를 원화로 지급할 때에 적용할 환율은 은행이  
영업점에 고시한 지급시점의 대고객 전신환매입율로 한다. 다만, 미국 달러화 외화현금을 대가로  
외화예금에 입금할 때 외화현금수수료를 면제한 경우로서 입금일부터 7 일 이내에 원화를 
대가로 출금하는 경우에는 대고객 현찰매입률을 적용한다.  
② 외화예금의 이자를 외화로 재예치하거나 외화로 지급하는 경우에는 원화로 계산된 이자를 기준환율을  
적용하여 외화로 환산한다. 
③ 미국 달러화 이외의 외화 현금을 외화예금에 입금하고자 할 때에는 은행이 계산 근거를 명시 
하여 청구하는 바에 따라 예금주가 수수료를 부담하기로 한다. 

④ 외화 현금 이외의 지급수단으로 입금한 외화예금을 외화 현금으로 인출하고자 할 때에는 
은행이 계산근거를 명시하여 청구하는 바에 따라 예금주가 수수료를 부담하기로 한다 
⑤ 은행은 제①,②,③,④항과 관련한 적용환율 및 수수료율을 인터넷 홈페이지에 게시토록 한다. 
 
제 5 조 약관의 적용     
외화예금거래에는 이 약관이 우선적으로 적용되며 본 약관에서 정하여지지 않은 사항에 대하여는 예금거래 
기본약관이 적용된다.  
 
제 2 장 외화보통예금 
 
[외화보통예금] 
         
제 6 조 이자    
① 이 예금의 이자는 매년 5, 11 월의 둘째 금요일을 이자결산 기준일로 셈하여 익일(이하 ""원가일""이라  
한다)에 원금에 더한다. 
② 이 예금의 이자는 처음 예금일 또는 지난 원가일로부터 원가일 전날까지를 이자계산기간으로 하고  
매일의 최종잔액을 평균하여 은행이 고시한 이율로 셈한다.  
 
제 3 장 외화당좌예금 
 
[외화당좌예금] 
         
제 7 조 지급특례    
은행은 예금주의 수표·지급청구서 없이 이 예금을 예금주의 은행에 대한 다음 각 호의 
채무변제에 충당할 수 있다. 
 
1. 각종이자, 지연배상금, 보증료, 수수료 
2. 수입어음원금, 외화표시 내국신용장결제대금, 수출환어음 및 외화수표부도대금 
3. 기타 대체결제가 필요하다고 인정되는 채무 
        
제 8 조 이자    
이 예금에 대하여는 이자를 지급하지 아니한다.    
       

제 9 조 준용     
수표용지교부, 수표금지급과 지급위탁취소, 지급자금부족시의 처리, 수표초과지급과 
일부지급거절 수표금 지급과 면책 등, 해지, 해지 후 처리는 ""입출금이 자유로운 예금약관"" 제 3 조, 제 5 조, 
제 7 조, 제 8 조, 제 9 조, 제 11 조, 및 제 12 조를 준용한다.    
  
제 4 장 외화정기예금 
 
[외화정기예금] 
         
제 10 조 계약기간 
이 예금의 계약기간은 연, 월 또는 일단위로 정한다. 
 
제 11 조 만기일 산정 
① 월 또는 연 단위로 기간을 정한 때에는 그 기간의 마지막 달의 예입일에 해당하는 날을 만기일로  
하되 마지막 달에 예입일에 해당하는 날이 없는 경우는 그 달의 마지막 날을 만기일로 한다.  
② 일 단위로 기간을 정한 때에는 예입일부터 헤아려서 그 일수에 해당하는 날의 다음 날을 만기일로 한다. 
 
제 12 조 이자     
① 이 예금이자는 약정한 예치기간에 따라 입금일 당시 약정이율로 셈하여 만기일 이후 원금과 
 함께 지급한다.  
② 만기일 후 청구할 때에는 만기일부터 지급일 전날까지의 기간에 대하여 가입당시 약정이율의 
 3/10 을 만기 후 이율로 셈한 후 이자를 더하여 지급한다. 
③ 만기일 전에 부득이한 사정으로 지급 청구할 때는 예금일로부터 지급일 전날까지의 기간에 대하여  
은행이 정하는 중도해지 이율로 셈하여 지급하며 이미 지급한 이자가 있는 때에는 지급할 금액에서  
뺀다. 중도해지 이율은 예수기간에 따라 7 일 미만은 무이자, 7 일이상 1 월미만은 가입당시 약정이율의  
1/10, 1 월이상 6 월미만은 가입당시 약정이율의 4/10, 6 월이상은 가입당시 약정이율의 5/10 로 한다.  
다만, 예금주의 사망에 따른 상속 사유로 인해 만기일 전에 지급 청구하는 경우에는 가입당시  
약정이율을 적용하여 이자를 지급한다. 
 
제 13 조 자동갱신     
① 자동갱신 대상예금은 계약기간이 7 일 이상 6 월이내로서 예금주가 자동갱신을 신청한 예금으로 한다. 
② 자동갱신금액은 원금과 이자소득세 등을 공제한 세후이자를 매매기준율로 환산한 금액으로 하며  
자동갱신한 예금의 이자율은 갱신일의 은행이 고시한 기간별 이자율을 적용한다. 

③ 자동갱신 계좌로서 자동갱신 후 변경된 만기일 이전에 예금주의 요청에 의하여 중도해지 
하는 경우에는 갱신일부터 해지전일까지의 갱신당시의 만기후이자율을 적용하여 이자를 
지급한다. 
 
부 칙 
제 1 조 (시행일) 이 약관은 2011.02.25 부터 적용합니다. 
 
제 2 조 (경과조치)  
① 이 약관 시행일 이전에 변경전 약관 제 5 조에 의해 거래중지계좌에 편입된 계좌는 변경전 약관이  
적용됩니다. 
② 이 약관 시행일 이전에 개설된 통지예금은 변경전 약관이 적용됩니다. 
 
부 칙 
제 1 조 (시행일) 이 약관은 2011.05.06 부터 적용합니다. 
 
부 칙 
제 1 조 (시행일) 이 약관은 2014.03.31 부터 적용합니다. 
 
제 2 조 (경과조치) 
① 이 약관 시행일 이전에 개설된 외화정기예금 계좌도 변경된 약관이 적용됩니다. 
 
부 칙 
제 1 조 (시행일) 이 약관은 2021.12.1 부터 적용합니다. 
 
 
본 약관은 법령 및 내부통제기준에 따른 절차를 거쳐서 제공됩니다.",ok,
products/deposit/우대저축통장250901.pdf,우대저축통장250901.pdf,products/deposit,4,"KB국민은행                    준법감시인 심의필 제2025-0046-11호(심의일:2025.01.13) 
[유효기간: 2025.01.13~ 2027.01.10] 
「KB 우대저축통장」 상품설명서 
 
 
 
1  상품명 및 특징 
▪ 상 품 명: KB우대저축통장 
▪ 상품특징:거래금액에 따라 차등금리 적용되는 수시입출금식예금(MMDA: Money Market Deposit Account) 
 
2  거래 조건 
 
구   분 내    용 
가입대상 ▪ 실명의 개인 
신규금액 ▪ 최소 5백만원이상 (신규개설 후 잔액 5백만원 미만 거래가능) 
상품유형 ▪ 입출금이 자유로운 예금 (저축예금)  
전환가능 여부 
▪ 다른 입출금이 자유로운 예금에서 이 통장으로 전환 및 이 통장에서 다른 입출금이 자유로운 
예금으로 전환 불가 
기본이율 
(2025.01.13 기준, 
세금공제 전) 
▪ 이율이 변경하는 경우에는 변경된 날로부터 변경된 이율 적용  
예치금액 
(매일의 최종잔액 기준) 
이 율 비 고 
5백만원 미만 
5백만원 ~ 1천만원 미만 
1천만원 ~ 3천만원 미만 
3천만원 ~ 5천만원 미만 
5천만원 ~ 1억원 미만 
1억원 이상 
- 
연 0.10% 
연 0.15% 
연 0.20% 
연 0.30% 
연 0.35% 
매일의 최종 잔액에 해당 금액별 
금리를 적용하여 이자를 계산한 후 
결산일 다음 날에 원가 하거나,  
해지 시 원금과 함께 지급 
◈ 이 설명서는 금융소비자의 권익 보호 및 예금상품에 대한 이해 증진을 위하여 「금융소비자 보호에 관한 법률」 및 
관련 규정에 의거, 은행의 내부 통제절차를 거쳐 예금상품의 주요 내용을 쉽게 이해할 수 있도록 작성한 자료입니다. 
◈ 설명내용을 제대로 이해하지 못하였음에도 불구하고 설명을 이해했다는 서명을 하거나 녹취기록을 남기시는 경우,  
추후 해당 내용과 관련한 권리구제가 어려울 수 있습니다. 
◈ 인터넷뱅킹 등 비대면채널을 통해 가입하거나 통장 미발행 요청 시에는 통장 또는 증서가 교부되지 않습니다. 

이자 지급시기 
▪ 매년 2월, 5월, 8월, 11월의 둘째 금요일에 결산하여 다음날 원금에 더함 
※ 예금의 이자는 최종거래일로부터 5년이 경과한 날부터는 이자를 원금에 더하지 않고, 계좌
해지 또는 추가 입출금 거래 발생일에 일괄 계산하여 지급할 수 있습니다. 
 
이자 계산방법 
(산출근거) 
▪ 예금이자는 예금일부터 지급일 전일까지(결산시에는 지난 원가일부터 원가일 전일까지)를  
이자계산 기간으로 하고, 매일의 최종잔액을 평균하여 결산일 현재 영업점에 고시하는  
이율로 계산함 
세제관련 
▪ 비과세종합저축으로 가입가능  
※ 관련세법이 개정될 경우 세율이 변경되거나 세금이 부과될 수 있음 
거래방법 
▪ 신규 : 영업점  
▪ 해지 : 영업점, 개인인터넷뱅킹 및 KB스타뱅킹  
계약해지방법 
▪ 영업점, 개인인터넷뱅킹, KB 스타뱅킹을 통해 해지 가능 
  ※ 개인인터넷뱅킹, KB 스타뱅킹을 통한 해지 시 해지잔액을 입금할 수 있는 본인명의의 
입출금이자유로운예금 계좌가 필요합니다. 
질권설정 ▪ 불가 
양도 및 담보제공 ▪ 양도 가능    ▪ 담보제공 불가능 
원금 및  
이자지급 제한  
 
▪ 계좌에 압류주1), 가압류주2) 등이 등록될 경우 원금 및 이자 지급이 제한될 수 있음 
※ 민사집행법에 따라 최저생계비 이하 등 압류금지채권에 해당하는 경우에는 
법원에 압류금지채권 범위 변경 신청 등을 통해 압류를 취소할 수 있습니다. 
 
 주 1) 압류: 채무자의 특정한 재산에 대하여 처분(매매, 양도 등)을 금지하게 하는 법원의 조치로서,  
채권자가 채무자의 해당 재산을 금전화하여 채무 변제에 충당하려는 목적으로 이용됩니다. 
 주 2) 가압류: 법원이 채권자를 위하여 나중에 강제 집행을 할 목적으로 채무자의 재산을 임시로 
확보하는 행위입니다. 
 
▪ 예금잔액증명서 발급 당일에는 입금·출금·이체 등 잔액 변동 불가 
▪ 통장이 ‘전기통신금융사기 피해 방지 및 피해금 환급에 관한 특별법’에서 정의한 
피해의심거래계좌 및 사기이용계좌로 이용될 경우 이체, 송금지연, 지급정지 등의 금융거래 
제한조치를 할 수 있음 
 
거래중지 
▪ 다음의 경우에 해당하는 경우 입출금, 잔액조회, 이관 등의 거래 제한  
(가) 예금잔액이 10,000 원 미만이며, 1 년 이상 입출금거래가 없는 계좌 
  (나) 예금잔액이 10,000 원 이상 50,000 원 미만이며, 2 년 이상 입출금거래가 없는 계좌 
  (다) 예금잔액이 50,000 원 이상 100,000 원 미만이며, 3 년 이상 입출금거래가 없는 계좌 
☞ 무거래기간 산정기준 : 입출금 거래 또는 명의변경 거래 최종 발생일로 부터 산정 
▪ 편입시기 : 연 2 회(매년 6 월, 12 월 셋째 금요일 기준으로 익일인 토요일에 편입) 
▪ 거래를 다시 시작하고자 하는 경우에는 본인 확인 및 금융거래 목적을 확인 한 후 가능 
휴면예금 및 
출연 
 
▪ 예금 만기일 또는 이자지급을 포함한 최종거래일 이후 5 년 이내 계좌를 해지하지 않을 경우  
예금거래기본약관 제 9 조의 2 휴면예금 및 출연에 따라 휴면예금은 “서민금융진흥원 
(국번없이 1397)”에 출연주)될 수 있으며, 이 경우 서민금융진흥원을 통해 휴면예금을 
찾으실 수 있습니다. 
▪ 휴면예금은 휴면예금통합조회서비스(www.sleepmoney.or.kr)를 통해 조회 가능합니다. 
 
주) 출연: 어떤 사람이나 단체가 자기의 의사에 따라 돈을 내거나 의무를 부담함으로써 재산상의  
손실을 입고 남의 재산을 증가시키는 일을 말합니다. 일반적으로 기부행위를 일컫는 말로  
사용되나 법률적으로는 비영리재단법인에 재산을 무상으로 내는 행위를 뜻합니다. 
 
※ 계좌통합관리서비스 이용 시 사용하지 않는 소액계좌를 잔고 이전/해지 할 수 있으며, 
   휴면계좌통합조회서비스 이용 시 휴면계좌 현황을 파악할 수 있습니다. 
 
예금자 
보호여부 
해당
 
이 예금은 예금자보호법에 따라 원금과 소정의 이자를 합하여 1 인당 
“1 억원까지” (본 은행의 여타 보호상품과 합산) 보호됩니다. 
자료열람요구권 
▪ 금융소비자는 분쟁조정 또는 소송의 수행 등 권리구제를 위한 목적으로 은행이 기록 및  
유지·관리하는 다음의 자료에 대한 열람(사본 및 청취 포함)을 요구할 수 있습니다. 
- 계약체결에 관한 자료, 계약의 이행에 관한 자료, 금융상품 등에 관한 광고 자료, 
금융소비자의 권리행사에 관한 자료, 내부통제기준의 제정 및 운영 등에 관한 자료,  
업무 위탁에 관한 자료 
▪ 은행은 법령, 제 3 자의 이익 침해, 영업비밀의 침해 등의 사유가 있는 경우 이를 
금융소비자에게 알리고 자료 열람을 제한하거나 거절할 수 있습니다. 
이용제한 사항 
▪ 이 상품은 다른 입출금이 자유로운 예금에서 이 통장으로 전환 및 이 통장에서 다른 입출금이 
  자유로운 예금으로 전환 불가합니다. 
▪ 통장이 ‘전기통신금융사기 피해 방지 및 피해금 환급에 관한 특별법’ 에서 정의한 피해의심 
거래계좌 및 사기이용 계좌로 이용될 경우 이체, 송금지연, 지급정지 등의 금융거래 제한조치 
를 할 수 있습니다. 
 
 

3  유의 사항 
 
▪ 이 설명서는 「금융소비자 보호에 관한 법률」제19조제1항, 동 법 시행령 제14조제1항, 제3항에 따라 
금융상품에 관한 중요한 사항을 이해하기 쉽도록 설명하기 위해 설명을 하기 전에 제공되는 자료로써, 
상담일 이후 가입금액, 계약기간 등 변경에 의하여 일부 내용이 달라질 수 있습니다. 
▪ 본 설명서는 법령 및 내부통제기준에 따른 절차를 거쳐서 제공됩니다. 
 
이 상품은 KB국민은행 수신상품부(P)에서 개발 및 관리하는 상품입니다. 
본 상품에 대한 문의사항 또는 민원 상담이 필요하시면 영업점, 고객센터(1588-9999) 또는 인터넷 홈페이지 
(www.kbstar.com), 금융감독원 민원상담센터(국번없이 1332) 또는 e-금융민원센터(www.fcsc.kr)을 통해 
문의주시기 바랍니다. 
영업점 등을 통해 은행에 접수된 민원은 특별한 사정이 없는 한 14 영업일 이내에 처리함을 원칙으로 하되, 
기한 연장시 이에 대해 안내드리도록 하겠습니다. 또한 요청이 있는 경우 민원처리진행상황을 안내 받으실 수 
있으며 금융소비자는 본 상품에 대하여 당 은행과 분쟁이 있는 경우에는 금융소비자보호법 제 36 조 
제1항에 따라 금융감독원에 분쟁조정을 신청할 수 있습니다. 
 (2025.01.13 현재)",ok,
products/deposit/입출금이자유로운예금약관.pdf,입출금이자유로운예금약관.pdf,products/deposit,4,"1 
 
입출금이자유로운예금약관 
제 1 조  적용범위 
① 입출금이자유로운예금(이하 '이 예금' 이라 합니다)이란 예치기간을 정하지 아니하고 자유로이 
입출금하는 예금을 말합니다. 
② 이 약관에서 정하지 아니한 사항은 예금거래기본약관의 규정을 적용합니다. 
 
제 2 조  이자 
① 이 약관의 적용을 받는 예금 중 다음 예금의 이자는 해당 기준일에 셈하여 기준일에 이은 첫 
영업일(이하 '원가일' 이라 합니다)에 원금에 더합니다. 다만, 당좌예금은 이자를 붙이지 않으며, 
은행에서 따로 정하는 예금 중 일정한 기준에 해당되는 경우에는 이자를 지급하지 않을 수 
있습니다. 
 
 
 
 
② 제1항의 예금이자는 최초 예금일(또는 지난 원가일)부터 원가일 전날까지를 이자 계산기간으로 
하고, 매일 최종잔액을 평균하여 영업점에 게시한 이율로 셈합니다. 다만, 기업자유예금의 이자는 
예금액마다 예금일부터 원가일 전날 까지를 이자계산 기간으로 하여 셈한 다음 이미 지급한 
이자액을 뺍니다. 
③ 예금의 이자는 제①항에 따른 이자지급을 제외한 최종거래일로부터 5년까지는 제①항  및 제②항에
서 정한 방식으로 지급하고, 5년이 경과한 날부터는 이자를 원금에 더하지 않고, 계좌해지 또는 
추가 입출금 거래 발생일에 일괄 계산하여 지급할 수 있습니다. 
 
제 3 조  거래중지계좌 
은행은 이 예금이 다음 각호의 1에 해당할 때에는 거래중지계좌로 따로 관리하여 입출금, 잔액조회, 
이관 등의 거래를 제한할 수 있다. 다만, 거래처가 위 계좌로 입출금, 잔액조회, 이관 등을 
은행창구에서 서면으로 신청한 때에는 은행은 금융거래목적확인서 등 서류를 징구하여 금융거래 
목적을 확인 후 거래 재개에 필요한 조치를 취할 수 있습니다. 
① 예금잔액이 10,000원 미만이며, 1년이상 입출금 거래가 없는 계좌 
② 예금잔액이 10,000원 이상 50,000원 미만이며, 2년이상 입출금 거래가 없는 계좌 
③ 예금잔액이 50,000원 이상 100,000원 미만이며, 3년이상 입출금 거래가 없는 계좌 
 
제 4 조  은행제공 수표·어음용지에 의한 거래 및 어음발행내역 등록 
① 거래처는 은행이 내어준 수표, 어음 용지로 거래하여야 하며, 1,000만원 이상의 어음을 
발행하였을 경우 발행 내역(발행일, 지급기일, 발행금액 등)을 금융결제원의 어음발행 관련 
네트워크에 등록하여야 합니다. 
② 제1항의 용지는 거래처가 요청할 때 은행이 내어줍니다. 다만, 거래처가 요청한 양이 많다고 
판단될 때에는 이를 필요하다고 인정되는 양으로 제한할 수 있습니다. 
 
제 5 조  거래제한 
① 가계당좌예금은 모든 금융기관을 통하여 1인1계좌에 한합니다. 
② 거래처는 제4조 제1항의 규정에 따라 교부 받은 가계수표용지에 인쇄된 발행 한도금액 이내로 
발행하여야 하며, 은행은 발행 한도를 넘는 수표에 대하여는 지급하지 않습니다.  
다만, 거래처가 은행(다른 은행 포함)과 직접 거래할 때에는 발행한도액을 초과하여 
    발행할 수 있습니다. 
예금 보통예금 저축예금 기업자유예금 
가계당좌예금 
이자계산 기준일 매년 6월과 12월의 매년 2월과 
5월, 8월, 11월의 
매년 3월과 
6월, 9월, 12월의 
제2금요일 

 
 
2 
 
③ 통장이「전기통신금융사기 피해방지 및 피해금 환급에 관한 특별법」에서 정의한  
사기이용계좌로 사용될 경우, 통장 명의인에 대한 계좌개설 및 현금카드 발급,  
해당 통장의 인출∙이체한도 축소 등 금융거래를 제한할 수 있습니다. 
 
제 6 조  수표·어음금 지급 및 지급위탁 취소 
① 은행은 제4조 제1항에 따라 내어준 수표나 어음에 적힌 금액을 거래처에서 지급위탁 받아 그 
제시인에게 지급합니다. 
② 은행은 수표나 어음이 지급제시기간 안에 제시된 때에만 지급합니다. 다만, 수표는 지급제시 
기간이 지난 뒤에도 지급할 수 있습니다. 
③ 거래처가 이미 발행한 수표나 어음의 지급위탁을 취소할 때에는 은행이 마련한 서식으로 
신청해야 하고 어음교환 업무규약에 따라 수표나 어음에 적힌 금액을 담보금으로 예치해야 
합니다. 
 
제 7 조  지급특례 
제6조 제1항의 규정에 불구하고 거래처가 은행에 이행하여야 할 다음의 채무가 있을 때에는 은행은 
수표나 지급청구서 없이 해당예금에서 지급하거나 대체 결제할 수 있습니다. 
1. 각종 이자, 보증료, 수수료 
2. 수입어음 원금, 수출어음 부도대전 
3. 어음교환업무규약에 따른 제재금 
4. 콜자금 결제통지서나 콜자금 상환영수증으로 청구 받은 금액 
 
제 8 조  지급자금 부족시의 처리 
같은 날 거래처의 지급자금을 초과하는 수표나 어음의 지급 또는 그 밖의 채무 이행의 청구가 있는 
경우 은행은 거래처의 의사를 확인하였을 때에는 그 의사에 따라 처리하고 의사를 확인할 수 없는 
때에는 은행이 판단하여 처리합니다. 
 
제 9 조  초과지급 및 일부지급의 거절 
① 은행은 당좌예금·가계당좌예금의 지급자금(대출한도 포함)을 초과하는 수표나 어음금은 지급하지 
않습니다. 
② 은행은 수표나 어음에 적힌 금액의 일부에 대하여 지급 청구하는 경우에는 지급하지 아니 
합니다. 
 
제 10 조  수표·어음금의 지급과 면책 등 
① 은행이 수표나 어음금을 지급함에 있어 다음 각 호의 경우에 해당하는 때에는 거래처에 손해가 
생겨도 은행은 책임을 지지 않습니다. 다만, 제3호 및 제4호의 경우에는 어음·수표의 지급 
사무를 함에 있어 요구되는 주의를 다하였어야 합니다. 
1. 발행일이 기재되지 아니한 수표, 발행일이나 수취인 또는 발행일 및 수취인이 기재되지 
아니한 어음을 지급했을 때 
2. 달력에 없는 날짜를 발행일 또는 지급일로 기재한 수표·어음에 대하여 그 달 말일을 
지급일로 하여 지급 하였을 때(다만, 32이상의 숫자를 만기일 또는 지급일로 한 때에는 그러 
하지 아니 합니다) 
3. 예금거래기본약관 제5조 제1항에 따라 신고된 거래인감이 틀림없다고 인정되는 도장을 
수표뒷면에 찍은 횡선수표를 지급하였을 때 
4. `지시금지’란 글자를 누구나 알아볼 수 있는 크기로 분명히 적지 않아 그 수표나 어음이 
지시금지 수표 또는 어음인지 모르고 지급했을 때 
② 제3호에 따라 지급함으로써 수표법상 횡선위반에 해당하여 제3자 에게 손해배상 했을 때에는 
은행은 그 금액을 거래처에게 상환 청구할 수 있습니다. 
 

 
 
3 
 
제 11 조  대리인과의 거래 
① 거래처가 대리인을 통하여 거래하고자 할 때에는 수표·어음 거래에 사용할 대리인  
성명과 인감을 신고하여야 합니다. 
② 은행은 제1항에 따라 신고된 대리인 이『신용정보관리규약』상의 신용불량 정보 대상자에 
해당하여 수표나 어음의 유통질서를 해칠만한 상당한 이유가 있을 때에는 그 사실을 거래처에 
통보 하고 이의 교체를 요청할 수 있습니다. 
③ 거래처가 대리인을 통하여 수표나 어음을 발행할 때에는 수표 또는 어음 면에 거래처 본인 및 
대리인의 성명을 적고 대리 관계를 나타내는 표시를 하여야 하며 은행은 대리인 명의만으로 
발행한 수표나 어음을 지급 거절할 수 있습니다. 
 
제 12 조  당좌·가계당좌예금 계약의 해지 
① 은행은 거래처가 관련법규나 규정을 위반하여 당좌거래 자격을 잃거나 이 약관의 중요사항을 
위반하여 은행과 당좌거래를 계속하는 것이 부적절하다고 판단될 때에는 미리 서면으로 
통지하고 해당 예금계약을 해지할 수 있습니다. 
② 은행은 거래처가『신용정보관리규약』의 기준에 의해 신용불량정보 대상자로 등록되고, 은행이 
정한 당좌· 가계당좌 예금 계약 해지사유에 해당할 때에는 이 예금을 해지하고 그 사실을 
거래처에 통지합니다. 
 
제 13 조  당좌·가계당좌예금 해지 후 처리 
이 예금을 해지했을 때는 해지 전에 발행한 수표나 어음이 지급제시 되더라도 은행은 지급하지 
않으며 거래처는 사용하지 않은 수표나 어음용지를 곧 개설점에 반환하여야 합니다. 
 
제 14 조  당좌예금 거래보증금 
① 거래처는 은행이 따로 정한 당좌예금 거래보증금(이하 '보증금'이라 합니다)을 은행에 
별단예금으로 예치해야 하며, 보증금에는 이자를 붙이지 않습니다. 
② 은행이 제1항의 보증금액을 변경했거나 거래처가 개설점 변경 등으로 예치한 보증금이 부족할 
경우 거래처는 그 차액을 추가로 예치하여야 하고, 남으면 은행은 그 차액을 거래처에게 돌려 
줍니다. 
③ 이 예금을 해지했을 때 은행은 제1항의 보증금을 거래처가 은행에 갚아야 할 채무변제로 충당합
니다. 
④ 은행은 제3항의 절차를 마치고 보증금이 남았을 때에는 사용하지 않은 수표· 어음용지를 모두 
회수한 뒤에 돌려 줍니다.  다만, 이미 발행한 수표나 어음으로서 지급제시 되지 않은 것이 있을 
때에는 부도처리수수료와 어음교환 업무규약에서 정한 부도어음 제재금 만큼 빼고 돌려줍니다. 
⑤ 제4항 전단의 규정에도 불구하고 거래처가 수표나 어음용지를 회수할 수 없는 정당한 사유가 
있으면 은행은 곧 보증금을 돌려줍니다. 
 
 
부     칙 
이 약관은 2016. 2. 19부터 적용합니다. 
 
부     칙 
제1조(시행일)  
제2조 제3항을 신설하는 개정약관은 2016년 12월30일부터 시행한다. 
제2조(이자에 관한 경과조치) 
제2조 제3항의 최종거래일이 이 약관 시행일보다 전일자인 예금의 경우, 해당 예금의 최종거래일은 이약관의 
시행일로 본다. 
 
부     칙 
이 약관은 2017.6.30부터 적용합니다. 

 
 
4 
부     칙 
이 약관은 2020.10.8부터 적용합니다. 
 
부     칙 
이 약관은 2024.3.29부터 적용합니다. 
 
 
 
본 약관은 법령 및 내부통제기준에 따른 절차를 거쳐서 제공됩니다.",ok,
products/deposit/주거행복월세250901.pdf,주거행복월세250901.pdf,products/deposit,6,"KB국민은행                                  준법감시인 심의필 제2025-0046-13호(심의일:2025.01.13) 
  [유효기간: 2025.01.13~ 2027.01.10] 
 
               「KB 주거행복월세통장」 상품설명서 
 
 
 
1  상품명 및 특징 
 
▪ 상 품 명 : KB주거행복 월세통장 
▪ 상품특징 : 「KB주거행복 월세대출」약정 전용 통장으로 임차인의 월세납부를 지원하는 월세납부 전용  
입출금이 자유로운 예금 
 
2  거래 조건 
 
구   분 내    용 
가입대상 ▪ 실명의 개인(1인 1계좌) 
신규금액 ▪ 제한 없음 
상품유형 ▪ 입출금이 자유로운 예금(저축예금 – MMDA 제외) ※ 신규만 가능 
전환가능 여부 ▪ 다른 입출금이 자유로운 예금에서 이 통장으로 전환 및 이 통장에서 다른 입출금이 자유로운 
예금으로 전환 불가 
기본이율 
(2025.01.13 기준, 
세금공제 전) 
▪ 연 0.10% 
※ 결산일 현재 영업점에 고시한 예금과목별 기본이율 적용  
이자 지급시기 
▪ 매년 2월, 5월, 8월, 11월의 둘째 금요일에 결산하여 다음날 원금에 더함 
※ 예금의 이자는 최종거래일로부터 5년이 경과한 날부터는 이자를 원금에 더하지 않고, 계좌
해지 또는 추가 입출금 거래 발생일에 일괄 계산하여 지급할 수 있습니다. 
 
◈ 이 설명서는 금융소비자의 권익 보호 및 예금상품에 대한 이해 증진을 위하여 「금융소비자 보호에 관한 법률」 및 
관련 규정에 의거, 은행의 내부 통제절차를 거쳐 예금상품의 주요 내용을 쉽게 이해할 수 있도록 작성한 자료입니다. 
◈ 설명내용을 제대로 이해하지 못하였음에도 불구하고 설명을 이해했다는 서명을 하거나 녹취기록을 남기시는 경우,  
추후 해당 내용과 관련한 권리구제가 어려울 수 있습니다. 
◈ 인터넷뱅킹 등 비대면채널을 통해 가입하거나 통장 미발행 요청 시에는 통장 또는 증서가 교부되지 않습니다. 

이자 계산방법 
(산출근거) 
▪ 예금이자는 예금일부터 지급일 전일까지(결산시에는 지난 원가일부터 원가일 전일까지)를  
이자계산 기간으로 하고, 매일의 최종잔액을 평균하여 결산일 현재 영업점에 고시하는  
이율로 계산함 
수수료 면제 
(월세 자동이체 
등록고객) 
▪‘납부자 자동이체(타행자동이체 포함)’ ㈜ 수수료 면제 
※ ㈜납부자자동이체(타행자동이체 포함) : 국민은행에서 다른 은행으로의 자동이체 거래 
▪「월세이체 알림 서비스」무료 제공 : 월세 자동이체 시 SMS안내 
단, 고객이‘입출금내역 통지등록’ 서비스를 신청한 경우에 한함 
부가서비스 ▪ 월세납부 자동이체 등록 고객이 ‘월세 이체내역서’를 신청하는 경우 무료 제공 
※ ‘월세 이체내역서’는 인터넷뱅킹 ‘거래내역조회’에서 출력되는 양식입니다. 
거래제한 
▪ 자동이체 제한 
- 이 통장은 월세납부 전용통장으로 자동이체 등록은「KB주거행복 월세대출」 약정 후 
가능하며, 월세 납부를 위한 ‘자동이체’(납부자 자동이체, 타행자동이체 포함) 1건만 등록 할 수 
있음 
   ☞ 위의 ‘자동이체’ 1건 외에는 자동이체 등록이 제한됩니다. 
   ※ 제한내용: 신용(체크)카드 대금 결제, 공과금이체(아파트관리비 포함), 각종 결제성 
자금이체, 월세 납부를 위한 자동이체 이외 다른 자동이체 등 
- 자동이체 입금은행이 KB국민은행일 경우, 이체지정일이 은행 영업일이 아닌 때는 그 다음 
영업일에 이체되며 이체지정일이 없는 월의 경우에는 해당월의 말일에 이체됩니다. 
- 납부자자동이체 등록 고객으로서 위의 자동이체 입금은행이 다른 은행일 경우에는, 월세 
납부자 출금계좌에서 이체지정일(은행 영업일이 아닌 때는 그 다음 영업일, 이체지정일이 
없는 월의 경우에는 해당월의 말일) 전 제1영업일에 출금하여 이체지정일에 입금계좌로 
입금됩니다. 단, 해당월 이체지정일에 이체되지 않은 자동이체 금액은 해당월 이체지정일 
이후에 다시 이체되지 않습니다. 
- 타행자동이체 등록 고객으로서 위의 자동이체 입금은행이 다른 은행일 경우에는, 월세납부자 
출금계좌에서 이체지정일(은행 영업일이 아닌 때는 그 다음 영업일, 이체지정일이 없는 월의 
경우에는 해당월의 말일)에 출금하여 이체지정일에 입금계좌로 입금됩니다. 단, 해당월 
이체지정일에 이체되지 않은 자동이체 금액은 해당월 이체지정일 이후에 다시 이체되지 
않습니다. 
▪ 지급 및 이체 제한 
- 이 통장은「KB주거행복 월세대출」과 약정되어 있는 경우에 한하여 잔액이 마이너스(-) 될 수 
있습니다. 
-「KB주거행복 월세대출」의 약정계좌로 등록된 경우, 통장잔액이 마이너스(-) 가 되도록 하는 
현금인출(기타 출금거래 포함) 거래는 불가능합니다. 
단, 대출 약정할 때 등록된 월세납부를 위한 자동이체와 해당 대출의 이자출금은 가능합니다. 
- 통장 잔액이 플러스(+)인 잔액 범위 내에서는「KB주거행복 월세대출」약정 여부와 관계없이 
현금인출에 제한이 없습니다. 
▪ 이 통장은 양도 및 담보제공이 불가합니다. 
▪ 「KB주거행복 월세대출」약정 해지는 등록중인 자동이체 해제 후 가능하며, 월세 납부와 관련한 
자동이체 등록 및 해제는 KB국민은행 전 영업점에서 가능합니다. 
세제관련 
▪ 비과세종합저축으로 가입가능  
※ 관련세법이 개정될 경우 세율이 변경되거나 세금이 부과될 수 있음 
거래방법 
▪ 신규 : 영업점 
▪ 해지 : 영업점, 개인인터넷뱅킹 및 KB스타뱅킹 이용 
계약해지방법 
▪ 영업점, 개인인터넷뱅킹, KB 스타뱅킹을 통해 해지 가능 
  ※ 개인인터넷뱅킹, KB 스타뱅킹을 통한 해지 시 해지잔액을 입금할 수 있는 본인명의의 
입출금이자유로운예금 계좌가 필요합니다. 
질권설정 ▪ 불가 
양도 및 담보제공 ▪ 불가능 
원금 및  
이자지급 제한  
 
▪ 계좌에 압류주1), 가압류주2) 등이 등록될 경우 원금 및 이자 지급이 제한될 수 있음 
※ 민사집행법에 따라 최저생계비 이하 등 압류금지채권에 해당하는 경우에는 
법원에 압류금지채권 범위 변경 신청 등을 통해 압류를 취소할 수 있습니다. 
 
 주 1) 압류: 채무자의 특정한 재산에 대하여 처분(매매, 양도 등)을 금지하게 하는 법원의 조치로서,  
채권자가 채무자의 해당 재산을 금전화하여 채무 변제에 충당하려는 목적으로 이용됩니다. 
 주 2) 가압류: 법원이 채권자를 위하여 나중에 강제 집행을 할 목적으로 채무자의 재산을 임시로 
확보하는 행위입니다. 
 
▪ 예금잔액증명서 발급 당일에는 입금·출금·이체 등 잔액 변동 불가 
▪ 통장이 ‘전기통신금융사기 피해 방지 및 피해금 환급에 관한 특별법’에서 정의한 
피해의심거래계좌 및 사기이용계좌로 이용될 경우 이체, 송금지연, 지급정지 등의 금융거래 
제한조치를 할 수 있음 
 
거래중지 
 
▪ 다음의 경우에 해당하는 경우 입출금, 잔액조회, 이관 등의 거래 제한  
(가) 예금잔액이 10,000 원 미만이며, 1 년 이상 입출금거래가 없는 계좌 
  (나) 예금잔액이 10,000 원 이상 50,000 원 미만이며, 2 년 이상 입출금거래가 없는 계좌 
  (다) 예금잔액이 50,000 원 이상 100,000 원 미만이며, 3 년 이상 입출금거래가 없는 계좌 
☞ 무거래기간 산정기준 : 입출금 거래 또는 명의변경 거래 최종 발생일로 부터 산정 
▪ 편입시기 : 연 2 회(매년 6 월, 12 월 셋째 금요일 기준으로 익일인 토요일에 편입) 
▪ 거래를 다시 시작하고자 하는 경우에는 본인 확인 및 금융거래 목적을 확인 한 후 가능 
 
휴면예금 및 
출연 
▪ 예금 만기일 또는 이자지급을 포함한 최종거래일 이후 5 년 이내 계좌를 해지하지 않을 경우  
예금거래기본약관 제 9 조의 2 휴면예금 및 출연에 따라 휴면예금은 “서민금융진흥원 
(국번없이 1397)”에 출연주)될 수 있으며, 이 경우 서민금융진흥원을 통해 휴면예금을 
찾으실 수 있습니다. 
▪ 휴면예금은 휴면예금통합조회서비스(www.sleepmoney.or.kr)를 통해 조회 가능합니다. 
 
주) 출연: 어떤 사람이나 단체가 자기의 의사에 따라 돈을 내거나 의무를 부담함으로써 재산상의  
손실을 입고 남의 재산을 증가시키는 일을 말합니다. 일반적으로 기부행위를 일컫는 말로  
사용되나 법률적으로는 비영리재단법인에 재산을 무상으로 내는 행위를 뜻합니다. 
 
※ 계좌통합관리서비스 이용 시 사용하지 않는 소액계좌를 잔고 이전/해지 할 수 있으며, 
   휴면계좌통합조회서비스 이용 시 휴면계좌 현황을 파악할 수 있습니다. 
 
예금자 
보호여부 
해당
 
이 예금은 예금자보호법에 따라 원금과 소정의 이자를 합하여 1 인당 
“1 억원까지” (본 은행의 여타 보호상품과 합산) 보호됩니다. 
자료열람요구권 
▪ 금융소비자는 분쟁조정 또는 소송의 수행 등 권리구제를 위한 목적으로 은행이 기록 및  
유지·관리하는 다음의 자료에 대한 열람(사본 및 청취 포함)을 요구할 수 있습니다. 
- 계약체결에 관한 자료, 계약의 이행에 관한 자료, 금융상품 등에 관한 광고 자료, 
금융소비자의 권리행사에 관한 자료, 내부통제기준의 제정 및 운영 등에 관한 자료,  
업무 위탁에 관한 자료 
▪ 은행은 법령, 제 3 자의 이익 침해, 영업비밀의 침해 등의 사유가 있는 경우 이를 
금융소비자에게 알리고 자료 열람을 제한하거나 거절할 수 있습니다. 
이용제한 사항 
▪ 이 상품은 1 인 1 계좌만 가입이 가능합니다. 
▪ 동 상품은 자동대출 한도약정 시「KB 주거행복 월세대출」만 가능하며, 임차인의 월세 납부를 
  지원하는 전용통장으로 월세 납부를 위한 자동이체 이외 각종 자동이체를 제한합니다.  
▪ 동 상품에서 제공하는「월세 이체내역서」는 국세청 소득공제 신청 시 편의제공을 위한 은행 
  서식으로 해당 월세 소득공제 여부를 판단하는 증빙서류가 아닙니다. 
  ※ 월세 소득공제 가능여부는 국세청에서 판단합니다. 
▪ 통장이 ‘전기통신금융사기 피해 방지 및 피해금 환급에 관한 특별법’ 에서 정의한 피해의심 
거래계좌 및 사기이용 계좌로 이용될 경우 이체, 송금지연, 지급정지 등의 금융거래 제한조치 
를 할 수 있습니다. 
 
 
 
 
 
 

3  유의 사항 
 
▪ 이 설명서는 「금융소비자 보호에 관한 법률」제19조제1항, 동 법 시행령 제14조제1항, 제3항에 따라 
금융상품에 관한 중요한 사항을 이해하기 쉽도록 설명하기 위해 설명을 하기 전에 제공되는 자료로써, 
상담일 이후 가입금액, 계약기간 등 변경에 의하여 일부 내용이 달라질 수 있습니다. 
▪ 본 설명서는 법령 및 내부통제기준에 따른 절차를 거쳐서 제공됩니다. 
 
이 상품은 KB국민은행 수신상품부(P)에서 개발 및 관리하는 상품입니다. 
본 상품에 대한 문의사항 또는 민원 상담이 필요하시면 영업점, 고객센터(1588-9999) 또는 인터넷 홈페이지 
(www.kbstar.com), 금융감독원 민원상담센터(국번없이 1332) 또는 e-금융민원센터(www.fcsc.kr)을 통해 
문의주시기 바랍니다. 
영업점 등을 통해 은행에 접수된 민원은 특별한 사정이 없는 한 14 영업일 이내에 처리함을 원칙으로 하되, 
기한 연장시 이에 대해 안내드리도록 하겠습니다. 또한 요청이 있는 경우 민원처리진행상황을 안내 받으실 수 
있으며 금융소비자는 본 상품에 대하여 당 은행과 분쟁이 있는 경우에는 금융소비자보호법 제 36 조 
제1항에 따라 금융감독원에 분쟁조정을 신청할 수 있습니다. 
 
 (2025.01.13 현재)",ok,
products/deposit/프리N통장상품설명_6804666549089646.pdf,프리N통장상품설명_6804666549089646.pdf,products/deposit,5,"페이지 1 / 5 
 
          
 
 
 
「KB 프리N통장」 상품설명서 
 
 
 
 
▪ 상 품 명: KB 프리N통장 
▪ 상품특징: 소득 입금에 따른 특별금리와 다양한 소득을 관리할 수 있는 인컴박스 혜택을 제공하는 입출금통장 
 
 
구분 내용 
가입대상 
▪ 실명의 개인 (1인 1 계좌 限)  
※ 개인사업자 및 관련서류 미제출 임의단체 가입 가능 
※ 비거주자 가입 불가, 공동명의 가입 불가 
가입금액 ▪ 제한 없음 
상품유형 ▪ 입출금이 자유로운 예금  
예금과목 ▪ 보통예금, 저축예금 
판매한도 ▪ 20만좌  
※ 판매한도 소진 시 판매 종료 
거래방법 
▪ 가입: KB스타뱅킹, 지점 
▪ 전환: KB스타뱅킹, 지점 
※ 동일 예금과목 상품 전환 가능 (단, 개별상품에서 정한 기준에 의해 전환 불가한 상품 제외) 
▪ 해지: KB스타뱅킹, 개인 인터넷뱅킹, 지점 
이자 지급시기 
▪ 보통예금: 이자는 매년 6, 12월의 둘째 금요일에 결산하여 다음날 원금에 더함 
▪ 저축예금: 이자는 매년 2, 5, 8, 11월의 둘째 금요일에 결산하여 다음날 원금에 더함 
※ 예금의 이자는 이자지급을 제외한 최종 거래일부터 5년이 경과한 날부터는 원금에 더하지 않고, 
 계좌 해지 또는 추가 입출금 거래 발생일에 일괄 계산하여 지급할 수 있음 
◈ 이 설명서는 금융소비자의 권익 보호 및 예금상품에 대한 이해 증진을 위하여 「금융소비자 보호에 관한 법률」 및 
관련 규정에 의거, 은행의 내부 통제절차를 거쳐 예금상품의 주요 내용을 쉽게 이해할 수 있도록 작성한 자료입니다. 
◈ 설명내용을 제대로 이해하지 못하였음에도 불구하고 설명을 이해했다는 서명을 하거나 녹취기록을 남기시는 경우,  
추후 해당 내용과 관련한 권리구제가 어려울 수 있습니다. 
◈ KB 스타뱅킹 등 비대면채널을 통해 가입하거나, 별도로 통장 발행을 요청하지 않은 경우에는 통장 또는 증서를   
발행하지 않습니다. 
1  상품명 및 특징 
2  거래 조건 
준법감시인 심의필 제2026-2900호(심의일: 2026.06.29.) 
(유효기간: 2026.06.29.~2028.05.31.) 
 
 

페이지 2 / 5 
 
기본금리 
(2026.07.01. 기준, 
세금공제 전) 
▪ 연 0.1%  
※ 결산일 현재 지점 및 KB국민은행 홈페이지에 고시한 예금과목별 기본금리 적용 
특별금리 
(2026.07.01. 기준, 
세금공제 전) 
▪ 연 1.4% 
▪ 적용대상 및 한도: 특별금리 적용조건 충족 계좌의 결산기 평균잔액 200만원 이하 금액까지 
▪ 적용기간: 이 통장 신규 가입일부터 1년 경과 후 처음 도래하는 결산일까지 
▪ 적용조건: 이 통장으로 다음 조건을 충족한 경우 특별금리 적용 
구분 보통예금 저축예금 
조건 
‘인정단어’를 포함하여 입금된 금액이  
월 합산 50만원 이상인 달이 최근주) 
6개월 중 2개월 이상 
‘인정단어’를 포함하여 입금된 금액이 
월 합산 50만원 이상인 달이 최근주) 
3개월 중 1개월 이상인 경우 
인정단어 
쿠팡, 배달의민족, 우아한청년들, 우아한형제들, 요기요, 땡겨요, 바로고, 부릉, 
생각대로, 배민, 카카오, 티맵, 대한통운, 한진택배, 메리츠, 삼성화재, 네이버, 
애드포스트, GOOGLE, META, 배달, 대리, 택배, 화물, 운송, 보험, 정산 
주) 예금과목별 이자지급월 전월 말일 기준으로 산정 
[보통예금 예시] 2026년 12월에 이자를 지급하는 경우 
2026년 6월부터 11월까지 6개월 중, ‘인정단어’를 포함하여 입금된 금액이 월 합산  
50만원 이상인 달이 2개월 이상이면 특별금리 적용 
[저축예금 예시] 2026년 8월에 이자를 지급하는 경우  
2026년 5월부터 7월까지 3개월 중, ‘인정단어’를 포함하여 입금된 금액이 월 합산  
50만원 이상인 달이 1개월 이상이면 특별금리 적용 
※ 신규 가입 후 처음 도래하는 결산일에는 조건 충족 여부에 관계없이 특별금리 적용 
※ 월 합산 금액은 매월 1일부터 말일까지 입금 내용(적요) 또는 의뢰인명에 위 ‘인정단어’를  
포함하여 입금된 금액을 모두 더하여 계산  
【합산 제외】 입금 내용(적요) 또는 의뢰인명이 없는 건, KB국민은행 본인 계좌에서 이체된 건, 
  본인 주민등록번호로 입금된 건, KB국민은행 오픈뱅킹을 통해 다른 금융기관에서 
이체된 건은 월 합산 금액 산정 시 제외 
【전환계좌 유의사항】 
다른 상품에서 이 통장으로 전환 후 처음 도래하는 결산기에 대해서는 전환 전(前) 상품의 금리를  
적용하고, 다음 결산기부터 이 통장의 금리 적용. 이 경우 특별금리는 적용조건 충족 여부에 따라  
최초 전환일 기준 1년 경과 후 처음 도래하는 결산일까지 적용 
※ 전환계좌 금리 적용 예시 
 
 
 
 
 
 
 
 
 
 
 
 
 

페이지 3 / 5 
 
최종금리 
(2026.07.01. 기준, 
세금공제 전) 
▪ 최저 연 0.1%~최고 연 1.5%  
※ 최고금리는 기본금리와 특별금리를 합한 금리 
[금리적용 구조]  
 
 
 
 
 
 
 
 
 
    * 특별금리는 특별금리 적용조건을 충족한 계좌에 한하여 정해진 기간 동안 적용 
이자 계산방법 
(산출근거) 
▪ 예금일부터 지급일 전날까지(결산 시에는 지난 원가일부터 원가일 전날까지)를 이자계산 기간으로 
하고, 매일의 최종잔액을 평균하여 결산일 현재 지점 및 KB국민은행 홈페이지에 고시하는 금리로  
계산 
▪ 이 통장에 신규 가입한 경우 처음 도래하는 결산일에는 특별금리 적용조건 충족 여부에 관계없이  
특별금리 적용  
▪ 다른 상품에서 이 통장으로 전환한 경우, 전환 후 처음 도래하는 결산기에 대해서는 전환 전(前)  
상품의 금리를 적용하고, 다음 결산기부터 이 통장의 금리 적용 
인컴박스 
▪ 다양한 소득 입금 내역을 한 눈에 확인할 수 있는 소득관리 화면 
  ※ 인컴박스는 5개까지 설정 가능  
※ 인컴박스별로 원하는 키워드 지정(키워드는 3개까지 지정 가능) 
▪ 이용 경로: KB스타뱅킹 앱 > 전체계좌조회 > KB 프리N통장 계좌 하단 [인컴박스] 
수수료 면제 
▪ 수수료 면제 조건 충족 시 이 통장 거래에서 발생한 아래 수수료를 횟수 제한 없이 면제 
 면제 대상 수수료 면제 기간 
KB국민은행 인터넷·모바일뱅킹 다른은행 이체수수료 
이번달 11일부터~ 
다음달 10일까지 
타행자동이체 수수료(납부자자동이체 수수료 포함) 
KB국민은행 ATM 다른은행 이체수수료 
KB국민은행 ATM 시간외 출금수수료 
다른은행 ATM 출금수수료 
※ 제휴 ATM 및 VAN사(효성·나이스·한네트 등) ATM 제외 
▪ 면제 조건: 이 통장으로 전월(1일~말일) 중 아래 ①, ② 실적 중 1가지 이상 충족한 경우 
① 합산 50만원 이상 입금 이력이 있는 경우 
     - KB국민은행 본인 명의 계좌에서 이체된 건 및 본인의 주민등록번호로 입금된 건 제외 
      - KB국민은행 오픈뱅킹을 통해 타금융기관에서 이체된 건 제외 
      - 결산이자 입금 건 제외 
    ② KB리브모바일(KB Liiv M) 자동이체 출금 이력이 있는 경우 
       - 체크카드 및 신용카드를 통해 출금된 건 제외  
▪ 수수료 면제 기간: 이번달 11일부터 다음달 10일까지 
※ 가입(또는 전환)일부터 다음 다음 달 10일까지는 거래 실적에 관계없이 면제 

페이지 4 / 5 
 
세제관련 ▪ 비과세종합저축으로 가입 가능  
※ 관련 세법이 개정될 경우 세율이 변경되거나 세금이 부과될 수 있음 
양도 ▪ 가능     
질권설정 ▪ 불가 
담보제공 ▪ 불가 
원금 및  
이자지급 제한  
▪ 계좌에 압류주1), 가압류주2)등이 등록될 경우 원금 및 이자 지급이 제한될 수 있음 
※ 민사집행법에 따라 최저생계비 이하 등 압류금지채권에 해당하는 경우에는 법원에 압류금지채권 
범위 변경 신청 등을 통해 압류를 취소할 수 있습니다. 
 주 1) 압류: 채무자의 특정한 재산에 대하여 처분(매매, 양도 등)을 금지하게 하는 법원의 조치로서,  
채권자가 채무자의 해당 재산을 금전화하여 채무 변제에 충당하려는 목적으로 이용됩니다. 
 주 2) 가압류: 법원이 채권자를 위하여 나중에 강제 집행을 할 목적으로 채무자의 재산을 임시로 확보하는 
행위입니다.  
▪ 예금잔액증명서 발급기준일 당일에는 입금·출금·이체 등 잔액 변동 불가 
▪ 통장이 ‘전기통신금융사기 피해 방지 및 피해금 환급에 관한 특별법’에서 정의한 피해의심거래  
계좌 및 사기이용계좌로 이용될 경우 이체, 송금지연, 지급정지 등의 금융거래 제한조치를 할 수 있음 
거래중지 
▪ 다음의 경우에 해당하는 경우 입출금, 잔액조회, 이관 등의 거래 제한 
(가) 예금잔액이 10,000원 미만이며, 1년 이상 입출금 거래가 없는 계좌 
(나) 예금잔액이 10,000원 이상 50,000원 미만이며, 2년 이상 입출금 거래가 없는 계좌 
(다) 예금잔액이 50,000원 이상 100,000원 미만이며, 3년 이상 입출금 거래가 없는 계좌 
☞ 무거래기간 산정기준: 입출금 거래 또는 명의변경 거래 최종 발생일로 부터 산정 
▪ 편입시기: 연 2회(매년 6월, 12월 셋째 금요일 기준으로 다음날인 토요일에 편입) 
▪ 거래를 다시 시작하고자 하는 경우에는 본인 확인 및 금융거래목적 확인 후 가능 
휴면예금 출연 
▪ 예금 만기일 또는 이자지급을 포함한 최종거래일 이후 5 년 이내 계좌를 해지하지 않을 경우  
예금거래기본약관 제 9 조의 2 휴면예금 및 출연에 따라 휴면예금은 “서민금융진흥원(국번없이 
1397)”에 출연주)될 수 있으며, 이 경우 서민금융진흥원을 통해 휴면예금을 찾으실 수 
있습니다. 
주) 출연: 어떤 사람이나 단체가 자기의 의사에 따라 돈을 내거나 의무를 부담함으로써 재산상의 손실을 
 입고 남의 재산을 증가시키는 일을 말합니다. 일반적으로 기부행위를 일컫는 말로 사용되나 
 법률적으로는 비영리재단법인에 재산을 무상으로 내는 행위를 뜻합니다. 
▪ 휴면예금은 휴면예금통합조회서비스(www.sleepmoney.or.kr)를 통해 조회 가능합니다. 
※ 계좌통합관리서비스 이용 시 사용하지 않는 소액계좌를 잔고 이전/해지 할 수 있으며, 휴면계좌 
통합조회서비스 이용 시 휴면계좌 현황을 파악 할 수 있습니다. 
예금자보호 여부 
해 당 
 
이 예금은 예금자보호법에 따라 원금과 소정의 이자를 합하여 1인당 “1억원까지” 
(본 은행의 여타 보호상품과 합산) 보호됩니다. 

페이지 5 / 5 
 
자료열람요구권 
▪ 금융소비자는 분쟁조정 또는 소송의 수행 등 권리구제를 위한 목적으로 은행이 기록 및 유지· 
관리하는 다음의 자료에 대한 열람(사본 및 청취 포함)을 요구할 수 있습니다. 
- 계약체결에 관한 자료, 계약의 이행에 관한 자료, 금융상품 등에 관한 광고 자료, 금융소비자의 
권리행사에 관한 자료, 내부통제기준의 제정 및 운영 등에 관한 자료, 업무 위탁에 관한 자료 
▪ 은행은 법령, 제 3 자의 이익 침해, 영업비밀의 침해 등의 사유가 있는 경우 이를 금융소비자에게 
알리고 자료 열람을 제한하거나 거절할 수 있습니다. 
 
 
 
 
 
▪ 이 설명서는 「금융소비자 보호에 관한 법률」 제19조제1항, 동 법 시행령 제14조제1항, 제3항에 따라 금융 상품에 
관한 중요한 사항을 이해하기 쉽도록 설명하기 위해 설명을 하기 전에 제공되는 자료로써 상담일 이후 가입금액, 
계약기간 등 변경에 의하여 일부 내용이 달라질 수 있습니다. 
▪ 본 설명서는 법령 및 내부통제기준에 따른 절차를 거쳐 제공됩니다. 
▪ 특별금리는 특별금리 적용조건 충족 계좌의 결산기 평균잔액 200만원 이하 금액에 적용하며, 특별금리 적용한도를 
초과하는 금액에는 기본금리만 적용됩니다. 
▪ 특별금리는 계좌번호 기준으로 이 통장 최초 보유일(신규 가입일 또는 최초 전환일) 기준 1년 경과 후 처음 도래하는 
결산일까지 적용됩니다.  
▪ 다른 상품에서 이 통장으로 전환한 경우, 전환 후 처음 도래하는 결산기에는 전환 전(前) 상품의 금리를 적용하고,  
다음 결산기부터 이 통장의 금리를 적용합니다. 
▪ 특별금리 적용을 위한 월 합산 금액 산정 시, 이 상품에서 정한 ‘인정단어’를 포함하여 입금된 금액만 계산합니다. 
입금 내용(적요) 또는 의뢰인명이 없거나, ‘인정단어’를 포함하지 않은 입금 건은 월 합산 금액 산정 시 제외됩니다. 
▪ 판매한도 소진 시 별도 안내 없이 판매를 종료합니다.  
 
이 상품은 KB국민은행 수신상품부(P)에서 개발하고 관리하는 상품입니다. 본 상품에 대한 문의사항 또는 민원 
상담이 필요하시면 지점, 고객센터(1588-9999) 또는 인터넷 홈페이지(www.kbstar.com), 금융감독원 민원상담 
센터(국번없이 1332) 또는 e-금융민원센터(www.fcsc.kr)를 통해 문의주시기 바랍니다. 지점 등을 통해 은행에 
접수된 민원은 특별한 사정이 없는 한 14영업일 이내에 처리 함을 원칙으로 하되, 기한 연장 시 이에 대해 
안내드리도록 하겠습니다. 또한 요청이 있는 경우 민원처리 진행 상황을 안내받으실 수 있습니다. 또한 
금융소비자는 본 상품에 대하여 은행과 분쟁이 있는 경우에는 금융소비자보호법 제36조 제1항에 따라 
금융감독원에 분쟁조정을 신청할 수 있습니다.  
3  유의 사항",ok,
products/deposit/행복지킴이통장설명서251002.pdf,행복지킴이통장설명서251002.pdf,products/deposit,5,"KB국민은행                  준법감시인 심의필 제2025-3993-2호 (심의일: 2025.09.29)  
[유효기간: 2025.10.02~ 2027.08.31] 
 
            「KB 행복지킴이통장」 상품설명서 
 
1  상품명 및 특징 
▪ 상 품 명 : KB행복지킴이통장 
▪ 상품특징 : 저소득층의 최소한의 생활안정을 위해 지원하는 기초생활급여, 기초(노령)연금, 장애인연금, 
장애(아동)수당, 한부모가족복지급여, 요양비등 보험급여, 긴급지원금, 어선원보험보험급여,  
특별현금급여, 퇴직공제금, 아동수당, 노란우산공제금, 자립수당, 재난적의료비,  
자동차사고 피해 지원금, 의료급여(요양비 등), 양육수당, 실업급여, 구직촉진수당, 산재보험급여,  
대지급금, 시설 퇴소청소년 자립지원수당, 위기청소년 특별지원금, 사회복지공동모금회 기부금이  
(가)압류되지 않고 본래의 지원 목적대로 기본적인 생계비로 사용할 수 있도록 하는  
압류방지 전용 입출금이 자유로운 예금 
 
2  거래 조건 
 
구   분 내    용 
가입자격 
 
▪ 이 예금의 가입대상은 아래 각호에서 정하는 실명의 개인으로 합니다. 
「국민기초생활보장법」에서 정하는 기초생활 수급자 
「기초연금법」에서 정하는 기초(노령)연금 수급자 
「장애인연금법」에서 정하는 장애인연금 수급자 
「장애인복지법」에서 정하는 장애수당, 장애아동수당 수급자 
「한부모가족지원법」에서 정하는 한부모가족지원 보호대상자 
「국민건강보험법」에서 정하는 요양비등 수급자  
「긴급복지지원법」에서 정하는 긴급지원 대상자 
「어선원 및 어선 재해보상보험법」에서 정하는 어선원보험의 보험급여 지급대상자 
「노인장기요양보험법」에서 정하는 특별현금급여비 수급자 
「건설근로자법」에서 정하는 퇴직공제금 수급자 또는 수급자의 유족 
「아동수당법」에서 정하는 아동수당, 영아수당 수급자 
「중소기업협동조합법」에서 정하는 노란우산공제금 수급자 
「아동복지법」에서 정하는 자립수당 수급자 
「재난적의료비지원법」에서 정하는 재난적의료비 수급자 
◈ 이 설명서는 금융소비자의 권익 보호 및 예금상품에 대한 이해 증진을 위하여 「금융소비자 보호에 관한 법률」 및 
관련 규정에 의거, 은행의 내부 통제절차를 거쳐 예금상품의 주요 내용을 쉽게 이해할 수 있도록 작성한 
자료입니다. 
◈ 설명내용을 제대로 이해하지 못하였음에도 불구하고 설명을 이해했다는 서명을 하거나 녹취기록을 남기시는 경우,  
추후 해당 내용과 관련한 권리구제가 어려울 수 있습니다. 
◈ 인터넷뱅킹 등 비대면채널을 통해 가입하거나 통장 미발행 요청 시에는 통장 또는 증서가 교부되지 않습니다. 

「자동차손해배상보장법」에서 정하는 자동차사고 피해 지원금 수급자 
「의료급여법」에서 정하는 의료급여(요양비 등) 수급자 
「영유아보육법」에서 정하는 양육수당 수급자 
「고용보험법」에서 정하는 실업급여 수급자 
「구직자 취업촉진 및 생활안정지원에 관한 법률」에서 정하는 구직촉진수당 수급자 
「산업재해보상보험법」에서 정하는 산재보험급여 수급자 
「임금채권보장법」에서 정하는 대지급금 수급자 
「청소년복지지원법」에서 정하는 시설 퇴소청소년 자립지원수당, 
위기청소년 특별지원금 수급자 
「사회복지공동모금회법」에서 정하는 기부금 배분대상자 
 
신규금액 ▪ “0원 계좌”로만 가입 가능 
상품유형 ▪ 입출금이 자유로운 예금(저축예금) 
전환가능 여부 ▪ 다른 입출금이 자유로운 예금에서 이 통장으로 전환 및 이 통장에서 다른 입출금이 
  자유로운 예금으로 전환 불가 
기본이율 
(2025.10.02 기준, 
세금공제 전) 
▪ 연 0.10% 
※ 결산일 현재 영업점에 고시한 예금과목별 기본이율 적용 
이자 지급시기 
▪ 매년 2월, 5월, 8월, 11월의 둘째 금요일에 결산하여 다음날 원금에 더함 
※ 예금의 이자는 최종거래일로부터 5년이 경과한 날부터는 이자를 원금에 더하지 않고, 계
좌해지 또는 추가 입출금 거래 발생일에 일괄 계산하여 지급할 수 있습니다. 
이자 계산방법 
(산출근거) 
▪ 예금이자는 예금일부터 지급일 전일까지(결산시에는 지난 원가일부터 원가일 전일까지)를  
이자계산 기간으로 하고, 매일의 최종잔액을 평균하여 결산일 현재 영업점에 고시하는  
이율로 계산함 
수수료면제 
▪ 대상수수료 
- 전자금융(인터넷뱅킹, 폰뱅킹, 모바일뱅킹) 이체수수료(다른 은행으로 보낼 때) 
(※ 납부자자동이체 수수료 제외) 
- KB국민은행 자동화기기 시간외 출금수수료 
▪ 면제기준 
- 전월 이 통장으로 기초생활급여, 기초(노령)연금, 장애인연금, 장애(아동)수당, 
한부모가족복지급여, 요양비등 보험급여, 긴급지원금, 어선원보험보험급여, 
특별현금급여, 퇴직공제금, 아동수당, 영아수당, 노란우산공제금, 자립수당, 재난적의료비, 
자동차사고 피해 지원금, 의료급여(요양비 등), 양육수당, 실업급여, 구직촉진수당, 
산재보험급여, 대지급금, 시설 퇴소청소년 자립지원수당, 위기청소년 특별지원금, 
사회복지공동모금회 기부금 중 하나 이상의 이체실적이 있는 경우  
(단, 신규일로부터 다음 다음달 10일까지는 은행거래실적에 관계 없이 수수료 면제) 
▪ 면제기간 : 이번 달 11일 부터 다음달 10까지 
▪ 면제횟수 : 제한없음 
 
거래제한 
▪ 입금제한 : 가입대상에게 지급되는 압류금지 수급금만 입금 가능  
- 이자원가를 제외한 신용카드 캐시백 등 모든 입금거래 불가 
· 계좌간 자동이체 약정 시 입금계좌로 등록 불가 (출금계좌 등록은 가능) 
· 신용카드 결제계좌나 공과금 등의 대금납부 목적의 계좌로 지정한 경우  
결제ㆍ납부금액이 부족하거나 결제·납부취소 등이 발생한 때에는 고객이  
영업점 창구에서 결제ㆍ납부금액을 직접 납부하거나 별도 지정계좌로 
입금 또는 직접 수령 
▪ 수급권 제한 불가 : (가)압류, 상계 등 수급권을 제한하는 거래 불가  
- 양도 및 담보제공 불가(※ 단, 개명 또는 착오에 의한 명의변경은 가능) 
▪ 기타 거래제한    
- 통장자동대출계좌로 사용 불가 
- 인터넷뱅킹을 통한 예·부적금 신규 시 모계좌로 출금 등록 불가 
세제관련 
▪ 비과세종합저축으로 가입가능  
※ 관련세법이 개정될 경우 세율이 변경되거나 세금이 부과될 수 있음 
거래방법 ▪ 신규 : 영업점 방문  
▪ 해지 : 영업점 방문, 개인인터넷뱅킹 및 KB스타뱅킹 이용 
계약해지방법 
▪ 영업점 방문, 개인인터넷뱅킹, KB 스타뱅킹을 통해 해지 가능 
  ※ 개인인터넷뱅킹, KB 스타뱅킹을 통한 해지 시 해지잔액을 입금할 수 있는 본인명의의 
입출금이자유로운예금 계좌가 필요합니다. 
질권설정 ▪ 불가 
양도 및 담보제공 ▪ 불가능 
원금 및  
이자지급 제한 
▪ 계좌에 압류주1), 가압류주2)등이 등록될 경우 원금 및 이자 지급이 제한될 수 있음 
※ 민사집행법에 따라 최저생계비 이하 등 압류금지채권에 해당하는 경우에는 
법원에 압류금지채권 범위 변경 신청 등을 통해 압류를 취소할 수 있습니다. 
 
 주 1) 압류: 채무자의 특정한 재산에 대하여 처분(매매, 양도 등)을 금지하게 하는 법원의 조치로서,  
채권자가 채무자의 해당 재산을 금전화하여 채무 변제에 충당하려는 목적으로 이용됩니다. 
 주 2) 가압류: 법원이 채권자를 위하여 나중에 강제 집행을 할 목적으로 채무자의 재산을 임시로 
확보하는 행위입니다. 
. 
▪ 예금잔액증명서 발급 당일에는 입금·출금·이체 등 잔액 변동 불가 
▪ 통장이 ‘전기통신금융사기 피해 방지 및 피해금 환급에 관한 특별법’에서 정의한 
피해의심거래계좌 및 사기이용계좌로 이용될 경우 이체, 송금지연, 지급정지 등의 금융거래 
제한조치를 할 수 있음 
휴면예금 및   
출연 
▪ 예금 만기일 또는 이자지급을 포함한 최종거래일 이후 5 년 이내 계좌를 해지하지 않을 경우  
예금거래기본약관 제 9 조의 2 휴면예금 및 출연에 따라 휴면예금은 “서민금융진흥원 
(국번없이 1397)”에 출연주)될 수 있으며, 이 경우 서민금융진흥원을 통해 휴면예금을 
찾으실 수 있습니다. 
▪ 휴면예금은 휴면예금통합조회서비스(www.sleepmoney.or.kr)를 통해 조회 가능합니다. 
 
주) 출연: 어떤 사람이나 단체가 자기의 의사에 따라 돈을 내거나 의무를 부담함으로써 재산상의  
손실을 입고 남의 재산을 증가시키는 일을 말합니다. 일반적으로 기부행위를 일컫는 말로  
사용되나 법률적으로는 비영리재단법인에 재산을 무상으로 내는 행위를 뜻합니다. 
 
※ 계좌통합관리서비스 이용 시 사용하지 않는 소액계좌를 잔고 이전/해지 할 수 있으며, 
 휴면계좌통합조회서비스 이용 시 휴면계좌 현황을 파악할 수 있습니다. 
 
예금자 
보호여부 
 
해당
 
이 예금은 예금자보호법에 따라 원금과 소정의 이자를 합하여 1 인당 
“1 억원까지” (본 은행의 여타 보호상품과 합산) 보호됩니다. 
자료열람요구권 
 
▪ 금융소비자는 분쟁조정 또는 소송의 수행 등 권리구제를 위한 목적으로 은행이 기록 및  
유지·관리하는 다음의 자료에 대한 열람(사본 및 청취 포함)을 요구할 수 있습니다. 
- 계약체결에 관한 자료, 계약의 이행에 관한 자료, 금융상품 등에 관한 광고 자료, 
금융소비자의 권리행사에 관한 자료, 내부통제기준의 제정 및 운영 등에 관한 자료,  
업무 위탁에 관한 자료 
▪ 은행은 법령, 제 3 자의 이익 침해, 영업비밀의 침해 등의 사유가 있는 경우 이를 
금융소비자에게 알리고 자료 열람을 제한하거나 거절할 수 있습니다. 
 
이용제한 사항 
▪ 가입대상에게 지급되는 압류금지 수급금만 입금 가능합니다. 
▪ 수수료 면제 미사용 횟수는 이월되지 않습니다. 
▪ 통장이 ‘전기통신금융사기 피해 방지 및 피해금 환급에 관한 특별법’ 에서 정의한 피해의심 
거래계좌 및 사기이용 계좌로 이용될 경우 이체, 송금지연, 지급정지 등의 금융거래 제한조치 
를 할 수 있습니다. 
 
 
 
 
 
 
 
 
 
 
 
 
 
 
 

 
3  유의 사항 
 
▪ 이 설명서는 「금융소비자 보호에 관한 법률」제19조제1항, 동 법 시행령 제14조제1항, 제3항에 따라 
금융상품에 관한 중요한 사항을 이해하기 쉽도록 설명하기 위해 설명을 하기 전에 제공되는 자료로써, 
상담일 이후 가입금액, 계약기간 등 변경에 의하여 일부 내용이 달라질 수 있습니다. 
▪ 본 설명서는 법령 및 내부통제기준에 따른 절차를 거쳐서 제공됩니다. 
 
이 상품은 KB국민은행 수신상품부(P)에서 개발 및 관리하는 상품입니다. 
본 상품에 대한 문의사항 또는 민원 상담이 필요하시면 영업점, 고객센터(1588-9999) 또는 인터넷 홈페이지 
(www.kbstar.com), 금융감독원 민원상담센터(국번없이 1332) 또는 e-금융민원센터(www.fcsc.kr)을 통해 
문의주시기 바랍니다. 
영업점 등을 통해 은행에 접수된 민원은 특별한 사정이 없는 한 14 영업일 이내에 처리함을 원칙으로 하되, 
기한 연장시 이에 대해 안내 드리도록 하겠습니다. 또한 요청이 있는 경우 민원처리 진행 상황을 안내 받으실 수 
있으며 금융소비자는 본 상품에 대하여 당 은행과 분쟁이 있는 경우에는 금융소비자보호법 제 36 조 
제1항에 따라 금융감독원에 분쟁 조정을 신청할 수 있습니다. 
 
   (2025.10.02 현재) 
 현재)",ok,
products/deposit/행복지킴이통장특약20251002.pdf,행복지킴이통장특약20251002.pdf,products/deposit,3,"『KB 행복지킴이통장』 특약 
 
 
제 1 조 약관의 적용 
법령에 따라 압류가 금지되는 수급금 등에 대한 압류를 방지하기 위하여 “KB 행복지킴이통장” 
(이하‘이 예금’이라 함)의 거래는 이 특약을 적용하고, 이 특약에서 정하지 않은 사항에 
대해서는 입출금이 자유로운약관, 예금거래기본약관을 순서대로 적용합니다.  
 
제 2 조 예금과목 
이 예금의 예금과목은 저축예금으로 합니다. 
 
제 3 조 가입대상 
이 예금의 가입대상은 다음 각 호에서 정하는 실명의 개인으로 합니다.  
① 「국민기초생활보장법」에서 정하는 기초생활 수급자 
② 「기초연금법」에서 정하는 기초(노령)연금 수급자 
③ 「장애인연금법」에서 정하는 장애인연금 수급자 
④ 「장애인복지법」에서 정하는 장애수당, 장애아동수당 수급자 
⑤ 「한부모가족지원법」에서 정하는 한부모가족지원 보호대상자 
⑥ 「국민건강보험법」에서 정하는 요양비등 수급자 
⑦ 「긴급지원복지법」에서 정하는 긴급지원 대상자 
⑧ 「어선원 및 어선 재해보상보험법」에서 정하는 어선원보험의 보험급여 지급대상자 
⑨ 「노인장기요양보험법」에서 정하는 특별현금급여비 수급자 
⑩ 「건설근로자법」에서 정하는 퇴직공제금 수급자 또는 수급자의 유족  
⑪ 「아동수당법」에서 정하는 아동수당, 영아수당 수급자  
⑫ 「중소기업협동조합법」에서 정하는 노란우산공제금 수급자 
⑬      「아동복지법」 에서 정하는 자립수당 수급자 
⑭      「재난적의료비지원법」 에서 정하는 재난적의료비 수급자 
⑮      「자동차손해배상보장법」에서 정하는 자동차사고 피해 지원금 수급자 
⑯     「의료급여법」에서 정하는 의료급여(요양비 등) 수급자 
⑰     「영유아보육법」에서 정하는 양육수당 수급자 
⑱     「고용보험법」에서 정하는 실업급여 수급자 
⑲     「구직자 취업촉진 및 생활안정지원에 관한 법률」에서 정하는 구직촉진수당 수급자 
⑳     「산업재해보상보험법」에서 정하는 산재보험급여 수급자 
㉑     「임금채권보장법」에서 정하는 대지급금 수급자 
㉒    「청소년복지 지원법」에서 정하는 시설 퇴소청소년 자립지원수당, 위기청소년 특별지원금 수급자 
㉓                   「사회복지공동모금회법」에서 정하는 기부금 배분대상자 
 
제 4 조 입금제한 

이 예금으로의 입금은 법령에 따라 제 3 조의 가입대상에게 지급되는 압류금지 수급금에 한하며, 
그 이외에는 입금할 수 없습니다.  
 
제 5 조 거래제한 
①  이 예금은 은행이 상계할 수 없습니다 
②  이 예금은 양도 및 담보제공 할 수 없습니다. 
③  이 예금은 통장자동대출계좌로 사용할 수 없습니다. 
④  이 예금을 신용카드 결제계좌나 공과금 등 대금납부 목적의 계좌로 지정한 경우에 결제ㆍ납부 
금액이 부족하거나 결제ㆍ납부 취소 등이 발생한 때에는 제 4 조의 입금제한(입금은 수급금에 
한 한다.)에 따라 고객이 영업점 창구에서 결제ㆍ납부금액을 직접 납부하거나 별도 지정계좌로 
    입금 또는 직접 수령하는 방법으로 처리하여야 합니다. 
 
제 6 조 이율적용 
①    이 예금의 이율은 결산일 현재 영업점에 고시된 이율이 적용됩니다. 
②    이 예금의 적용이율은 변경될 수 있으며, 이율 변경 시에는 변경일로부터 바뀐 이자가 적용됩니다. 
 
제 7 조 세제혜택 
이 예금은 비과세종합저축으로 가입 가능합니다.  
 
제 8 조 수수료면제 
① 이 예금으로 전월에 기초생활급여, 기초(노령)연금, 장애인연금, 장애(아동)수당, 한부모가족 복지급여, 
요양비 등 보험급여, 긴급지원금, 어선원보험의 보험급여, 특별현금급여, 퇴직공제금, 아동수당, 영아수당, 
노란우산공제금, 자립수당, 재난적의료비, 자동차사고 피해 지원금, 의료급여(요양비 등), 양육수당, 실업급여, 
구직촉진수당, 산재보험급여, 대지급금, 시설 퇴소청소년 자립지원수당, 위기청소년 특별지원금, 
사회복지공동모금회 기부금 중 하나 이상의 이체실적이 있는 경우 이번 달 11 일부터 다음 달 10 일까지 
전자금융(인터넷뱅킹, 폰뱅킹, 모바일뱅킹)의 이체수수료(다른 은행으로 보낼 때)와 KB 국민은행 자동화기기 
시간외 출금수수료를 면제합니다. 
② 이 예금의 신규 시에는 이체 실적에 관계없이 신규일로부터 다음 다음 달 10 일까지 제 1 항의 
수수료를 면제합니다. 
 
부   칙 
이 약관은 2015.07.17 부터 시행합니다. 
 
부   칙 
이 약관은 2015.08.25 부터 시행합니다. 
 
부   칙 
이 약관은 2017.06.05 부터 시행합니다. 

부   칙 
이 약관은 2017.11.24 부터 시행합니다. 
 
부   칙 
이 약관은 2018.06.20 부터 시행합니다.  
 
부   칙 
이 약관은 2018.09.13 부터 시행합니다. 
 
부   칙 
이 약관은 2019.03.20 부터 시행합니다. 
 
부   칙 
이 약관은 2020.09.14 부터 시행합니다. 
 
부   칙 
이 약관은 2022.4.18 부터 시행합니다. 
 
부   칙 
이 약관은 2023.2.24 부터 시행합니다.  
 
부   칙 
이 약관은 2023.11.01 부터 시행합니다. 
 
부   칙 
이 약관은 2024.08.14 부터 시행합니다. 
 
부   칙 
이 약관은 2024.09.24 부터 시행하며 변경된 약관은 기존 가입고객에게도 적용합니다.. 
 
부   칙 
이 약관은 2025.05.23 부터 시행하며 변경된 약관은 기존 가입고객에게도 적용합니다. 
 
부   칙 
이 약관은 2025.10.02 부터 시행하며 변경된 약관은 기존 가입고객에게도 적용합니다. 
 
본 특약은 법령 및 내부통제기준에 따른 절차를 거쳐서 제공됩니다.",ok,
products/fund/(3A82)KB지수연계더블리자드증권63(ELS-파생형)간이투자설명서-210126(부책임변경)202101271724.pdf,(3A82)KB지수연계더블리자드증권63(ELS-파생형)간이투자설명서-210126(부책임변경)202101271724.pdf,products/fund,5,"- 1 - 
 
이 요약정보는 KB 지수연계 더블리자드 증권 투자신탁 63호(ELS-파생형)의 투자설명서의 내용 중 중요사항을 발췌ㆍ요약한 핵심정보를 담고 
있습니다. 따라서 자세한 정보가 필요하신 경우에는 동 집합투자증권을 매입하기 이전에 투자설명서를 반드시 참고하시기 바랍니다. 
 
■ 요약정보 
투자목적 및 
투자전략 
이 투자신탁은 파생결합증권을 주된 투자대상으로 하는 투자신탁으로서, S&P500 지수, HSCEI 지수, EUROSTOXX50 
지수의 변동에 연계되고 매 6개월 단위로 조기상환조건이 내재된 파생결합증권에 투자함으로써 기초자산의 변동에 
따라 수익을 얻는 것을 목적으로 합니다. 
1) 손익발생 요건 
 
간이투자설명서   | 작성기준일 2021.01.18 | 
KB 지수연계 더블리자드 증권 투자신탁 63호(ELS-파생형) [펀드코드: D8275] 
투자위험등급 KB자산운용㈜는 이 투자신탁의 투자대상 자산의 종류 및 위험도 등을 감안하
여 1등급으로 분류하였습니다. 
집합투자증권은 ｢예금자보호법｣에 따라 예금보험공사가 보호하지 않는 실적배당상품입
니다. 투자신탁재산의 90%이상을 S&P500 지수, HSCEI 지수, EUROSTOXX50 지수를 
기초자산으로 하는 파생결합증권에 투자하여 기초자산 가격 변동에 따라 수익을 얻는 것
을 목적으로 하므로 파생결합증권에 집중 투자함에 따른 거래상대방위험, 가격변동에 따
른 원금손실위험 등에 노출되므로 투자에 신중을 기하여 주시기 바랍니다. 
1등급(매우 높은 위험) 
1 2 3 4 5 6 
매우 
높은 
위험 
높은 
위험 
다소 
높은 
위험 
보통 
위험 
낮은 
위험 
매우 
낮은 
위험 
- 2 - 
 2) 발행회사 
발행사 메리츠증권 신영증권 한화투자증권 유안타증권 
신용등급 AA- AA- A+ A+ 
기준일 2020.06.25 2020.05.15 2020.06.26 2020.06.30 
평가기관 한국신용평가 
※ 파생결합증권 발행사의 신용등급은 금융감독원 전자공시기준으로 향후 신용등급이 변동 될 수 있습니다. 
※ 파생결합증권 발행사 신용사건 발생시 투자원금 전부 또는 일부에 손실이 발생할 수 있습니다. 
3) 만기 및 조기상환 일정표 
 
※ 최초 기초자산 가격 결정일, 자동 조기상환 및 만기상환 평가일에 해당 기초자산 거래소 중 한 곳이라도 
개장일이 아닐 경우, 기초자산의 가격 결정일 및 평가일은 모든 기초자산의 거래소가 개장하는 날까지 순연
됩니다. 이 경우 평가일이 순연됨에 따라 파생결합증권 대금 지급일과 펀드 상환금 지급일도 순연되며, 최
초 기초자산 가격 결정일의 순연기간이 길어질 경우에는 자동 조기상환 및 만기상환 평가일과 펀드 상환금 
지급일이 조정될 수도 있습니다. 또한 기초자산 거래소의 휴장 등이 상당기간 길어질 경우 펀드가 강제 조기
청산될 수 있습니다. 상기 외의 상황이 발생한 경우에는 파생결합증권 계약서, 관련 법령 및 합리적인 상관
례 등에 따라 처리 됩니다.  
※ 펀드가 강제 조기청산될 경우 해당 시점에 평가된 기준가격 대비 현저히 낮은 가격으로 강제 조기 청산
되어 예상치 못한 투자원금의 큰 손실이 발생할 수 있습니다. 
※ 최초 기초자산가격의 50%미만(종가기준)으로 하락한 경우에 대한 관찰은 기초자산 중 일부에 대하여만 
종가가 결정된 날도 포함합니다. 
※ 리자드 이벤트 평가기간은 최초 기초자산 가격 결정일부터 조기상환평가일(포함)까지이며, 기초자산 중 
일부에 대하여만 종가가 결정된 날도 포함합니다. 
※ 국내 지수가 아닌 해외 지수의 경우 현지 해당일의 종가기준입니다.  
※ 상기 수익률은 자동조기상환 및 만기수익상환 조건 충족시 기초자산 가격 수준에 따른 예시 수익률이며, 
확정된 수익률은 아닙니다.  
분류 투자신탁, 증권형(주식파생형), 개방형(중도환매가능), 단위형(추가납입불가능), 종류형 
투자비용 
클래스 종류 
투자자가 부담하는 수수료 및 총보수 
(연간, 단위: %) 
1,000만원 투자시 투자자가 부담하는 
투자기간별 총비용 예시 (단위: 천원) 
판매수수료 총보수 
 동종유형 
총보수 1년 2년 3년 5년 10년 
판매보수 
수수료선취- 
오프라인(A) 
납입금액의 
0.8%이내 0.255 0.000 0.860 93 93 94 - - 
수수료선취- 
온라인(A-E) 
납입금액의 
0.5%이내 0.255 0.000 0.710 63 63 64 - - 
(주1)‘1,000만원 투자시 투자자가 부담하는 투자기간별 총비용 예시’는 투자자가 1,000만원을 투자했을 경우 향후 투자기간별 지불하
게 되는 총비용(판매수수료 + 총보수비용)을 의미합니다. 선취판매수수료 및 총보수비용은 일정하고, 이익금은 모두 재투자하며, 
연간 투자수익률은 5%로 가정하였습니다. 
(주2) 종류형 집합투자기구의 구체적인 투자비용은 투자설명서 제2부 13. 보수 및 수수료에 관한 사항(p.26~27)을 참고하시기 바랍니다. 
(주3) ‘동종유형 총보수’는 한국금융투자협회에서 공시하는 동종유형 집합투자기구 전체의 평균 총보수비용을 의미합니다. 

- 3 - 
투자실적추이 
(연평균수익률)  
(단위:%) 
종류 최초설정일 
최근 1년 최근 2년 최근 3년 최근 5년 
설정일이후 
- - - - 
수수료선취- 
오프라인(A) 2020년 07월 27일 - - - - - 
수익률 변동성 2020년 07월 27일 - - - - - 
(주1) 비교지수: 해당사항 없음 
(주2) 연평균 수익률은 해당 기간동안의 누적수익률을 기하평균방식으로 계산한 것으로 집합투자기구 총비용 지급 후 해당기간동안의 
세전평균 수익률을 나타내는 수치입니다. 
(주3) 수익률 변동성(표준편차)은 해당기간 펀드의 연환산 주간수익률이 평균수익률에서 통상적으로 얼마만큼 등락했는지를 보여주는 
수치로서, 변동성이 높을수록 수익률 등락이 빈번해 펀드의 손실위험이 높다는 것을 의미합니다. 
운용전문 
인력 
성명 생년 직위 
운용현황 동종펀드 연평균 수익률(주식파생형)(%) 
운용경력년수 
펀드수(개) 규모(억) 운용역 운용사 
최근1년 최근2년 최근1년 최근2년 
윤동환 1970년 책임 69 9,749 51.66 53.75 
33.84 42.65 
22년 7개월 
맹주완 1983년 부책임 - - - - 10년 3개월 
(주1) ‘책임운용전문인력’은 이 집합투자기구의 운용의사결정 및 운용결과에 대한 책임을 부담하는 운용전문인력을 말하며, ‘부책임운용
전문인력’은 책임운용전문인력이 아닌 자로서 집합투자기구의 투자목적 및 운용전략 등에 중대한 영향을 미칠 수 있는 자산에 대
한 운용권한을 가진 운용전문인력을 말합니다. 
(주2) 운용전문인력의 최근 과거 3년 이내에 운용한 집합투자기구의 명칭, 집합투자재산의 규모와 수익률 등은 금융투자협회 홈페이지
(dis.kofia.or.kr)에서 확인할 수 있습니다. 
(주3) 동종집합투자기구 연평균 수익률은 해당 집합투자업자가 분류한 동일 유형 집합투자기구의 평균운용성과이며, 해당 운용전문인력
의 평균운용성과는 해당 회사 근무기간 중 운용한 성과를 의미합니다. 
(주4) ‘운용경력년수’는 해당 운용전문인력이 과거 집합투자기구를 운용한 기간을 모두 합산한 기간입니다. 
투자자 
유의사항 
ㆍ집합투자증권은 ｢예금자보호법｣에 따라 예금보험공사가 보호하지 않는 실적배당상품으로 투자원금의 손실이 발생할 
수 있으므로 투자에 신중을 기하여 주시기 바랍니다.  
ㆍ금융위원회가 투자설명서의 기재사항이 진실 또는 정확하다는 것을 인정하거나 그 증권의 가치를 보증 또는 승인하지 
아니함을 유의하시기 바랍니다. 
ㆍ간이투자설명서보다 자세한 내용이 필요하시어 투자설명서의 교부를 요청하시면 귀하의 집합투자증권 매입 이전까지 
교부 하오니 참고하시기 바랍니다. 
ㆍ간이투자설명서는 증권신고서 효력발생일까지 기재사항 중 일부가 변경될 수 있으며, 개방형 집합투자증권인 경우 효
력 발생일 이후에도 변경될 수 있습니다. 
ㆍ이 집합투자증권의 투자위험등급을 확인하시고, 귀하의 투자 경력이나 투자성향에 적합한 상품인지 신중한 투자결정
을 하시기 바랍니다. 
ㆍ증권신고서, 투자설명서상 기재된 투자전략에 따른 투자목적 또는 성과목표는 반드시 실현된다는 보장은 없습니다. 또
한 과거의 투자실적이 장래에도 실현된다는 보장은 없습니다. 
 
<투자자 숙려제도> 
■ 이 상품은 파생결합증권에 투자되는 상품으로 운용방법과 구조에 따라 수익이 결정되며 원금손실 가능성이 있습니
다. 따라서, 해당상품에 대하여 충분히 숙려 후 최종투자 여부를 확정하시기 바랍니다. 
■ 투자자 숙려제도에 따라 상품 안내문과 투자설명서, 대고객 투자자 숙려제도 안내 SMS 등을 통해 안내된 숙려기간
(2020년 07월 23일부터 2020년 07월 24일까지, 2영업일) 내에 가입을 취소하실 수 있으며 취소를 원하시는 경우 
본인이 직접 영업점에 방문하시어 신청하셔야만 합니다. 
(적용대상자는 아래의 1과 2를 모두 충족하는 경우입니다.) 
<적용대상자> 
1. 투자성향 부적합 거래고객 또는 만 70세 이상의 고령투자자 
2. 공모형 ELF/DLF를 판매회사 창구에서 가입하는 경우(비대면 신규 제외) 
■ 판매회사는 상품의 위험성 및 숙려제도 안내를 위하여 상품가입 이후 LMS 발송 및 전화 안내를 실시하오니, 이를 
참고해주시기 바랍니다. 
■ 투자자 숙려제도란? 
- ELF 가입 후 펀드 설정 전에 대상투자자가 ELF의 상품구조 및 투자위험 등을 충분히 숙지하고 투자결정을 할 수 있
도록 2영업일 이상 숙려기간을 부여 
- 대상투자자: 일반투자자 중 투자성향이 부적합한 투자자, 고령투자자(만 70세 이상) 
- 4 - 
※ 자신의 투자성향보다 위험도가 높은 상품에 투자하기 위해 부적합 확인서를 제출하는 투자자 
- 적용방식: 대상투자자는 가입 마감 2영업일전까지 가입하고 이후 숙려기간(2영업일) 동안 최종 투자여부를 확정. 가
입을 취소하고자 할 경우 숙려기간 종료 전까지 취소 
- 안내: 가입 이후부터 숙려기간 종료 전까지 유선 등으로 상품위험과 취소방법을 추가적으로 안내 
- 취소방법: 본인이 직접 영업점을 방문하여 취소 신청 가능(전화 취소 불가능) 
주요 
투자위험 
구분 투자위험의 주요내용 
원본 
손실위험 
이 투자신탁은 실적배당상품으로 투자 원금 전액이 보장 또는 보호되지 않습니다. 따라서 투자원본의 
전부 또는 일부에 대한 손실의 위험이 존재하며 투자금액의 손실 내지 감소의 위험은 전적으로 투자자
가 부담하며, 집합투자업자나 판매회사 등 어떤 당사자도 투자손실에 대하여 책임을 지지 아니합니다. 
또한, 이 투자신탁은 예금자보호법의 적용을 받는 은행의 예금과 달리 실적에 따른 수익을 취득하므로 
은행 등에서 판매하는 경우에도 예금보험공사 등의 보호를 받지 못합니다. 
시장위험 
이 투자신탁은 투자신탁재산을 파생결합증권에 투자합니다. 따라서 국내외 금융시장의 주가, 이자율 및 
기타 거시경제지표, 정치·경제 상황, 정부의 정책변화, 세제의 변경 등이 운용에 영향을 미칠 수 있으
며, 이로 인해 투자원금 손실이 발생할 수 있습니다. 또한 투자대상종목 발행회사의 영업환경, 재무상황 
및 신용상태의 악화 등도 운용에 영향을 미칠 수 있으며, 이로 인해 투자원금 손실이 발생할 수 있습니
다. 특히 이 투자신탁은 파생결합증권을 편입하며, 해당 파생결합증권의 기초자산 변동에 의해 투자수
익 및 투자원금 손실이 발생할 수 있습니다. 
파생결합증권 
투자위험 
이 투자신탁이 주로 투자하는 파생결합증권은 기초자산의 가격변동에 따라 투자원금의 전부 또는 상당
부분에 손실이 발생할 수 있습니다. 파생결합증권의 조건은 기초자산의 전부 또는 일부에 대하여 기초
자산의 본질가치의 변경을 초래하는 사유가 발생하는 경우 기타 국내외 금융시장의 관행에 따라 본 증
권의 권리내용 조정이 필요하다고 인정되는 경우에는 금융시장의 관행에 따라 발행자와 당사의 합의를 
통해 일부 조정 될 수 있습니다. ※ 파생결합증권의 권리내용 조정 사유 및 조정 방법 등은 각 파생결
합증권 발행회사와의 계약 내용에 따라 다소 차이가 있을 수 있습니다. 
거래상대방위험 
보유하고 있는 증권 및 단기금융상품을 발행한 회사 또는 계약상대방이 신용등급 하락 또는 부도 등과 
같은 신용사건에 노출되는 경우 그 증권 및 단기금융상품, 당해 계약 등의 가치가 하락할 수 있습니다. 
또한, 법률에 따라 채무 등이 지급유예, 채무증권 등이 주식과 같은 지분증권 또는 다른 종류의 새로운 
채무증권(계약) 등으로의 전환, 변제기간이 장기간 유예되는 등의 방식으로 당초의 권리가 변경되어 투
자원금 손실이 발생할 수 있습니다. 
파생결합증권 
신용위험 
파생결합증권의 거래는 파생결합증권을 발행한 회사와의 직접적인 거래로 발행회사의 부도, 파산 등의 
사유로 투자계약조건을 이행하지 못하는 경우에는 이 투자신탁이 추구하는 투자전략이 실현될 수 없으
며, 원금의 일부 또는 전액 손실이 발생할 수 있습니다. 이 투자신탁은 파생결합증권 발행회사와 직접
거래를 통해 파생결합증권을 투자하기 때문에 이 투자신탁은 파생결합증권 발행회사의 영업, 재무상태 
및 신용상태 등의 리스크로 인해 투자 원본 및 수익을 분배하지 못할 수도 있습니다. 자세한 사항은 각 
발행사 홈페이지 또는 금융감독원 전자공시 시스템(http://dart.fss.or.kr)에서 확인할 수 있습니다 
유동성위험 
일반적으로 파생결합증권은 다른 증권과 달리 파생결합증권을 발행한 회사와 직접 거래를 하여야 하므
로 유동성이 적습니다. 따라서 파생결합증권을 만기 이전에 중도 매각하고자 하는 경우 중도 매각이 원
활하지 못할 수 있습니다. 또한 중도 환매하는 경우에는 최초 설정일로부터 계약기간 종료일까지의 기
간에 대해 기초자산가격이 연동한 수익을 제공하는 것을 목표로 예상한 수익구조와는 다를 수 있으며, 
환매수수료 징구 등으로 투자원금손실이 발생할 수 있습니다. 
매입방법 투자신탁 최초설정일(2020년 07월 27일)의  
기준가격 환매방법 
17시 이전: 제4영업일 기준가격으로  
제5영업일에 대금 지급 
17시 경과 후: 제5영업일 기준가격으로  
제6영업일에 대금 지급 
환매수수료 최초설정일 이후 6개월 미만: 환매금액의 7% / 6개월 이후부터 파생결합증권 상환이전: 환매금액의 5% 
기준가 
산정방법 - 당일 기준가격 = (전일 집합투자기구 자산총액 – 부채총액) /전일 집합투자기구 총좌수 
- 1,000좌 단위로 원미만 셋째자리에서 반올림하여 원미만 둘째자리까지 계산 
공시장소 판매회사 본ㆍ영업점 및 집합투자업자(www.kbam.co.kr)ㆍ판매회사ㆍ한국금융투자협회 
(dis.kofia.or.kr)의 인터넷 홈페이지에 게시합니다. 
과세 
구분 과세의 주요내용 
집합투자기구 집합투자기구 단계에서는 별도의 소득과세 부담이 없는 것이 원칙입니다. 
수익자 
거주자와 일반법인이 받는 집합투자기구로부터의 과세 이익에 대해서는 15.4%(지방소득세 포함) 세율로 
원천징수됩니다. 단, 연간 금융소득합계액이 기준금액을 초과하는 경우에는 기준금액을 초과하는 금액을 
다른 종합소득과 합산하여 개인소득세율로 종합과세 됩니다. 
※ 세제혜택 계좌ㆍ클래스ㆍ펀드 투자자의 과세에 관한 사항은 투자설명서 제2부. 14. 이익 배분 및 
과세에 관한 사항을 참고하시기 바랍니다. 
- 5 - 
집합투자업자 KB자산운용주식회사 (☎ 02-2167-8200 / 인터넷 홈페이지 www.kbam.co.kr) 
모집기간 
2020년 07월 20일부터 2020년 07월 24일까지 
※투자자 숙려제도 적용 대상자의 경우 
매입청구기간: 2020년 07월 20일부터 2020년 07월 22일까지  
매입청구불가기간: 2020년 07월 23일부터 2020년 07월 24일까지  
(판매회사에 따라 모집기간 단축 가능) 
모집  
매출 총액 10조좌 
효력발생일 2021년 01월 26일 존속기간 
최초설정일로부터 2023년 07월 28일까지. 
 다만, 파생결합증권이 상환되는 경우 그 상환금  
 지급일의 익영업일까지 
판매회사 한국금융투자협회(www.kofia.or.kr) 및 집합투자업자(www.kbam.co.kr)의 홈페이지 참고 
참조 집합투자업자의 사업목적, 요약 재무정보에 관한 사항은 투자설명서 제4부 1. 집합투자업자에 관한 사항(p.31~33)을 
참고하시기 바랍니다. 
집합투자기구 
종류 
이 집합투자기구는 종류형 집합투자기구입니다. 집합투자기구의 종류는 판매수수료 부과방식-판매경로-기타 펀드특성에 
따라 3단계로 구분되며, 집합투자기구 종류의 대표적인 차이는 다음과 같습니다. 
판매 
수수료 
수수료 
선취(A) 
집합투자증권 매입시점에 판매수수료가 일시 징구되는 반면 판매보수가 판매수수료미징구형(C)
보다 상대적으로 낮게 책정되는 집합투자증권입니다. 
판매 
경로 
온라인(E/e) 
판매회사의 온라인전용으로 판매되는 집합투자증권으로 오프라인으로 판매되는 집합투자증권보
다 판매수수료 및 판매보수가 저렴한 집합투자증권입니다. 다만, 판매회사로부터 별도의 투자권
유 및 상담서비스는 제공되지 않습니다. 
오프라인 
오프라인전용(판매회사 창구)으로 판매되는 집합투자증권으로 온라인으로 판매되는 집합투자증
권보다 판매수수료 및 판매보수가 높은 집합투자증권입니다. 다만, 판매회사로부터 별도의 투자
권유 및 상담서비스가 제공됩니다. 
 
 
 
 집합투자기구 공시 정보 안내 
| 증권신고서 금융감독원 전자공시시스템(dart.fss.or.kr) 
| 투자설명서 금융감독원 전자공시시스템(dart.fss.or.kr), 한국금융투자협회(www.kofia.or.kr),  
      집합투자업자(www.kbam.co.kr) 및 판매회사 홈페이지 
| 정기보고서(영업보고서, 결산서류) 금융감독원 홈페이지(www.fss.or.kr) 및  
                          한국금융투자협회 전자공시시스템(dis.kofia.or.kr) 
| 자산운용보고서 한국금융투자협회 전자공시시스템(dis.kofia.or.kr) 및 집합투자업자 홈페이지(www.kbam.co.kr) 
| 수시공시 한국금융투자협회 전자공시시스템(dis.kofia.or.kr) 및 집합투자업자 홈페이지(www.kbam.co.kr)",ok,
products/fund/(3A82)KB지수연계더블리자드증권63(ELS-파생형)투자설명서-210126(부책임변경)202101271724.pdf,(3A82)KB지수연계더블리자드증권63(ELS-파생형)투자설명서-210126(부책임변경)202101271724.pdf,products/fund,42,"- 1 - 
 KB자산운용㈜는 이 투자신탁의 투자대상 자산의 종류 및 위험도 등
을 감안하여 1등급으로 분류하였습니다. 집합투자기구의 위험 등급은 
운용실적, 시장 상황 등에 따라 변경될 수 있다는 점을 유의하여 투자
판단을 하시기 바랍니다. 
 
투 자 설 명 서 
 
이 투자설명서는 KB 지수연계 더블리자드 증권 투자신탁 63호(ELS-파생형) 에 대한 자세한 내용을 담고 
있습니다. 따라서 KB 지수연계 더블리자드 증권 투자신탁 63호(ELS-파생형) 집합투자증권을 매입하기 전에 
반드시 이 투자설명서를 읽어보시기 바랍니다. 
 
1. 집합투자기구 명칭: KB 지수연계 더블리자드 증권 투자신탁 63호(ELS-파생형)(D8275) 
 
2. 집합투자업자 명칭: KB자산운용주식회사(☎02-2167-8200) 
 
3. 판   매   회   사: 국민은행 등(2020년 07월 15일 기준) 
 
4. 작  성  기  준  일: 2021년 01월 18일 
 
5. 증권신고서 효력발생일: 2021년 01월 26일 
 
6. 모집(매출) 증권의 종류 및 수: 투자신탁의 수익증권[모집(매출) 총액: 10조좌] 
 
7. 모집(매출) 기간(판매기간): 2020년 07월 20일부터 2020년 07월 24일까지 
※ 투자자 숙려제도 대상자의 경우 
- 매입청구 가능: 2020년 07월 20일부터 2020년 07월 22일까지 
- 매입청구 불가: 숙려기간(2020년 07월 23일부터 2020년 07월 24일까지, 2영업일) 
※ ELF 신규 정정(취소)거래는 판매회사에서 정하는 상품 모집기간 내 펀드 거래가능 시간까지 가능합니다. 
 
8. 집합투자증권신고서 및 투자설명서의 공시장소 
가. 집합투자증권신고서 
전자문서: 금융위(금감원)홈페이지 → dart.fss.or.kr 
나. 투자설명서 
전자문서: 금융위(금감원)홈페이지 → dart.fss.or.kr 
서면문서: 집합투자업자의 본점 및 판매회사 영업점 
 
※ 이 투자설명서는 효력발생일까지 증권신고서의 기재사항 중 일부가 변경될 수 있으며, 개방형 
집합투자증권인 경우 효력발생일 이후에도 변경될 수 있습니다. 
 
  
금융위원회가 투자설명서의 기재사항이 진실 또는 정확하다는 것을 인정하거나 그 증권의 
가치를 보증 또는 승인하지 아니함을 유의하시기 바랍니다. 또한 이 집합투자증권은 
「예금자보호법」에 의한 예금보험공사의 보호를 받지 않는 실적배당상품으로 투자원금의 
손실이 발생할 수 있으므로 투자에 신중을 기하여 주시기 바랍니다.  

- 2 - 
<요약정보> 
 
제1부. 모집 또는 매출에 관한 사항 
 
1. 집합투자기구의 명칭 
2. 집합투자기구의 종류 및 형태 
3. 모집예정금액 
4. 모집의 내용 및 절차 
5. 인수에 관한 사항 
6. 상장 및 매매에 관한 사항 
 
제2부. 집합투자기구에 관한 사항 
 
1. 집합투자기구의 명칭 
2. 집합투자기구의 연혁 
3. 집합투자기구의 신탁계약기간 
4. 집합투자업자 
5. 운용전문인력에 관한 사항 
6. 집합투자기구의 구조 
7. 집합투자기구의 투자목적 
8. 집합투자기구의 투자대상 
9. 집합투자기구의 투자전략, 위험관리 및 수익구조 
10. 집합투자기구의 투자위험 
11. 매입, 환매, 전환 기준 
12. 기준가격 산정기준 및 집합투자재산의 평가 
13. 보수 및 수수료에 관한 사항 
14. 이익 배분 및 과세에 관한 사항 
 
제3부. 집합투자기구의 재무 및 운용실적 등에 관한 사항 
 
1. 재무정보 
2. 연도별 설정 및 환매현황 
3. 집합투자기구의 운용실적(세전 기준) 
 
제4부. 집합투자기구의 관련회사에 관한 사항 
 
1. 집합투자업자에 관한 사항 
2. 운용관련 업무 수탁회사 등에 관한 사항 
3. 기타 집합투자기구 관련 회사에 관한 사항 
 
제5부. 기타 투자자보호를 위해 필요한 사항 
 
1. 투자자의 권리에 관한 사항 
2. 집합투자기구의 해지에 관한 사항 
3. 집합투자기구의 공시에 관한 사항 
4. 이해관계인 등과의 거래에 관한 사항 
5. 외국 집합투자기구에 관한 추가 기재사항 
 
[참고] 펀드 용어 정리 
 
  
[ 목      차 ] 
- 3 - 
투자결정시 유의사항 안내 
 
1. 투자판단시 증권신고서와 투자설명서 또는 간이투자설명서를 반드시 참고하시기 바라며, 투자자는 
간이투자설명서 대신 투자설명서를 요청할 수 있습니다. 
 
2. 집합투자기구의 투자위험등급 및 적합한 투자자유형에 대한 기재사항을 참고하고, 귀하의 투자경력이나 
투자성향에 적합한 상품인지 신중한 투자결정을 하시기 바랍니다. 
 
3. 증권신고서, 투자설명서 및 간이투자설명서 상 기재된 투자전략에 따른 투자목적 또는 성과목표가 
실현된다는 보장은 없습니다. 
 
4. 과거의 투자실적이 장래에도 실현된다는 보장은 없습니다. 
 
5. 판매회사는 투자실적과 무관하며, 특히 은행, 증권회사, 보험회사 등의 판매회사는 단순히 
집합투자증권의 판매업무(환매 등 판매행위와 관련된 부가적인 업무 포함)만 수행할 뿐 판매회사가 동 
집합투자증권의 가치결정에 아무런 영향을 미치지 아니합니다. 
 
6. 집합투자증권은 집합투자기구의 운용실적에 따라 손익이 결정되는 실적배당 상품으로 예금자보호법에 
의한 예금보험공사의 보호를 받지 아니하며, 특히 예금자보호법의 적용을 받는 은행 등에서 
집합투자증권을 매입하는 경우에도 은행예금과 달리 예금자보호법에 따라 예금보험공사가 보호하지 
아니합니다. 
 
7. 투자자가 부담하는 선취수수료 등을 감안하면 투자자의 입금금액 중 실제 집합투자증권을 매입하는 
금액은 작아질 수 있으며, 납입금액 기준 수익률이 집합투자기구의 실제수익률보다 낮을 수 있습니다. 
 
8. 원본손실위험 등 이 집합투자기구와 관련된 투자위험에 대하여는 증권신고서, 
투자설명서 또는 간이투자설명서 본문의 투자위험 부분을 참고하시기 바랍니다. 
 
9. 투자자의 국적 또는 세법상의 관할 국가가 대한민국 이외인 경우 국제조세조정에 관한 법률 및 관련 
조세조약에 따라 투자자의 금융 정보가 국세청 및 해당 국가(투자자의 국적 국가 또는 세법상의 과세 
관할 국가)의 권한 있는 당국에 보고될 수 있으며, 판매회사는 투자자의 국적 또는 세법상의 과세 관할 
국가를 확인하기 위하여, 계좌 개설 시 수집된 정보 이외의 추가자료를 요구할 수 있습니다. 
 
10. 모집기간동안 모집(판매)된 금액이 10억원 이하(선취판매수수료 포함 금액)인 경우 이 
집합투자증권의 설정이 취소될 수 있습니다. 이 경우 투자자는 납입한 투자금액을 판매회사를 통해 
돌려받게 됨을 유의하시기 바랍니다. 
 
 
 
 
- 4 - 
 
11. 집합투자업자는 투자자 총수가 법령에서 정하는 1인이 되는 경우 해당 투자신탁을 해지하여야 합니다. 
이 경우 투자자의 투자의사와는 관계없이 해당 투자신탁이 해지되므로 유의하시기 바랍니다. 
 
12. 파생상품 매매에 따른 위험평가액이 10%를 초과하는 집합투자기구나 특별자산에 투자하는 
집합투자기구의 경우 한국금융투자협회에서 정한 별도의 자격요건이 있는 자만이 투자권유를 할 수 
있음을 참고하시기 바랍니다. 
 
13. 파생결합증권에 투자하는 집합투자기구의 경우 파생결합증권의 성과를 결정하는 기초변수 등이 
예상과 다른 변화를 보일 때에는 당초 예상과 달리 큰 손실을 입거나 원금전체의 손실을 입을 수 있다는 
점을 각별히 유념하시어 투자결정 하시기 바랍니다. 
 
 
[일괄변경 대상] < 검토 후 흰색처리> 
- 펀드명: KB 지수연계 더블리자드 증권 투자신탁 63호(ELS-파생형) 
- 모집기간: 2020년 07월 20일부터 2020년 07월 24일까지 
- 매입청구가능: 2020년 07월 20일부터 2020년 07월 22일까지 
- 매입청구불가: 2020년 07월 23일부터 2020년 07월 24일까지 
- 기초지수: S&P500 지수, HSCEI 지수, EUROSTOXX50 지수 
- 펀드코드: 운용 D8275 A D8276 Ae D8277 
- 설정일: 2020년 07월 27일 
- 만기일: 2023년 07월 28일 
- 작성기준일: 2021년 01월 18일 
- 효력발생일: 2021년 01월 26일 
 
- 5 - 
투자자 숙려제도 안내 
 
■ 이 상품은 파생결합증권에 투자되는 상품으로 운용방법과 구조에 따라 수익이 결정되며 원금손실 
가능성이 있습니다. 따라서, 해당상품에 대하여 충분히 숙려 후 최종투자 여부를 확정하시기 바랍니다. 
 
■ 투자자 숙려제도에 따라 상품 안내문과 투자설명서, 대고객 투자자 숙려제도 안내 SMS 등을 통해 
안내된 숙려기간(2020년 07월 23일부터 2020년 07월 24일까지, 2 영업일) 내에 가입을 취소하실 수 
있으며 취소를 원하시는 경우 본인이 직접 영업점에 방문하시어 신청하셔야만 합니다. 
(적용대상자는 아래의 1과 2를 모두 충족하는 경우입니다.) 
 
<적용대상자> 
1. 투자성향 부적합 거래고객 또는 만 70세 이상의 고령투자자 
2. 공모형 ELF/DLF를 판매회사 창구에서 가입하는 경우(비대면 신규 제외) 
 
■ 판매회사는 상품의 위험성 및 숙려제도 안내를 위하여 상품가입 이후 LMS 발송 및 전화 안내를 
실시하오니, 이를 참고해주시기 바랍니다. 
 
■ 투자자 숙려제도란? 
- ELF 가입 후 펀드 설정 전에 대상투자자가 ELF의 상품구조 및 투자위험 등을 충분히 숙지하고 
투자결정을 할 수 있도록 2영업일 이상 숙려기간을 부여 
- 대상투자자: 일반투자자 중 투자성향이 부적합한 투자자, 고령투자자(만 70세 이상) 
※ 자신의 투자성향보다 위험도가 높은 상품에 투자하기 위해 부적합 확인서를 제출하는 투자자 
- 적용방식: 대상투자자는 가입 마감 2영업일전까지 가입하고 이후 숙려기간(2영업일) 동안 최종 
투자여부를 확정. 가입을 취소하고자 할 경우 숙려기간 종료 전까지 취소 
- 안내: 가입 이후부터 숙려기간 종료 전까지 유선 등으로 상품위험과 취소방법을 추가적으로 안내 
- 취소방법: 본인이 직접 영업점을 방문하여 취소 신청 가능(전화 취소 불가능) 
 
- 6 - 
 
이 요약정보는 KB 지수연계 더블리자드 증권 투자신탁 63호(ELS-파생형)의 투자설명서의 내용 중 중요사항을 발췌ㆍ요약한 핵심정보를 담고 
있습니다. 따라서 자세한 정보가 필요하신 경우에는 동 집합투자증권을 매입하기 이전에 투자설명서를 반드시 참고하시기 바랍니다. 
 
■ 요약정보 
투자목적 및 
투자전략 
이 투자신탁은 파생결합증권을 주된 투자대상으로 하는 투자신탁으로서, S&P500 지수, HSCEI 지수, EUROSTOXX50 
지수의 변동에 연계되고 매 6개월 단위로 조기상환조건이 내재된 파생결합증권에 투자함으로써 기초자산의 변동에 
따라 수익을 얻는 것을 목적으로 합니다. 
1) 손익발생 요건 
 
간이투자설명서   | 작성기준일 2021.01.18 | 
KB 지수연계 더블리자드 증권 투자신탁 63호(ELS-파생형) [펀드코드: D8275] 
투자위험등급 KB자산운용㈜는 이 투자신탁의 투자대상 자산의 종류 및 위험도 등을 감안하
여 1등급으로 분류하였습니다. 
집합투자증권은 ｢예금자보호법｣에 따라 예금보험공사가 보호하지 않는 실적배당상품입
니다. 투자신탁재산의 90%이상을 S&P500 지수, HSCEI 지수, EUROSTOXX50 지수를 
기초자산으로 하는 파생결합증권에 투자하여 기초자산 가격 변동에 따라 수익을 얻는 것
을 목적으로 하므로 파생결합증권에 집중 투자함에 따른 거래상대방위험, 가격변동에 따
른 원금손실위험 등에 노출되므로 투자에 신중을 기하여 주시기 바랍니다. 
1등급(매우 높은 위험) 
1 2 3 4 5 6 
매우 
높은 
위험 
높은 
위험 
다소 
높은 
위험 
보통 
위험 
낮은 
위험 
매우 
낮은 
위험 
- 7 - 
 2) 발행회사 
발행사 메리츠증권 신영증권 한화투자증권 유안타증권 
신용등급 AA- AA- A+ A+ 
기준일 2020.06.25 2020.05.15 2020.06.26 2020.06.30 
평가기관 한국신용평가 
※ 파생결합증권 발행사의 신용등급은 금융감독원 전자공시기준으로 향후 신용등급이 변동 될 수 있습니다. 
※ 파생결합증권 발행사 신용사건 발생시 투자원금 전부 또는 일부에 손실이 발생할 수 있습니다. 
3) 만기 및 조기상환 일정표 
 
※ 최초 기초자산 가격 결정일, 자동 조기상환 및 만기상환 평가일에 해당 기초자산 거래소 중 한 곳이라도 
개장일이 아닐 경우, 기초자산의 가격 결정일 및 평가일은 모든 기초자산의 거래소가 개장하는 날까지 순연
됩니다. 이 경우 평가일이 순연됨에 따라 파생결합증권 대금 지급일과 펀드 상환금 지급일도 순연되며, 최
초 기초자산 가격 결정일의 순연기간이 길어질 경우에는 자동 조기상환 및 만기상환 평가일과 펀드 상환금 
지급일이 조정될 수도 있습니다. 또한 기초자산 거래소의 휴장 등이 상당기간 길어질 경우 펀드가 강제 조기
청산될 수 있습니다. 상기 외의 상황이 발생한 경우에는 파생결합증권 계약서, 관련 법령 및 합리적인 상관
례 등에 따라 처리 됩니다.  
※ 펀드가 강제 조기청산될 경우 해당 시점에 평가된 기준가격 대비 현저히 낮은 가격으로 강제 조기 청산
되어 예상치 못한 투자원금의 큰 손실이 발생할 수 있습니다. 
※ 최초 기초자산가격의 50%미만(종가기준)으로 하락한 경우에 대한 관찰은 기초자산 중 일부에 대하여만 
종가가 결정된 날도 포함합니다. 
※ 리자드 이벤트 평가기간은 최초 기초자산 가격 결정일부터 조기상환평가일(포함)까지이며, 기초자산 중 
일부에 대하여만 종가가 결정된 날도 포함합니다. 
※ 국내 지수가 아닌 해외 지수의 경우 현지 해당일의 종가기준입니다.  
※ 상기 수익률은 자동조기상환 및 만기수익상환 조건 충족시 기초자산 가격 수준에 따른 예시 수익률이며, 
확정된 수익률은 아닙니다.  
분류 투자신탁, 증권형(주식파생형), 개방형(중도환매가능), 단위형(추가납입불가능), 종류형 
투자비용 
클래스 종류 
투자자가 부담하는 수수료 및 총보수 
(연간, 단위: %) 
1,000만원 투자시 투자자가 부담하는 
투자기간별 총비용 예시 (단위: 천원) 
판매수수료 총보수 
 동종유형 
총보수 1년 2년 3년 5년 10년 
판매보수 
수수료선취- 
오프라인(A) 
납입금액의 
0.8%이내 0.255 0.000 0.860 93 93 94 - - 
수수료선취- 
온라인(A-E) 
납입금액의 
0.5%이내 0.255 0.000 0.710 63 63 64 - - 
(주1)‘1,000만원 투자시 투자자가 부담하는 투자기간별 총비용 예시’는 투자자가 1,000만원을 투자했을 경우 향후 투자기간별 지불하
게 되는 총비용(판매수수료 + 총보수비용)을 의미합니다. 선취판매수수료 및 총보수비용은 일정하고, 이익금은 모두 재투자하며, 
연간 투자수익률은 5%로 가정하였습니다. 
(주2) 종류형 집합투자기구의 구체적인 투자비용은 투자설명서 제2부 13. 보수 및 수수료에 관한 사항(p.26~27)을 참고하시기 바랍니다. 
(주3) ‘동종유형 총보수’는 한국금융투자협회에서 공시하는 동종유형 집합투자기구 전체의 평균 총보수비용을 의미합니다. 

- 8 - 
투자실적추이 
(연평균수익률)  
(단위:%) 
종류 최초설정일 
최근 1년 최근 2년 최근 3년 최근 5년 
설정일이후 
- - - - 
수수료선취- 
오프라인(A) 2020년 07월 27일 - - - - - 
수익률 변동성 2020년 07월 27일 - - - - - 
(주1) 비교지수: 해당사항 없음 
(주2) 연평균 수익률은 해당 기간동안의 누적수익률을 기하평균방식으로 계산한 것으로 집합투자기구 총비용 지급 후 해당기간동안의 
세전평균 수익률을 나타내는 수치입니다. 
(주3) 수익률 변동성(표준편차)은 해당기간 펀드의 연환산 주간수익률이 평균수익률에서 통상적으로 얼마만큼 등락했는지를 보여주는 
수치로서, 변동성이 높을수록 수익률 등락이 빈번해 펀드의 손실위험이 높다는 것을 의미합니다. 
운용전문 
인력 
성명 생년 직위 
운용현황 동종펀드 연평균 수익률(주식파생형)(%) 
운용경력년수 
펀드수(개) 규모(억) 운용역 운용사 
최근1년 최근2년 최근1년 최근2년 
윤동환 1970년 책임 69 9,749 51.66 53.75 
33.84 42.65 
22년 7개월 
맹주완 1983년 부책임 - - - - 10년 3개월 
(주1) ‘책임운용전문인력’은 이 집합투자기구의 운용의사결정 및 운용결과에 대한 책임을 부담하는 운용전문인력을 말하며, ‘부책임운용
전문인력’은 책임운용전문인력이 아닌 자로서 집합투자기구의 투자목적 및 운용전략 등에 중대한 영향을 미칠 수 있는 자산에 대
한 운용권한을 가진 운용전문인력을 말합니다. 
(주2) 운용전문인력의 최근 과거 3년 이내에 운용한 집합투자기구의 명칭, 집합투자재산의 규모와 수익률 등은 금융투자협회 홈페이지
(dis.kofia.or.kr)에서 확인할 수 있습니다. 
(주3) 동종집합투자기구 연평균 수익률은 해당 집합투자업자가 분류한 동일 유형 집합투자기구의 평균운용성과이며, 해당 운용전문인력
의 평균운용성과는 해당 회사 근무기간 중 운용한 성과를 의미합니다. 
(주4) ‘운용경력년수’는 해당 운용전문인력이 과거 집합투자기구를 운용한 기간을 모두 합산한 기간입니다. 
투자자 
유의사항 
ㆍ집합투자증권은 ｢예금자보호법｣에 따라 예금보험공사가 보호하지 않는 실적배당상품으로 투자원금의 손실이 발생할 
수 있으므로 투자에 신중을 기하여 주시기 바랍니다.  
ㆍ금융위원회가 투자설명서의 기재사항이 진실 또는 정확하다는 것을 인정하거나 그 증권의 가치를 보증 또는 승인하지 
아니함을 유의하시기 바랍니다. 
ㆍ간이투자설명서보다 자세한 내용이 필요하시어 투자설명서의 교부를 요청하시면 귀하의 집합투자증권 매입 이전까지 
교부 하오니 참고하시기 바랍니다. 
ㆍ간이투자설명서는 증권신고서 효력발생일까지 기재사항 중 일부가 변경될 수 있으며, 개방형 집합투자증권인 경우 효
력 발생일 이후에도 변경될 수 있습니다. 
ㆍ이 집합투자증권의 투자위험등급을 확인하시고, 귀하의 투자 경력이나 투자성향에 적합한 상품인지 신중한 투자결정
을 하시기 바랍니다. 
ㆍ증권신고서, 투자설명서상 기재된 투자전략에 따른 투자목적 또는 성과목표는 반드시 실현된다는 보장은 없습니다. 또
한 과거의 투자실적이 장래에도 실현된다는 보장은 없습니다. 
 
<투자자 숙려제도> 
■ 이 상품은 파생결합증권에 투자되는 상품으로 운용방법과 구조에 따라 수익이 결정되며 원금손실 가능성이 있습니
다. 따라서, 해당상품에 대하여 충분히 숙려 후 최종투자 여부를 확정하시기 바랍니다. 
■ 투자자 숙려제도에 따라 상품 안내문과 투자설명서, 대고객 투자자 숙려제도 안내 SMS 등을 통해 안내된 숙려기간
(2020년 07월 23일부터 2020년 07월 24일까지, 2영업일) 내에 가입을 취소하실 수 있으며 취소를 원하시는 경우 
본인이 직접 영업점에 방문하시어 신청하셔야만 합니다. 
(적용대상자는 아래의 1과 2를 모두 충족하는 경우입니다.) 
<적용대상자> 
1. 투자성향 부적합 거래고객 또는 만 70세 이상의 고령투자자 
2. 공모형 ELF/DLF를 판매회사 창구에서 가입하는 경우(비대면 신규 제외) 
■ 판매회사는 상품의 위험성 및 숙려제도 안내를 위하여 상품가입 이후 LMS 발송 및 전화 안내를 실시하오니, 이를 
참고해주시기 바랍니다. 
■ 투자자 숙려제도란? 
- ELF 가입 후 펀드 설정 전에 대상투자자가 ELF의 상품구조 및 투자위험 등을 충분히 숙지하고 투자결정을 할 수 있
도록 2영업일 이상 숙려기간을 부여 
- 대상투자자: 일반투자자 중 투자성향이 부적합한 투자자, 고령투자자(만 70세 이상) 
- 9 - 
※ 자신의 투자성향보다 위험도가 높은 상품에 투자하기 위해 부적합 확인서를 제출하는 투자자 
- 적용방식: 대상투자자는 가입 마감 2영업일전까지 가입하고 이후 숙려기간(2영업일) 동안 최종 투자여부를 확정. 가
입을 취소하고자 할 경우 숙려기간 종료 전까지 취소 
- 안내: 가입 이후부터 숙려기간 종료 전까지 유선 등으로 상품위험과 취소방법을 추가적으로 안내 
- 취소방법: 본인이 직접 영업점을 방문하여 취소 신청 가능(전화 취소 불가능) 
주요 
투자위험 
구분 투자위험의 주요내용 
원본 
손실위험 
이 투자신탁은 실적배당상품으로 투자 원금 전액이 보장 또는 보호되지 않습니다. 따라서 투자원본의 
전부 또는 일부에 대한 손실의 위험이 존재하며 투자금액의 손실 내지 감소의 위험은 전적으로 투자자
가 부담하며, 집합투자업자나 판매회사 등 어떤 당사자도 투자손실에 대하여 책임을 지지 아니합니다. 
또한, 이 투자신탁은 예금자보호법의 적용을 받는 은행의 예금과 달리 실적에 따른 수익을 취득하므로 
은행 등에서 판매하는 경우에도 예금보험공사 등의 보호를 받지 못합니다. 
시장위험 
이 투자신탁은 투자신탁재산을 파생결합증권에 투자합니다. 따라서 국내외 금융시장의 주가, 이자율 및 
기타 거시경제지표, 정치·경제 상황, 정부의 정책변화, 세제의 변경 등이 운용에 영향을 미칠 수 있으
며, 이로 인해 투자원금 손실이 발생할 수 있습니다. 또한 투자대상종목 발행회사의 영업환경, 재무상황 
및 신용상태의 악화 등도 운용에 영향을 미칠 수 있으며, 이로 인해 투자원금 손실이 발생할 수 있습니
다. 특히 이 투자신탁은 파생결합증권을 편입하며, 해당 파생결합증권의 기초자산 변동에 의해 투자수
익 및 투자원금 손실이 발생할 수 있습니다. 
파생결합증권 
투자위험 
이 투자신탁이 주로 투자하는 파생결합증권은 기초자산의 가격변동에 따라 투자원금의 전부 또는 상당
부분에 손실이 발생할 수 있습니다. 파생결합증권의 조건은 기초자산의 전부 또는 일부에 대하여 기초
자산의 본질가치의 변경을 초래하는 사유가 발생하는 경우 기타 국내외 금융시장의 관행에 따라 본 증
권의 권리내용 조정이 필요하다고 인정되는 경우에는 금융시장의 관행에 따라 발행자와 당사의 합의를 
통해 일부 조정 될 수 있습니다. ※ 파생결합증권의 권리내용 조정 사유 및 조정 방법 등은 각 파생결
합증권 발행회사와의 계약 내용에 따라 다소 차이가 있을 수 있습니다. 
거래상대방위험 
보유하고 있는 증권 및 단기금융상품을 발행한 회사 또는 계약상대방이 신용등급 하락 또는 부도 등과 
같은 신용사건에 노출되는 경우 그 증권 및 단기금융상품, 당해 계약 등의 가치가 하락할 수 있습니다. 
또한, 법률에 따라 채무 등이 지급유예, 채무증권 등이 주식과 같은 지분증권 또는 다른 종류의 새로운 
채무증권(계약) 등으로의 전환, 변제기간이 장기간 유예되는 등의 방식으로 당초의 권리가 변경되어 투
자원금 손실이 발생할 수 있습니다. 
파생결합증권 
신용위험 
파생결합증권의 거래는 파생결합증권을 발행한 회사와의 직접적인 거래로 발행회사의 부도, 파산 등의 
사유로 투자계약조건을 이행하지 못하는 경우에는 이 투자신탁이 추구하는 투자전략이 실현될 수 없으
며, 원금의 일부 또는 전액 손실이 발생할 수 있습니다. 이 투자신탁은 파생결합증권 발행회사와 직접
거래를 통해 파생결합증권을 투자하기 때문에 이 투자신탁은 파생결합증권 발행회사의 영업, 재무상태 
및 신용상태 등의 리스크로 인해 투자 원본 및 수익을 분배하지 못할 수도 있습니다. 자세한 사항은 각 
발행사 홈페이지 또는 금융감독원 전자공시 시스템(http://dart.fss.or.kr)에서 확인할 수 있습니다 
유동성위험 
일반적으로 파생결합증권은 다른 증권과 달리 파생결합증권을 발행한 회사와 직접 거래를 하여야 하므
로 유동성이 적습니다. 따라서 파생결합증권을 만기 이전에 중도 매각하고자 하는 경우 중도 매각이 원
활하지 못할 수 있습니다. 또한 중도 환매하는 경우에는 최초 설정일로부터 계약기간 종료일까지의 기
간에 대해 기초자산가격이 연동한 수익을 제공하는 것을 목표로 예상한 수익구조와는 다를 수 있으며, 
환매수수료 징구 등으로 투자원금손실이 발생할 수 있습니다. 
매입방법 투자신탁 최초설정일(2020년 07월 27일)의  
기준가격 환매방법 
17시 이전: 제4영업일 기준가격으로  
제5영업일에 대금 지급 
17시 경과 후: 제5영업일 기준가격으로  
제6영업일에 대금 지급 
환매수수료 최초설정일 이후 6개월 미만: 환매금액의 7% / 6개월 이후부터 파생결합증권 상환이전: 환매금액의 5% 
기준가 
산정방법 - 당일 기준가격 = (전일 집합투자기구 자산총액 – 부채총액) /전일 집합투자기구 총좌수 
- 1,000좌 단위로 원미만 셋째자리에서 반올림하여 원미만 둘째자리까지 계산 
공시장소 판매회사 본ㆍ영업점 및 집합투자업자(www.kbam.co.kr)ㆍ판매회사ㆍ한국금융투자협회 
(dis.kofia.or.kr)의 인터넷 홈페이지에 게시합니다. 
과세 
구분 과세의 주요내용 
집합투자기구 집합투자기구 단계에서는 별도의 소득과세 부담이 없는 것이 원칙입니다. 
수익자 
거주자와 일반법인이 받는 집합투자기구로부터의 과세 이익에 대해서는 15.4%(지방소득세 포함) 세율로 
원천징수됩니다. 단, 연간 금융소득합계액이 기준금액을 초과하는 경우에는 기준금액을 초과하는 금액을 
다른 종합소득과 합산하여 개인소득세율로 종합과세 됩니다. 
※ 세제혜택 계좌ㆍ클래스ㆍ펀드 투자자의 과세에 관한 사항은 투자설명서 제2부. 14. 이익 배분 및 
과세에 관한 사항을 참고하시기 바랍니다. 
- 10 - 
집합투자업자 KB자산운용주식회사 (☎ 02-2167-8200 / 인터넷 홈페이지 www.kbam.co.kr) 
모집기간 
2020년 07월 20일부터 2020년 07월 24일까지 
※투자자 숙려제도 적용 대상자의 경우 
매입청구기간: 2020년 07월 20일부터 2020년 07월 22일까지  
매입청구불가기간: 2020년 07월 23일부터 2020년 07월 24일까지  
(판매회사에 따라 모집기간 단축 가능) 
모집  
매출 총액 10조좌 
효력발생일 2021년 01월 26일 존속기간 
최초설정일로부터 2023년 07월 28일까지. 
 다만, 파생결합증권이 상환되는 경우 그 상환금  
 지급일의 익영업일까지 
판매회사 한국금융투자협회(www.kofia.or.kr) 및 집합투자업자(www.kbam.co.kr)의 홈페이지 참고 
참조 집합투자업자의 사업목적, 요약 재무정보에 관한 사항은 투자설명서 제4부 1. 집합투자업자에 관한 사항(p.31~33)을 
참고하시기 바랍니다. 
집합투자기구 
종류 
이 집합투자기구는 종류형 집합투자기구입니다. 집합투자기구의 종류는 판매수수료 부과방식-판매경로-기타 펀드특성에 
따라 3단계로 구분되며, 집합투자기구 종류의 대표적인 차이는 다음과 같습니다. 
판매 
수수료 
수수료 
선취(A) 
집합투자증권 매입시점에 판매수수료가 일시 징구되는 반면 판매보수가 판매수수료미징구형(C)
보다 상대적으로 낮게 책정되는 집합투자증권입니다. 
판매 
경로 
온라인(E/e) 
판매회사의 온라인전용으로 판매되는 집합투자증권으로 오프라인으로 판매되는 집합투자증권보
다 판매수수료 및 판매보수가 저렴한 집합투자증권입니다. 다만, 판매회사로부터 별도의 투자권
유 및 상담서비스는 제공되지 않습니다. 
오프라인 
오프라인전용(판매회사 창구)으로 판매되는 집합투자증권으로 온라인으로 판매되는 집합투자증
권보다 판매수수료 및 판매보수가 높은 집합투자증권입니다. 다만, 판매회사로부터 별도의 투자
권유 및 상담서비스가 제공됩니다. 
 
 
 
 집합투자기구 공시 정보 안내 
| 증권신고서 금융감독원 전자공시시스템(dart.fss.or.kr) 
| 투자설명서 금융감독원 전자공시시스템(dart.fss.or.kr), 한국금융투자협회(www.kofia.or.kr),  
      집합투자업자(www.kbam.co.kr) 및 판매회사 홈페이지 
| 정기보고서(영업보고서, 결산서류) 금융감독원 홈페이지(www.fss.or.kr) 및  
                          한국금융투자협회 전자공시시스템(dis.kofia.or.kr) 
| 자산운용보고서 한국금융투자협회 전자공시시스템(dis.kofia.or.kr) 및 집합투자업자 홈페이지(www.kbam.co.kr) 
| 수시공시 한국금융투자협회 전자공시시스템(dis.kofia.or.kr) 및 집합투자업자 홈페이지(www.kbam.co.kr) 
 
- 11 - 
 
1. 집합투자기구의 명칭 
가. 명칭: KB 지수연계 더블리자드 증권 투자신탁 63호(ELS-파생형) 
나. 종류 
종류(클래스) 
한국금융투자협회 
펀드코드 
종류(클래스) 
한국금융투자협회 
펀드코드 
A 수수료선취-오프라인 D8276 A-E 수수료선취-온라인 D8277 
 
2. 집합투자기구의 종류 및 형태 
가. 형태별 종류: 투자신탁 
나. 운용자산별 종류: 증권(주식파생형) 
다. 개방형∙폐쇄형 구분: 개방형(환매가 가능한 투자신탁) 
라. 추가형∙단위형 구분: 단위형(추가로 자금 납입이 불가능한 투자신탁) 
마. 특수형태 표시 
(1) 종류형(판매보수 및 수수료의 차이로 인하여 기준가격이 다른 투자신탁) 
※ 투자신탁의 종류 및 형태에도 불구하고 다양한 투자대상자산에 투자될 수 있으며, 자세한 투자대상은 제2부의 내용 중 ‘투자대상’
과 ‘투자전략’ 등을 참고하시기 바랍니다. 
 
3. 모집예정금액 
10조좌(1좌=1원, 원본액 기준) 
※ 이 집합투자기구는 단위형 집합투자기구로 추가설정을 하지 않습니다. 또한 모집(판매) 예정금액 및 모집(판매) 예정기간은 예정
보다 줄거나 단축될 수 있으며, 모집(판매)기간 동안 판매된 금액이 일정규모 이하인 경우 이 집합투자증권의 설정이 취소되거나 
해지될 수 있습니다. 이 경우 집합투자업자(www.kbam.co.kr) 및 한국금융투자협회(www.kofia.or.kr) 인터넷 홈페이지를 통해 
공고할 예정입니다. 
 
4. 모집의 내용 및 절차 
가. 모집기간: 2020년 07월 20일부터 2020년 07월 24일까지 (판매회사에 따라 모집기간 단축 가능) 
※ 숙려적용 대상투자자의 경우 2020년 07월 20일부터 2020년 07월 22일까지 매입청구 가능 
- 숙려기간(2020년 07월 23일부터 2020년 07월 24일까지, 2영업일) 매입청구 불가 
나. 모집장소: 판매회사(국민은행 등)의 본·지점 
다. 모집 또는 배정절차 및 방법: 판매회사 영업일에 판매회사 창구를 통하여 모집합니다. 
주) 모집(판매)된 금액이 10억원 이하(선취판매수수료 포함 금액)인 경우 이 집합투자증권의 설정이 취소될 수 있으며, 이 경우 납
입한 투자금액은 판매회사를 통해 돌려받게 됩니다. 
※ 자세한 내용은 제2부의 내용 중 ‘매입, 환매, 전환절차 및 기준가격 적용기준’에서 참고하시기 바랍니다. 
 
5. 인수에 관한 사항 
해당사항 없음 
 
6. 상장 및 매매에 관한 사항 
해당사항 없음 
  
제1부. 모집 또는 매출에 관한 사항 
- 12 - 
 
1. 집합투자기구의 명칭  
가. 명칭: KB 지수연계 더블리자드 증권 투자신탁 63호(ELS-파생형) 
나. 종류 
종류(클래스) 한국금융투자협회 
펀드코드 종류(클래스) 한국금융투자협회 
펀드코드 
A 수수료선취-오프라인 D8276 A-E 수수료선취-온라인 D8277 
 
2. 집합투자기구의 연혁 
날    짜 주  요  내  용 
2020년 07월 27일 최초설정 
2021년 01월 26일 부책임운용전문인력 변경(김현성 → 맹주완) 
 
3. 집합투자기구의 신탁계약기간 
이 투자신탁의 계약기간은 투자신탁의 최초설정일로부터 2023년 07월 28일까지로 합니다. 다만, 계약기간 만기 
이전에 투자신탁재산으로 보유하고 있는 파생결합증권이 자동조기상환, 중도상환 또는 만기상환되는 경우에는 당해 
파생결합증권의 상환금 지급일 익영업일까지로 하며, 신탁계약 해지시에는 투자신탁의 최초설정일로부터 신탁계약
의 해지일까지로 합니다. 또한, 파생결합증권의 상환 시 기초자산이 거래되는 거래소의 휴장 또는 천재지변, 전시, 
사변, 금융·외환시장의 중대한 교란 등으로 평가일 및 상환대금 지급일이 지연되는 경우에는 투자신탁의 최초설정
일로부터 해당 상환금 지급일 익영업일까지로 합니다.  
※ 자세한 내용은 제5부의 내용 중 ‘집합투자기구의 해지에 관한 사항’을 참조하시기 바랍니다. 
 
4. 집합투자업자 
가. 명칭: KB자산운용주식회사 
나. 주소 및 연락처: 서울특별시 영등포구 국제금융로 10(☎02-2167-8200) 
※ 자세한 내용은 제4부의 내용 중 ‘집합투자업자에 관한 사항’을 참조하시기 바랍니다. 
 
5. 운용전문인력 
가. 운용전문인력 현황 2021년 01월 18일 
(2021년 01월 18일 기준) 
성명 생년 직위 
운용현황 동종펀드 연평균 수익률(주식파생형)(%) 
운용경력년수 
펀드수(개) 규모(억) 
운용역 운용사 
최근1년 최근2년 최근1년 최근2년 
윤동환 1970년 책임 69 9,749 51.66 53.75 
33.84 42.65 
22년 7개월 
맹주완 1983년 부책임 - - - - 10년 3개월 
 
성명 주요 운용경력 성명 주요 운용경력 
윤동환 
메리츠종금증권 증권팀, 기업금융3팀 6년 3개월 
키움투자자산운용 시스템펀드팀, AIS팀 4개월 
교보악사자산운용 상품전략팀 2년 
신한BNP파리바자산운용 액티브퀀트팀, 
시스템투자팀, 시스템운용팀 7년 4개월 
하나금융투자 자산운용팀, 전략운용팀 8개월 
맹주완 
에이스투자자문 운용팀 1년 5개월 
NH투자증권 FICC솔루션부 8년 7개월 
KB자산운용 인덱스퀀트본부 3개월 
제2부. 집합투자기구에 관한 사항 
- 13 - 
※ 이 투자신탁의 운용은 인덱스퀀트본부가 공동운용하며, 책임운용전문인력이란 이 투자신탁의 투자전략 수립 및 투자 의사결정 등
에 주도적·핵심적 역할을 수행하는 운용전문인력을 말하며, 부책임운용전문인력이란 책임운용전문인력이 아닌 자로서 투자신탁의 
투자목적 및 운용전략 등에 중대한 영향을 미칠 수 있는 자산에 대한 운용권한을 가진 운용전문인력을 말합니다. 
※ 상기 운용전문인력의 최근 과거 3년 이내에 운용한 투자신탁의 명칭, 투자신탁재산의 규모와 수익률은 한국금융투자협회 홈페이
지(www.kofia.or.kr)를 통하여 확인할 수 있습니다. 
※ 성과보수가 약정된 투자신탁 운용규모: 해당사항 없음 
※ 동종집합투자기구 연평균 수익률은 해당 집합투자업자가 분류한 동일 유형 집합투자기구의 평균운용성과이며, 해당 운용전문인력
의 평균운용성과는 해당 회사 근무기간 중 운용한 성과를 의미합니다. 
※ 운용경력년수는 해당 운용전문인력이 과거 집합투자기구를 운용한 기간을 모두 합산한 기간입니다. 
 
나. 최근 3년간 책임운용전문인력 변동 사항: 해당사항 없음 
 
6. 집합투자기구의 구조 
가. 집합투자기구의 종류 및 형태: 투자신탁, 증권(주식파생형), 개방형, 단위형, 종류형 
 
나. 종류형 구조 
- 이 투자신탁은 종류형 투자신탁입니다. 투자신탁의 종류는 판매수수료 부과방식-판매경로-기타 펀드특성에 따라 
3단계로 구분되며, 종류의 대표적인 차이는 다음과 같습니다. 
종류(클래스) 투자신탁의 특징 
판매 
수수료 
수수료 
선취(A) 
집합투자증권 매입시점에 판매수수료가 일시 징구되는 반면 판매보수가 판매수수료미징
구형(C)보다 상대적으로 낮게 책정되는 집합투자증권입니다. 
판매 
경로 
온라인(E/e) 
판매회사의 온라인전용으로 판매되는 집합투자증권으로 오프라인으로 판매되는 집합투자
증권보다 판매수수료 및 판매보수가 저렴한 집합투자증권입니다. 다만, 판매회사로부터 
별도의 투자권유 및 상담서비스는 제공되지 않습니다. 
오프라인 
오프라인전용(판매회사 창구)으로 판매되는 집합투자증권으로 온라인으로 판매되는 집합
투자증권보다 판매수수료 및 판매보수가 높은 집합투자증권입니다. 다만, 판매회사로부터 
별도의 투자권유 및 상담서비스가 제공됩니다. 
 
- 이 투자신탁은 법 제231조에 의거한 판매보수의 차이로 인하여 기준가격이 다르거나 판매수수료가 다른 여러 종
류의 집합투자증권을 발행하는 종류형 투자신탁으로써 이 투자신탁이 보유한 종류의 집합투자증권은 아래와 같
습니다. 
<최초설정일로부터 6개월까지> 
종류 
(클래스) 
가입자격 
수수료 보수(연, %) 
선취판매 후취판매 환매 판매회사 집합투자 
업자 신탁업자 사무관리 
회사 
A 수수료선취-오프라인 제한없음 납입금액의 
0.8%이내 - 환매금액의 
7% 0.000 0.220 0.020 0.015 
KB자산운용 인덱스퀀트본부 4년 10개월 
종류형
(클래스) A A-E
KB 지수연계 더블리자드 증권 투자신탁 63호(ELS-파생형)
- 14 - 
A-E 수수료선취-온라인 온라인 가입 납입금액의 
0.5%이내 
- 0.000 
<6개월 경과 후> 
종류 
(클래스) 
가입자격 
수수료 보수(연, %) 
선취판매 후취판매 환매 판매회사 
집합투자 
업자 
신탁업자 
사무관리 
회사 
A 수수료선취-오프라인 제한없음 - - 환매금액의 
5% 
0.000 
0.001 0.001 0.001 
A-E 수수료선취-온라인 온라인 가입 - - 0.000 
※ 선취판매수수료율은 상기 범위 내에서 판매회사 별로 차등 적용할 수 있습니다. 차등적용의 내용은 금융투자협회, 판매회사 및 집
합투자업자의 홈페이지를 통해서 확인할 수 있습니다. 
※ 가입자격의 자세한 사항은 제2부의 “11. 매입, 환매, 전환절차 및 기준가격 적용기준”의 종류별 가입 요건 부분을 참고하시기 바랍
니다. 
 
7. 집합투자기구의 투자목적 
이 투자신탁은 파생결합증권을 주된 투자대상으로 하는 투자신탁으로서, S&P500 지수, HSCEI 지수, 
EUROSTOXX50 지수의 변동에 연계되고 매 6개월 단위로 조기상환조건이 내재된 파생결합증권에 투자함으로써 수
익을 추구하는 것을 목적으로 합니다.  
그러나, 이 투자신탁의 투자목적이 반드시 달성된다는 보장은 없으며, 이 투자신탁과 관련된 어떠한 당사자도 투자원
금의 보장 또는 투자목적의 달성을 보장하지 아니합니다. 
 
8. 집합투자기구의 투자대상 
가. 투자대상 
투자대상 투자비율 투자대상 내역 
① 파생결합증권 90%이상 
자본시장과 금융투자업에 관한 법률(이하 “법”이라 한다) 제4조 제
7항의 규정에 의한 기초자산의 변동과 연계하여 미리 정하여진 방
법에 따라 지급금액 또는 회수금액이 결정되는 권리가 표시된 것
(이하 “파생결합증권”이라 한다)으로서 다음의 조건을 충족하는 파
생결합증권 
가. S&P500 지수(Bloomberg Ticker: SPX Index), HSCEI 지수
(Bloomberg Ticker: HSCEI Index), EUROSTOXX50 지수
(Bloomberg Ticker: SX5E Index)  의 변동에 연계하여 사전에 정
한 조건에 의해 손익이 결정되는 파생결합증권 
나. 파생결합증권의 투자로 인한 최대손실규모가 해당 투자금액 이
내인 구조의 파생결합증권  
다. 다음과 같은 상환구조를 가지고 있는 파생결합증권 
※상환구조: 아래 참조 
② 법 시행령 제268조 제4항의 규정에 의한 신탁업자 고유재산과의 거래 
※ 집합투자증권의 환매를 원활하게 하고 투자대기자금의 활용을 위해 다음의 방법으로 운용할 수 있습니다. 
1. 단기대출(30일 이내의 금융기관간 단기자금거래에 의한 자금공여를 말한다) 
2. 금융기관에의 예치(만기 1년 이내인 상품에 한한다) 
3. 환매조건부매수 
※ 다음의 경우에는 위의 ①의 투자비율을 적용하지 아니함. 다만, 마 및 바의 경우에는 투자비율 적용예외기간을 
- 15 - 
15일 이내로 합니다. 
가. 투자신탁 최초설정일로부터 1월간 
나. 투자신탁 회계기간 종료일 이전 1월간 
다. 투자신탁 계약기간 종료일 이전 1월간 
라. ①의 파생결합증권이 사전에 정한 조건에 충족되어 조기상환되거나 만기상환되는 경우에는 파생결합증권의 조기
상환 평가일 또는 만기상환 평가일을 기산일로 하여 이후 1개월간 
마. 3영업일 동안 누적하여 추가설정 또는 해지청구가 각각 투자신탁 자산총액의 10%를 초과하는 경우 
바. 집합투자재산인 투자증권 등의 가격변동으로 ①을 위반하게 되는 경우 
 
※상환구조 
 
 
나. 투자제한: 집합투자업자는 투자신탁재산을 운용함에 있어 다음에 해당하는 행위를 신탁업자에게 지시할 수 없습
니다. 다만, 법령 및 규정에서 예외적으로 인정한 경우에는 그러하지 아니합니다. 
구분 내용 적용예외 
단기대출 
이 투자신탁 자산총액의 10%를 초과하여 법 시행령 제84조에서 정하는 
집합투자업자의 이해관계인에게 단기대출의 방법 및 환매조건부매수로 운
용하는 행위. 다만, 집합투자업자의 대주주나 계열회사인 이해관계인과는 
이와 같은 방법으로 운용할 수 없습니다. 
 
동일종목 투자 자산총액의 10%를 초과하여 동일종목의 증권에 투자할 수 없습니다. 다 최초설정일로부터  

- 16 - 
만, 다음 ①의 경우는 예외로 합니다. 1개월간 
①파생결합증권에 투자신탁 자산총액의 30%까지 투자하는 경우  
계열회사 
발행증권 
법 시행령 제86조에서 정하는 한도를 초과하여 집합투자업자의 계열회사
가 발행한 증권을 취득하는 행위  
투자한도 적용의 
유예 
투자신탁재산으로 보유하고 있는 증권 등의 가격변동, 투자신탁의 일부해
지 등의 사유로 인하여 불가피하게 투자한도를 초과하게 된 경우에는 초
과일부터 3월 이내에 그 투자한도에 적합하도록 하여야 합니다. 다만, 부
도 등으로 처분이 불가능하거나 집합투자재산에 현저한 손실을 초래하지 
아니하고는 처분이 불가능한 투자대상자산은 그 처분이 가능한 시기까지 
이를 그 투자한도에 적합한 것으로 봅니다. 
 
 
9. 집합투자기구의 투자전략, 투자방침 및 수익구조 
(1) 투자전략 
- 이 투자신탁은 주로 S&P500 지수, HSCEI 지수, EUROSTOXX50 지수의 변동에 연계되고 매 6개월 단위로 
조기상환조건이 내재된 파생결합증권에 집합투자재산의 대부분을 투자할 계획입니다. 
 
(2) 수익구조: 투자대상 파생결합증권 주요 내용 
1) 기초자산: S&P500 지수, HSCEI 지수, EUROSTOXX50 지수 
 
2) 손익발생 요건 
① 자동조기상환 조건: 설정 이후 약 6개월 마다 모든 기초자산의 평가가격(종가)이 각 회차별 순차적으로 최초 
기초자산가격의 90-90-85-80-75(단위: %) 이상인 경우 → 원금 + 연 6.00%(세전) 수익률 수준으로 자동조
기상환 
② 리자드 조기상환 조건 
a. 1차 자동조기상환 평가일에 위 자동조기상환 조건을 만족하지 못하였으나, 최초기초자산 가격 결정일로부터 
1차 자동조기상환평가일(포함)까지 모든 기초자산의 평가가격(종가)이 최초 기초자산 가격의 80% 미만으로 
하락한 적이 없었던 경우 → 원금 + 연 9.00%(세전) 수익률 수준으로 리자드 조기상환 
b. 2차 자동조기상환 평가일에 위 자동조기상환 조건을 만족하지 못하였으나, 최초기초자산 가격 결정일로부터 
2차 자동조기상환평가일(포함)까지 모든 기초자산의 평가가격(종가)이 최초 기초자산 가격의 75% 미만으로  
하락한 적이 없었던 경우 → 원금 + 연 9.00%(세전) 수익률 수준으로 리자드 조기상환 
③ 만기상환 조건(자동조기상환 조건 및 리자드 조기상환 조건 미충족의 경우) 
a. 만기상환 평가일에 모든 기초자산의 평가가격(종가)이 최초 기초자산가격의 70% 이상인 경우  
→ 원금 + 연 6.00%(세전) 수익률 수준으로 만기수익상환 
b. 만기상환 평가일에 기초자산의 평가가격(종가)이 최초 기초자산가격의 70%미만인 기초자산이 존재하나, 
만기상환 평가일(포함)까지의 기간 동안 기초자산 중 어느 하나라도 각 최초 기초자산가격의 50%미만(종
가)으로 하락한 적이 한번도 없었던 경우 → 원금 + 연 6.00%(세전) 수익률 수준으로 만기수익상환 
c. 만기상환 평가일에 기초자산의 평가가격(종가)이 최초 기초자산가격의 70%미만인 기초자산이 존재하며, 
만기상환 평가일(포함)까지의 기간 동안 기초자산 중 어느 하나라도 각 최초 기초자산가격의 50%미만(종
가)으로 하락한 적이 한번이라도 발생하였던 경우 → 가장 많이 하락한 기초자산의 최종 하락률로 원금손
실 발생(-30% ~ -100%) 
 
- 17 - 
 
 
 
 
3) 발행회사 
발행사 메리츠증권 신영증권 한화투자증권 유안타증권 
신용등급 AA- AA- A+ A+ 
기준일 2020.06.25 2020.05.15 2020.06.26 2020.06.30 
평가기관 한국신용평가 

- 18 - 
※ 파생결합증권 발행사의 신용등급은 금융감독원 전자공시기준으로 향후 신용등급이 변동 될 수 있습니다. 
※ 파생결합증권 발행사 신용사건 발생시 투자원금 전부 또는 일부에 손실이 발생할 수 있습니다. 
 
4) 만기 및 조기상환 주기: 3년 / 매 6개월 
 
5) 만기 및 조기상환 일정표 
 
※ 최초 기초자산 가격 결정일, 자동 조기상환 및 만기상환 평가일에 해당 기초자산 거래소 중 한 곳이라도 개장일이 아닐 경우, 
기초자산의 가격 결정일 및 평가일은 모든 기초자산의 거래소가 개장하는 날까지 순연됩니다. 이 경우 평가일이 순연됨에 따라 파
생결합증권 대금 지급일과 펀드 상환금 지급일도 순연되며, 최초 기초자산 가격 결정일의 순연기간이 길어질 경우에는 자동 조기상
환 및 만기상환 평가일과 펀드 상환금 지급일이 조정될 수도 있습니다. 또한 기초자산 거래소의 휴장 등이 상당기간 길어질 경우 
펀드가 강제 조기청산될 수 있습니다. 상기 외의 상황이 발생한 경우에는 파생결합증권 계약서, 관련 법령 및 합리적인 상관례 등
에 따라 처리 됩니다.  
※ 펀드가 강제 조기청산될 경우 해당 시점에 평가된 기준가격 대비 현저히 낮은 가격으로 강제 조기 청산되어 예상치 못한 투자
원금의 큰 손실이 발생할 수 있습니다. 
※ 최초 기초자산가격의 50%미만(종가기준)으로 하락한 경우에 대한 관찰은 기초자산 중 일부에 대하여만 종가가 결정된 날도 포
함합니다.  
※ 리자드 이벤트 평가기간은 최초 기초자산 가격 결정일부터 조기상환평가일(포함)까지이며, 기초자산 중 일부에 대하여만 종가가 
결정된 날도 포함합니다. 
※ 국내 지수가 아닌 해외 지수의 경우 현지 해당일의 종가기준입니다.  
※ 상기 수익률은 자동조기상환 및 만기수익상환 조건 충족시 기초자산 가격 수준에 따른 예시 수익률이며, 확정된 수익률은 아닙
니다. 
 
6) 파생결합증권의 권리조정 등: 기초자산 지수(또는 주가, 가격)의 확정이 필요한 날[최초기준지수 결정일, 중
간(최종)기준지수 평가일 등]에 기초자산의 일부 또는 전부, 기초자산의 발행자 또는 기초자산이 거래되는 시장과 
관련하여 다음 각 호의 사유가 발생한 경우, 파생결합증권의 발행회사는 합리적인 상관례를 참조하여 집합투자업
자 및 신탁업자와의 합의를 통해 각 기초자산에 대한 최초기준지수 결정일, 중간(최종)기준지수 결정일 또는 기타 
지급일 및 관련법령이나 규정 등에서 제시하는 바를 최대한 반영하지만 이에 우선합니다. 아울러 이러한 조건의 
변경은 원금에 현저히 미달되는 금액으로 강제 조기 청산될 수 있는 경우를 포함합니다. 
① 기초자산에 대한 주식배당, 액면분할, 액면병합, 기초자산 발행자의 증자, 감자, 합병, 분할, 분할합병, 주식교
환(이전) 등으로 인하여 기초자산의 가치변동이 있는 경우 
② 파생결합증권의 최초기준지수 결정일, 중간(최종)기준지수 결정일에 가격 제공자(거래소 등)가 당해 기초자
산에 대하여 종가를 공표하지 않거나 기초자산의 매매에 심각한 장애가 발생한 것(거래정지, 기세상한가 및 
기세하한가 등)으로 파생결합증권의 발행회사가 판단하는 경우 
③ 거래소의 기초자산 가격의 발표 또는 통신 상의 오류로 인하여 파생결합증권의 상환 금액이 잘못 산정 지급

- 19 - 
된 경우 
④ 파생결합증권의 발행일로부터 만기상환일 이전까지의 기간 중에 외환시장을 포함한 금융시장의 거래 중지사
태가 발생하여 발행회사가 본 증권과 관련한 위험회피거래(비거주자와의 모든 거래를 포함)를 수행함에 있어 
제한이 따르는 경우 
⑤ 파생결합증권 인수계약서에서 정하지 않은 사항으로 인해 본 파생결합증권의 권리 내용 변경이 불가피한 경우 
⑥ 관련 법령의 변경, 천재지변, 전시, 사변, 발행회사의 휴/폐업 등 기타 불가피한 사유 등이 발생한 경우 
※ 파생결합증권의 권리내용 조정사유 및 조정방법 등은 각 파생결합증권 발행회사와의 계약내용에 따라 다소 차이가 있을 수 있습
니다.  
 
※ 파생결합증권에 투자하는 투자신탁에 관한 유의사항 
▪ 제시된 수익률은 투자대상 파생결합증권으로부터 발생하는 손익을 기재한 세전 수익률이므로, 과세율과 투자신탁이 
파생결합증권에 투자하는 비율 및 이 투자신탁의 수익증권 환매규모 및 기타사정(기초자산 가격의 급격한 변동 등으
로 파생결합증권의 합리적인 가격평가가 불가능한 경우 파생결합증권 발행자의 지급능력 저하 또는 상실, 기초자산 
기업의 증자∙감자∙합병∙분할 등)에 따라 실제로 지급되는 금액이 상기 제시수익률과 달라질 수 있습니다. ( 이 경우 집
합투자업자는 최초기준지수, 중도/만기상환이 가능한 기초자산 가격수준 등을 사전에 정해진 파생결합증권 발행조건
에 따라 조정하거나 집합투자업자와 발행자가 합의하는 바에 따라 조정할 수 있습니다) 
▪ 이 투자신탁은 환매가 가능한 개방형 투자신탁입니다. 그러나 투자신탁 계약기간의 종료일 이전에 수익자가 환매
를 신청하는 경우 투자대상 파생결합증권의 평가가격과 파생결합증권의 환매가격 괴리로 인하여 이 투자신탁의 제시
수익률 및 수익구조와 환매 시 손익이 달라질 수 있으며, 환매금액에 대한 고율의 환매수수료 부과로 불이익이 발생
할 수 있습니다. 
▪ 이 투자신탁은 대부분의 투자신탁재산을 소수 발행자가 발행한 파생결합증권에 투자하므로 파생결합증권 발행자의 
상환금 지급 이연∙불이행과 같은 리스크가 분산되지 않으며, 발행자의 상환금 지급 이연∙불이행으로 인한 투자신탁 
원금 일부 또는 전부의 손실 위험이 있습니다. (원금보존추구형 투자신탁도 같은 위험에 노출됩니다.) 
▪ 파생결합증권의 매매는 집합투자업자와 파생결합증권 발행자의 파생결합증권 인수계약 체결에 따라 효력이 발생되
며, 이 투자신탁의 중대한 영향을 미치는 인수계약의 내용은 이 증권신고서(또는 투자설명서)에 상당부분 기재되어 
있습니다. 그러나 이 증권신고서(또는 투자설명서)에 인수계약에 관한 모든 내용이 기재되어 있는 것은 아님을 참고
하여 주시기 바랍니다. 
▪ 용어 설명 
용    어 내     용 
계산기관 
파생결합증권의 중도 및 만기평가액 계산, 기준주가, 중도상환일주가 및 만기주가 조정 사유 발
생시 조정가격 계산 및 기타 계약서 상에 명시된 업무 등(시장교란사유 포함)을 수행하는 주체를 
말합니다. 이 경우 파생결합증권을 발행한 발행회사 또는 동 계산대리인의 지위를 승계한 회사를 
의미합니다. 
시장교란사유 
기초자산의 종가가 파생결합증권의 투자기간 중 확정되지 못하는 사건을 말합니다. 이는 증권시
장이 예상치 않게 예정 거래 시간 이전에 조기 폐장되는 경우, 해당 거래소의 거래 중단 또는 기
타 다른 사유 등을 포함합니다. 해당 종목의 조정을 수반하는 시장 교란 사유들은 파생결합증권 
계약서에 서술되어 있습니다. 
최초기준지수 중도상환 또는 만기상환 시의 손익의 기준이 되는 기준일의 기초자산의 종가를 말합니다. 
중간기준지수 각 회차별 평가일의 각 기초자산의 종가를 말합니다. 
최종기준지수 만기지수결정일의 각 기초자산의 종가를 말합니다. 
상환금지급일 파생결합증권에 투자한 자금이 투자신탁으로 회수된 날의 익영업일을 말합니다 
- 20 - 
종가 거래소 영업일의 정규매매 마감시간에 거래소가 발표하는 기초자산의 최종 매매가격을 말합니다 
 
※ 비교지수: 해당사항 없음 
▪ 이 투자신탁은 기초자산의 가격변동과 연계하여 여러가지 조건에 따라 성과가 변동되는 파생결합증권에 투자하므
로 별도의 비교지수를 사용하지 않습니다. 
 
(2) 파생결합증권 거래상대방의 신용위험 관리: 파생결합증권의 발행사(거래상대방)를 메리츠증권, 신영증권, 
한화투자증권, 유안타증권 4곳으로 나누어 투자하여 거래상대방 위험을 분산시키고자 합니다. 또한 각 
거래상대방 별 거래금액은 투자신탁 자산총액의 30%이하로 투자할 예정입니다. 
 
※ 이 투자신탁의 투자전략 및 위험관리는 작성 시점 현재의 시장상황을 감안하여 작성된 것으로 시장상황의 변동이나 당사 내부기준
의 변경 또는 기타 사정에 의하여 예고 없이 변경될 수 있습니다. 이러한 경우 변경된 투자전략 및 위험관리 내용은 변경 등록(또는 
정정 신고)하여 수시공시 절차에 따라 공시될 예정입니다. 
 
10. 집합투자기구의 투자위험 
이 투자신탁은 실적배당상품으로 투자 원금 전액이 보장 또는 보호되지 않습니다. 따라서 투자원본의 전부 또는 일부에 
대한 손실의 위험이 존재하며 투자금액의 손실 내지 감소의 위험은 전적으로 투자자가 부담하며, 집합투자업자나 판매
회사 등 어떤 당사자도 투자손실에 대하여 책임을 지지 아니합니다. 또한, 이 투자신탁은 예금자보호법의 적용을 받는 
은행의 예금과 달리 실적에 따른 수익을 취득하므로 은행 등에서 판매하는 경우에도 예금보험공사 등의 보호를 받지 못
합니다. 
 
가. 일반위험 
구    분 투 자 위 험 의    주 요 내 용 
시장위험 
이 투자신탁은 투자신탁재산을 파생결합증권에 투자합니다. 따라서 국내외 금융시장의 
주가, 이자율 및 기타 거시경제지표, 정치·경제 상황, 정부의 정책변화, 세제의 변경 등
이 운용에 영향을 미칠 수 있으며, 이로 인해 투자원금 손실이 발생할 수 있습니다. 또
한 투자대상종목 발행회사의 영업환경, 재무상황 및 신용상태의 악화 등도 운용에 영향
을 미칠 수 있으며, 이로 인해 투자원금 손실이 발생할 수 있습니다. 특히 이 투자신탁
은 파생결합증권을 편입하며, 해당 파생결합증권의 기초자산 변동에 의해 투자수익 및 
투자원금 손실이 발생할 수 있습니다. 
거래상대방 위험 
보유하고 있는 증권 및 단기금융상품을 발행한 회사 또는 계약상대방이 신용등급 하락 
또는 부도 등과 같은 신용사건에 노출되는 경우 그 증권 및 단기금융상품, 당해 계약 
등의 가치가 하락할 수 있습니다. 또한, 법률에 따라 채무 등이 지급유예, 채무증권 등
이 주식과 같은 지분증권 또는 다른 종류의 새로운 채무증권(계약) 등으로의 전환, 변제
기간이 장기간 유예되는 등의 방식으로 당초의 권리가 변경되어 투자원금 손실이 발생
할 수 있습니다. 
 
나. 특수위험  
구    분 투 자 위 험 의    주 요 내 용 
- 21 - 
파생결합증권 
투자위험 
이 투자신탁이 주로 투자하는 파생결합증권은 기초자산의 가격변동에 따라 투자원금
의 전부 또는 상당부분에 손실이 발생할 수 있습니다. 파생결합증권의 조건은 기초자
산의 전부 또는 일부에 대하여 기초자산의 본질가치의 변경을 초래하는 사유가 발생
하는 경우 기타 국내외 금융시장의 관행에 따라 본 증권의 권리내용 조정이 필요하다
고 인정되는 경우에는 금융시장의 관행에 따라 발행자와 당사의 합의를 통해 일부 조
정 될 수 있습니다. ※ 파생결합증권의 권리내용 조정 사유 및 조정 방법 등은 각 파
생결합증권 발행회사와의 계약 내용에 따라 다소 차이가 있을 수 있습니다. 
파생결합증권 
신용위험 
파생결합증권의 거래는 파생결합증권을 발행한 회사와의 직접적인 거래로 발행회사의 
부도, 파산 등의 사유로 투자계약조건을 이행하지 못하는 경우에는 이 투자신탁이 추
구하는 투자전략이 실현될 수 없으며, 원금의 일부 또는 전액 손실이 발생할 수 있습
니다. 이 투자신탁은 파생결합증권 발행회사와 직접거래를 통해 파생결합증권을 투자
하기 때문에 이 투자신탁은 파생결합증권 발행회사의 영업, 재무상태 및 신용상태 등
의 리스크로 인해 투자 원본 및 수익을 분배하지 못할 수도 있습니다. 자세한 사항은 
각 발행사 홈페이지 또는 금융감독원 전자공시 시스템(http://dart.fss.or.kr)에서 확
인할 수 있습니다 
거래상대방 
집중위험 
이 투자신탁은 투자신탁재산의 대부분을 소수 발행자가 발행한 파생결합증권에 투자
합니다. 따라서, 이 투자신탁은 거래상대방 집중위험에 노출됩니다. 
권리내용 
변경위험 
이 투자신탁의 주된 투자대상인 파생결합증권의 조건은 기초자산의 전부 또는 일부에 
대하여 합병, 증자, 감자, 주식소각 등 기초자산 본질 가치의 변경을 초래하는 사유가 
발생하는 경우, 거래소에서 기초자산 또는 기초자산을 구성하는 종목 중 전부 또는 일
부의 거래가 중단 또는 정지되는 경우, 외환시장을 포함한 금융시장의 거래중지 사태 
등이 발생하여 위험회피거래를 수행함에 있어 제한이 따르는 경우, 기타 국내외 금융
시장의 관행에 따라 본 증권이 권리내용이 조정이 필요하다고 인정되는 경우에는 금
융시장의 관행에 따라 발행자와 집합투자업자의 합의를 통해 일부 조정될 수 있습니
다. 파생결합증권의 권리내용 조정사유 및 조정방법 등은 각 파생결합증권 발행회사와
의 계약내용에 다라 다소 차이가 있을 수 있습니다. 
파생결합증권 
유동성위험과 
높은 환매수수료 
신탁재산으로 편입된 파생결합증권은 발행회사와 직접거래하기 때문에 유동성이 적으
며, 중도 환매 요청 시 편입된 파생결합증권의 실제 중도 매각금액과 이론가격인 펀드 
기준가격으로 계산한 금액 간에 차이가 발생할 수 있기 때문에 잔여 수익자 보호를 
위하여 펀드의 환매수수료는 다른 일반 펀드보다 높게 책정됩니다. ( 환매수수료는 전
액 펀드로 귀속됩니다). 따라서 만기 이전에 중도 환매하고자 하는 경우 중도 매각이 
원활하지 못할 수 있으며, 중도 매각에 따른 가격 손실 및 높은 환매수수료로 인하여 
원금손실이 발생할 수 있으며, 이 경우 구조상 설계되어 있는 최대 손실률을 초과하는 
손실이 발생 할 수 있습니다. 
중도환매시 
저평가위험 
펀드의 안정적인 수익구조와 잔존수익자의 보호를 위하여 중도환매수수료를 부과하며, 
이에 따라 중도환매 시 원금손실이 발생할 수 있습니다. 이 투자 신탁에서 투자하는 
파생결합증권의 만기일 전에 평가되는 금액은 내재변동성, 기초자산의 가격, 금리 등 
몇 가지 변수로 평가된 가격입니다. 따라서 투자 신탁 만기일 이전에 중도환매를 요청
하는 투자자의 경우 파생결합증권 발행사가 적용하는 조기상환금액은 투자신탁에서의 
평가가격보다 낮을 수 있고, 잔존고객의 경우 환매에 따라 발행사의 가격과 평가가격
의 차이에 따라 만기시(상환시) 수익구조가 달라질 수 있습니다. 
- 22 - 
계약조건 
변경위험과 
강제조기청산위험 
거래소의 장기휴장 등에 따른 기초자산의 거래중지, 가격산출 중단 또는 상장폐지, 관
련법규의 변경, 천재지변, 전시, 사변, 금융·외환시장의 중대한 교란, 발행회사의 휴·
폐업 등 기타 불가피한 예상치 못한 사건이 발생하는 경우에는 계약조건(기준일, 행사
가격, 지급일, 상환조건 및 상환금액)등이 변경될 수 있으며, 경우에 따라서 강제 조기 
청산될 수도 있습니다. 이 경우 해당 시점에 평가된 기준가격 대비 현저히 낮은 가격
으로 강제 조기 청산되어 예상치 못한 원금의 큰 손실이 발생할 수 있습니다. 
 
다. 기타 투자위험 
구    분 투 자 위 험 의    주 요 내 용 
유동성 위험 
일반적으로 파생결합증권은 다른 증권과 달리 파생결합증권을 발행한 회사와 직접 거래
를 하여야 하므로 유동성이 적습니다. 따라서 파생결합증권을 만기 이전에 중도 매각하
고자 하는 경우 중도 매각이 원활하지 못할 수 있습니다. 또한 중도 환매하는 경우에는 
최초 설정일로부터 계약기간 종료일까지의 기간에 대해 기초자산가격이 연동한 수익을 
제공하는 것을 목표로 예상한 수익구조와는 다를 수 있으며, 환매수수료 징구 등으로 
투자원금손실이 발생할 수 있습니다.  
환매에 따른 위험 
환매청구일과 환매대금결정일이 다르기 때문에 환매청구일로부터 환매대금결정일까지의 
집합투자재산의 가치변동에 따른 위험에 노출됩니다.  
환매연기 위험 
다음과 같은 경우에는 투자신탁의 환매가 연기될 수 있습니다. 
- 뚜렷한 거래부진, 부도발생 등의 사유로 집합투자재산을 처분할 수 없는 경우, 집합투
자재산의 공정한 평가가 곤란하여 환매에 응하는 경우 및 다른 투자자의 이익을 해할 우
려가 있는 경우, 대량의 환매청구에 응하는 것이 투자자간의 형평성을 해칠 염려가 있는 
경우, 기타 이에 준하는 경우로서 금융위원회가 환매연기가 필요하다고 인정하는 경우 
투자신탁 소규모의 
위험 
투자신탁의 설정금액이 소액이거나, 환매 등에 의해 투자신탁의 규모가 일정 규모 이하
로 축소되는 경우 분산투자 등 투자목적 달성을 위한 원활한 펀드 운용에 장애가 발생할 
수 있습니다. 이러한 경우 투자신탁의 투자목적을 달성하지 못하거나, 심지어 손실이 발
생할 수도 있습니다. 
투자신탁 의무해지의 
위험 
투자자 총수가 1인이 되는 경우 해당 투자신탁을 해지하여야 합니다. 다만, 건전한 거래
질서를 해할 우려가 없는 경우로서 기금 등 대통령령으로 정하는 경우는 제외합니다. 
과세 위험 
과세당국에서 인식하는 투자에 따른 손익은 세금을 내야 하는 과세대상자산에서 발생한 
손익과 세금을 내지 않아도 되는 비과세대상자산에서 발생한 손익으로 구분할 수 있습니
다. 여기서 비과세손익은 수익이 있더라도 세금이 부과되지 않는다는 의미이기도 하지만 
손해를 보더라도 이를 손실로 인정하지 않는다는 의미이기도 합니다. 이에 따라 비과세
대상자산에서 손실을 본 경우라도 과세대상자산에서는 발생한 수익이 있다면 결과적으로 
전체 투자결과가 손실이 발생한 경우라도 세금을 내야 하는 상황이 발생할 수 있습니다. 
* 과세대상자산의 예: 해외투자시 이익 및 환차손익, 채권투자 시 이자 수익, 주식 배당
수익 등 
* 비과세대상자산의 예: 국내 상장주식 매매차익 등 
※ 위 내용은 작성 시점 현재의 시장 상황을 감안하여 파악된 이 투자신탁의 주요 투자위험을 명시한 것으로 이 투자신탁에서 발생할 
수 있는 모든 위험을 포함하는 것은 아닙니다. 
 
라. 이 집합투자기구에 적합한 투자자 유형 
- 23 - 
(1) 이 투자신탁은 1등급에 해당되는 매우 높은 위험의 투자위험을 지니고 있습니다. 이 투자신탁은 투자신탁
재산을 주로 파생결합증권에 투자하므로 투자대상 자산의 가치 변동에 따른 원본손실위험을 감내할 만한 위
험선호도를 가지고 있으며, 상기 위험수준을 이해하면서 본인의 투자목적에 부합하다고 판단하시는 투자자에
게 적합합니다. 이 기준에는 신용위험 및 운용위험은 반영되지 않았습니다. 
 
(2) 이 투자신탁은 설정 후 3년이 경과되지 않아 투자대상 자산의 종류 및 위험도 등을 감안하여 투자위험 
등급을 산정하였습니다. 설정 후 3년이 경과시 실제 수익률 변동성으로 등급분류 기준이 변경되면서 위험등
급이 변동 될 수 있습니다. 
 
※ KB자산운용㈜는 설정 후 3년이 경과되지 않은 집합투자기구에 대해서 투자대상 자산의 종류 및 위험도를 기준으
로 투자위험 등급을 6개의 등급으로 나눕니다. 
위험등급 국내투자 신규펀드 등급 분류기준 
1등급 
(매우 높은 위험) 
▪ 레버리지 등 수익구조가 특수하여 투자시 주의가 필요한 집합투자기구 
▪ 최대손실률이 20%를 초과하는 파생결합증권에 주로 투자하는 집합투자기구 
▪ 기타 이와 유사한 위험수준을 갖는 집합투자기구 
2등급 
(높은 위험) 
▪ 고위험자산에 80% 이상 투자하는 집합투자기구 
▪ 기타 이와 유사한 위험수준을 갖는 집합투자기구 
3등급 
(다소 높은 위험) 
▪ 고위험자산에 80% 미만으로 투자하는 집합투자기구 
▪ 최대손실률이 20% 이하인 파생결합증권에 주로 투자하는 집합투자기구 
▪ 기타 이와 유사한 위험수준을 갖는 집합투자기구 
4등급 
(보통 위험) 
▪ 고위험자산에 50% 미만으로 투자하는 집합투자기구 
▪ 중위험자산에 최소 60% 이상 투자하는 집합투자기구 
▪ 기타 이와 유사한 위험수준을 갖는 집합투자기구 
5등급 
(낮은 위험) 
▪ 저위험자산에 최소 60% 이상 투자하는 집합투자기구 
▪ 수익구조상 원금보존추구형 파생결합증권에 주로 투자하는 집합투자기구 
▪ 기타 이와 유사한 위험수준을 갖는 집합투자기구 
6등급 
(매우 낮은 위험) 
▪ 단기금융집합투자기구(MMF) 
▪ 단기 국공채 등에 주로 투자하는 집합투자기구 
▪ 기타 이와 유사한 위험수준을 갖는 집합투자기구 
 
1. “고위험자산”은 주식, 상품, REITs, 투기등급채권(BB+등급 이하), 고위험 파생상품 및 이와 유사한 수준의 위험을 갖는 자산 
2. “중위험자산”은 채권(BBB-등급 이상), CP(A3등급 이상), 담보부 대출, 대출채권 및 이와 유사한 수준의 위험을 갖는 자산 
3. “저위험자산”은 국공채, 지방채, 회사채(A-등급 이상), CP(A2-등급 이상), 현금성 자산 및 이와 유사한 수준의 위험을 갖는 자
산 
4. 해외투자펀드는 국내펀드 분류기준을 준용하되 환헤지여부·투자국가 등을 고려하여 필요시 위험등급을 조정함 
5. 위에 명시되지 않은 펀드의 위험등급은 투자대상·손실가능성 등을 고려하여 내부 심의위원회에서 정하며, 개별펀드의 위험자
산 투자비율은 운용전략·벤치마크(BM) 등을 고려하여 결정함 
주) 이 기준은 KB자산운용㈜ 내부기준으로 주로 시장리스크 및 신용리스크를 가장 큰 리스크요인 사항으로 고려하여 평가하였으며, 
투자자 본인이 판단하는 기준과 일치하지 않을 수 있습니다. 상기 투자위험 분류 기준표는 변경될 수 있습니다. 
- 24 - 
 
11. 매입, 환매, 전환절차 및 기준가격 적용기준 
가. 매입 
(1) 집합투자증권의 매입방법: 이 투자신탁의 집합투자증권을 취득하시려면 판매회사의 영업점에서 영업시간 중
에 매입을 하셔야 합니다. 다만, 판매회사에서 인터넷 홈페이지를 통한 판매를 개시하는 경우, 인터넷 홈페이
지를 통한 매입도 가능합니다. 
(2) 이 투자신탁을 최초로 설정하는 때에는 투자신탁 최초설정일의 기준가격은 1,000좌당 1,000원으로 합니다.  
(3) 선취판매수수료 
1) A 클래스 집합투자증권: 납입금액의 0.8% 이내 
2) A-E 클래스 집합투자증권: 납입금액의 0.5% 이내 
※ 투자자가 부담하는 선취수수료 등을 감안하면 투자자의 입금금액 중 실제 집합투자증권을 매입하는 금액은 작아질 수 있습니다. 
(4) 종류별 가입 요건  
종류(클래스) 가입자격 
A 수수료선취-오프라인 가입제한 없음 
A-E 수수료선취-온라인 인터넷 등 전자금융거래의 방법으로 가입하는 투자자 
 
나. 환매 
(1) 집합투자증권의 환매방법: 이 투자신탁의 집합투자증권을 환매하시려면 판매회사의 영업점에서 환매청구를 
하셔야 합니다. 다만, 판매회사의 인터넷 홈페이지를 통해 가입한 경우나 인터넷 뱅킹을 이용하고 있는 경우 
인터넷 홈페이지를 통한 환매도 가능합니다. 
(2) 집합투자증권의 환매 청구시 적용되는 기준가격 
1) 17시 이전에 환매를 청구한 경우: 환매를 청구한 날(T)로부터 제4영업일(T+3)의 기준가격을 적용하여 환
매청구일로부터 제5영업일(T+4)에 환매금액 지급 
2) 17시 경과 후에 환매를 청구한 경우: 환매를 청구한 날(T)로부터 제5영업일(T+4)의 기준가격을 적용하여 
환매청구일로부터 제6영업일(T+5)에 환매금액 지급 
 제1영업일(T) 제4영업일(T+3) 제5영업일(T+4) 제6영업일(T+5) 
17시 
 이전 환매시 환매청구일 기준가격 적용일 환매대금 지급일  
17시 
 경과 후 환매시 환매청구일  기준가격 적용일 환매대금 지급일 
※ 기준시점은 판매회사의 전산시스템에 의하여 거래전표에 표시된 시간으로 구분 처리합니다. 

- 25 - 
※ 환매청구의 취소 및 정정은 환매청구일 당일 17시(오후 5시) 이전까지만 가능합니다. 다만, 17 시(오후 5시) 경과 후 환매청구를 
한 경우에는 당일 중 판매회사의 영업가능 시간까지만 환매청구의 취소 및 정정이 가능합니다. 
(3) 환매수수료 
1) 최초설정 이후 6개월 이내 환매 시: 환매금액의 7% 
2) 6개월 이후부터 파생결합증권 상환 이전 환매 시: 환매금액의 5% 
(4) 집합투자증권의 일부환매: 투자자는 보유한 수익권 좌수 중 일부에 대하여 환매를 청구할 수 있습니다. 투자
자가 집합투자증권의 일부에 대한 환매를 청구한 경우 판매회사는 그 집합투자증권을 환매하고, 잔여좌수에 
대하여는 새로운 집합투자증권을 교부합니다. 
(5) 집합투자증권의 환매제한: 집합투자업자는 다음과 같은 경우에는 환매청구에 응하지 아니할 수 있습니다. 
1) 투자자 또는 질권자로서 권리를 행사할 자를 정하기 위하여 일정한 날을 정하여 수익자명부에 기재된 투
자자 또는 질권자를 그 권리를 행사할 투자자 또는 질권자로 보도록 한 경우로서 이 일정한 날의 제3영
업일 전일(17시 경과 후에 환매청구를 한 경우 제4영업일 전일)과 그 권리를 행사할 날까지의 사이에 
환매청구를 한 경우 
2) 법령 또는 법령에 의한 명령에 의하여 환매가 제한되는 경우 
(6) 집합투자증권의 환매연기: 법령과 신탁계약서에서 정한 사유로 인하여 환매일에 환매금액을 지급할 수 없게 
된 경우 집합투자업자는 집합투자증권의 환매를 연기할 수 있습니다. 환매가 연기된 경우 집합투자업자는 지
체없이 환매연기 사유 및 투자자총회 개최 등 향후 처리계획을 투자자 및 판매회사에게 통지하여야 합니다. 
※ 환매연기사유 
▪ 집합투자재산의 매각이 불가능하여 사실상 환매에 응할 수 없는 경우 
▪ 투자자의 이익 또는 투자자 간의 형평성을 해할 우려가 있는 경우 
▪ 상기 사유에 준하는 사유로서 금융위원회가 환매연기가 필요하다고 인정한 경우 
※ 환매연기기간 중에는 이 투자신탁 집합투자증권의 발행 및 판매를 할 수 없습니다. 
(7) 집합투자증권의 부분환매: 집합투자업자는 집합투자재산의 일부가 환매연기사유에 해당하는 경우 그 일부에 
대하여는 환매를 연기하고 나머지에 대하여는 투자자가 보유하고 있는 집합투자증권의 지분에 따라 환매에 
응할 수 있습니다. 또한, 환매연기사유에 해당하거나 투자자총회(환매연기총회)에서 부분환매를 결의하는 경
우 환매연기자산에 해당하지 아니하는 자산에 대하여는 투자자가 보유하는 집합투자증권의 지분에 따라 환
매에 응할 수 있습니다. 
 
다. 전환: 해당사항 없음 
 
12. 기준가격 산정기준 및 집합투자재산의 평가 
가. 기준가격의 산정 및 공시 
구   분 내   용 
기준가격 산정방법 
기준가격[당해 종류 집합투자증권의 기준가격]은 공고·게시일 전날의 대차대조표
상에 계상된 투자신탁[당해 종류 집합투자증권의 상당액] 자산총액에서 부채총액
을 차감한 금액(이하 ""순자산총액""이라 한다)을 그 공고·게시일 전날의 집합투자증
권[당해 종류 집합투자증권] 총좌수로 나누어 산정하며, 1,000 좌 단위로 원미만 
셋째자리에서 4사5입하여 원미만 둘째자리까지 계산합니다. 
클래스간 기준가격이 상이한 이유 클래스간 판매회사보수의 차이로 인하여 클래스간 기준가격이 상이할 수 있습니다. 
기준가격 산정주기 기준가격은 매일 산정합니다. 다만, 투자자가 없는 종류 집합투자증권의 기준가격
은 산정하지 않습니다. 
기준가격 공시시기 산정된 기준가격을 매일 공고·게시합니다. 다만, 투자자가 없는 종류 집합투자증권
의 기준가격은 공고·게시하지 않습니다. 
- 26 - 
기준가격 공시방법 및 장소 
판매회사: 영업점 및 인터넷 홈페이지 
집합투자업자: 인터넷 홈페이지(www.kbam.co.kr) 
한국금융투자협회: 인터넷 홈페이지(www.kofia.or.kr) 
※ 공휴일, 국경일 등은 기준가격이 공시되지 않으며, 해외의 자산에 투자하는 투자신탁의 경우 기준가격이 산정·공시되지 않는 날
에도 해외시장의 거래로 인한 자산의 가격변동으로 인하여 집합투자재산 가치가 변동될 수 있습니다. 
 
 
 
 
 
 
 
 
 
나. 집합투자재산의 평가방법 
집합투자업자는 집합투자재산을 시가에 따라 평가하는 것을 원칙으로 합니다. 다만, 평가일 현재 신뢰할 만한 시가가 없
는 경우에는 집합투자재산에 속한 자산의 종류별로 관련 법령 등에서 정한 사항과 충실의무, 평가의 일관성 유지 등을 
준수하여 집합투자재산평가위원회가 평가한 가격으로 평가할 수 있습니다. 
대상자산 평가방법 
파생결합증권 
채권평가회사가 제공하는 가격과 당해 파생결합증권 발행사 또는 계산대리인이 제시하는 
가격에 기초하여 집합투자재산평가위원회가 결정한 가격 
※ KB자산운용은 집합투자재산의 평가와 관련하여 위험관리책임자, 운용담당임원, 집합투자재산의 평가담당임원 및 준법감시인 등
으로 구성된 평가위원회를 두며, 해당 평가위원회는 신뢰할 만한 시가가 없는 자산의 공정가액 산정, 부도채권 등 부실화된 자산의 
분류 및 평가, 집합투자재산에 속한 자산의 종류별 평가기준 등에 관한 사항을 심의·의결합니다.  
 
13. 보수 및 수수료에 관한 사항 
이 투자신탁은 운용 및 판매 등의 대가로 보수 및 수수료를 지급하게 되며, 가입자격에 따라 아래와 같이 보수 및 수
수료 등의 차이가 있습니다. 집합투자증권의 판매회사는 투자자가 부담하는 판매보수 및 수수료에 관하여 투자자에게 
지속적으로 제공하는 용역의 대가에 관한 내용이 기재된 자료를 해당 투자자에게 교부하고 설명하여야 합니다. 따라서, 
투자자께서는 동 내용을 참고하시어 판매회사로부터 충분한 상담을 받으시길 권합니다. 
 
가. 투자자에게 직접 부과되는 수수료  
종류(클래스) 
수수료율 
선취판매수수료 후취판매수수료 환매수수료 전환수수료 
A 수수료선취-오프라인 납입금액의 0.8% 이내 - 
1) 최초설정 이후 6개월 이
내 환매 시: 환매금액의 7% 
2) 6개월 이후부터 파생결합
증권 상환 이전 환매 시: 환
매금액의 5% 
- 
A-E 수수료선취-온라인 납입금액의 0.5% 이내 - - 
부과기준 매입시 환매시 환매시 전환시 
※ 선취판매수수료율은 상기 범위 내에서 판매회사 별로 차등 적용할 수 있습니다. 차등적용의 내용은 금융투자협회, 판매회사 및 집
합투자업자의 홈페이지를 통해서 확인할 수 있습니다. 
 

- 27 - 
 
나. 집합투자기구에 부과되는 보수 및 비용 
<최초설정일로부터 6개월까지> 
구분 
지급비율(연간, %) 
집합투자 
업자보수 
판매회사  
보수 
신탁업자 
보수 
일반사무  
관리회사 
보수 
투자신탁 
총 보수 
기타 
비용 
총 보수 
∙비용 
동종유형 
총 보수 
A 0.220 0.000 0.020 0.015 0.255 - 0.255 0.860 
A-E 0.220 0.000 0.020 0.015 0.255 - 0.255 0.710 
지급 
시기 
최초설정일로부터 매 3개월 후급 
사유  
발생시 
- - 
 
 
<6개월 경과 후> 
구분 
지급비율(연간, %) 
집합투자 
업자보수 
판매회사  
보수 
신탁업자 
보수 
일반사무  
관리회사 
보수 
투자신탁 
총 보수 
기타 
비용 
총 보수 
∙비용 
동종유형 
총 보수 
A 0.001 0.000 0.001 0.001 0.003 - 0.003 0.860 
A-E 0.001 0.000 0.001 0.001 0.003 - 0.003 0.710 
지급 
시기 
최초설정일로부터 매 3개월 후급 
사유  
발생시 
- - 
※ 기타비용은 증권의 예탁 및 결제비용 등 이 투자신탁에서 경상적, 반복적으로 지출되는 비용 (증권거래비용 및 금융비용 제외)등
에 해당하는 것으로 회계기간이 경과한 경우에는 직전 회계연도의 기타비용 비율을 추정치로 사용하며, 회계기간이 경과하지 아
니한 경우에는 작성일까지의 기타비용 비율을 연환산하여 추정치로 사용하므로 실제 비용은 이와 상이할 수 있습니다. 
※ 총 보수·비용은 이 투자신탁에서 지출되는 보수와 기타비용 총액을 순자산 연평잔액으로 나누어 산출합니다.  
※ 동종유형 총 보수는 한국금융투자협회에서 공시하는 동종유형 집합투자기구 전체의 평균 총 보수·비용을 의미합니다. 
 
< 1,000만원을 투자할 경우 투자자가 부담하게 되는 수수료 및 보수·비용의 투자기간별 예시(누적) > 
(단위: 천원) 
종류(클래스) 
판매수수료 및 보수∙비용 
1년 2년 3년 5년 10년 
A   수수료선취-오프라인 93 93 94 - - 
A-E 수수료선취-온라인 63 63 64 - - 
※ 위 예시내용은 투자자가 1,000만원을 투자했을 경우 직·간접적으로 부담할 것으로 예상되는 선취판매수수료 또는 보수·비용을 
누계액으로 산출한 것입니다. 이익금은 모두 재투자하며, 투자수익율은 5%로 가정하였고, 수수료율 및 총 보수·비용비율은 일정
하다고 가정하였습니다. 그러나, 실제 투자자가 부담하게 되는 보수 및 비용은 기타비용의 변동, 보수의 인상 또는 인하 등에 따
라 달라질 수 있습니다. 
 
14. 이익 배분 및 과세에 관한 사항 
가. 이익 배분 
- 28 - 
(1) 집합투자업자는 이 투자신탁재산의 운용에 따라 발생한 이익금을 투자신탁회계기간 종료일 익영업일에 판매
회사를 경유하여 수익자에게 새로이 발행되는 집합투자증권으로 분배합니다. 다만, 다음 각 호의 어느 하나
에 해당하는 이익금은 해당 이익금의 범위 내에서 분배를 유보하며, 법 제242조에 따른 이익금이 0보다 적
은 경우에도 분배를 유보합니다. 
1. 법 제238조에 따라 평가한 집합투자재산의 평가이익 
2. 법 제240조 제1항의 회계처리기준에 따른 매매이익 
 
 
 
 
 
 
 
(2) 투자자는 투자자와 판매회사간 별도의 약정이 없는 한 (1)의 규정에 의한 이익분배금에서 세액을 공제한 금
액의 범위 내에서 분배금 지급일의 기준가격으로 당해 집합투자증권을 매수합니다. 
(3) 신탁계약기간의 종료 또는 투자신탁의 해지에 따라 발생하는 투자신탁 원본의 상환금 및 이익금(이하 “상환
금 등”이라 한다)을 받으실 수 있습니다. 다만, 신탁계약기간 종료일 현재 집합투자재산인 증권의 매각지연 
등의 사유로 인하여 상환금 등의 지급이 곤란한 경우에는 그 사유가 해소된 이후에 지급할 수 있습니다. 
(4) 투자자가 상환금 등의 지급개시일 이후 5년간 이익분배금 또는 상환금 등의 지급을 청구하지 아니한 때에는 
판매회사가 취득할 수 있으며, 판매회사에게 인도된 후에는 판매회사가 투자자에 대하여 그 지급에 대한 책
임을 부담합니다. 
 
나. 과세 
투자소득에 대한 과세는 소득이 발생하는 투자신탁 단계에서의 과세와 투자자에게 이익을 분배하는 단계에서의 
과세로 나누어집니다. 
 
(1) 투자신탁에 대한 과세: 별도의 소득과세 부담이 없는 것이 원칙 
투자신탁 단계에서는 소득에 대해서 별도의 세금 부담을 하지 않는 것을 원칙으로 하고 있습니다. 집합투자
재산에 귀속되는 이자·배당소득은 귀속되는 시점에는 원천징수하지 아니하고 투자신탁으로부터의 이익이 투
자자에게 지급하는 날(특약에 따라 원본에 전입되는 날 및 신탁계약기간 연장하는 날 포함)에 투자신탁으로
부터의 이익으로 원천징수하고 있습니다.  
발생 소득에 대한 세금 외에 투자재산의 매입, 보유, 처분 등에서 발생하는 취득세, 등록세, 증권거래세 및 
기타 세금에 대해서는 투자신탁의 비용으로 처리하고 있습니다.  
 
(2) 투자자에 대한 과세: 원천징수 원칙 
투자자는 투자신탁의 이익을 지급받는 날(특약에 따라 원본에 전입되는 날 및 신탁계약기간 연장되는 날 포
함)에 과세이익에 대한 세금을 원천징수 당하게 되며, 투자신탁의 집합투자증권을 계좌간 이체, 계좌의 명의
변경, 양도의 방법으로 거래하는 경우에도 보유기간 동안 발생한 과세이익에 대한 세금을 원천징수 하고 있습
니다. 다만, 해당 투자신탁으로부터의 과세이익을 계산함에 있어서 투자신탁이 투자하는 증권시장에 상장된 
증권(채권 및 외국집합투자증권 등 제외) 및 이를 대상으로 하는 선물, 벤처기업의 주식 등에서 발생하는 매
매·평가 손익을 분배하는 경우 당해 매매·평가 손익은 과세대상인 배당소득금액에서 제외하고 있습니다. 
이렇듯 과세당국에서 인식하는 투자에 따른 손익은 세금을 내야 하는 과세대상자산에서 발생한 손익과 세금
[집합투자재산의 매매 및 평가이익 유보에 따른 안내 사항] 
최초설정일 이후 매년 결산·분배할 때 투자신탁의 회계기간동안 집합투자재산의 운용에 따라 발생한 이익금 중 
집합투자재산의 매매 및 평가 이익은 분배되지 않고 보유기간 동안의 손익을 합산하여 환매할 때 해당 환매분에 
대하여 과세됩니다(다만, 분배를 유보할 수 없는 이자·배당 소득 등은 매년 결산·분배되어 과세됩니다). 이 경우 
환매연도에 과세된 보유기간 동안의 매매 및 평가 이익을 포함한 연간 금융소득이 금융소득종합과세 기준금액을 
초과할 경우 과세부담이 증가하여 불리하게 작용하는 경우가 발생할 수 있으니 주의하시기 바랍니다. 
- 29 - 
을 내지 않아도 되는 비과세대상자산에서 발생한 손익으로 구분하고 있습니다. 여기서 비과세손익은 수익이 
있더라도 세금이 부과되지 않는다는 의미이기도 하지만 손해를 보더라도 이를 손실로 인정하지 않는다는 의
미이기도 합니다. 이에 따라 비과세대상자산에서 손실을 본 경우라도 과세대상자산에서는 발생한 수익이 있
다면 결과적으로 전체 투자결과가 손실이 발생한 경우라도 세금을 내야 하는 상황이 발생할 수 있습니다. 
 
(3) 투자자에 대한 과세율: 개인 및 일반법인 15.4%(지방소득세 포함) 
거주자 개인이 받는 투자신탁의 과세이익에 대해서는 15.4%(소득세 14%, 지방소득세 1.4%)의 세율로 원
천징수 됩니다. 이러한 소득은 개인의 연간 금융소득(이자, 배당소득)이 금융소득종합과세 기준금액 이하인 
경우에는 분리과세 원천징수로 납세의무 종결되나, 연간 금융소득(이자, 배당소득)이 금융소득종합과세 기준
금액을 초과하는 경우에는 유형별 소득을 합산하여 개인소득세율로 종합과세 됩니다. 
내국법인이 받는 투자신탁의 과세이익은 15.4%(소득세 14%, 지방소득세 1.4%)의 세율로 원천징수(금융기
관 등의 경우에는 제외) 됩니다. 이러한 소득은 법인의 결산 시점에 투자신탁으로부터 받게 되는 수입금액
과 다른 법인 수입금액 전체를 합산한 소득에 대하여 법인세율을 적용하여 과세하며, 이전에 납부한 원천징
수세액은 기납부세액으로 공제 받게 됩니다. 
 
※ 상기 투자소득에 대한 과세내용 및 각 수익자에 대한 과세는 정부 정책, 수익자의 세무상의 지위 등에 따라 달라질 수 있습니다.  
그러므로, 수익자는 투자신탁에 대한 투자로 인한 세금 영향에 대하여 조세전문가와 협의하는 것이 좋습니다. 
  
- 30 - 
 
1. 재무정보 
신규 투자신탁으로 해당사항 없음 
 
2. 연도별 설정 및 환매 현황 
신규 투자신탁으로 해당사항 없음 
 
3. 집합투자기구의 운용실적 
신규 투자신탁으로 해당사항 없음 
  
제3부. 집합투자기구의 재무 및 운용실적 등에 관한 사항 
- 31 - 
 
 
 
1. 집합투자업자에 관한 사항 
가. 회사 개요 
회사명 KB자산운용㈜ 
주소 및 연락처 
서울시 영등포구 국제금융로 10 
☎ 2167-8200 
주요 연혁 
1988.04.28 국민투자자문 설립(모회사 국민투자신탁 지분 100%) 
1992.12.07 대주주 변경(국민투자신탁 → ㈜주택은행) 
1992.12.09 ‘국민투자자문’에서 ‘주은투자자문㈜’로 사명변경 
1997.05.20 납입자본금 300억원으로 증자, 투자일임매매업 인가 취득 
1997.07.29 투자신탁운용업 허가 취득 
1997.08.28 ‘주은투자자문㈜’에서 ‘주은투자신탁운용㈜’로 사명변경 
1997.08.28 투자신탁운용업 개시 
2000.01.11 ING Insurance International B.V. 지분참여(20%) 
2000.06.30 자본금 83억 증자 
2002.06.10 ‘주은투자신탁운용㈜’에서 ‘국민투자신탁운용㈜’로 사명변경 
2004.04.29 ‘국민투자신탁운용㈜’에서 ‘KB자산운용㈜’로 사명변경 
2008.09.29 대주주 변경(㈜국민은행 → ㈜KB금융지주) 
자본금 38,337,750,000원 
주요주주 ㈜KB금융지주 100% 
투자신탁 관련회사 중 
집합투자업자와 이해관계인에 
해당하는 회사 
일반사무관리회사: 국민은행(계열회사) 
 
나. 주요 업무 
(1) 집합투자업자는 다음 각 호의 업무를 영위합니다. 
1) 투자신탁의 설정·해지 
2) 집합투자재산의 운용·운용지시 
< 집합투자기구의 운용구조 >
투자자
신탁업자
(은행·증권 금융)
판매회사
(증권회사·은행 ·보험 등)
집합투자업자
주식, 채권 등
자금
자금
운용지시
투자
수익
수익
수익
설정해지
요 청
* 펀드가입
출 금
* 펀드재산 운용*  펀드재산
보관·관리
*  운용감시
제4부. 집합투자기구 관련회사에 관한 사항 
- 32 - 
(2) 집합투자업자는 다음 각 호와 같은 의무와 책임이 있습니다. 
1) 투자신탁의 집합투자업자는 선량한 관리자의 주의로써 집합투자재산을 관리하여야 하며, 투자자의 이익
을 보호하여야 합니다. 
2) 투자신탁의 집합투자업자는 투자자의 계산으로 행한 법률행위로부터 발생한 제비용 및 보수를 신탁계약
서가 정하는 바에 따라 집합투자재산에서 인출할 수 있습니다.  
3) 투자신탁의 집합투자업자는 자신의 채무를 투자자의 명의로 부담하게 하거나 집합투자재산으로 이를 변
제할 수 없습니다.  
4) 투자신탁의 집합투자업자에 대한 채권은 그 집합투자업자의 당해 집합투자재산에 속하는 채권과 상계할 
수 없습니다.  
5) 집합투자업자 및 신탁업자가 법령, 신탁계약서 또는 투자설명서에 위배되는 행위를 하거나 그 업무를 소
홀히 하여 투자자에게 손해를 발생시킨 때에는 그 손해를 배상할 책임이 있습니다.  
6) 집합투자업자가 손해배상책임을 부담하는 경우 관련되는 이사 또는 감사(감사위원회의 위원을 포함한다)
에게도 귀책사유가 있는 때에는 이들과 연대하여 그 손해를 배상할 책임이 있습니다. 
 
다. 최근 2개 사업연도 요약 재무내용 
(1) 연결재무상태표 
(단위: 천원) 
과    목 제32기 제31기 
기    간 2019.12.31 2018.12.31 
현금 및 예치금 20,349,592 11,432,526 
당기손익-공정가치측정 금융자산 203,431,072 168,183,903 
당기손익인식금융자산 - - 
기타포괄손익-공정가치측정유가증권 31,939,280 32,587,020 
파생상품자산 660,054 137,413 
대출채권 2,586,510 1,811,510 
유형자산 7,818,234 3,632,646 
기타금융자산 33,033,884 24,991,640 
매각예정자산 - - 
이연법인세자산 5,351,750 6,235,504 
기타자산 4,847,384 5,243,851 
자산총계 310,017,760 254,256,013 
당기손익-공정가치측정 금융부채 238,161 0 
예수부채 2,501,752 81,629 
차입부채 - 25,100,000 
파생상품부채 18,372 0 
기타금융부채 82,631,308 57,933,222 
충당부채 624,069 624,069 
순확정급여부채 353,700 212,699 
기타부채 28,408,806 23,551,955 
부채총계 114,776,168 107,503,574 
- 33 - 
지배기업주주지분 195,241,592 146,752,439 
자본금 38,337,750 38,337,750 
자본잉여금 245,566 246,272 
기타포괄손익누계액 -                       261,945 147,313 
이익잉여금 156,920,221 108,021,104 
비지배지분 - - 
자본총계 195,241,592 146,752,439 
부채와 자본총계 310,017,760 254,256,013 
 
(2) 연결포괄손익계산서 
(단위: 천원) 
과    목 제32기 제31기 
기    간 2019.01.01~2019.12.31 2018.01.01~2018.12.31 
영업수익 148,780,133 130,027,070 
영업비용 82,043,034 75,542,471 
영업이익 66,737,099 54,484,599 
영업외수익 199,827 161,240 
영업외비용 687,449 1,674,971 
법인세비용차감전순이익 66,249,477 52,970,868 
법인세비용 17,350,360 13,384,971 
당기순이익 48,899,117 39,585,897 
기타포괄이익 -409,257 567,977 
총포괄이익 48,489,860 40,153,874 
 
라. 운용자산 규모 2021년 01월 18일 
(2021년 01월 18일 현재, 단위: 억좌) 
투자신탁종류 
증권 
부동산 특별자산 혼합자산 MMF 총    계 
주식형 혼합형 채권형 파생상품형 재간접형 
수탁고 61,757 20,511 73,106 24,211 24,904 36,761 110,775 6,945 96,184 455,153 
 
2. 운용관련 업무 수탁회사 등에 관한 사항 
가. 집합투자재산의 운용(지시)업무 수탁회사: 해당사항 없음 
나. 기타 업무의 수탁회사: 해당사항 없음 
 
3. 집합투자재산 관리회사에 관한 사항(신탁업자) 
가. 회사의 개요 
회사명 하나은행 
주소 서울특별시 중구 을지로 35 
전화번호 ☎ 1588-1111 
인터넷 홈페이지 www.kebhana.com 
- 34 - 
나. 주요 업무 
(1) 신탁업자는 다음 각 호의 업무를 영위합니다. 
1) 집합투자재산의 보관 및 관리  
2) 집합투자업자의 집합투자재산 운용지시에 따른 자산의 취득 및 처분의 이행  
3) 집합투자업자의 집합투자재산 운용지시에 따른 집합투자증권의 환매대금 및 이익금의 지급 
4) 집합투자업자의 집합투자재산 운용지시 등에 대한 감시  
5) 그 밖에 대통령령이 정하는 업무 
(2) 신탁업자는 다음 각 호와 같은 의무와 책임이 있습니다. 
1) 신탁업자는 집합투자재산의 운용에 관하여 집합투자업자가 지시하는 사항의 집행, 취득한 증권 등의 보
관 및 관리, 집합투자업자의 집합투자재산 운용지시에 따른 환매대금 및 이익금의 지급, 집합투자업자의 
집합투자재산 운용지시 등에 대한 감시 등의 업무를 수행합니다. 
2) 신탁업자는 투자설명서가 법령 또는 신탁계약서에 부합하는지의 여부, 집합투자재산의 평가의 공정성 또
는 기준가격산출의 적정성 등을 확인하여야 합니다.  
3) 신탁업자는 집합투자재산의 운용에 관한 집합투자업자의 지시가 법령, 신탁계약서 또는 투자설명서에 위
반되는 경우에는 집합투자업자에 대하여 그 지시의 철회·변경 또는 시정을 요구하여야 합니다. 이 경우 
집합투자업자가 신탁업자의 요구를 제3영업일 이내에 이행하지 아니하는 때에는 그 사실을 금융감독원
장에게 보고하여야 하며, 관련 내용을 법령이 정하는 바에 따라 공시할 수 있습니다. 
 
4. 일반사무관리회사에 관한 사항 
가. 회사의 개요 
회사명 ㈜국민은행 
주소 서울특별시 영등포구 여의나루로 4길 21 KB증권빌딩 7층 
전화번호 ☎ 1588-9999 
인터넷 홈페이지 www.kbstar.com 
 
나. 주요 업무 
(1) 일반사무관리회사는 이 투자신탁의 기준가격산출업무를 합니다. 
(2) 일반사무관리회사는 이 투자신탁의 기준가격을 매일 산정하여 집합투자업자에 통보하여야 합니다. 
 
5. 집합투자기구평가회사에 관한 사항 
해당사항 없음 
 
6. 채권평가회사에 관한 사항 
가. 회사의 개요 
회사명 KIS채권평가㈜ 한국자산평가㈜ NICE 피앤아이㈜  에프앤자산평가㈜ 
주소 
서울특별시 영등포구 
여의도동 35-4 
서울특별시 종로구 세
종로 211 
서울특별시 영등포구 
여의도동 14-11 
서울특별시 종로구 인
사동 194-27 
전화번호 ☎ 02-3215-1450 ☎ 02-399-3350 ☎ 02-398-3900 ☎ 02-721-5300 
인터넷 홈페이지 www.bond.co.kr www.koreaap.com www.npricing.co.kr www.fnpricing.com 
 
 
- 35 - 
나. 주요 업무 
(1) 채권시가평가 정보제공 업무 
(2) 채권관련 자료 및 분석 tool 제공 업무 
(3) 자산평가 업무(부실채권 등 보유자산평가, ABS, MBS, 금리스왑 평가 등) 
(4) System 사업(채권운용지원시스템 BPO 제공, 통합신용위험 시스템 CRO제공 등) 
(5) 국내외 금융시장 정보수집, 조사, 연구 및 제공 업무 
(6) 채권관련 컨설팅 업무  
  
- 36 - 
 
1. 투자자의 권리에 관한 사항 
가. 투자자총회 등 
(1) 수익자총회의 구성: 이 투자신탁에는 전체 투자자로 구성되는 수익자총회를 두며, 수익자총회는 법령, 신탁
계약서의 수익자총회 개최 사유 중 이 투자신탁 투자자의 이해관계에 영향을 미치는 사항에 한하여만 결의할 
수 있습니다. 다만, 수익자총회의 의결을 요하는 경우로서 특정 종류의 집합투자증권 투자자에 대하여만 이해
관계가 있는 때에는 그 종류의 투자자로 구성되는 수익자총회를 개최할 수 있습니다. 
(2) 수익자총회의 소집 및 의결권 행사방법 
1) 수익자총회는 이 투자신탁을 설정한 집합투자업자가 소집합니다. 
2) 투자신탁을 설정한 집합투자업자는 투자신탁재산을 보관·관리하는 신탁업자 또는 발행된 집합투자증권의 
총좌수의 100분의 5 이상을 소유한 투자자가 수익자총회의 목적과 소집의 이유를 기재한 서면을 제출
하여 수익자총회의 소집을 그 집합투자업자에 요청하는 경우 1개월 이내에 수익자총회를 소집하여야 합
니다. 이 경우 집합투자업자가 정당한 사유 없이 수익자총회를 소집하기 위한 절차를 거치지 아니하는 
경우에는 그 신탁업자 또는 발행된 집합투자증권 총좌수의 100분의 5 이상을 소유한 투자자는 금융위
원회의 승인을 받아 수익자총회를 개최할 수 있습니다. 
3) 수익자총회는 출석한 수익자의 의결권의 과반수와 발행된 집합투자증권 총좌수의 4분의 1 이상의 수로 
결의합니다. 다만, 법에서 정한 수익자총회의 결의사항 외에 신탁계약으로 정한 수익자총회의 결의사항에 
대하여는 출석한 수익자의 의결권의 과반수와 발행된 집합투자증권의 총좌수의 5분의 1 이상의 수로 결
의할 수 있습니다. 
4) 수익자는 수익자총회에 출석하지 아니하고 서면에 의하여 의결권을 행사할 수 있습니다. 서면에 의하여 
의결권을 행사하려는 수익자는 의결권 행사의 내용을 기재한 서면을 수익자총회일 전날까지 집합투자업
자에 제출하여야 합니다. 다만, 다음 요건을 모두 충족하는 경우에는 수익자총회에 출석한 수익자가 소유
한 집합투자증권의 총좌수의 결의내용에 영향을 미치지 아니하도록 의결권을 행사(이하 ""간주의결권행사
""라 한다.)한 것으로 봅니다. 
1. 수익자에게 법 시행령으로 정하는 방법에 따라 의결권 행사에 관한 통지가 있었으나 의결권이 행사
되지 아니하였을 것 
2. 간주의결권행사의 방법이 신탁계약서에 기재되어 있을 것 
3. 수익자총회에서 의결권을 행사한 집합투자증권의 총좌수가 발행된 집합투자증권의 총좌수의 10분의 
1 이상일 것 
4. 그 밖에 수익자를 보호하기 위하여 법 시행령으로 정하는 방법 및 절차를 따를 것 
5) 특정 종류의 집합투자증권 투자자로 구성되는 수익자총회를 개최하는 경우 1)~4) 내용 중 “발행된 집합
투자증권”은 “발행된 당해 종류 집합투자증권”으로 봅니다. 
(3) 연기수익자총회 
1) 집합투자업자는 수익자총회의 결의가 이루어지지 아니한 경우 그 날부터 2주 이내에 연기된 수익자총회
(이하 “연기수익자총회”라 한다.)를 소집하여야 합니다. 
2) 연기수익자총회는 출석한 수익자의 의결권의 과반수와 발행된 집합투자증권 총좌수의 8분의 1 이상의 
수로 결의합니다. 다만, 법에서 정한 수익자총회의 결의사항 외에 신탁계약으로 정한 수익자총회의 결의
사항에 대하여는 출석한 수익자의 의결권의 과반수와 발행된 집합투자증권의 총좌수의 10분의 1 이상의 
수로 결의할 수 있습니다. 
(4) 수익자총회 결의사항 
1) 집합투자업자, 신탁업자 등이 받는 보수, 그 밖의 수수료의 인상 
제5부. 기타 투자자보호를 위해 필요한 사항 
- 37 - 
2) 신탁업자의 변경(합병, 분할, 분할합병, 자본시장과 금융투자업에 관한 법률 시행령 제216조에서 정한 
사유로 변경되는 경우 제외) 
3) 신탁계약기간의 변경(투자신탁을 설정할 당시에 그 기간변경이 신탁계약서에 명시되어 있는 경우는 제외) 
4) 투자신탁종류의 변경 
5) 주된 투자대상자산의 변경 
5)의2 투자대상자산에 대한 투자한도의 변경(법 시행령 제80조 제1항 제3호의2 각 목 외의 부분에 따른 
투자행위로 인한 경우만 해당한다) 
6) 집합투자업자의 변경 
7) 환매금지투자신탁으로의 변경 
8) 환매대금 지급일의 연장 
9) 그 밖에 투자자를 보호하기 위하여 필요한 사항으로 금융위원회가 정하여 고시하는 사항  
(5) 투자신탁의 합병 
1) 투자신탁을 설정한 집합투자업자는 그 집합투자업자가 운용하는 다른 투자신탁을 흡수하는 방법으로 투
자신탁을 합병할 수 있습니다. 
2) 투자신탁을 설정한 집합투자업자는 제1항에 따라 투자신탁을 합병하고자 하는 경우 법 제193조 제2항 
각 호에서 정하는 사항을 기재한 합병계획서를 작성하여 합병하는 각 투자신탁의 수익자총회의 결의를 
거쳐야 합니다. 다만, 건전한 거래질서를 해할 우려가 적은 소규모 투자신탁의 합병 등 법 시행령 제225
조의2에서 정하는 경우는 제외합니다. 
(6) 반대매수청구권: 투자신탁의 수익자는 다음 어느 하나에 해당하는 경우 집합투자업자에게 집합투자증권의 
수를 기재한 서면으로 자기가 소유하고 있는 집합투자증권의 매수를 청구할 수 있습니다. 
1) 법 제188조 제2항 각 호 외의 부분 후단에 따른 신탁계약의 변경 또는 제193조 제2항에 따른 투자신
탁의 합병에 대한 수익자총회의 결의에 반대(수익자총회 전에 해당 집합투자업자에게 서면으로 그 결의
에 반대하는 의사를 통지한 경우로 한정한다)하는 수익자가 그 수익자총회의 결의일부터 20일 이내에 
집합투자증권의 매수를 청구하는 경우 
2) 법 제193조 제2항 각 호 외의 부분 단서에 따른 투자신탁의 합병에 반대하는 수익자가 법 시행령으로 
정하는 방법에 따라 집합투자증권의 매수를 청구하는 경우 
 
나. 잔여재산분배: 금융위원회의 승인을 받아 투자신탁을 해지하는 경우, 신탁계약서에서 정한 신탁계약기간의 종료, 
수익자총회의 투자신탁 해지 결의, 투자신탁의 등록·취소 등의 사유로 투자신탁을 해지하는 경우 집합투자업자는 
신탁계약서에서 정하는 바에 따라 투자신탁재산에 속하는 자산을 해당 투자자에게 지급할 수 있습니다. 
 
다. 장부·서류의 열람 및 등·초본 교부청구권 
(1) 투자자는 집합투자업자 및 판매회사에 대하여 영업시간 이내에 이유를 기재한 서면으로 투자자에 관련된 투
자신탁재산에 관한 장부·서류의 열람이나 등본 또는 초본의 교부를 청구할 수 있으며, 집합투자업자 및 판매
회사는 대통령령이 정하는 정당한 사유가 없는 한 이를 거절하지 못합니다.  
(2) (1)의 규정에 의한 열람이나 등본 또는 초본의 교부청구의 대상이 되는 장부·서류는 다음과 같습니다. 
1) 투자신탁재산 명세서 
2) 집합투자증권 기준가격대장 
3) 재무제표 및 그 부속명세서 
4) 투자신탁재산 운용내역서 
 
- 38 - 
라. 손해배상책임 
(1) 금융투자업자가 법령, 신탁계약서 및 투자설명서에 위배되는 행위를 하거나 그 업무를 소홀히 하여 손해를 
발생시킨 때에는 당해 투자신탁재산의 투자자에 대하여 손해를 배상할 책임이 있습니다. 다만, 배상의 책임을 
질 금융투자업자가 상당한 주의를 하였음을 증명하거나 투자자가 금융투자상품의 매매, 그 밖의 거래를 할 때
에 그 사실을 안 경우에는 배상의 책임을 지지 않습니다. 또한, 금융투자업자가 손해배상책임을 부담하는 경
우, 관련 임원에게도 귀책사유가 있는 경우에는 그 금융투자업자와 관련되는 임원이 연대하여 그 손해를 배상
할 책임이 있습니다. 
(2) 증권신고서(정정신고서 및 첨부서류를 포함)와 투자설명서(예비투자설명서 및 간이투자설명서를 포함) 중 중
요사항에 관하여 거짓의 기재 또는 표시가 있거나 중요사항이 기재 또는 표시되지 아니함으로써 투자자가 손
해를 입은 경우에는 해당 주체¹는 손해를 배상할 책임이 있습니다. 다만, 배상의 책임을 질 자가 상당한 주의
를 하였음에도 불구하고 이를 알 수 없었음을 증명하거나 그 투자자가 취득의 청약을 할 때에 그 사실을 안 
경우에는 배상의 책임을 지지 아니합니다. 
※ 해당 주체¹: 해당 증권신고서의 신고인과 신고당시의 발행인의 이사, 증권신고서의 작성을 지시하거나 집행한 자, 해당 증권신고
서의 기재사항 또는 그 첨부서류가 진실 또는 정확하다고 증명하여 서명한 공인회계사·감정인 또는 신용평가를 전문으로 하는 
자 등, 해당 증권신고서의 기재사항 또는 그 첨부서류에 자기의 평가·분석·확인·의견이 기재되는 것에 대하여 동의하고 그 기재
내용을 확인한 자, 해당 증권의 인수인 또는 주선인(인수인 또는 주선인이 2인 이상인 경우에는 법 시행령으로 정하는 자를 말한
다), 해당 투자설명서를 작성한 자 및 교부한 자, 매출의 방법에 의한 경우 매출신고 당시의 매출인 
 
마. 재판관할 
(1) 집합투자업자, 신탁업자 또는 판매회사가 이 투자신탁에 관하여 소송을 제기한 때에는 소송을 제기하는 자
의 본점소재지를 관할하는 법원에 제기합니다.  
(2) 투자자가 소송을 제기하는 때에는 투자자의 선택에 따라 투자자의 주소지 또는 투자자가 거래하는 집합투자
업자, 신탁업자 또는 판매회사의 영업점포 소재지를 관할하는 법원에 제기할 수 있습니다. 다만, 투자자가 외
국환거래법 제3조 제15호의 규정에 의한 비거주자인 경우에는 투자자가 거래하는 집합투자업자, 신탁업자 
또는 판매회사의 영업점포 소재지를 관할하는 법원에 제기하여야 합니다. 
 
바. 기타 투자자의 권리보호에 관한 사항 
(1) 이 투자신탁의 신탁계약서 등 투자신탁에 대한 추가정보를 원하시는 투자자는 이 투자신탁의 집합투자업자 
또는 판매회사에 언제든지 자료를 요구할 수 있습니다. 
(2) 이 투자신탁의 기준가변동 등 운용실적에 관해서는 이 투자신탁의 집합투자업자 또는 판매회사에 언제든지 
요구할 수 있습니다. 
(3) 이 투자신탁의 투자설명서 및 기준가격변동 등은 한국금융투자협회에서 열람 및 복사하거나 한국금융투자협
회 홈페이지(www.kofia.or.kr) 그리고 KB자산운용 홈페이지(www.kbam.co.kr)에서 확인하실 수 있습니다. 
 
2. 집합투자기구의 해지에 관한 사항 
가. 의무해지: 집합투자업자는 다음의 어느 하나에 해당하는 경우에는 지체없이 투자신탁을 해지하여야 합니다. 이 
경우 집합투자업자는 그 해지사실을 지체없이 금융위원회에 보고하여야 합니다. 
(1) 신탁계약서에서 정한 신탁계약기간의 종료 
(2) 수익자총회의 투자신탁 해지 결의 
(3) 투자신탁의 피흡수 합병 
(4) 투자신탁의 등록·취소 
- 39 - 
(5) 수익자의 총수가 1인이 되는 경우. 다만, 법 제6조 제6항에 따라 인정되거나 건전한 거래질서를 해할 우려
가 없는 경우로서 법 시행령 제224조의2에서 정하는 경우는 제외합니다. 
 
나. 임의해지: 집합투자업자는 다음의 경우 금융위원회의 승인을 받지 아니하고 투자신탁을 해지할 수 있으며, 이 경
우 집합투자업자는 그 해지사실을 지체없이 금융위원회에 보고하여야 합니다. 
(1) 투자자 전원이 동의한 경우 
(2) 집합투자증권 전부의 환매청구가 있는 경우 
 
3. 집합투자기구의 공시에 관한 사항 
가. 정기보고서 
(1) 영업보고서: 집합투자업자는 투자신탁재산에 관한 매분기의 영업보고서를 금융위원회가 정하는 기준에 따라 
작성하여, 매분기 종료 후 2개월 이내에 이를 금융위원회 및 한국금융투자협회에 제출하여야 합니다. 
(2) 결산서류: 집합투자업자는 다음에 해당하는 사유가 발생한 경우 그 사유가 발생한 날로부터 2개월 이내에 
이 투자신탁재산에 대한 결산서류를 작성하여 회계감사인의 회계감사를 받아야 하고, 이 결산서류를 금융위
원회 및 한국금융투자협회에 제출하여야 합니다. 
1) 투자신탁의 회계기간 종료 
2) 투자신탁의 계약기간 종료 
3) 투자신탁의 해지 
(3) 자산운용보고서: 집합투자업자는 자산운용보고서를 작성하여 해당 신탁업자의 확인을 받아 3개월마다 1회 
이상 해당 투자신탁의 투자자에게 교부하여야 합니다. 다만, 투자자가 수시로 변동되는 등 투자자의 이익을 
해할 우려가 없는 경우로서 대통령령으로 정하는 경우에는 자산운용보고서를 투자자에게 교부하지 아니할 
수 있습니다. 
(4) 자산보관·관리보고서: 신탁업자는 투자신탁의 회계기간 종료, 계약기간 종료 및 해지 후 2월 이내에 법 제
248조에서 규정한 자산보관·관리보고서를 투자자에게 교부하여야 합니다. 다만, 투자자가 수시로 변동되는 
등 투자자의 이익을 해할 우려가 없는 경우로서 대통령령으로 정하는 경우에는 자산보관·관리보고서를 투자
자에게 교부하지 아니할 수 있습니다. 
(5) 기타장부 및 서류: 집합투자업자·판매회사·신탁업자 및 일반사무관리회사는 금융위원회가 정하는 바에 따라 
그 업무에 관한 장부 및 서류를 작성하여 본점 및 지점에 비치하거나 인터넷 홈페이지를 이용하여 공시하여
야 합니다. 
 
나. 수시공시 
(1) 신탁계약변경에 관한 공시 
1) 집합투자업자는 신탁계약을 변경한 경우에는 신탁업자와 변경계약을 체결하여야 하며, 다음 각 호의 어느 
하나에 해당하는 사항을 변경하는 경우에는 수익자총회의 결의를 거쳐야 합니다. 
(가) 집합투자업자·신탁업자 등이 받는 보수, 그 밖의 수수료의 인상 
(나) 신탁업자의 변경(합병·분할·분할합병, 그 밖에 대통령령으로 정하는 사유로 변경되는 경우를 제외
한다) 
(다) 신탁계약기간의 변경(투자신탁을 설정할 당시에 그 기간변경이 신탁계약서에 명시되어 있는 경우
는 제외) 
(라) 그 밖에 투자자의 이익과 관련된 중요한 사항으로서 대통령령이 정하는 사항 
2) 수익자총회의 의결에 의하지 않고 신탁계약을 변경한 경우: 일간신문 또는 집합투자업자 인터넷 홈페이지
- 40 - 
(www.kbam.co.kr)를 통해 1회 이상 공고하며, 일간신문에 공고를 하는 때에는 매일경제신문에 공고하
되 2이상의 일간신문에 공고하는 때에는 경향신문에도 공고합니다. 
(2) 수시공시: 집합투자업자는 다음 각 호의 1에 해당하는 사항을 그 사유발생 후 지체없이 집합투자업자 홈페
이지(www.kbam.co.kr), 판매회사 홈페이지 및 한국금융투자협회 홈페이지(www.kofia.or.kr), 집합투자업
자·판매회사의 본·지점 및 영업소에 게시하고 전자우편을 이용하여 투자자에게 통보하여야 합니다. 일간신
문에 공고를 하는 때에는 매일경제신문에 공고하되, 2이상의 일간신문에 공고하는 때에는 경향신문에도 공고
합니다. 
1) 투자운용인력의 변경이 있는 경우 그 사실과 변경된 투자운용인력의 운용경력 
2) 환매연기 또는 환매재개의 결정 및 그 사유  
3) 대통령령이 정하는 부실자산이 발생한 경우 그 내역 및 상각율  
4) 수익자총회의 의결내용  
5) 투자설명서의 변경. 다만, 법령의 개정 또는 금융감독원장의 명령에 따라 투자설명서를 변경하거나, 신탁
계약서의 변경에 따라 투자설명서를 변경하는 경우 및 단순한 자구수정 등 경미한 사항을 변경 및 투자
운용인력의 변경이 있는 경우로서 법 제123조 제3항 제2호에 따른 투자설명서의 변경은 제외 
6) 집합투자업자의 합병, 분할, 분할합병 또는 영업의 양도·양수 
7) 집합투자업자 또는 일반사무관리회사가 기준가격을 잘못 산정하여 이를 변경하는 경우 그 내용(법 시행
령 제262조 제1항 후단에 따라 공고·게시하는 경우에 한한다) 
8) 그 밖에 투자자의 투자판단에 중대한 영향을 미치는 사항으로 금융위원회가 정하여 고시하는 사항 
(3) 집합투자재산의 의결권 행사에 관한 공시 
1) 집합투자업자는 집합투자재산인 주식의 의결권을 행사하는 경우 다음 각 호의 구분에 따라 의결권행사내
용 등을 공시하여야 합니다. 
(가) 법 제87조 제2항 및 제3항에 따라 주요의결사항에 대하여 의결권을 행사하는 경우:  의결권의 구
체적인 행사내용 및 그 사유 
(나) 의결권 공시대상 법인에 대하여 의결권을 행사하는 경우: 의결권의 구체적인 행사 내용 및 그 사유 
(다) 의결권 공시대상 법인에 대하여 의결권을 행사하지 아니하는 경우: 의결권을 행사하지 아니한 구
체적인 사유 
2) 의결권행사에 관한 공시는 다음에 해당하는 방법에 의하여야 합니다. 
(가) 의결권을 행사하고자 하는 주식을 발행한 법인이 주권상장법인으로서 법 제87조 제7항에 따른 의
결권공시대상법인인 경우에는 매년 4월 30일까지 직전 연도 4월 1일부터 1년간 행사한 의결권 행
사 내용 등을 증권시장을 통하여 공시하여야 합니다. 
(4) 파생상품 관련 공시 
집합투자업자는 이 투자신탁재산으로 파생상품에 운용하는 경우에는 다음 각호에서 정하는 사항을 인터넷 
홈페이지에 공시하여야 합니다. 
1) 계약금액 
2) 파생상품 매매에 따른 만기시점의 손익구조 
3) 시장상황의 변동에 따른 투자신탁재산의 손익구조의 변동 또는 일정한 보유기간에 일정한 신뢰구간 
범위에서 시장가격이 투자신탁에 대하여 불리하게 변동될 경우에 파생상품 거래에서 발생할 수 있
는 최대손실금액. 다만, 다음의 어느 하나의 사유에 해당하는 경우에는 적용하지 아니합니다. 
(가) 위험에 관한 지표 산출을 위한 자료가 부족하여 지표의 산출이 불가능한 파생상품 
(나) (가) 외의 사유로 지표의 산출이 불가능한 파생상품으로서 금융감독원장의 확인을 받은 파생상품 
4) 그 밖에 투자자의 투자판단에 중요한 기준이 되는 지표로서 금융위원회가 정하여 고시하는 위험에 
- 41 - 
관한 지표 
 
4. 이해관계인 등과의 거래에 관한 사항 
가. 이해관계인과의 거래내역: 해당사항 없음 
 
나. 집합투자기구 간 거래에 관한 사항: 해당사항 없음 
 
다. 투자중개업자 선정 기준 
구    분 중 개 회 사 의  선 정 기 준 
투자증권 거래 및 
장내파생상품 거래 
증권 거래 및 장내파생상품 거래에 관한 중개회사의 선정기준은 KB자산운용㈜ 내부통제
기준에서 다음과 같이 정하고 있습니다. 
① 회사는 중개회사를 선정함에 있어 투자자에게 최대한 이익이 돌아갈 수 있도록 다
음 각 호의 사항을 고려하여야 한다. 
  1. 펀드 또는 투자자가 부담하여야 할 비용(중개수수료)이나 수익(Value of 
Research) 
  2. 거래 유형(예: 상장주식 블록매매, 장외주식매매, 파생거래, 채권매매 등)에 따른 
매매체결 능력 
  3. 중개회사의 재무상황, 규모 등 발생 가능한 리스크 
② 회사는 중개회사를 선정함에 있어 자기가 운용하는 펀드의 판매를 조건으로 매매주
문을 위탁하기로 약정하여서는 아니 된다. 
③ 중개회사에 대한 수수료는 제공받는 서비스의 질과 양, 다른 중개회사에 지급하는 
수수료율 등을 고려하여 합리적인 범위 내에서 지급하여야 하며, 관계회사 등에 대하여 
높은 수수료를 지급하는 등 정당한 사유 없이 우대하여서는 아니 된다. 
④ 회사는 중개회사별 매매주문 배분계획을 수립하고 준법감시인의 승인을 받아 계획
된 배분비율에 의하여 중개회사에 매매를 위탁하여야 한다.  
⑤ 준법감시인은 중개회사별 매매주문 배분계획과 실제 매매내역을 분기별로 점검하고 
이를 위반한 경우에는 그 이유를 소명하고 기록을 유지하여야 한다. 
 
5. 집합투자업자의 고유재산 투자에 관한 사항 
   해당사항 없음 
 
6. 외국 집합투자기구에 관한 추가 기재사항 
 해당사항 없음 
  
- 42 - 
 
용    어 내     용 
펀드 
집합투자를 수행하는 기구로서 법적으로 집합투자기구라 표현되며 통상 펀드라고 불립
니다. 대표적으로 투자신탁 및 투자회사가 이에 해당합니다. 
투자신탁 집합투자업자와 신탁업자 간 신탁계약 체결에 의해 만들어지는 펀드를 말합니다. 
집합투자증권 
펀드(집합투자기구)에 투자한 투자자들에게 출자비율에 따라 나눠주는 수익증권으로서 
주식회사의 주권과 유사한 개념입니다. 
순자산 펀드의 운용성과 및 투자원금을 합한 금액으로서 원으로 표시됩니다. 
한국금융투자협회 
펀드코드 
상장주식의 경우 회사명 또는 코드번호 6자리를 활용하여 투자자들이 쉽게 공시사항을 
조회·활용할 수 있는 것처럼 집합투자기구 또한 한국금융투자협회가 부여하는 5자리의 
고유 코드가 존재하며, 집합투자기구명 뿐만 아니라 이러한 코드를 이용하여 집합투자
기구의 각종 정보에 대한 조회가 가능합니다. 
증권집합투자기구 집합투자재산의 50%이상을 주식, 채권 등 증권에 투자하는 펀드를 말합니다. 
개방형 환매가 가능한 펀드를 말합니다. 
단위형 추가로 자금 납입이 불가능한 펀드를 말합니다. 
기준가격 펀드의 가격으로서 매일매일 운용성과에 따라 변경되며 매입 혹은 환매시 적용됩니다. 
보수 
펀드에 가입 후 펀드 운용 및 관리에 대해 고객이 집합투자재산으로 지불하는 비용입
니다. 
선취수수료 펀드 가입 시 투자자가 판매회사에 지불하는 비용입니다. 
환매수수료 
펀드를 일정 기간 가입하지 않고 환매할 시 투자자에게 부과되는 비용으로 그 비용은 
펀드에 귀속됩니다. 
설정 펀드에 자금이 납입되는 것을 지칭합니다. 
해지 펀드를 소멸시키는 행위로서 투자회사의 해산과 유사한 개념입니다. 
투자자총회 
집합투자규약상의 중요 사항을 변경할 때 펀드의 모든 가입자들이 모여서 의사 결정하
는 기구. 그 방법 및 절차는 법령 및 해당 규약에 따릅니다. 
비교지수 
벤치마크로 불리기도 하며 펀드 성과의 비교를 위해 정해놓은 지수입니다. 일반적으로 
Active 펀드는 그 비교지수 대비 초과 수익을 목표로 하며, 인덱스 펀드는 그 비교지
수 추종을 목적으로 합니다. 
[참고] 펀드용어의 정리",ok,
products/fund/(3B10)KB지수연계증권80(ELS-파생형)간이투자설명서-210126(부책임변경)202101280922.pdf,(3B10)KB지수연계증권80(ELS-파생형)간이투자설명서-210126(부책임변경)202101280922.pdf,products/fund,5,"- 6 - 
 
 
이 요약정보는 KB 지수연계 증권 투자신탁 80호(ELS-파생형)의 투자설명서의 내용 중 중요사항을 발췌ㆍ요약한 핵심정보를 담고 있습니다. 
따라서 자세한 정보가 필요하신 경우에는 동 집합투자증권을 매입하기 이전에 투자설명서를 반드시 참고하시기 바랍니다. 
■ 요약정보 
투자목적 및 
투자전략 
이 투자신탁은 파생결합증권을 주된 투자대상으로 하는 투자신탁으로서, KOSPI200 지수, S&P500 지수, 
EUROSTOXX50 지수의 변동에 연계되고 매 6개월 단위로 조기상환조건이 내재된 파생결합증권에 투자함으로써 기
초자산의 변동에 따라 수익을 얻는 것을 목적으로 합니다. 
1) 손익발생 요건 
 
간이투자설명서   | 작성기준일 2021.01.18 | 
KB 지수연계 증권 투자신탁 80호(ELS-파생형) [펀드코드: D9656] 
투자위험등급 KB자산운용㈜는 이 투자신탁의 투자대상 자산의 종류 및 위험도 등을 감안하
여 1등급으로 분류하였습니다. 
집합투자증권은 ｢예금자보호법｣에 따라 예금보험공사가 보호하지 않는 실적배당상품입
니다. 투자신탁재산의 90%이상을 KOSPI200 지수, S&P500 지수, EUROSTOXX50 지
수를 기초자산으로 하는 파생결합증권에 투자하여 기초자산 가격 변동에 따라 수익을 얻
는 것을 목적으로 하므로 파생결합증권에 집중 투자함에 따른 거래상대방위험, 가격변동
에 따른 원금손실위험 등에 노출되므로 투자에 신중을 기하여 주시기 바랍니다. 
1등급(매우 높은 위험) 
1 2 3 4 5 6 
매우 
높은 
위험 
높은 
위험 
다소 
높은 
위험 
보통 
위험 
낮은 
위험 
매우 
낮은 
위험 
- 7 - 
 
2) 발행회사 
발행사 삼성증권 NH투자증권 메리츠증권 하이투자증권 
신용등급 AA+ AA+ AA- A+ 
기준일 2020.06.23 2020.06.26 2020.07.13 2020.07.30 
평가기관 한국신용평가 
※ 파생결합증권 발행사의 신용등급은 금융감독원 전자공시기준으로 향후 신용등급이 변동 될 수 있습니다. 
※ 파생결합증권 발행사 신용사건 발생시 투자원금 전부 또는 일부에 손실이 발생할 수 있습니다. 
3) 만기 및 조기상환 일정표 
 
※ 최초 기초자산 가격 결정일, 자동 조기상환 및 만기상환 평가일에 해당 기초자산 거래소 중 한 곳이라도 
개장일이 아닐 경우, 기초자산의 가격 결정일 및 평가일은 모든 기초자산의 거래소가 개장하는 날까지 순연
됩니다. 이 경우 평가일이 순연됨에 따라 파생결합증권 대금 지급일과 펀드 상환금 지급일도 순연되며, 최
초 기초자산 가격 결정일의 순연기간이 길어질 경우에는 자동 조기상환 및 만기상환 평가일과 펀드 상환금 
지급일이 조정될 수도 있습니다. 또한 기초자산 거래소의 휴장 등이 상당기간 길어질 경우 펀드가 강제 조기
청산될 수 있습니다. 상기 외의 상황이 발생한 경우에는 파생결합증권 계약서, 관련 법령 및 합리적인 상관
례 등에 따라 처리 됩니다.  
※ 펀드가 강제 조기청산될 경우 해당 시점에 평가된 기준가격 대비 현저히 낮은 가격으로 강제 조기 청산
되어 예상치 못한 투자원금의 큰 손실이 발생할 수 있습니다. 
※ 최초 기초자산가격의 50%미만(종가기준)으로 하락한 경우에 대한 관찰은 기초자산 중 일부에 대하여만 
종가가 결정된 날도 포함합니다.  
※ 국내 지수가 아닌 해외 지수의 경우 현지 해당일의 종가기준입니다.  
※ 상기 수익률은 자동조기상환 및 만기수익상환 조건 충족시 기초자산 가격 수준에 따른 예시 수익률이며, 
확정된 수익률은 아닙니다.  
분류 투자신탁, 증권형(주식파생형), 개방형(중도환매가능), 단위형(추가납입불가능), 종류형 
투자비용 
클래스 종류 
투자자가 부담하는 수수료 및 총보수 
(연간, 단위: %) 
1,000만원 투자시 투자자가 부담하는 
투자기간별 총비용 예시 (단위: 천원) 
판매수수료 총보수 
 동종유형 
총보수 1년 2년 3년 5년 10년 
판매보수 
수수료선취- 
오프라인(A) 
납입금액의 
0.8%이내 0.155 0.000 0.750 88 88 89 - - 
수수료선취- 
온라인(A-E) 
납입금액의 
0.5%이내 0.155 0.000 0.610 58 58 59 - - 
(주1)‘1,000만원 투자시 투자자가 부담하는 투자기간별 총비용 예시’는 투자자가 1,000만원을 투자했을 경우 향후 투자기간별 지불하
게 되는 총비용(판매수수료 + 총보수비용)을 의미합니다. 선취판매수수료 및 총보수비용은 일정하고, 이익금은 모두 재투자하며, 
연간 투자수익률은 5%로 가정하였습니다. 
(주2) 종류형 집합투자기구의 구체적인 투자비용은 투자설명서 제2부 13. 보수 및 수수료에 관한 사항(p.26~27)을 참고하시기 바랍니다. 

- 8 - 
 
(주3) ‘동종유형 총보수’는 한국금융투자협회에서 공시하는 동종유형 집합투자기구 전체의 평균 총보수비용을 의미합니다. 
투자실적추이 
(연평균수익률)  
(단위:%) 
종류 최초설정일 
최근 1년 최근 2년 최근 3년 최근 5년 
설정일이후 
    
수수료선취- 
오프라인(A) 2020년 08월 31일 - - - - - 
수익률 변동성 2020년 08월 31일 - - - - - 
(주1) 비교지수: 해당사항 없음 
(주2) 연평균 수익률은 해당 기간동안의 누적수익률을 기하평균방식으로 계산한 것으로 집합투자기구 총비용 지급 후 해당기간동안의 
세전평균 수익률을 나타내는 수치입니다. 
(주3) 수익률 변동성(표준편차)은 해당기간 펀드의 연환산 주간수익률이 평균수익률에서 통상적으로 얼마만큼 등락했는지를 보여주는 
수치로서, 변동성이 높을수록 수익률 등락이 빈번해 펀드의 손실위험이 높다는 것을 의미합니다. 
운용전문 
인력 
성명 생년 직위 
운용현황 동종펀드 연평균 수익률(주식파생형)(%) 
운용경력년수 
펀드수(개) 규모(억) 운용역 운용사 
최근1년 최근2년 최근1년 최근2년 
윤동환 1970년 책임 69 9,749 51.66 53.75 
33.84 42.65 
22년 7개월 
맹주완 1983년 부책임 - - - - 10년 3개월 
(주1) ‘책임운용전문인력’은 이 집합투자기구의 운용의사결정 및 운용결과에 대한 책임을 부담하는 운용전문인력을 말하며, ‘부책임운용
전문인력’은 책임운용전문인력이 아닌 자로서 집합투자기구의 투자목적 및 운용전략 등에 중대한 영향을 미칠 수 있는 자산에 대
한 운용권한을 가진 운용전문인력을 말합니다. 
(주2) 운용전문인력의 최근 과거 3년 이내에 운용한 집합투자기구의 명칭, 집합투자재산의 규모와 수익률 등은 금융투자협회 홈페이지
(dis.kofia.or.kr)에서 확인할 수 있습니다. 
(주3) 동종집합투자기구 연평균 수익률은 해당 집합투자업자가 분류한 동일 유형 집합투자기구의 평균운용성과이며, 해당 운용전문인력
의 평균운용성과는 해당 회사 근무기간 중 운용한 성과를 의미합니다. 
(주4) ‘운용경력년수’는 해당 운용전문인력이 과거 집합투자기구를 운용한 기간을 모두 합산한 기간입니다. 
투자자 
유의사항 
ㆍ집합투자증권은 ｢예금자보호법｣에 따라 예금보험공사가 보호하지 않는 실적배당상품으로 투자원금의 손실이 발생할 
수 있으므로 투자에 신중을 기하여 주시기 바랍니다.  
ㆍ금융위원회가 투자설명서의 기재사항이 진실 또는 정확하다는 것을 인정하거나 그 증권의 가치를 보증 또는 승인하지 
아니함을 유의하시기 바랍니다. 
ㆍ간이투자설명서보다 자세한 내용이 필요하시어 투자설명서의 교부를 요청하시면 귀하의 집합투자증권 매입 이전까지 
교부 하오니 참고하시기 바랍니다. 
ㆍ간이투자설명서는 증권신고서 효력발생일까지 기재사항 중 일부가 변경될 수 있으며, 개방형 집합투자증권인 경우 효
력 발생일 이후에도 변경될 수 있습니다. 
ㆍ이 집합투자증권의 투자위험등급을 확인하시고, 귀하의 투자 경력이나 투자성향에 적합한 상품인지 신중한 투자결정
을 하시기 바랍니다. 
ㆍ증권신고서, 투자설명서상 기재된 투자전략에 따른 투자목적 또는 성과목표는 반드시 실현된다는 보장은 없습니다. 또
한 과거의 투자실적이 장래에도 실현된다는 보장은 없습니다. 
 
<투자자 숙려제도> 
■ 이 상품은 파생결합증권에 투자되는 상품으로 운용방법과 구조에 따라 수익이 결정되며 원금손실 가능성이 있습니
다. 따라서, 해당상품에 대하여 충분히 숙려 후 최종투자 여부를 확정하시기 바랍니다. 
■ 투자자 숙려제도에 따라 상품 안내문과 투자설명서, 대고객 투자자 숙려제도 안내 SMS 등을 통해 안내된 숙려기간
(2020년 08월 27일부터 2020년 08월 28일까지, 2영업일) 내에 가입을 취소하실 수 있으며 취소를 원하시는 경우 
본인이 직접 영업점에 방문하시어 신청하셔야만 합니다. 
(적용대상자는 아래의 1과 2를 모두 충족하는 경우입니다.) 
<적용대상자> 
1. 투자성향 부적합 거래고객 또는 만 70세 이상의 고령투자자 
2. 공모형 ELF/DLF를 판매회사 창구에서 가입하는 경우(비대면 신규 제외) 
■ 판매회사는 상품의 위험성 및 숙려제도 안내를 위하여 상품가입 이후 LMS 발송 및 전화 안내를 실시하오니, 이를 
참고해주시기 바랍니다. 
■ 투자자 숙려제도란? 
- ELF 가입 후 펀드 설정 전에 대상투자자가 ELF의 상품구조 및 투자위험 등을 충분히 숙지하고 투자결정을 할 수 있
- 9 - 
 
도록 2영업일 이상 숙려기간을 부여 
- 대상투자자: 일반투자자 중 투자성향이 부적합한 투자자, 고령투자자(만 70세 이상) 
※ 자신의 투자성향보다 위험도가 높은 상품에 투자하기 위해 부적합 확인서를 제출하는 투자자 
- 적용방식: 대상투자자는 가입 마감 2영업일전까지 가입하고 이후 숙려기간(2영업일) 동안 최종 투자여부를 확정. 가
입을 취소하고자 할 경우 숙려기간 종료 전까지 취소 
- 안내: 가입 이후부터 숙려기간 종료 전까지 유선 등으로 상품위험과 취소방법을 추가적으로 안내 
- 취소방법: 본인이 직접 영업점을 방문하여 취소 신청 가능(전화 취소 불가능) 
주요 
투자위험 
구분 투자위험의 주요내용 
원본 
손실위험 
이 투자신탁은 실적배당상품으로 투자 원금 전액이 보장 또는 보호되지 않습니다. 따라서 투자원본의 
전부 또는 일부에 대한 손실의 위험이 존재하며 투자금액의 손실 내지 감소의 위험은 전적으로 투자자
가 부담하며, 집합투자업자나 판매회사 등 어떤 당사자도 투자손실에 대하여 책임을 지지 아니합니다. 
또한, 이 투자신탁은 예금자보호법의 적용을 받는 은행의 예금과 달리 실적에 따른 수익을 취득하므로 
은행 등에서 판매하는 경우에도 예금보험공사 등의 보호를 받지 못합니다. 
시장위험 
이 투자신탁은 투자신탁재산을 파생결합증권에 투자합니다. 따라서 국내외 금융시장의 주가, 이자율 및 
기타 거시경제지표, 정치·경제 상황, 정부의 정책변화, 세제의 변경 등이 운용에 영향을 미칠 수 있으
며, 이로 인해 투자원금 손실이 발생할 수 있습니다. 또한 투자대상종목 발행회사의 영업환경, 재무상황 
및 신용상태의 악화 등도 운용에 영향을 미칠 수 있으며, 이로 인해 투자원금 손실이 발생할 수 있습니
다. 특히 이 투자신탁은 파생결합증권을 편입하며, 해당 파생결합증권의 기초자산 변동에 의해 투자수
익 및 투자원금 손실이 발생할 수 있습니다. 
파생결합증권 
투자위험 
이 투자신탁이 주로 투자하는 파생결합증권은 기초자산의 가격변동에 따라 투자원금의 전부 또는 상당
부분에 손실이 발생할 수 있습니다. 파생결합증권의 조건은 기초자산의 전부 또는 일부에 대하여 기초
자산의 본질가치의 변경을 초래하는 사유가 발생하는 경우 기타 국내외 금융시장의 관행에 따라 본 증
권의 권리내용 조정이 필요하다고 인정되는 경우에는 금융시장의 관행에 따라 발행자와 당사의 합의를 
통해 일부 조정 될 수 있습니다. ※ 파생결합증권의 권리내용 조정 사유 및 조정 방법 등은 각 파생결
합증권 발행회사와의 계약 내용에 따라 다소 차이가 있을 수 있습니다. 
거래상대방위험 
보유하고 있는 증권 및 단기금융상품을 발행한 회사 또는 계약상대방이 신용등급 하락 또는 부도 등과 
같은 신용사건에 노출되는 경우 그 증권 및 단기금융상품, 당해 계약 등의 가치가 하락할 수 있습니다. 
또한, 법률에 따라 채무 등이 지급유예, 채무증권 등이 주식과 같은 지분증권 또는 다른 종류의 새로운 
채무증권(계약) 등으로의 전환, 변제기간이 장기간 유예되는 등의 방식으로 당초의 권리가 변경되어 투
자원금 손실이 발생할 수 있습니다. 
파생결합증권 
신용위험 
파생결합증권의 거래는 파생결합증권을 발행한 회사와의 직접적인 거래로 발행회사의 부도, 파산 등의 
사유로 투자계약조건을 이행하지 못하는 경우에는 이 투자신탁이 추구하는 투자전략이 실현될 수 없으
며, 원금의 일부 또는 전액 손실이 발생할 수 있습니다. 이 투자신탁은 파생결합증권 발행회사와 직접
거래를 통해 파생결합증권을 투자하기 때문에 이 투자신탁은 파생결합증권 발행회사의 영업, 재무상태 
및 신용상태 등의 리스크로 인해 투자 원본 및 수익을 분배하지 못할 수도 있습니다. 자세한 사항은 각 
발행사 홈페이지 또는 금융감독원 전자공시 시스템(http://dart.fss.or.kr)에서 확인할 수 있습니다 
유동성위험 
일반적으로 파생결합증권은 다른 증권과 달리 파생결합증권을 발행한 회사와 직접 거래를 하여야 하므
로 유동성이 적습니다. 따라서 파생결합증권을 만기 이전에 중도 매각하고자 하는 경우 중도 매각이 원
활하지 못할 수 있습니다. 또한 중도 환매하는 경우에는 최초 설정일로부터 계약기간 종료일까지의 기
간에 대해 기초자산가격이 연동한 수익을 제공하는 것을 목표로 예상한 수익구조와는 다를 수 있으며, 
환매수수료 징구 등으로 투자원금손실이 발생할 수 있습니다. 
매입방법 투자신탁 최초설정일(2020년 08월 31일)의  
기준가격 환매방법 
17시 이전: 제4영업일 기준가격으로  
제5영업일에 대금 지급 
17시 경과 후: 제5영업일 기준가격으로  
제6영업일에 대금 지급 
환매수수료 최초설정일 이후 6개월 미만: 환매금액의 7% / 6개월 이후부터 파생결합증권 상환이전: 환매금액의 5% 
기준가 
산정방법 - 당일 기준가격 = (전일 집합투자기구 자산총액 – 부채총액) /전일 집합투자기구 총좌수 
- 1,000좌 단위로 원미만 셋째자리에서 반올림하여 원미만 둘째자리까지 계산 
공시장소 판매회사 본ㆍ영업점 및 집합투자업자(www.kbam.co.kr)ㆍ판매회사ㆍ한국금융투자협회 
(dis.kofia.or.kr)의 인터넷 홈페이지에 게시합니다. 
과세 
구분 과세의 주요내용 
집합투자기구 집합투자기구 단계에서는 별도의 소득과세 부담이 없는 것이 원칙입니다. 
수익자 거주자와 일반법인이 받는 집합투자기구로부터의 과세 이익에 대해서는 15.4%(지방소득세 포함) 세율로 
원천징수됩니다. 단, 연간 금융소득합계액이 기준금액을 초과하는 경우에는 기준금액을 초과하는 금액을 
- 10 - 
 
다른 종합소득과 합산하여 개인소득세율로 종합과세 됩니다. 
※ 세제혜택 계좌ㆍ클래스ㆍ펀드 투자자의 과세에 관한 사항은 투자설명서 제2부. 14. 이익 배분 및 
과세에 관한 사항을 참고하시기 바랍니다. 
집합투자업자 KB자산운용주식회사 (☎ 02-2167-8200 / 인터넷 홈페이지 www.kbam.co.kr) 
모집기간 
2020년 08월 24일부터 2020년 08월 28일까지 
※투자자 숙려제도 적용 대상자의 경우 
매입청구기간: 2020년 08월 24일부터 2020년 08월 26일까지  
매입청구불가기간: 2020년 08월 27일부터 2020년 08월 28일까지  
(판매회사에 따라 모집기간 단축 가능) 
모집  
매출 총액 10조좌 
효력발생일 2021년 01월 26일 존속기간 
최초설정일로부터 2023년 09월 04일까지. 
 다만, 파생결합증권이 상환되는 경우 그 상환금  
 지급일의 익영업일까지 
판매회사 한국금융투자협회(www.kofia.or.kr) 및 집합투자업자(www.kbam.co.kr)의 홈페이지 참고 
참조 집합투자업자의 사업목적, 요약 재무정보에 관한 사항은 투자설명서 제4부 1. 집합투자업자에 관한 사항(p.30~32)을 
참고하시기 바랍니다. 
집합투자기구 
종류 
이 집합투자기구는 종류형 집합투자기구입니다. 집합투자기구의 종류는 판매수수료 부과방식-판매경로-기타 펀드특성에 
따라 3단계로 구분되며, 집합투자기구 종류의 대표적인 차이는 다음과 같습니다. 
판매 
수수료 
수수료 
선취(A) 
집합투자증권 매입시점에 판매수수료가 일시 징구되는 반면 판매보수가 판매수수료미징구형(C)
보다 상대적으로 낮게 책정되는 집합투자증권입니다. 
판매 
경로 
온라인(E/e) 
판매회사의 온라인전용으로 판매되는 집합투자증권으로 오프라인으로 판매되는 집합투자증권보
다 판매수수료 및 판매보수가 저렴한 집합투자증권입니다. 다만, 판매회사로부터 별도의 투자권
유 및 상담서비스는 제공되지 않습니다. 
오프라인 
오프라인전용(판매회사 창구)으로 판매되는 집합투자증권으로 온라인으로 판매되는 집합투자증
권보다 판매수수료 및 판매보수가 높은 집합투자증권입니다. 다만, 판매회사로부터 별도의 투자
권유 및 상담서비스가 제공됩니다. 
 
 
 
 집합투자기구 공시 정보 안내 
| 증권신고서 금융감독원 전자공시시스템(dart.fss.or.kr) 
| 투자설명서 금융감독원 전자공시시스템(dart.fss.or.kr), 한국금융투자협회(www.kofia.or.kr),  
      집합투자업자(www.kbam.co.kr) 및 판매회사 홈페이지 
| 정기보고서(영업보고서, 결산서류) 금융감독원 홈페이지(www.fss.or.kr) 및  
                          한국금융투자협회 전자공시시스템(dis.kofia.or.kr) 
| 자산운용보고서 한국금융투자협회 전자공시시스템(dis.kofia.or.kr) 및 집합투자업자 홈페이지(www.kbam.co.kr) 
| 수시공시 한국금융투자협회 전자공시시스템(dis.kofia.or.kr) 및 집합투자업자 홈페이지(www.kbam.co.kr)",ok,
products/fund/(3B25)KB지수연계증권83(ELS-파생형)간이투자설명서-210126(부책임변경)202101280922.pdf,(3B25)KB지수연계증권83(ELS-파생형)간이투자설명서-210126(부책임변경)202101280922.pdf,products/fund,5,"- 6 - 
 
이 요약정보는 KB 지수연계 증권 투자신탁 83호(ELS-파생형)의 투자설명서의 내용 중 중요사항을 발췌ㆍ요약한 핵심정보를 담고 있습니다. 
따라서 자세한 정보가 필요하신 경우에는 동 집합투자증권을 매입하기 이전에 투자설명서를 반드시 참고하시기 바랍니다. 
■ 요약정보 
투자목적 및 
투자전략 
이 투자신탁은 파생결합증권을 주된 투자대상으로 하는 투자신탁으로서, KOSPI200 지수, S&P500 지수, 
EUROSTOXX50 지수의 변동에 연계되고 매 6개월 단위로 조기상환조건이 내재된 파생결합증권에 투자함으로써 기
초자산의 변동에 따라 수익을 얻는 것을 목적으로 합니다. 
1) 손익발생 요건 
 
간이투자설명서   | 작성기준일 2021.01.18 | 
KB 지수연계 증권 투자신탁 83호(ELS-파생형) [펀드코드: D9899] 
투자위험등급 KB자산운용㈜는 이 투자신탁의 투자대상 자산의 종류 및 위험도 등을 감안하
여 1등급으로 분류하였습니다. 
집합투자증권은 ｢예금자보호법｣에 따라 예금보험공사가 보호하지 않는 실적배당상품입
니다. 투자신탁재산의 90%이상을 KOSPI200 지수, S&P500 지수, EUROSTOXX50 지
수를 기초자산으로 하는 파생결합증권에 투자하여 기초자산 가격 변동에 따라 수익을 얻
는 것을 목적으로 하므로 파생결합증권에 집중 투자함에 따른 거래상대방위험, 가격변동
에 따른 원금손실위험 등에 노출되므로 투자에 신중을 기하여 주시기 바랍니다. 
1등급(매우 높은 위험) 
1 2 3 4 5 6 
매우 
높은 
위험 
높은 
위험 
다소 
높은 
위험 
보통 
위험 
낮은 
위험 
매우 
낮은 
위험 
- 7 - 
2) 발행회사 
발행사 삼성증권 키움증권 한화투자증권 하이투자증권 
신용등급 AA+ AA- A+ A+ 
기준일 2020.06.23 2020.07.31 2020.07.31 2020.07.30 
평가기관 한국신용평가 
※ 파생결합증권 발행사의 신용등급은 금융감독원 전자공시기준으로 향후 신용등급이 변동 될 수 있습니다. 
※ 파생결합증권 발행사 신용사건 발생시 투자원금 전부 또는 일부에 손실이 발생할 수 있습니다. 
3) 만기 및 조기상환 일정표 
 
※ 최초 기초자산 가격 결정일, 자동 조기상환 및 만기상환 평가일에 해당 기초자산 거래소 중 한 곳이라도 
개장일이 아닐 경우, 기초자산의 가격 결정일 및 평가일은 모든 기초자산의 거래소가 개장하는 날까지 순연
됩니다. 이 경우 평가일이 순연됨에 따라 파생결합증권 대금 지급일과 펀드 상환금 지급일도 순연되며, 최
초 기초자산 가격 결정일의 순연기간이 길어질 경우에는 자동 조기상환 및 만기상환 평가일과 펀드 상환금 
지급일이 조정될 수도 있습니다. 또한 기초자산 거래소의 휴장 등이 상당기간 길어질 경우 펀드가 강제 조
기청산될 수 있습니다. 상기 외의 상황이 발생한 경우에는 파생결합증권 계약서, 관련 법령 및 합리적인 상
관례 등에 따라 처리 됩니다.  
※ 펀드가 강제 조기청산될 경우 해당 시점에 평가된 기준가격 대비 현저히 낮은 가격으로 강제 조기 청산
되어 예상치 못한 투자원금의 큰 손실이 발생할 수 있습니다. 
※ 최초 기초자산가격의 50%미만(종가기준)으로 하락한 경우에 대한 관찰은 기초자산 중 일부에 대하여만 
종가가 결정된 날도 포함합니다.  
※ 국내 지수가 아닌 해외 지수의 경우 현지 해당일의 종가기준입니다.  
※ 상기 수익률은 자동조기상환 및 만기수익상환 조건 충족시 기초자산 가격 수준에 따른 예시 수익률이며, 
확정된 수익률은 아닙니다.  
분류 투자신탁, 증권형(주식파생형), 개방형(중도환매가능), 단위형(추가납입불가능), 종류형 
투자비용 
클래스 종류 
투자자가 부담하는 수수료 및 총보수 
(연간, 단위: %) 
1,000만원 투자시 투자자가 부담하는 
투자기간별 총비용 예시 (단위: 천원) 
판매수수료 총보수 
 동종유형 
총보수 1년 2년 3년 5년 10년 
판매보수 
수수료선취- 
오프라인(A) 
납입금액의 
0.8%이내 0.255 0.000 0.750 93 93 94 - - 
수수료선취- 
온라인(A-E) 
납입금액의 
0.5%이내 0.255 0.000 0.610 63 63 64 - - 
(주1)‘1,000만원 투자시 투자자가 부담하는 투자기간별 총비용 예시’는 투자자가 1,000만원을 투자했을 경우 향후 투자기간별 지불하
게 되는 총비용(판매수수료 + 총보수비용)을 의미합니다. 선취판매수수료 및 총보수비용은 일정하고, 이익금은 모두 재투자하며, 
연간 투자수익률은 5%로 가정하였습니다. 
(주2) 종류형 집합투자기구의 구체적인 투자비용은 투자설명서 제2부 13. 보수 및 수수료에 관한 사항(p.26~27)을 참고하시기 바랍니다. 
(주3) ‘동종유형 총보수’는 한국금융투자협회에서 공시하는 동종유형 집합투자기구 전체의 평균 총보수비용을 의미합니다. 

- 8 - 
투자실적추이 
(연평균수익률)  
(단위:%) 
종류 최초설정일 
최근 1년 최근 2년 최근 3년 최근 5년 
설정일이후 
    
수수료선취- 
오프라인(A) 2020년 09월 08일 - - - - - 
수익률 변동성 2020년 09월 08일 - - - - - 
(주1) 비교지수: 해당사항 없음 
(주2) 연평균 수익률은 해당 기간동안의 누적수익률을 기하평균방식으로 계산한 것으로 집합투자기구 총비용 지급 후 해당기간동안의 
세전평균 수익률을 나타내는 수치입니다. 
(주3) 수익률 변동성(표준편차)은 해당기간 펀드의 연환산 주간수익률이 평균수익률에서 통상적으로 얼마만큼 등락했는지를 보여주는 
수치로서, 변동성이 높을수록 수익률 등락이 빈번해 펀드의 손실위험이 높다는 것을 의미합니다. 
운용전문 
인력 
성명 생년 직위 
운용현황 동종펀드 연평균 수익률(주식파생형)(%) 
운용경력년수 
펀드수(개) 규모(억) 운용역 운용사 
최근1년 최근2년 최근1년 최근2년 
윤동환 1970년 책임 69 9,749 51.66 53.75 
33.84 42.65 
22년 7개월 
맹주완 1983년 부책임 - - - - 10년 3개월 
(주1) ‘책임운용전문인력’은 이 집합투자기구의 운용의사결정 및 운용결과에 대한 책임을 부담하는 운용전문인력을 말하며, ‘부책임운용
전문인력’은 책임운용전문인력이 아닌 자로서 집합투자기구의 투자목적 및 운용전략 등에 중대한 영향을 미칠 수 있는 자산에 대
한 운용권한을 가진 운용전문인력을 말합니다. 
(주2) 운용전문인력의 최근 과거 3년 이내에 운용한 집합투자기구의 명칭, 집합투자재산의 규모와 수익률 등은 금융투자협회 홈페이지
(dis.kofia.or.kr)에서 확인할 수 있습니다. 
(주3) 동종집합투자기구 연평균 수익률은 해당 집합투자업자가 분류한 동일 유형 집합투자기구의 평균운용성과이며, 해당 운용전문인력
의 평균운용성과는 해당 회사 근무기간 중 운용한 성과를 의미합니다. 
(주4) ‘운용경력년수’는 해당 운용전문인력이 과거 집합투자기구를 운용한 기간을 모두 합산한 기간입니다. 
투자자 
유의사항 
ㆍ집합투자증권은 ｢예금자보호법｣에 따라 예금보험공사가 보호하지 않는 실적배당상품으로 투자원금의 손실이 발생할 
수 있으므로 투자에 신중을 기하여 주시기 바랍니다.  
ㆍ금융위원회가 투자설명서의 기재사항이 진실 또는 정확하다는 것을 인정하거나 그 증권의 가치를 보증 또는 승인하지 
아니함을 유의하시기 바랍니다. 
ㆍ간이투자설명서보다 자세한 내용이 필요하시어 투자설명서의 교부를 요청하시면 귀하의 집합투자증권 매입 이전까지 
교부 하오니 참고하시기 바랍니다. 
ㆍ간이투자설명서는 증권신고서 효력발생일까지 기재사항 중 일부가 변경될 수 있으며, 개방형 집합투자증권인 경우 효
력 발생일 이후에도 변경될 수 있습니다. 
ㆍ이 집합투자증권의 투자위험등급을 확인하시고, 귀하의 투자 경력이나 투자성향에 적합한 상품인지 신중한 투자결정
을 하시기 바랍니다. 
ㆍ증권신고서, 투자설명서상 기재된 투자전략에 따른 투자목적 또는 성과목표는 반드시 실현된다는 보장은 없습니다. 또
한 과거의 투자실적이 장래에도 실현된다는 보장은 없습니다. 
 
<투자자 숙려제도> 
■ 이 상품은 파생결합증권에 투자되는 상품으로 운용방법과 구조에 따라 수익이 결정되며 원금손실 가능성이 있습니
다. 따라서, 해당상품에 대하여 충분히 숙려 후 최종투자 여부를 확정하시기 바랍니다. 
■ 투자자 숙려제도에 따라 상품 안내문과 투자설명서, 대고객 투자자 숙려제도 안내 SMS 등을 통해 안내된 숙려기간
(2020년 09월 04일부터 2020년 09월 07일까지, 2영업일) 내에 가입을 취소하실 수 있으며 취소를 원하시는 경우 
본인이 직접 영업점에 방문하시어 신청하셔야만 합니다. 
(적용대상자는 아래의 1과 2를 모두 충족하는 경우입니다.) 
<적용대상자> 
1. 투자성향 부적합 거래고객 또는 만 70세 이상의 고령투자자 
2. 공모형 ELF/DLF를 판매회사 창구에서 가입하는 경우(비대면 신규 제외) 
■ 판매회사는 상품의 위험성 및 숙려제도 안내를 위하여 상품가입 이후 LMS 발송 및 전화 안내를 실시하오니, 이를 
참고해주시기 바랍니다. 
■ 투자자 숙려제도란? 
- ELF 가입 후 펀드 설정 전에 대상투자자가 ELF의 상품구조 및 투자위험 등을 충분히 숙지하고 투자결정을 할 수 있
도록 2영업일 이상 숙려기간을 부여 
- 대상투자자: 일반투자자 중 투자성향이 부적합한 투자자, 고령투자자(만 70세 이상) 
- 9 - 
※ 자신의 투자성향보다 위험도가 높은 상품에 투자하기 위해 부적합 확인서를 제출하는 투자자 
- 적용방식: 대상투자자는 가입 마감 2영업일전까지 가입하고 이후 숙려기간(2영업일) 동안 최종 투자여부를 확정. 가
입을 취소하고자 할 경우 숙려기간 종료 전까지 취소 
- 안내: 가입 이후부터 숙려기간 종료 전까지 유선 등으로 상품위험과 취소방법을 추가적으로 안내 
- 취소방법: 본인이 직접 영업점을 방문하여 취소 신청 가능(전화 취소 불가능) 
주요 
투자위험 
구분 투자위험의 주요내용 
원본 
손실위험 
이 투자신탁은 실적배당상품으로 투자 원금 전액이 보장 또는 보호되지 않습니다. 따라서 투자원본의 
전부 또는 일부에 대한 손실의 위험이 존재하며 투자금액의 손실 내지 감소의 위험은 전적으로 투자자
가 부담하며, 집합투자업자나 판매회사 등 어떤 당사자도 투자손실에 대하여 책임을 지지 아니합니다. 
또한, 이 투자신탁은 예금자보호법의 적용을 받는 은행의 예금과 달리 실적에 따른 수익을 취득하므로 
은행 등에서 판매하는 경우에도 예금보험공사 등의 보호를 받지 못합니다. 
시장위험 
이 투자신탁은 투자신탁재산을 파생결합증권에 투자합니다. 따라서 국내외 금융시장의 주가, 이자율 및 
기타 거시경제지표, 정치·경제 상황, 정부의 정책변화, 세제의 변경 등이 운용에 영향을 미칠 수 있으
며, 이로 인해 투자원금 손실이 발생할 수 있습니다. 또한 투자대상종목 발행회사의 영업환경, 재무상황 
및 신용상태의 악화 등도 운용에 영향을 미칠 수 있으며, 이로 인해 투자원금 손실이 발생할 수 있습니
다. 특히 이 투자신탁은 파생결합증권을 편입하며, 해당 파생결합증권의 기초자산 변동에 의해 투자수
익 및 투자원금 손실이 발생할 수 있습니다. 
파생결합증권 
투자위험 
이 투자신탁이 주로 투자하는 파생결합증권은 기초자산의 가격변동에 따라 투자원금의 전부 또는 상당
부분에 손실이 발생할 수 있습니다. 파생결합증권의 조건은 기초자산의 전부 또는 일부에 대하여 기초
자산의 본질가치의 변경을 초래하는 사유가 발생하는 경우 기타 국내외 금융시장의 관행에 따라 본 증
권의 권리내용 조정이 필요하다고 인정되는 경우에는 금융시장의 관행에 따라 발행자와 당사의 합의를 
통해 일부 조정 될 수 있습니다. ※ 파생결합증권의 권리내용 조정 사유 및 조정 방법 등은 각 파생결
합증권 발행회사와의 계약 내용에 따라 다소 차이가 있을 수 있습니다. 
거래상대방위험 
보유하고 있는 증권 및 단기금융상품을 발행한 회사 또는 계약상대방이 신용등급 하락 또는 부도 등과 
같은 신용사건에 노출되는 경우 그 증권 및 단기금융상품, 당해 계약 등의 가치가 하락할 수 있습니다. 
또한, 법률에 따라 채무 등이 지급유예, 채무증권 등이 주식과 같은 지분증권 또는 다른 종류의 새로운 
채무증권(계약) 등으로의 전환, 변제기간이 장기간 유예되는 등의 방식으로 당초의 권리가 변경되어 투
자원금 손실이 발생할 수 있습니다. 
파생결합증권 
신용위험 
파생결합증권의 거래는 파생결합증권을 발행한 회사와의 직접적인 거래로 발행회사의 부도, 파산 등의 
사유로 투자계약조건을 이행하지 못하는 경우에는 이 투자신탁이 추구하는 투자전략이 실현될 수 없으
며, 원금의 일부 또는 전액 손실이 발생할 수 있습니다. 이 투자신탁은 파생결합증권 발행회사와 직접
거래를 통해 파생결합증권을 투자하기 때문에 이 투자신탁은 파생결합증권 발행회사의 영업, 재무상태 
및 신용상태 등의 리스크로 인해 투자 원본 및 수익을 분배하지 못할 수도 있습니다. 자세한 사항은 각 
발행사 홈페이지 또는 금융감독원 전자공시 시스템(http://dart.fss.or.kr)에서 확인할 수 있습니다 
유동성위험 
일반적으로 파생결합증권은 다른 증권과 달리 파생결합증권을 발행한 회사와 직접 거래를 하여야 하므
로 유동성이 적습니다. 따라서 파생결합증권을 만기 이전에 중도 매각하고자 하는 경우 중도 매각이 원
활하지 못할 수 있습니다. 또한 중도 환매하는 경우에는 최초 설정일로부터 계약기간 종료일까지의 기
간에 대해 기초자산가격이 연동한 수익을 제공하는 것을 목표로 예상한 수익구조와는 다를 수 있으며, 
환매수수료 징구 등으로 투자원금손실이 발생할 수 있습니다. 
매입방법 투자신탁 최초설정일(2020년 09월 08일)의  
기준가격 환매방법 
17시 이전: 제4영업일 기준가격으로  
제5영업일에 대금 지급 
17시 경과 후: 제5영업일 기준가격으로  
제6영업일에 대금 지급 
환매수수료 최초설정일 이후 6개월 미만: 환매금액의 7% / 6개월 이후부터 파생결합증권 상환이전: 환매금액의 5% 
기준가 
산정방법 - 당일 기준가격 = (전일 집합투자기구 자산총액 – 부채총액) /전일 집합투자기구 총좌수 
- 1,000좌 단위로 원미만 셋째자리에서 반올림하여 원미만 둘째자리까지 계산 
공시장소 판매회사 본ㆍ영업점 및 집합투자업자(www.kbam.co.kr)ㆍ판매회사ㆍ한국금융투자협회 
(dis.kofia.or.kr)의 인터넷 홈페이지에 게시합니다. 
과세 
구분 과세의 주요내용 
집합투자기구 집합투자기구 단계에서는 별도의 소득과세 부담이 없는 것이 원칙입니다. 
수익자 
거주자와 일반법인이 받는 집합투자기구로부터의 과세 이익에 대해서는 15.4%(지방소득세 포함) 세율로 
원천징수됩니다. 단, 연간 금융소득합계액이 기준금액을 초과하는 경우에는 기준금액을 초과하는 금액을 
다른 종합소득과 합산하여 개인소득세율로 종합과세 됩니다. 
※ 세제혜택 계좌ㆍ클래스ㆍ펀드 투자자의 과세에 관한 사항은 투자설명서 제2부. 14. 이익 배분 및 
과세에 관한 사항을 참고하시기 바랍니다. 
- 10 - 
집합투자업자 KB자산운용주식회사 (☎ 02-2167-8200 / 인터넷 홈페이지 www.kbam.co.kr) 
모집기간 
2020년 08월 31일부터 2020년 09월 07일까지 
※투자자 숙려제도 적용 대상자의 경우 
매입청구기간: 2020년 08월 31일부터 2020년 09월 03일까지  
매입청구불가기간: 2020년 09월 04일부터 2020년 09월 07일까지  
(판매회사에 따라 모집기간 단축 가능) 
모집  
매출 총액 10조좌 
효력발생일 2021년 01월 26일 존속기간 
최초설정일로부터 2023년 09월 11일까지. 
 다만, 파생결합증권이 상환되는 경우 그 상환금  
 지급일의 익영업일까지 
판매회사 한국금융투자협회(www.kofia.or.kr) 및 집합투자업자(www.kbam.co.kr)의 홈페이지 참고 
참조 집합투자업자의 사업목적, 요약 재무정보에 관한 사항은 투자설명서 제4부 1. 집합투자업자에 관한 사항(p.30~32)을 
참고하시기 바랍니다. 
집합투자기구 
종류 
이 집합투자기구는 종류형 집합투자기구입니다. 집합투자기구의 종류는 판매수수료 부과방식-판매경로-기타 펀드특성에 
따라 3단계로 구분되며, 집합투자기구 종류의 대표적인 차이는 다음과 같습니다. 
판매 
수수료 
수수료 
선취(A) 
집합투자증권 매입시점에 판매수수료가 일시 징구되는 반면 판매보수가 판매수수료미징구형(C)
보다 상대적으로 낮게 책정되는 집합투자증권입니다. 
판매 
경로 
온라인(E/e) 
판매회사의 온라인전용으로 판매되는 집합투자증권으로 오프라인으로 판매되는 집합투자증권보
다 판매수수료 및 판매보수가 저렴한 집합투자증권입니다. 다만, 판매회사로부터 별도의 투자권
유 및 상담서비스는 제공되지 않습니다. 
오프라인 
오프라인전용(판매회사 창구)으로 판매되는 집합투자증권으로 온라인으로 판매되는 집합투자증
권보다 판매수수료 및 판매보수가 높은 집합투자증권입니다. 다만, 판매회사로부터 별도의 투자
권유 및 상담서비스가 제공됩니다. 
 
 
 
 집합투자기구 공시 정보 안내 
| 증권신고서 금융감독원 전자공시시스템(dart.fss.or.kr) 
| 투자설명서 금융감독원 전자공시시스템(dart.fss.or.kr), 한국금융투자협회(www.kofia.or.kr),  
      집합투자업자(www.kbam.co.kr) 및 판매회사 홈페이지 
| 정기보고서(영업보고서, 결산서류) 금융감독원 홈페이지(www.fss.or.kr) 및  
                          한국금융투자협회 전자공시시스템(dis.kofia.or.kr) 
| 자산운용보고서 한국금융투자협회 전자공시시스템(dis.kofia.or.kr) 및 집합투자업자 홈페이지(www.kbam.co.kr) 
| 수시공시 한국금융투자협회 전자공시시스템(dis.kofia.or.kr) 및 집합투자업자 홈페이지(www.kbam.co.kr)",ok,
products/fund/(3B31)KB지수연계증권85(ELS-파생형)간이투자설명서-210126(부책임변경)202101280921.pdf,(3B31)KB지수연계증권85(ELS-파생형)간이투자설명서-210126(부책임변경)202101280921.pdf,products/fund,5,"- 6 - 
 
이 요약정보는 KB 지수연계 증권 투자신탁 85호(ELS-파생형)의 투자설명서의 내용 중 중요사항을 발췌ㆍ요약한 핵심정보를 담고 있습니다. 
따라서 자세한 정보가 필요하신 경우에는 동 집합투자증권을 매입하기 이전에 투자설명서를 반드시 참고하시기 바랍니다. 
■ 요약정보 
투자목적 및 
투자전략 
이 투자신탁은 파생결합증권을 주된 투자대상으로 하는 투자신탁으로서, S&P500 지수, HSCEI 지수, EUROSTOXX50 
지수의 변동에 연계되고 매 6개월 단위로 조기상환조건이 내재된 파생결합증권에 투자함으로써 기초자산의 변동에 
따라 수익을 얻는 것을 목적으로 합니다. 
1) 손익발생 요건 
간이투자설명서   | 작성기준일 2021.01.18 | 
KB 지수연계 증권 투자신탁 85호(ELS-파생형) [펀드코드: DA308] 
투자위험등급 KB자산운용㈜는 이 투자신탁의 투자대상 자산의 종류 및 위험도 등을 감안하
여 1등급으로 분류하였습니다. 
집합투자증권은 ｢예금자보호법｣에 따라 예금보험공사가 보호하지 않는 실적배당상품입
니다. 투자신탁재산의 90%이상을 S&P500 지수, HSCEI 지수, EUROSTOXX50 지수를 
기초자산으로 하는 파생결합증권에 투자하여 기초자산 가격 변동에 따라 수익을 얻는 것
을 목적으로 하므로 파생결합증권에 집중 투자함에 따른 거래상대방위험, 가격변동에 따
른 원금손실위험 등에 노출되므로 투자에 신중을 기하여 주시기 바랍니다. 
1등급(매우 높은 위험) 
1 2 3 4 5 6 
매우 
높은 
위험 
높은 
위험 
다소 
높은 
위험 
보통 
위험 
낮은 
위험 
매우 
낮은 
위험 

- 7 - 
2) 발행회사 
발행사 삼성증권 NH투자증권 메리츠증권 하이투자증권 
신용등급 AA+ AA+ AA- A+ 
기준일 2020.06.23 2020.06.26 2020.08.10 2020.07.30 
평가기관 한국신용평가 
※ 파생결합증권 발행사의 신용등급은 금융감독원 전자공시기준으로 향후 신용등급이 변동 될 수 있습니다. 
※ 파생결합증권 발행사 신용사건 발생시 투자원금 전부 또는 일부에 손실이 발생할 수 있습니다. 
3) 만기 및 조기상환 일정표 
※ 최초 기초자산 가격 결정일, 자동 조기상환 및 만기상환 평가일에 해당 기초자산 거래소 중 한 곳이라도 
개장일이 아닐 경우, 기초자산의 가격 결정일 및 평가일은 모든 기초자산의 거래소가 개장하는 날까지 순연
됩니다. 이 경우 평가일이 순연됨에 따라 파생결합증권 대금 지급일과 펀드 상환금 지급일도 순연되며, 최
초 기초자산 가격 결정일의 순연기간이 길어질 경우에는 자동 조기상환 및 만기상환 평가일과 펀드 상환금 
지급일이 조정될 수도 있습니다. 또한 기초자산 거래소의 휴장 등이 상당기간 길어질 경우 펀드가 강제 조기
청산될 수 있습니다. 상기 외의 상황이 발생한 경우에는 파생결합증권 계약서, 관련 법령 및 합리적인 상관
례 등에 따라 처리 됩니다.  
※ 펀드가 강제 조기청산될 경우 해당 시점에 평가된 기준가격 대비 현저히 낮은 가격으로 강제 조기 청산
되어 예상치 못한 투자원금의 큰 손실이 발생할 수 있습니다. 
※ 최초 기초자산가격의 50%미만(종가기준)으로 하락한 경우에 대한 관찰은 기초자산 중 일부에 대하여만 
종가가 결정된 날도 포함합니다.  
※ 국내 지수가 아닌 해외 지수의 경우 현지 해당일의 종가기준입니다.  
※ 상기 수익률은 자동조기상환 및 만기수익상환 조건 충족시 기초자산 가격 수준에 따른 예시 수익률이며, 
확정된 수익률은 아닙니다.  
분류 투자신탁, 증권형(주식파생형), 개방형(중도환매가능), 단위형(추가납입불가능), 종류형 
투자비용 
클래스 종류 
투자자가 부담하는 수수료 및 총보수 
(연간, 단위: %) 
1,000만원 투자시 투자자가 부담하는 
투자기간별 총비용 예시 (단위: 천원) 
판매수수료 총보수 
 동종유형 
총보수 1년 2년 3년 5년 10년 
판매보수 
수수료선취- 
오프라인(A) 
납입금액의 
0.8%이내 0.155 0.000 0.750 88 88 89 - - 
수수료선취- 
온라인(A-E) 
납입금액의 
0.5%이내 0.155 0.000 0.610 58 58 59 - - 
(주1)‘1,000만원 투자시 투자자가 부담하는 투자기간별 총비용 예시’는 투자자가 1,000만원을 투자했을 경우 향후 투자기간별 지불하
게 되는 총비용(판매수수료 + 총보수비용)을 의미합니다. 선취판매수수료 및 총보수비용은 일정하고, 이익금은 모두 재투자하며, 
연간 투자수익률은 5%로 가정하였습니다. 
(주2) 종류형 집합투자기구의 구체적인 투자비용은 투자설명서 제2부 13. 보수 및 수수료에 관한 사항(p.26~27)을 참고하시기 바랍니다. 
(주3) ‘동종유형 총보수’는 한국금융투자협회에서 공시하는 동종유형 집합투자기구 전체의 평균 총보수비용을 의미합니다. 

- 8 - 
투자실적추이 
(연평균수익률)  
(단위:%) 
종류 최초설정일 
최근 1년 최근 2년 최근 3년 최근 5년 
설정일이후 
    
수수료선취- 
오프라인(A) 2020년 09월 14일 - - - - - 
수익률 변동성 2020년 09월 14일 - - - - - 
(주1) 비교지수: 해당사항 없음 
(주2) 연평균 수익률은 해당 기간동안의 누적수익률을 기하평균방식으로 계산한 것으로 집합투자기구 총비용 지급 후 해당기간동안의 
세전평균 수익률을 나타내는 수치입니다. 
(주3) 수익률 변동성(표준편차)은 해당기간 펀드의 연환산 주간수익률이 평균수익률에서 통상적으로 얼마만큼 등락했는지를 보여주는 
수치로서, 변동성이 높을수록 수익률 등락이 빈번해 펀드의 손실위험이 높다는 것을 의미합니다. 
운용전문 
인력 
성명 생년 직위 
운용현황 동종펀드 연평균 수익률(주식파생형)(%) 
운용경력년수 
펀드수(개) 규모(억) 운용역 운용사 
최근1년 최근2년 최근1년 최근2년 
윤동환 1970년 책임 69 9,749 51.66 53.75 
33.84 42.65 
22년 7개월 
맹주완 1983년 부책임 - - - - 10년 3개월 
(주1) ‘책임운용전문인력’은 이 집합투자기구의 운용의사결정 및 운용결과에 대한 책임을 부담하는 운용전문인력을 말하며, ‘부책임운용
전문인력’은 책임운용전문인력이 아닌 자로서 집합투자기구의 투자목적 및 운용전략 등에 중대한 영향을 미칠 수 있는 자산에 대
한 운용권한을 가진 운용전문인력을 말합니다. 
(주2) 운용전문인력의 최근 과거 3년 이내에 운용한 집합투자기구의 명칭, 집합투자재산의 규모와 수익률 등은 금융투자협회 홈페이지
(dis.kofia.or.kr)에서 확인할 수 있습니다. 
(주3) 동종집합투자기구 연평균 수익률은 해당 집합투자업자가 분류한 동일 유형 집합투자기구의 평균운용성과이며, 해당 운용전문인력
의 평균운용성과는 해당 회사 근무기간 중 운용한 성과를 의미합니다. 
(주4) ‘운용경력년수’는 해당 운용전문인력이 과거 집합투자기구를 운용한 기간을 모두 합산한 기간입니다. 
투자자 
유의사항 
ㆍ집합투자증권은 ｢예금자보호법｣에 따라 예금보험공사가 보호하지 않는 실적배당상품으로 투자원금의 손실이 발생할 
수 있으므로 투자에 신중을 기하여 주시기 바랍니다.  
ㆍ금융위원회가 투자설명서의 기재사항이 진실 또는 정확하다는 것을 인정하거나 그 증권의 가치를 보증 또는 승인하지 
아니함을 유의하시기 바랍니다. 
ㆍ간이투자설명서보다 자세한 내용이 필요하시어 투자설명서의 교부를 요청하시면 귀하의 집합투자증권 매입 이전까지 
교부 하오니 참고하시기 바랍니다. 
ㆍ간이투자설명서는 증권신고서 효력발생일까지 기재사항 중 일부가 변경될 수 있으며, 개방형 집합투자증권인 경우 효
력 발생일 이후에도 변경될 수 있습니다. 
ㆍ이 집합투자증권의 투자위험등급을 확인하시고, 귀하의 투자 경력이나 투자성향에 적합한 상품인지 신중한 투자결정
을 하시기 바랍니다. 
ㆍ증권신고서, 투자설명서상 기재된 투자전략에 따른 투자목적 또는 성과목표는 반드시 실현된다는 보장은 없습니다. 또
한 과거의 투자실적이 장래에도 실현된다는 보장은 없습니다. 
 
<투자자 숙려제도> 
■ 이 상품은 파생결합증권에 투자되는 상품으로 운용방법과 구조에 따라 수익이 결정되며 원금손실 가능성이 있습니
다. 따라서, 해당상품에 대하여 충분히 숙려 후 최종투자 여부를 확정하시기 바랍니다. 
■ 투자자 숙려제도에 따라 상품 안내문과 투자설명서, 대고객 투자자 숙려제도 안내 SMS 등을 통해 안내된 숙려기간
(2020년 09월 10일부터 2020년 09월 11일까지, 2영업일) 내에 가입을 취소하실 수 있으며 취소를 원하시는 경우 
본인이 직접 영업점에 방문하시어 신청하셔야만 합니다. 
(적용대상자는 아래의 1과 2를 모두 충족하는 경우입니다.) 
<적용대상자> 
1. 투자성향 부적합 거래고객 또는 만 70세 이상의 고령투자자 
2. 공모형 ELF/DLF를 판매회사 창구에서 가입하는 경우(비대면 신규 제외) 
■ 판매회사는 상품의 위험성 및 숙려제도 안내를 위하여 상품가입 이후 LMS 발송 및 전화 안내를 실시하오니, 이를 
참고해주시기 바랍니다. 
■ 투자자 숙려제도란? 
- ELF 가입 후 펀드 설정 전에 대상투자자가 ELF의 상품구조 및 투자위험 등을 충분히 숙지하고 투자결정을 할 수 있
도록 2영업일 이상 숙려기간을 부여 
- 대상투자자: 일반투자자 중 투자성향이 부적합한 투자자, 고령투자자(만 70세 이상) 
- 9 - 
※ 자신의 투자성향보다 위험도가 높은 상품에 투자하기 위해 부적합 확인서를 제출하는 투자자 
- 적용방식: 대상투자자는 가입 마감 2영업일전까지 가입하고 이후 숙려기간(2영업일) 동안 최종 투자여부를 확정. 가
입을 취소하고자 할 경우 숙려기간 종료 전까지 취소 
- 안내: 가입 이후부터 숙려기간 종료 전까지 유선 등으로 상품위험과 취소방법을 추가적으로 안내 
- 취소방법: 본인이 직접 영업점을 방문하여 취소 신청 가능(전화 취소 불가능) 
주요 
투자위험 
구분 투자위험의 주요내용 
원본 
손실위험 
이 투자신탁은 실적배당상품으로 투자 원금 전액이 보장 또는 보호되지 않습니다. 따라서 투자원본의 
전부 또는 일부에 대한 손실의 위험이 존재하며 투자금액의 손실 내지 감소의 위험은 전적으로 투자자
가 부담하며, 집합투자업자나 판매회사 등 어떤 당사자도 투자손실에 대하여 책임을 지지 아니합니다. 
또한, 이 투자신탁은 예금자보호법의 적용을 받는 은행의 예금과 달리 실적에 따른 수익을 취득하므로 
은행 등에서 판매하는 경우에도 예금보험공사 등의 보호를 받지 못합니다. 
시장위험 
이 투자신탁은 투자신탁재산을 파생결합증권에 투자합니다. 따라서 국내외 금융시장의 주가, 이자율 및 
기타 거시경제지표, 정치·경제 상황, 정부의 정책변화, 세제의 변경 등이 운용에 영향을 미칠 수 있으
며, 이로 인해 투자원금 손실이 발생할 수 있습니다. 또한 투자대상종목 발행회사의 영업환경, 재무상황 
및 신용상태의 악화 등도 운용에 영향을 미칠 수 있으며, 이로 인해 투자원금 손실이 발생할 수 있습니
다. 특히 이 투자신탁은 파생결합증권을 편입하며, 해당 파생결합증권의 기초자산 변동에 의해 투자수
익 및 투자원금 손실이 발생할 수 있습니다. 
파생결합증권 
투자위험 
이 투자신탁이 주로 투자하는 파생결합증권은 기초자산의 가격변동에 따라 투자원금의 전부 또는 상당
부분에 손실이 발생할 수 있습니다. 파생결합증권의 조건은 기초자산의 전부 또는 일부에 대하여 기초
자산의 본질가치의 변경을 초래하는 사유가 발생하는 경우 기타 국내외 금융시장의 관행에 따라 본 증
권의 권리내용 조정이 필요하다고 인정되는 경우에는 금융시장의 관행에 따라 발행자와 당사의 합의를 
통해 일부 조정 될 수 있습니다. ※ 파생결합증권의 권리내용 조정 사유 및 조정 방법 등은 각 파생결
합증권 발행회사와의 계약 내용에 따라 다소 차이가 있을 수 있습니다. 
거래상대방위험 
보유하고 있는 증권 및 단기금융상품을 발행한 회사 또는 계약상대방이 신용등급 하락 또는 부도 등과 
같은 신용사건에 노출되는 경우 그 증권 및 단기금융상품, 당해 계약 등의 가치가 하락할 수 있습니다. 
또한, 법률에 따라 채무 등이 지급유예, 채무증권 등이 주식과 같은 지분증권 또는 다른 종류의 새로운 
채무증권(계약) 등으로의 전환, 변제기간이 장기간 유예되는 등의 방식으로 당초의 권리가 변경되어 투
자원금 손실이 발생할 수 있습니다. 
파생결합증권 
신용위험 
파생결합증권의 거래는 파생결합증권을 발행한 회사와의 직접적인 거래로 발행회사의 부도, 파산 등의 
사유로 투자계약조건을 이행하지 못하는 경우에는 이 투자신탁이 추구하는 투자전략이 실현될 수 없으
며, 원금의 일부 또는 전액 손실이 발생할 수 있습니다. 이 투자신탁은 파생결합증권 발행회사와 직접
거래를 통해 파생결합증권을 투자하기 때문에 이 투자신탁은 파생결합증권 발행회사의 영업, 재무상태 
및 신용상태 등의 리스크로 인해 투자 원본 및 수익을 분배하지 못할 수도 있습니다. 자세한 사항은 각 
발행사 홈페이지 또는 금융감독원 전자공시 시스템(http://dart.fss.or.kr)에서 확인할 수 있습니다 
유동성위험 
일반적으로 파생결합증권은 다른 증권과 달리 파생결합증권을 발행한 회사와 직접 거래를 하여야 하므
로 유동성이 적습니다. 따라서 파생결합증권을 만기 이전에 중도 매각하고자 하는 경우 중도 매각이 원
활하지 못할 수 있습니다. 또한 중도 환매하는 경우에는 최초 설정일로부터 계약기간 종료일까지의 기
간에 대해 기초자산가격이 연동한 수익을 제공하는 것을 목표로 예상한 수익구조와는 다를 수 있으며, 
환매수수료 징구 등으로 투자원금손실이 발생할 수 있습니다. 
매입방법 투자신탁 최초설정일(2020년 09월 14일)의  
기준가격 환매방법 
17시 이전: 제4영업일 기준가격으로  
제5영업일에 대금 지급 
17시 경과 후: 제5영업일 기준가격으로  
제6영업일에 대금 지급 
환매수수료 최초설정일 이후 6개월 미만: 환매금액의 7% / 6개월 이후부터 파생결합증권 상환이전: 환매금액의 5% 
기준가 
산정방법 - 당일 기준가격 = (전일 집합투자기구 자산총액 – 부채총액) /전일 집합투자기구 총좌수 
- 1,000좌 단위로 원미만 셋째자리에서 반올림하여 원미만 둘째자리까지 계산 
공시장소 판매회사 본ㆍ영업점 및 집합투자업자(www.kbam.co.kr)ㆍ판매회사ㆍ한국금융투자협회 
(dis.kofia.or.kr)의 인터넷 홈페이지에 게시합니다. 
과세 
구분 과세의 주요내용 
집합투자기구 집합투자기구 단계에서는 별도의 소득과세 부담이 없는 것이 원칙입니다. 
수익자 
거주자와 일반법인이 받는 집합투자기구로부터의 과세 이익에 대해서는 15.4%(지방소득세 포함) 세율로 
원천징수됩니다. 단, 연간 금융소득합계액이 기준금액을 초과하는 경우에는 기준금액을 초과하는 금액을 
다른 종합소득과 합산하여 개인소득세율로 종합과세 됩니다. 
※ 세제혜택 계좌ㆍ클래스ㆍ펀드 투자자의 과세에 관한 사항은 투자설명서 제2부. 14. 이익 배분 및 
과세에 관한 사항을 참고하시기 바랍니다. 
- 10 - 
집합투자업자 KB자산운용주식회사 (☎ 02-2167-8200 / 인터넷 홈페이지 www.kbam.co.kr) 
모집기간 
2020년 09월 07일부터 2020년 09월 11일까지 
※투자자 숙려제도 적용 대상자의 경우 
매입청구기간: 2020년 09월 07일부터 2020년 09월 09일까지  
매입청구불가기간: 2020년 09월 10일부터 2020년 09월 11일까지  
(판매회사에 따라 모집기간 단축 가능) 
모집  
매출 총액 10조좌 
효력발생일 2021년 01월 26일 존속기간 
최초설정일로부터 2023년 09월 15일까지. 
 다만, 파생결합증권이 상환되는 경우 그 상환금  
 지급일의 익영업일까지 
판매회사 한국금융투자협회(www.kofia.or.kr) 및 집합투자업자(www.kbam.co.kr)의 홈페이지 참고 
참조 집합투자업자의 사업목적, 요약 재무정보에 관한 사항은 투자설명서 제4부 1. 집합투자업자에 관한 사항(p.30~32)을 
참고하시기 바랍니다. 
집합투자기구 
종류 
이 집합투자기구는 종류형 집합투자기구입니다. 집합투자기구의 종류는 판매수수료 부과방식-판매경로-기타 펀드특성에 
따라 3단계로 구분되며, 집합투자기구 종류의 대표적인 차이는 다음과 같습니다. 
판매 
수수료 
수수료 
선취(A) 
집합투자증권 매입시점에 판매수수료가 일시 징구되는 반면 판매보수가 판매수수료미징구형(C)
보다 상대적으로 낮게 책정되는 집합투자증권입니다. 
판매 
경로 
온라인(E/e) 
판매회사의 온라인전용으로 판매되는 집합투자증권으로 오프라인으로 판매되는 집합투자증권보
다 판매수수료 및 판매보수가 저렴한 집합투자증권입니다. 다만, 판매회사로부터 별도의 투자권
유 및 상담서비스는 제공되지 않습니다. 
오프라인 
오프라인전용(판매회사 창구)으로 판매되는 집합투자증권으로 온라인으로 판매되는 집합투자증
권보다 판매수수료 및 판매보수가 높은 집합투자증권입니다. 다만, 판매회사로부터 별도의 투자
권유 및 상담서비스가 제공됩니다. 
 
 
 
 집합투자기구 공시 정보 안내 
| 증권신고서 금융감독원 전자공시시스템(dart.fss.or.kr) 
| 투자설명서 금융감독원 전자공시시스템(dart.fss.or.kr), 한국금융투자협회(www.kofia.or.kr),  
      집합투자업자(www.kbam.co.kr) 및 판매회사 홈페이지 
| 정기보고서(영업보고서, 결산서류) 금융감독원 홈페이지(www.fss.or.kr) 및  
                          한국금융투자협회 전자공시시스템(dis.kofia.or.kr) 
| 자산운용보고서 한국금융투자협회 전자공시시스템(dis.kofia.or.kr) 및 집합투자업자 홈페이지(www.kbam.co.kr) 
| 수시공시 한국금융투자협회 전자공시시스템(dis.kofia.or.kr) 및 집합투자업자 홈페이지(www.kbam.co.kr)",ok,
products/fund/(3B40)KB지수연계증권92(ELS-파생형)간이투자설명서-210126(부책임변경)202101280921.pdf,(3B40)KB지수연계증권92(ELS-파생형)간이투자설명서-210126(부책임변경)202101280921.pdf,products/fund,5,"- 6 - 
 
이 요약정보는 KB 지수연계 증권 투자신탁 92호(ELS-파생형)의 투자설명서의 내용 중 중요사항을 발췌ㆍ요약한 핵심정보를 담고 있습니다. 
따라서 자세한 정보가 필요하신 경우에는 동 집합투자증권을 매입하기 이전에 투자설명서를 반드시 참고하시기 바랍니다. 
 
■ 요약정보 
투자목적 및 
투자전략 
이 투자신탁은 파생결합증권을 주된 투자대상으로 하는 투자신탁으로서, KOSPI200 지수, S&P500 지수, 
EUROSTOXX50 지수의 변동에 연계되고 매 6개월 단위로 조기상환조건이 내재된 파생결합증권에 투자함으로써 기
초자산의 변동에 따라 수익을 얻는 것을 목적으로 합니다. 
1) 손익발생 요건 
 
간이투자설명서   | 작성기준일 2021.01.18 | 
KB 지수연계 증권 투자신탁 92호(ELS-파생형) [펀드코드: DA885] 
투자위험등급 KB자산운용㈜는 이 투자신탁의 투자대상 자산의 종류 및 위험도 등을 감안하
여 1등급으로 분류하였습니다. 
집합투자증권은 ｢예금자보호법｣에 따라 예금보험공사가 보호하지 않는 실적배당상품입
니다. 투자신탁재산의 90%이상을 KOSPI200 지수, S&P500 지수, EUROSTOXX50 지
수를 기초자산으로 하는 파생결합증권에 투자하여 기초자산 가격 변동에 따라 수익을 얻
는 것을 목적으로 하므로 파생결합증권에 집중 투자함에 따른 거래상대방위험, 가격변동
에 따른 원금손실위험 등에 노출되므로 투자에 신중을 기하여 주시기 바랍니다. 
1등급(매우 높은 위험) 
1 2 3 4 5 6 
매우 
높은 
위험 
높은 
위험 
다소 
높은 
위험 
보통 
위험 
낮은 
위험 
매우 
낮은 
위험 
- 7 - 
2) 발행회사 
발행사 삼성증권 미래에셋대우 키움증권 하이투자증권 
신용등급 AA+ AA0 AA- A+ 
기준일 2020.09.04 2020.08.26 2020.08.28 2020.09.01 
평가기관 한국신용평가 
※ 파생결합증권 발행사의 신용등급은 금융감독원 전자공시기준으로 향후 신용등급이 변동 될 수 있습니다. 
※ 파생결합증권 발행사 신용사건 발생시 투자원금 전부 또는 일부에 손실이 발생할 수 있습니다. 
3) 만기 및 조기상환 일정표 
 
※ 최초 기초자산 가격 결정일, 자동 조기상환 및 만기상환 평가일에 해당 기초자산 거래소 중 한 곳이라도 
개장일이 아닐 경우, 기초자산의 가격 결정일 및 평가일은 모든 기초자산의 거래소가 개장하는 날까지 순연
됩니다. 이 경우 평가일이 순연됨에 따라 파생결합증권 대금 지급일과 펀드 상환금 지급일도 순연되며, 최
초 기초자산 가격 결정일의 순연기간이 길어질 경우에는 자동 조기상환 및 만기상환 평가일과 펀드 상환금 
지급일이 조정될 수도 있습니다. 또한 기초자산 거래소의 휴장 등이 상당기간 길어질 경우 펀드가 강제 조기
청산될 수 있습니다. 상기 외의 상황이 발생한 경우에는 파생결합증권 계약서, 관련 법령 및 합리적인 상관
례 등에 따라 처리 됩니다.  
※ 펀드가 강제 조기청산될 경우 해당 시점에 평가된 기준가격 대비 현저히 낮은 가격으로 강제 조기 청산
되어 예상치 못한 투자원금의 큰 손실이 발생할 수 있습니다. 
※ 최초 기초자산가격의 50%미만(종가기준)으로 하락한 경우에 대한 관찰은 기초자산 중 일부에 대하여만 
종가가 결정된 날도 포함합니다.  
※ 국내 지수가 아닌 해외 지수의 경우 현지 해당일의 종가기준입니다.  
※ 상기 수익률은 자동조기상환 및 만기수익상환 조건 충족시 기초자산 가격 수준에 따른 예시 수익률이며, 
확정된 수익률은 아닙니다. 
분류 투자신탁, 증권형(주식파생형), 개방형(중도환매가능), 단위형(추가납입불가능), 종류형 
투자비용 
클래스 종류 
투자자가 부담하는 수수료 및 총보수 
(연간, 단위: %) 
1,000만원 투자시 투자자가 부담하는 
투자기간별 총비용 예시 (단위: 천원) 
판매수수료 총보수 
 동종유형 
총보수 1년 2년 3년 5년 10년 
판매보수 
수수료선취- 
오프라인(A) 
납입금액의 
0.8%이내 0.175 0.000 0.700 89 89 90 - - 
수수료선취- 
온라인(A-E) 
납입금액의 
0.5%이내 0.175 0.000 0.550 59 59 60 - - 
(주1)‘1,000만원 투자시 투자자가 부담하는 투자기간별 총비용 예시’는 투자자가 1,000만원을 투자했을 경우 향후 투자기간별 지불하
게 되는 총비용(판매수수료 + 총보수비용)을 의미합니다. 선취판매수수료 및 총보수비용은 일정하고, 이익금은 모두 재투자하며, 
연간 투자수익률은 5%로 가정하였습니다. 
(주2) 종류형 집합투자기구의 구체적인 투자비용은 투자설명서 제2부 13. 보수 및 수수료에 관한 사항(p.26~27)을 참고하시기 바랍니다. 
(주3) ‘동종유형 총보수’는 한국금융투자협회에서 공시하는 동종유형 집합투자기구 전체의 평균 총보수비용을 의미합니다. 

- 8 - 
투자실적추이 
(연평균수익률)  
(단위:%) 
종류 최초설정일 
최근 1년 최근 2년 최근 3년 최근 5년 
설정일이후 
    
수수료선취- 
오프라인(A) 2020년 09월 29일 - - - - - 
수익률 변동성 2020년 09월 29일 - - - - - 
(주1) 비교지수: 해당사항 없음 
(주2) 연평균 수익률은 해당 기간동안의 누적수익률을 기하평균방식으로 계산한 것으로 집합투자기구 총비용 지급 후 해당기간동안의 
세전평균 수익률을 나타내는 수치입니다. 
(주3) 수익률 변동성(표준편차)은 해당기간 펀드의 연환산 주간수익률이 평균수익률에서 통상적으로 얼마만큼 등락했는지를 보여주는 
수치로서, 변동성이 높을수록 수익률 등락이 빈번해 펀드의 손실위험이 높다는 것을 의미합니다. 
운용전문 
인력 
성명 생년 직위 
운용현황 동종펀드 연평균 수익률(주식파생형)(%) 
운용경력년수 
펀드수(개) 규모(억) 운용역 운용사 
최근1년 최근2년 최근1년 최근2년 
윤동환 1970년 책임 69 9,749 51.66 53.75 
33.84 42.65 
22년 7개월 
맹주완 1983년 부책임 - - - - 10년 3개월 
(주1) ‘책임운용전문인력’은 이 집합투자기구의 운용의사결정 및 운용결과에 대한 책임을 부담하는 운용전문인력을 말하며, ‘부책임운용
전문인력’은 책임운용전문인력이 아닌 자로서 집합투자기구의 투자목적 및 운용전략 등에 중대한 영향을 미칠 수 있는 자산에 대
한 운용권한을 가진 운용전문인력을 말합니다. 
(주2) 운용전문인력의 최근 과거 3년 이내에 운용한 집합투자기구의 명칭, 집합투자재산의 규모와 수익률 등은 금융투자협회 홈페이지
(dis.kofia.or.kr)에서 확인할 수 있습니다. 
(주3) 동종집합투자기구 연평균 수익률은 해당 집합투자업자가 분류한 동일 유형 집합투자기구의 평균운용성과이며, 해당 운용전문인력
의 평균운용성과는 해당 회사 근무기간 중 운용한 성과를 의미합니다. 
(주4) ‘운용경력년수’는 해당 운용전문인력이 과거 집합투자기구를 운용한 기간을 모두 합산한 기간입니다. 
투자자 
유의사항 
ㆍ집합투자증권은 ｢예금자보호법｣에 따라 예금보험공사가 보호하지 않는 실적배당상품으로 투자원금의 손실이 발생할 
수 있으므로 투자에 신중을 기하여 주시기 바랍니다.  
ㆍ금융위원회가 투자설명서의 기재사항이 진실 또는 정확하다는 것을 인정하거나 그 증권의 가치를 보증 또는 승인하지 
아니함을 유의하시기 바랍니다. 
ㆍ간이투자설명서보다 자세한 내용이 필요하시어 투자설명서의 교부를 요청하시면 귀하의 집합투자증권 매입 이전까지 
교부 하오니 참고하시기 바랍니다. 
ㆍ간이투자설명서는 증권신고서 효력발생일까지 기재사항 중 일부가 변경될 수 있으며, 개방형 집합투자증권인 경우 효
력 발생일 이후에도 변경될 수 있습니다. 
ㆍ이 집합투자증권의 투자위험등급을 확인하시고, 귀하의 투자 경력이나 투자성향에 적합한 상품인지 신중한 투자결정
을 하시기 바랍니다. 
ㆍ증권신고서, 투자설명서상 기재된 투자전략에 따른 투자목적 또는 성과목표는 반드시 실현된다는 보장은 없습니다. 또
한 과거의 투자실적이 장래에도 실현된다는 보장은 없습니다. 
 
<투자자 숙려제도> 
■ 이 상품은 파생결합증권에 투자되는 상품으로 운용방법과 구조에 따라 수익이 결정되며 원금손실 가능성이 있습니
다. 따라서, 해당상품에 대하여 충분히 숙려 후 최종투자 여부를 확정하시기 바랍니다. 
■ 투자자 숙려제도에 따라 상품 안내문과 투자설명서, 대고객 투자자 숙려제도 안내 SMS 등을 통해 안내된 숙려기간
(2020년 09월 25일부터 2020년 09월 28일까지, 2영업일) 내에 가입을 취소하실 수 있으며 취소를 원하시는 경우 
본인이 직접 영업점에 방문하시어 신청하셔야만 합니다. 
(적용대상자는 아래의 1과 2를 모두 충족하는 경우입니다.) 
<적용대상자> 
1. 투자성향 부적합 거래고객 또는 만 70세 이상의 고령투자자 
2. 공모형 ELF/DLF를 판매회사 창구에서 가입하는 경우(비대면 신규 제외) 
■ 판매회사는 상품의 위험성 및 숙려제도 안내를 위하여 상품가입 이후 LMS 발송 및 전화 안내를 실시하오니, 이를 
참고해주시기 바랍니다. 
■ 투자자 숙려제도란? 
- ELF 가입 후 펀드 설정 전에 대상투자자가 ELF의 상품구조 및 투자위험 등을 충분히 숙지하고 투자결정을 할 수 있
도록 2영업일 이상 숙려기간을 부여 
- 대상투자자: 일반투자자 중 투자성향이 부적합한 투자자, 고령투자자(만 70세 이상) 
- 9 - 
※ 자신의 투자성향보다 위험도가 높은 상품에 투자하기 위해 부적합 확인서를 제출하는 투자자 
- 적용방식: 대상투자자는 가입 마감 2영업일전까지 가입하고 이후 숙려기간(2영업일) 동안 최종 투자여부를 확정. 가
입을 취소하고자 할 경우 숙려기간 종료 전까지 취소 
- 안내: 가입 이후부터 숙려기간 종료 전까지 유선 등으로 상품위험과 취소방법을 추가적으로 안내 
- 취소방법: 본인이 직접 영업점을 방문하여 취소 신청 가능(전화 취소 불가능) 
주요 
투자위험 
구분 투자위험의 주요내용 
원본 
손실위험 
이 투자신탁은 실적배당상품으로 투자 원금 전액이 보장 또는 보호되지 않습니다. 따라서 투자원본의 
전부 또는 일부에 대한 손실의 위험이 존재하며 투자금액의 손실 내지 감소의 위험은 전적으로 투자자
가 부담하며, 집합투자업자나 판매회사 등 어떤 당사자도 투자손실에 대하여 책임을 지지 아니합니다. 
또한, 이 투자신탁은 예금자보호법의 적용을 받는 은행의 예금과 달리 실적에 따른 수익을 취득하므로 
은행 등에서 판매하는 경우에도 예금보험공사 등의 보호를 받지 못합니다. 
시장위험 
이 투자신탁은 투자신탁재산을 파생결합증권에 투자합니다. 따라서 국내외 금융시장의 주가, 이자율 및 
기타 거시경제지표, 정치·경제 상황, 정부의 정책변화, 세제의 변경 등이 운용에 영향을 미칠 수 있으
며, 이로 인해 투자원금 손실이 발생할 수 있습니다. 또한 투자대상종목 발행회사의 영업환경, 재무상황 
및 신용상태의 악화 등도 운용에 영향을 미칠 수 있으며, 이로 인해 투자원금 손실이 발생할 수 있습니
다. 특히 이 투자신탁은 파생결합증권을 편입하며, 해당 파생결합증권의 기초자산 변동에 의해 투자수
익 및 투자원금 손실이 발생할 수 있습니다. 
파생결합증권 
투자위험 
이 투자신탁이 주로 투자하는 파생결합증권은 기초자산의 가격변동에 따라 투자원금의 전부 또는 상당
부분에 손실이 발생할 수 있습니다. 파생결합증권의 조건은 기초자산의 전부 또는 일부에 대하여 기초
자산의 본질가치의 변경을 초래하는 사유가 발생하는 경우 기타 국내외 금융시장의 관행에 따라 본 증
권의 권리내용 조정이 필요하다고 인정되는 경우에는 금융시장의 관행에 따라 발행자와 당사의 합의를 
통해 일부 조정 될 수 있습니다. ※ 파생결합증권의 권리내용 조정 사유 및 조정 방법 등은 각 파생결
합증권 발행회사와의 계약 내용에 따라 다소 차이가 있을 수 있습니다. 
거래상대방위험 
보유하고 있는 증권 및 단기금융상품을 발행한 회사 또는 계약상대방이 신용등급 하락 또는 부도 등과 
같은 신용사건에 노출되는 경우 그 증권 및 단기금융상품, 당해 계약 등의 가치가 하락할 수 있습니다. 
또한, 법률에 따라 채무 등이 지급유예, 채무증권 등이 주식과 같은 지분증권 또는 다른 종류의 새로운 
채무증권(계약) 등으로의 전환, 변제기간이 장기간 유예되는 등의 방식으로 당초의 권리가 변경되어 투
자원금 손실이 발생할 수 있습니다. 
파생결합증권 
신용위험 
파생결합증권의 거래는 파생결합증권을 발행한 회사와의 직접적인 거래로 발행회사의 부도, 파산 등의 
사유로 투자계약조건을 이행하지 못하는 경우에는 이 투자신탁이 추구하는 투자전략이 실현될 수 없으
며, 원금의 일부 또는 전액 손실이 발생할 수 있습니다. 이 투자신탁은 파생결합증권 발행회사와 직접
거래를 통해 파생결합증권을 투자하기 때문에 이 투자신탁은 파생결합증권 발행회사의 영업, 재무상태 
및 신용상태 등의 리스크로 인해 투자 원본 및 수익을 분배하지 못할 수도 있습니다. 자세한 사항은 각 
발행사 홈페이지 또는 금융감독원 전자공시 시스템(http://dart.fss.or.kr)에서 확인할 수 있습니다 
유동성위험 
일반적으로 파생결합증권은 다른 증권과 달리 파생결합증권을 발행한 회사와 직접 거래를 하여야 하므
로 유동성이 적습니다. 따라서 파생결합증권을 만기 이전에 중도 매각하고자 하는 경우 중도 매각이 원
활하지 못할 수 있습니다. 또한 중도 환매하는 경우에는 최초 설정일로부터 계약기간 종료일까지의 기
간에 대해 기초자산가격이 연동한 수익을 제공하는 것을 목표로 예상한 수익구조와는 다를 수 있으며, 
환매수수료 징구 등으로 투자원금손실이 발생할 수 있습니다. 
매입방법 투자신탁 최초설정일(2020년 09월 29일)의  
기준가격 환매방법 
17시 이전: 제4영업일 기준가격으로  
제5영업일에 대금 지급 
17시 경과 후: 제5영업일 기준가격으로  
제6영업일에 대금 지급 
환매수수료 최초설정일 이후 6개월 미만: 환매금액의 7% / 6개월 이후부터 파생결합증권 상환이전: 환매금액의 5% 
기준가 
산정방법 - 당일 기준가격 = (전일 집합투자기구 자산총액 – 부채총액) /전일 집합투자기구 총좌수 
- 1,000좌 단위로 원미만 셋째자리에서 반올림하여 원미만 둘째자리까지 계산 
공시장소 판매회사 본ㆍ영업점 및 집합투자업자(www.kbam.co.kr)ㆍ판매회사ㆍ한국금융투자협회 
(dis.kofia.or.kr)의 인터넷 홈페이지에 게시합니다. 
과세 
구분 과세의 주요내용 
집합투자기구 집합투자기구 단계에서는 별도의 소득과세 부담이 없는 것이 원칙입니다. 
수익자 
거주자와 일반법인이 받는 집합투자기구로부터의 과세 이익에 대해서는 15.4%(지방소득세 포함) 세율로 
원천징수됩니다. 단, 연간 금융소득합계액이 기준금액을 초과하는 경우에는 기준금액을 초과하는 금액을 
다른 종합소득과 합산하여 개인소득세율로 종합과세 됩니다. 
※ 세제혜택 계좌ㆍ클래스ㆍ펀드 투자자의 과세에 관한 사항은 투자설명서 제2부. 14. 이익 배분 및 
과세에 관한 사항을 참고하시기 바랍니다. 
- 10 - 
집합투자업자 KB자산운용주식회사 (☎ 02-2167-8200 / 인터넷 홈페이지 www.kbam.co.kr) 
모집기간 
2020년 09월 21일부터 2020년 09월 28일까지 
※투자자 숙려제도 적용 대상자의 경우 
매입청구기간: 2020년 09월 21일부터 2020년 09월 24일까지  
매입청구불가기간: 2020년 09월 25일부터 2020년 09월 28일까지  
(판매회사에 따라 모집기간 단축 가능) 
모집  
매출 총액 10조좌 
효력발생일 2021년 01월 26일 존속기간 
최초설정일로부터 2023년 10월 05일까지. 
 다만, 파생결합증권이 상환되는 경우 그 상환금  
 지급일의 익영업일까지 
판매회사 한국금융투자협회(www.kofia.or.kr) 및 집합투자업자(www.kbam.co.kr)의 홈페이지 참고 
참조 집합투자업자의 사업목적, 요약 재무정보에 관한 사항은 투자설명서 제4부 1. 집합투자업자에 관한 사항(p.30~32)을 
참고하시기 바랍니다. 
집합투자기구 
종류 
이 집합투자기구는 종류형 집합투자기구입니다. 집합투자기구의 종류는 판매수수료 부과방식-판매경로-기타 펀드특성에 
따라 3단계로 구분되며, 집합투자기구 종류의 대표적인 차이는 다음과 같습니다. 
판매 
수수료 
수수료 
선취(A) 
집합투자증권 매입시점에 판매수수료가 일시 징구되는 반면 판매보수가 판매수수료미징구형(C)
보다 상대적으로 낮게 책정되는 집합투자증권입니다. 
판매 
경로 
온라인(E/e) 
판매회사의 온라인전용으로 판매되는 집합투자증권으로 오프라인으로 판매되는 집합투자증권보
다 판매수수료 및 판매보수가 저렴한 집합투자증권입니다. 다만, 판매회사로부터 별도의 투자권
유 및 상담서비스는 제공되지 않습니다. 
오프라인 
오프라인전용(판매회사 창구)으로 판매되는 집합투자증권으로 온라인으로 판매되는 집합투자증
권보다 판매수수료 및 판매보수가 높은 집합투자증권입니다. 다만, 판매회사로부터 별도의 투자
권유 및 상담서비스가 제공됩니다. 
 
 
 
 집합투자기구 공시 정보 안내 
| 증권신고서 금융감독원 전자공시시스템(dart.fss.or.kr) 
| 투자설명서 금융감독원 전자공시시스템(dart.fss.or.kr), 한국금융투자협회(www.kofia.or.kr),  
      집합투자업자(www.kbam.co.kr) 및 판매회사 홈페이지 
| 정기보고서(영업보고서, 결산서류) 금융감독원 홈페이지(www.fss.or.kr) 및  
                          한국금융투자협회 전자공시시스템(dis.kofia.or.kr) 
| 자산운용보고서 한국금융투자협회 전자공시시스템(dis.kofia.or.kr) 및 집합투자업자 홈페이지(www.kbam.co.kr) 
| 수시공시 한국금융투자협회 전자공시시스템(dis.kofia.or.kr) 및 집합투자업자 홈페이지(www.kbam.co.kr)",ok,
products/fund/0001_AB_상품설명서.pdf,0001_AB_상품설명서.pdf,products/fund,1,"ࠄࢲחܨߨ۸߂ղాઁӝળীٮܲ੺ܳѢࢲઁ׮פؾ ࠄಿ਷߈ಿҗܻ׳ਗӘ੄ࠗחژࠗप੉ೡࣻݴ۽ੋೠप਷ై੗੗ੋীѱ׮פؾࣘ ࠄಿ਷੄੸ਊਸח߉ಿҗܻ׳оഐೞ૑ח׮פ ࠄחࢲݺࢸࢲоੑೞन૘೤ై੗ૐӂ੄	р੉
ࢲݺࢸ৻оҊёীѱউղ೧ঠחܳࠁҊ׮פࢲۄٮ ಿীೠ୶оо೙ਃೞनח૘೤ై੗ૐӂ੄	р੉
ܳࢲݺࢸଵઑೞदӝ׮פۉ߄¤ಿоੑࠁݺಿ੄ղਊоೞҊݒоઁҕೠ	р੉
ܳࢲݺࢸଵઑೞदӝ׮פۉ߄ৈәә 	਷ਤ೷
 ֙ಣӐো੉ܳୡҗೞѢա૑١ਗӘप ਤ೷੉਋௾ಿחژ؀पਯ੉ܳחѾ೤ૐӂীై੗ೞѢա੉৬ೠܳبо૓ಿীৈ о	਋
਷ܳਤೣࢲ۽द੢ಣӐਸ഻ঁחࢲ	਋
਷ળ੄ਸݴܳਤ೧о஖ীܲٮपਤ೷ਸ੸ӓਊೡࣻחై੗੗ীѱ׮פә 	਷ਤ೷
 ֙ಣӐো੉੉ೞ੉Ѣա઱ध١ী۽য਷पਤ೷ਸחಿ੉৬ೠܳبо૓ಿীৈ ә 	਷ਤ೷
 ֙ಣӐো੉੉ೞ੉Ѣա઱ध١ী݅޷חغಿ؀पਯ੉੉ೞੋѾ೤ૐӂী ై੗ೞѢա੉৬ೠܳبо૓ಿীৈ ై੗ਗӘ੄ח׮ࠁਤ೷ਸبۄ؊਷ળ੄ై੗੊पഅਸחై੗੗ীѱ׮פ
ә 	ాਤ೷
 ֙ಣӐো੉੉ೞ੉Ѣա઱ध١Ҋਤ೷ী۽חغಿӝఋ଻١઺ਤ೷੷ਤ೷ب ై੗ೞѢա઺ਤ೷ীࣗ࢚חغಿ੉৬ ೠܳبо૓ಿীৈ חӒীחై੗ਤ೷੉੓਺ਸ൤ੋ૑ೞҊ৘‧׮ࠁ਷੊ਸೡࣻݶ׮ੌ੿ળ੄ਤ೷ਸೡࣻחై੗੗ীѱ׮פ
ә 	ծ਷ਤ೷
 ֙ಣӐো੉੉ೞ੉Ѣաә଻ӂ١ীࣗ࢚חغಿઓ୶ҳഋѾ೤ૐӂীై੗חಿ੉৬ೠܳبо૓ಿীৈ ై੗ਗӘ੄पਤ೷਷ചೞҊ੉աٙࣗ׼ߓ ળ੄উ੿੸ੋܳ۽חై੗੗ীѱ׮פ ә 	਋ծ਷ਤ೷
 ֙ಣӐো੉੉ೞ੉Ѣա..'חژӝҴҕ଻ ী۽חಿ੉৬ೠܳبо૓ಿীৈ ৘Әחژ੸Әળ੄ਸݴై੗ਗӘী प੉ೞ૑ܳחై੗੗ীѱ׮פ ¤ై੗੗੄ഐীೠউղ҅ড೧૑ӂǁח਷೯੉ߨਗ஗઱
ਸೞৈ׼ಿীҙೠ҅ডਸ୓Ѿೠחߨपਸউఠ֙੉ղ	׼ӝр਷ఠ֙੉ղ੄ਤ
ীࢲ઱
৬೦ਸחܳܨࢲ਷೯ীઁ୹ೞৈ׼҅ড੄ܳਃҳೡࣻ׮פড੗੄ਃҳоೠ۽ؼױ҃਋ܐࣻࣻਤডӘ١҅ড੄೧૑৬ػ۲ਊ׸ࠗহ੉׼҅ডਸ೧૑ೡࣻ׮פܻ߂੬ઑ੿੺ରীҙೠ೦
ࠄಿীೠ೦חژਗ੉ݶ৔স੼ఠ	
חژ֔കಕ੉૑	XXXLCTUBSDPN
ਗ	
ਸా೧੄઱दӝ׮פۉ߄ೠחࠄಿীೞৈ׼਷೯җ੬੉חחߨઁઑઁ೦ীۄٮਗী੬ઑ੿ਸन୒ೡࣻ׮פಿ೧ೖ௒۲উղǁై੗੗оಿоੑद೧ೖ௒ীח҃਋৔সੌ੉ղࠄಿ੄ࢲಿ੉۽؀঻૑റীח೧ೖ௒ਸ׮פױ೧ೖ௒ী੄ೠҊё੄بۄ|Әਲ਼ై੗স҅೧ೖ௒਍৔ੋ}ীۄٮ੗ীೞ૑ח҃਋೧ೖ௒੉૑ঋਸࣻ׮פై੗੗ب۸੸೤ై੗੗о&-'ীח҃਋חಿ੄ై੗ҳઑ߂ై੗ਤ೷ਸ૑ೞҊܳࠗѾ੿ೠറ۰ࣼӝрੌө૑ೡࣻ੓਺ਸ׮פ ઱
ߨਗ஗੸೤ೠಿਸӂਬೠ҃਋	ઁઑઁ೦
੸੿ೞ૑ঋ਷ಿী೧੸੿ח׮पਸ૑ঋ਷҃਋	ઁઑઁ೦
ಿী೧Ѣ૙חژ৵ҋೞৈೞѢա઺ਃೠ೦ী؀ೠਸೠ҃਋	ઁઑઁ೦
ҕ੿৔স೯ਤ੄Ә૑	ઁઑઁ೦
ӂਬ೯ਤ੄Ә૑	ઁઑ
઱
ࢲಿ੄டߨपਸನೣೞৈ҅ড੄ܳਃҳೞӝਤೞৈೠࢲޙ
૘೤ై੗ૐӂࢲݺࢸ	ਊ
 
""#ߥ۽੊ૐӂై੗नఌ	଻ӂ੤р੽ഋ
$F1
ә	ࣗ׮਷ਤ೷
ై࢑߂җѢ֙߸ࢿز١ਸхউೞৈਤә੉ࠗ׮פ





",ok,
products/fund/5-3(신탁계약서)규약KB베스트모아드림혼.pdf,5-3(신탁계약서)규약KB베스트모아드림혼.pdf,products/fund,22,"KB 베스트 모아드림 혼합자산 자투자신탁 신탁계약서 
 - 1 - 
 
 
신탁계약서 
목 차 
제 1 장   |   총칙   
제 2 장   |   집합투자증권 등   
제 3 장   |   투자신탁재산의 운용  
제 4 장   |   투자신탁재산의 보관 및 관리  
제 5 장   |   집합투자증권의 판매 및 환매  
제 6 장   |   투자신탁재산 평가 및 회계   
제 7 장   |   수익자총회  
제 8 장   |   보수 및 수수료 등  
제 9 장   |   신탁계약의 변경 및 해지 등  
제 10 장  |   보칙   
부   칙    
KB 베스트 모아드림 혼합자산 자투자신탁 
(한국금융투자협회 펀드코드: A 클래스-CV695, 
A-E 클래스-CV696, A-G 클래스-CV697, 
C 클래스-CV698, C-E 클래스-CV699,  
C-G 클래스-CV700, C-F 클래스-CV701, 
C-W 클래스-Cv702, S 클래스-CV703, 
S-P 클래스-CV704, C-P 클래스-CV705, 
C-Pe 클래스-CV706, C-퇴직 클래스-CV707, 
C-퇴직e 클래스-CV708) 
KB 베스트 모아드림 혼합자산 자투자신탁 신탁계약서 
 - 2 - 
KB 베스트 모아드림 혼합자산 자투자신탁 
 
제1장 총칙 
 
제1조(목적) 이 신탁계약은 자본시장과 금융투자업에 관한 법률(이하 “법”이라 한다)이 정하는 바에 따
라 투자신탁의 설정, 투자신탁재산의 운용 및 관리를 함에 있어 집합투자업자인 KB자산운용㈜와 신탁
업자인 ㈜한국씨티은행이 수행하여야 할 업무 등 필요한 사항과 수익자의 권리 및 의무에 관한 사항을 
정함을 목적으로 한다. 
 
제2조(용어의 정의) 이 신탁계약에서 사용하는 용어의 정의는 다음 각 호와 같다. 다만, 각 호에서 정하
지 아니하는 용어에 관하여는 관련법령과 규정에서 정하는 바에 의한다. 
1. “수익자”라 함은 이 투자신탁의 집합투자증권을 보유하는 자를 말한다. 
2. “영업일”이라 함은 자투자신탁 판매회사의 영업일을 말한다. 
3. “투자신탁”이라 함은 집합투자업자가 신탁업자에게 신탁한 재산을 신탁업자로 하여금 그 집합투자업
자의 지시에 따라 투자·운용하게 하는 신탁형태의 집합투자기구를 말한다. 
4. “혼합자산집합투자기구”라 함은 집합투자재산을 운용함에 있어서 투자대상자산의 비율에 관한 제한이 
없는 집합투자기구를 말한다. 
5. “개방형”이라 함은 환매가 가능한 집합투자기구를 말한다. 
6. “추가형”이라 함은 추가로 자금 납입이 가능한 집합투자기구를 말한다. 
7. “종류형”이라 함은 판매보수의 차이로 인하여 기준가격이 다르거나 판매수수료가 다른 여러 종류의 
집합투자증권을 발행하는 집합투자기구를 말한다. 
8. “모자형”이라 함은 법 제233조의 규정에 의한 모집합투자기구가 발행하는 집합투자증권을 자집합투
자기구가 취득하는 구조의 집합투자기구를 말한다. 
9. “모투자신탁”이라 함은 다음 각 목의 집합투자증권을 말한다. 
가. 삭제 
나. KB 글로벌 알파 오퍼튜니티 증권 모투자신탁(혼합-재간접형) 
다. KB 코리아 롱숏 증권 모투자신탁(주식혼합) 
라. 삭제 
마. KB PIMCO 글로벌 인컴 셀렉션 증권 모투자신탁(USD)(채권-재간접형) 
바. KB 글로벌 리얼에셋 인컴 증권 모투자신탁(채권) 
사. KB 글로벌 코어 리츠 부동산 모투자신탁(재간접형) 
아. KB 액티브 배당 증권 모투자신탁(주식) 
자. KB 중소형주 포커스 증권 모투자신탁(주식) 
차. KB 연금플랜 국내채권 증권 모투자신탁(채권) 
카. KB 글로벌 ESG 성장 리더스 증권 모투자신탁(USD)(주식) 
타. KB 글로벌 코어 본드 증권 모투자신탁(채권) 
파. 삭제 
 
제3조(집합투자기구의 명칭 및 종류) ①이 투자신탁은 혼합자산투자신탁 및 모자형의 자투자신탁으로서, 
KB 베스트 모아드림 혼합자산 자투자신탁 신탁계약서 
 - 3 - 
투자신탁의 명칭은 “KB 베스트 모아드림 혼합자산 자투자신탁”으로 한다. 
②이 투자신탁은 다음 각 호의 형태를 갖는 집합투자기구로 한다. 
1. 투자신탁 
2. 혼합자산집합투자기구 
3. 개방형 
4. 추가형 
5. 종류형 
6. 모자형 
③이 투자신탁은 종류형 집합투자기구로 종류는 다음 각 호와 같다.  
1. A 클래스 집합투자증권: 가입제한 없으며 선취판매수수료가 징구되는 집합투자증권 
2. A -E 클래스 집합투자증권: 인터넷 등 전자금융거래의 방법으로 가입하는 선취판매수수료가 징구되는 
집합투자증권 
3. A -G 클래스 집합투자증권: 투자자문업자로부터 투자자문을 받고 그 결과에 따라 집합투자증권 매수
를 요청하는 등 판매회사 등으로부터 별도의 투자권유 없이 집합투자증권을 매수하고자 하는 투자자 전
용으로 선취판매수수료가 징구되는 집합투자증권 
4. C 클래스 집합투자증권: 가입제한 없으며 선취판매수수료가 징구되지 않는 집합투자증권 
5. C -E 클래스 집합투자증권: 인터넷 등 전자금융거래의 방법으로 가입하는 선취판매수수료가 징구되지 
않는 집합투자증권 
6. C -G 클래스 집합투자증권: 투자자문업자로부터 투자자문을 받고 그 결과에 따라 집합투자증권 매수
를 요청하는 등 판매회사 등으로부터 별도의 투자권유 없이 집합투자증권을 매수하고자 하는 투자자 전
용 집합투자증권 
7. C-F 클래스 집합투자증권: 다음 각 목에 해당하는 투자자 전용 집합투자증권 
가. 법에 의한 집합투자기구(외국법령에 의한 것으로서 집합투자기구의 성질을 가진 것을 포함한다) 
나. 법 시행령 제10조 제2항 및 금융투자업규정 제1-4조에서 정하는 기관투자자 또는 국가재정법에 따
른 기금(외국의 법령상 이에 준하는 자를 포함한다) 
다. 100억원 이상 매입한 개인이거나 500억원 이상 매입한 법인 
8. C -W 클래스 집합투자증권: 판매회사의 일임형 종합자산관리계좌 및 판매회사의 특정금전신탁 전용 
집합투자증권 
9. S 클래스 집합투자증권: 집합투자증권에 한정하여 투자중개업 인가를 받은 회사(겸영금융투자업자는 
제외)가 개설한 온라인 판매시스템에 회원으로 가입한 투자자 전용 집합투자증권 
10. S -P 클래스 집합투자증권: 집합투자증권에 한정하여 투자중개업 인가를 받은 회사(겸영금융투자업
자는 제외)가 개설한 온라인 판매시스템에 회원으로 가입한 투자자 전용이며, 소득세법 제20조의3 및 
소득세법 시행령 제40조의2에 따른 연금저축계좌를 통하여 가입할 수 있으며 판매수수료가 징구되지 
않는 집합투자증권 
11. C-P 클래스 집합투자증권: 소득세법 제20조의3 및 소득세법 시행령 제40조의2에 따른 연금저축계
좌를 통하여 가입할 수 있으며 선취판매수수료가 징구되지 않는 집합투자증권 
12. C -Pe 클래스 집합투자증권: 소득세법 제20조의3 및 소득세법 시행령 제40조의2에 따른 연금저축
계좌를 통하여 인터넷 등 전자금융거래의 방법으로 가입할 수 있으며 선취판매수수료가 징구되지 않는 
집합투자증권 
KB 베스트 모아드림 혼합자산 자투자신탁 신탁계약서 
 - 4 - 
13. C-퇴직 클래스 집합투자증권: 근로자퇴직급여보장법에 의한 퇴직연금 가입자 및 퇴직연금 사업자 
전용 집합투자증권 
14. C-퇴직e 클래스 집합투자증권: 근로자퇴직급여보장법에 의한 퇴직연금 가입자 및 퇴직연금 사업자 
전용 집합투자증권으로 인터넷 등 전자금융거래의 방법으로 가입하는 투자자 전용 집합투자증권 
 
제4조(집합투자업자 및 신탁업자의 업무) ①집합투자업자는 투자신탁의 설정·해지, 투자신탁재산의 운용
·운용지시업무를 수행한다.  
②신탁업자는 투자신탁재산의 보관 및 관리하는 자로서 집합투자업자의 투자신탁재산 운용지시에 따른 
자산의 취득 및 처분의 이행, 해지대금 및 이익금의 지급, 집합투자업자의 투자신탁재산 운용지시에 대
한 감시업무, 투자신탁재산의 평가의 공정성 및 기준가격산정의 적정성 여부 등의 확인 업무를 수행한다.  
③투자신탁재산의 운용지시에 관한 방법 및 절차, 각종 세금 및 공과금의 공제업무 기타 신탁업자의 수
탁업무처리에 관한 사항 등으로서 이 신탁계약에서 정하지 아니한 사항에 대하여는 관련법령과 규정이 
정하는 범위 내에서 집합투자업자와 신탁업자 사이에 별도로 정할 수 있다. 다만, 이 신탁계약과 위 약
정 사이에 상충하는 사항이 있는 경우에는 이 신탁계약이 우선한다. 
 
제5조(신탁계약의 효력 및 신탁계약기간) ①이 신탁계약은 각 당사자가 서명날인함으로써 즉시 효력이 
발생한다.  
②수익자는 이 신탁계약에서 정한 사항 중 법령 및 투자설명서 등에서 정한 사항의 범위 내에서 이 신
탁계약을 수락한 것으로 본다.  
③이 투자신탁의 계약기간은 투자신탁의 최초설정일로부터 신탁계약의 해지일까지로 한다. 
 
제6조(신탁원본의 가액 및 집합투자증권의 총 좌수) 이 투자신탁을 최초로 설정하는 때의 원본의 가액은 
1좌당 1원을 기준으로 제30조에서 정한 기준가격(이하 “기준가격”이라 한다)을 적용하며, 설정할 수 있
는 수종의 집합투자증권의 총 좌수는 10조좌로 한다.  
 
제7조(추가신탁) 집합투자업자는 제6조의 규정에 의한 수종의 집합투자증권의 총 좌수의 범위 내에서 
추가설정을 할 수 있으며, 추가설정의 규모 및 시기 등은 집합투자업자가 결정하되, 관련 절차는 법령이 
정하는 바에 따른다.  
 
제8조(신탁금의 납입) ①집합투자업자는 이 투자신탁을 최초로 설정하는 때에 제6조의 신탁원본액에 해
당하는 투자신탁금을 현금 또는 수표로 신탁업자에 납입하여야 한다.  
②집합투자업자는 제7조의 규정에 따라 이 투자신탁을 추가로 설정하는 때에는 추가투자신탁금을 현금 
또는 수표로 신탁업자에 납입하여야 한다. 이 경우 추가투자신탁금은 추가설정하는 날에 공고되는 당해 
종류 집합투자증권 기준가격에 추가로 설정하는 집합투자증권좌수를 곱한 금액을 1,000으로 나눈 금액
으로 한다.  
③제2항의 규정에 의한 추가투자신탁금 중 추가로 설정하는 집합투자증권좌수에 최초설정시 공고된 기
준가격을 곱한 금액을 1,000으로 나눈 금액은 원본액으로, 이익 또는 손실에 상당하는 금액은 수익조정
금으로 처리한다.  
 
KB 베스트 모아드림 혼합자산 자투자신탁 신탁계약서 
 - 5 - 
제2장 집합투자증권 등 
 
제9조(수익권의 분할) ①이 투자신탁의 수익권은 1좌의 단위로 균등하게 분할하며, 집합투자증권으로 
발행한다.  
②이 투자신탁의 수익자는 투자신탁원본의 상환 및 투자신탁이익의 분배 등에 관하여 집합투자증권의 
종류별로 집합투자증권의 좌수에 따라 균등한 권리를 가지며, 설정일이 다른 경우에도 그 권리의 내용에
는 차이가 없다.  
 
제10조(집합투자증권의 발행 및 전자등록) ①집합투자업자는 제6조 및 제7조의 규정에 의한 투자신탁의 
최초설정 및 추가설정에 의한 신탁원본 전액이 납입된 경우 신탁업자의 확인을 받아 (삭제) 다음 각 호
의 1에 해당하는 기명식 집합투자증권을 발행하여야 한다. 이 경우 집합투자업자는 「주식·사채 등의 전
자등록에 관한 법률」(이하 “전자증권법”이라 한다)에 따른 전자등록의 방법으로 해당 집합투자증권을 발
행하여야 한다. 
1. A 클래스 집합투자증권 
2. A-E 클래스 집합투자증권 
3. A-G 클래스 집합투자증권 
4. C 클래스 집합투자증권 
5. C-E 클래스 집합투자증권 
6. C-G 클래스 집합투자증권 
7. C-F 클래스 집합투자증권 
8. C-W 클래스 집합투자증권 
9. S 클래스 집합투자증권 
10. S-P 클래스 집합투자증권 
11. C-P 클래스 집합투자증권 
12. C-Pe 클래스 집합투자증권 
13. C-퇴직 클래스 집합투자증권 
14. C-퇴직e 클래스 집합투자증권 
②판매회사는 다음 각 호의 사항을 기재하여 전자증권법 제2조 제3호 가 목에 따른 고객계좌부(“집합
투자증권수익자계좌부”라 한다. 이하 같다)를 작성·비치하여야 한다.  
1. 고객의 성명 및 주소  
2. 집합투자증권의 종류 및 수  
③삭제  
④집합투자증권수익자계좌부에 전자등록된 자는 해당 집합투자증권에 대하여 적법한 권리를 가지는 것
으로 추정한다.  
⑤제1항 각 호의 집합투자증권 이외의 다른 종류의 집합투자증권을 추가하거나 집합투자증권의 종류 
변경 또는 특정 종류의 집합투자증권을 폐지하고자 하는 경우에는 제43조 제1항의 규정을 적용한다. 
 
제11조(집합투자증권의 반환 등) 전자증권법에 따라 집합투자업자는 발행한 집합투자증권을 전자등록하
므로 수익자는 집합투자증권의 실물 발행을 요구할 수 없으며, 집합투자증권의 반환을 청구할 수 없다.  
KB 베스트 모아드림 혼합자산 자투자신탁 신탁계약서 
 - 6 - 
제12조(집합투자증권의 재교부) 전자증권법에 따라 집합투자업자는 발행한 집합투자증권을 전자등록하
므로 수익자는 집합투자증권의 실물 발행을 요구할 수 없으며, 집합투자증권의 재교부를 청구할 수 없다.  
 
제13조(집합투자증권의 양도) ①수익권을 양도하고자 하는 경우에는 전자증권법 제30조에 따른 계좌간 
대체의 전자등록에 의하여야 하며, 집합투자증권수익자계좌부에 전자등록된 자는 해당 집합투자증권에 
대하여 적법한 권리를 가지는 것으로 추정한다.  
②집합투자증권을 질권의 목적으로 하는 경우에는 전자증권법 제31조에 따른 질권 설정의 전자등록을 
하여야 입질의 효력이 발생한다.  
③수익권의 이전은 집합투자업자가 정하는 절차에 따라 취득한 자가 그 성명과 주소를 수익자명부에 기
재하지 아니하면 집합투자업자에게 대항하지 못한다.  
 
제14조(수익자명부) ①집합투자업자는 수익자명부 작성에 관한 업무를 전자증권법 제2조 제6호에 따른 
전자등록기관(이하 “전자등록기관”이라 한다)에 위탁하여야 한다.  
②집합투자업자는 전자등록기관과 수익자명부 작성 등을 위한 위탁계약을 체결하고, 전자등록기관은 관
련법령·신탁계약·위탁계약서 및 관련규정 등에 따라 업무를 처리하여야 한다.  
③집합투자업자는 의결권을 행사하거나 이익금 등을 받을 자 기타 수익자 또는 질권자로서 권리를 행사
할 자를 정하기 위하여 일정한 기간을 정하여 수익자명부의 기재변경을 정지하거나 일정한 날에 수익자
명부에 기재된 수익자 또는 질권자를 그 권리를 행사할 수익자 또는 질권자로 볼 수 있다.  
④집합투자업자는 전항의 기간 또는 일정한 날을 정한 경우 지체없이 이를 전자등록기관에 통지하여야 
한다.  
⑤전자등록기관은 제4항의 규정에 따라 통보를 받은 경우 판매회사에 대하여 수익자에 관한 다음 각 
호의 사항의 통보를 요청할 수 있다.  
1. 수익자의 성명, 주소 및 전자우편 주소  
2. 수익자가 보유한 수익권의 종류 및 수  
⑥제5항의 규정에 따라 판매회사로부터 통보를 받은 전자등록기관은 그 통보받은 사항과 통보년월일을 
기재한 수익자명부를 작성하여야 하며, 집합투자업자가 수익자명부 기재사항의 통보를 요청하는 경우 수
익자의 성명과 수익권의 좌수를 통보하여야 한다.  
⑦삭제  
⑧집합투자업자가 제3항의 날을 정한 경우에는 상법 제354조 제4항의 전단을 준용한다. 다만, 다음 각 
호에 의한 기준일을 설정하는 경우에는 그러하지 아니하다.  
1. 부분환매 결정에 의한 정상자산과 환매연기자산으로 분리를 위한 기준일을 설정하는 경우  
2. 수익자총회 합병승인에 따른 투자신탁의 합병기준일을 설정하는 경우  
3. 투자신탁해지에 따른 상환금지급을 위해 기준일을 설정하는 경우  
4. 투자신탁 회계기간종료에 따른 이익분배금 지급을 위해 기준일을 설정하는 경우 
 
제3장 투자신탁재산의 운용 
 
제15조(자산운용지시 등) ①집합투자업자는 투자신탁재산을 운용함에 있어 신탁업자에 대하여 자산의 
취득·처분 등에 관하여 필요한 지시를 하여야 하며, 신탁업자는 집합투자업자의 지시에 따라 자산의 취
KB 베스트 모아드림 혼합자산 자투자신탁 신탁계약서 
 - 7 - 
득·매각 등을 실행하여야 한다. 다만, 집합투자업자는 투자신탁재산의 효율적 운용을 위하여 불가피한 
경우로서 법 시행령 제79조 제2항에서 정하는 방법으로 투자대상자산을 운용하는 경우 자신의 명의로 
직접 투자대상자산의 취득·처분 등을 할 수 있다.  
②집합투자업자 또는 신탁업자가 제1항에 따라 투자대상자산의 취득·처분 등을 한 경우 그 투자신탁재
산을 한도로 하여 그 이행책임을 부담한다. 다만, 그 집합투자업자가 법 제64조 제1항에 따라 손해배상
책임을 지는 경우에는 그러하지 아니하다.  
③집합투자업자는 제1항 본문의 규정에 의하여 지시를 하는 경우 전산시스템에 의하여 객관적이고 정
확하게 관리할 수 있는 방법을 통하여 지시를 하여야 한다.  
④집합투자업자는 제1항 단서에 따라 지시를 하는 경우에는 투자신탁재산별로 미리 정하여진 자산배분
명세에 따라 취득·처분 등의 결과를 공정하게 배분하며, 자산배분명세, 취득·처분 등의 결과, 배분결과 
등에 관한 장부 및 서류를 작성하고 유지·관리한다. 
 
제16조(투자목적) 이 투자신탁은 제2조 제9호에 의한 모투자신탁의 집합투자증권을 주된 투자대상자산
으로 하여 수익을 추구하는 것을 목적으로 한다.  
 
제17조(투자대상자산 등) ①집합투자업자는 투자신탁재산을 다음 각 호의 투자대상 및 투자방법으로 운
용한다.  
1. 제2조 제9호에 의한 모투자신탁의 집합투자증권 
2. 법 제5조 제1항 내지 제3항의 규정에 의한 통화관련 파생상품(이하 “파생상품”이라 한다) 
3. 법 시행령 제268조 제4항의 규정에 의한 신탁업자 고유재산과의 거래  
②제1항의 규정에도 불구하고 집합투자업자는 환매를 원활하게 하고 투자대기자금을 효율적으로 운용
하기 위하여 필요한 경우 다음 각 호의 방법으로 운용할 수 있다. (이하 “유동성자산”이라 한다) 
1. 단기대출(30일 이내의 금융기관간 단기자금거래에 의한 자금공여를 말한다) 
2. 금융기관에의 예치(만기 1년 이내인 상품에 한한다) 
 
제18조(투자대상자산 취득한도) 집합투자업자는 제17조의 규정에 의하여 투자신탁재산을 운용함에 있어 
다음 각 호에서 정하는 바에 따른다. 
1. 모투자신탁의 집합투자증권에의 투자는 합산하여 투자신탁 자산총액의 70%이상으로 한다. 이 경우 
파생상품매매에 따른 위험평가액이 투자신탁 자산총액에서 부채총액을 뺀 가액의 10%를 초과하여 투자
할 수 있는 모투자신탁에의 투자는 합산하여 40%이하로 하고, 해당 모투자신탁의 파생상품 매매에 따
른 위험평가액 비율에 이 투자신탁이 해당 모투자신탁에 투자하는 비율을 곱하여 산정한 위험평가액은 
10%이하로 한다. 
2. 유동성자산에의 투자는 투자신탁 자산총액의 30%이하로 한다. 
3. 파생상품에의 투자는 파생상품 매매에 따른 위험평가액이 투자신탁 자산총액에서 부채총액을 뺀 가
액의 10%이하로 한다. 
 
제19조(운용 및 투자 제한) 집합투자업자는 투자신탁재산을 운용함에 있어 다음 각 호에 해당하는 행위를 
신탁업자에게 지시할 수 없다. 다만, 법령 및 규정에서 예외적으로 인정한 경우에는 그러하지 아니하다.  
1. 이 투자신탁 자산총액의 10%를 초과하여 법 시행령 제84조에서 정하는 집합투자업자의 이해관계인
KB 베스트 모아드림 혼합자산 자투자신탁 신탁계약서 
 - 8 - 
에게 다음 각 목의 방법으로 운용하는 행위. 다만, 집합투자업자의 대주주나 계열회사인 이해관계인과는 
다음 각 목의 방법으로 운용할 수 없다. 
가. 법 제83조 제4항에 따른 단기대출 
2. 파생상품 매매에 따른 위험평가액이 이 집합투자기구의 자산총액에서 부채총액을 뺀 가액의 100%
를 초과하여 투자하는 행위 
3. 파생상품 매매와 관련하여 기초자산 중 동일법인 등이 발행한 증권의 가격변동으로 인한 위험평가액
이 이 투자신탁 자산총액의 10%를 초과하여 투자하는 행위  
4. 같은 거래상대방과의 장외파생상품 매매에 따른 거래상대방 위험평가액이 이 투자신탁 자산총액의 
10%를 초과하여 투자하는 행위 
5. 법 시행령 제80조 제5항에서 정하는 적격 요건을 갖추지 못한 자와 장외파생상품을 매매하는 행위 
 
제20조(한도 및 제한의 예외) ①다음 각 호의 1의 기간 또는 사유에 해당하는 경우에는 제18조 제1호 
및 제2호의 규정은 그 투자한도를 적용하지 아니한다. 다만, 다음 제4호 및 제5호의 사유에 해당하는 
경우에는 투자비율을 위반한 날부터 15일 이내에 그 투자한도에 적합하도록 하여야 한다. 
1. 투자신탁 최초설정일로부터 1월간 
2. 투자신탁 회계기간종료일 이전 1월간 
3. 투자신탁 계약기간종료일 이전 1월간 
4. 3영업일 동안 누적하여 추가설정 또는 해지청구가 각각 투자신탁 자산총액의 10%를 초과하는 경우  
5. 투자신탁재산인 증권 등의 가격변동으로 제18조 제1호 및 제2호의 규정을 위반하게 되는 경우 
②다음 각 호의 어느 하나에 해당하는 사유로 불가피하게 제19조 제2호 내지 제4호에 따른 투자한도
를 초과하게 되는 경우에는 초과일로부터 3개월까지(부도 등으로 처분이 불가능하거나 집합투자재산에 
현저한 손실을 초래하지 아니하고는 처분이 불가능한 투자대상자산은 그 처분이 가능한 시기까지)는 그 
투자한도에 적합한 것으로 본다. 
1. 투자신탁재산에 속하는 투자대상자산의 가격 변동 
2. 투자신탁의 일부해지 
3. 담보권의 실행 등 권리행사 
4. 투자신탁재산에 속하는 증권을 발행한 법인의 합병 또는 분할합병 
5. 그 밖에 투자대상자산의 추가 취득 없이 투자한도를 초과하게 된 경우 
③제19조 제2호 내지 제4호의 규정은 투자신탁의 최초설정일로부터 1개월까지는 적용하지 아니한다. 
 
제4장 투자신탁재산의 보관 및 관리 
 
제21조(신탁업자의 선관주의 의무) 신탁업자는 선량한 관리자의 주의의무로써 투자신탁재산을 보관·관
리하여야 하며, 수익자의 이익을 보호하여야 한다. 
 
제22조(신탁업자의 업무제한 등) ① 신탁업자는 이 투자신탁재산을 운용하는 집합투자업자의 계열회사
여서는 아니된다. 
②신탁업자는 투자신탁재산을 자신의 고유재산, 다른 투자신탁재산 또는 제3자로부터 위탁받은 재산과 
구분하여 관리하여야 한다. 이 경우 투자신탁재산이라는 사실과 위탁자를 명기하여야 한다. 
KB 베스트 모아드림 혼합자산 자투자신탁 신탁계약서 
 - 9 - 
③신탁업자는 투자신탁재산 중 증권, 그 밖에 법 시행령 제268조 제1항에서 정하는 것을 자신의 고유
재산과 구분하여 투자신탁 별로 한국예탁결제원에 예탁하여야 한다. 다만, 해당 증권의 유통 가능성, 다
른 법령에 따른 유통방법이 있는지 여부, 예탁의 실행 가능성 등을 고려하여 대통령령으로 정하는 경우
에는 그러하지 아니한다. 
④신탁업자는 집합투자업자가 그 신탁업자에 대하여 자산의 취득·처분의 이행 또는 보관·관리 등에 필
요한 지시를 하는 경우 이를 각각의 투자신탁재산 별로 이행하여야 한다. 
⑤투자신탁재산을 보관·관리하는 신탁업자는 자신이 보관·관리하는 투자신탁재산을 자신의 고유재산, 
다른 투자신탁재산 또는 제3자로부터 보관을 위탁받은 재산과 거래하여서는 아니된다. 다만, 투자신탁재
산을 효율적으로 운용하기 위하여 필요한 경우로서 대통령령으로 정하는 경우에는 그러하지 아니하다. 
⑥투자신탁재산을 보관·관리하는 신탁업자는 자신이 보관·관리하는 투자신탁재산을 그 이해관계인의 
고유재산과 거래하여서는 아니된다. 
⑦투자신탁재산을 보관·관리하는 신탁업자는 그 투자신탁의 투자신탁재산에 관한 정보를 자기의 고유재
산의 운용, 자기가 운용하는 투자신탁재산의 운용 또는 자기가 판매하는 집합투자증권의 판매를 위하여 
이용하여서는 아니된다. 
 
제23조(운용행위 감시 의무 등) ①신탁업자는 그 투자신탁재산을 운용하는 집합투자업자의 운용지시 또
는 운용행위가 법령, 신탁계약 또는 투자설명서(예비투자설명서 및 간이투자설명서를 포함한다. 이하 이
조에서 같다) 등을 위반하였는지 여부에 대하여 확인하고, 위반사항이 있는 경우에는 집합투자업자에 대
하여 그 운용지시 또는 운용행위의 철회·변경 또는 시정을 요구해야 한다. 
②신탁업자는 집합투자업자가 제1항에 따른 요구를 제3영업일 이내에 이행하지 아니하는 경우에는 그 
사실을 금융위원회에 보고하여야 하며, 법 시행령 제269조 제2항이 정하는 사항을 공시하여야 한다. 
③집합투자업자는 제1항의 요구에 대하여 금융위원회에 이의를 신청할 수 있다. 이 경우 관련 당사자는 
금융위원회의 결정을 따르도록 한다. 
④신탁업자는 투자신탁재산과 관련하여 다음 각 호의 사항을 확인하여야 한다. 
1. 투자설명서가 법령 및 신탁계약에 부합하는지 여부 
2. 법 제88조 제1항 및 제2항에 따른 자산운용보고서의 작성이 적정한지 여부 
3. 법 제238조 제1항에 따른 투자신탁재산평가가 공정한지 여부 
4. 법 제238조 제6항에 따른 기준가격의 산정이 적정한지 여부 등 
⑤신탁업자는 제1항에 따른 요구를 하거나 제2항에 따른 보고를 하기 위하여 필요한 경우 또는 제4항 
각 호의 사항을 확인하기 위하여 필요한 경우에는 집합투자업자에 대하여 관련된 자료의 제출을 요구할 
수 있다. 이 경우 집합투자업자는 정당한 사유가 없는 한 이에 응하여야 한다. 
 
제5장 집합투자증권의 판매 및 환매 
 
제24조(집합투자증권의 판매) ①투자신탁의 집합투자업자는 이 집합투자증권을 판매하기 위해 판매계약 
또는 위탁판매계약을 체결한다. 
②수익자는 판매회사를 통하여 이 집합투자증권을 취득할 수 있다. 
③집합투자업자는 판매회사로 하여금 판매보수 또는 판매수수료와 관련하여 판매회사가 수익자에게 제
공하는 용역 또는 서비스에 관한 내용이 기재된 자료를 제공하고 그 내용을 설명하도록 하여야 한다. 
KB 베스트 모아드림 혼합자산 자투자신탁 신탁계약서 
 - 10 - 
제25조(판매가격) ①집합투자증권의 판매가격은 수익자가 이 집합투자증권의 취득을 위하여 판매회사에 
자금을 납입한 영업일의 제3영업일에 공고되는 당해 종류 집합투자증권의 기준가격(새로운 종류의 집합
투자증권을 발행하는 때 또는 특정 종류의 집합투자증권이 전부 환매된 후 다시 발행하는 때에는 제30
조 제2항을 준용한다)으로 한다. 다만, 이 투자신탁을 최초로 설정하는 때에는 투자신탁 최초설정일의 
기준가격으로 한다. 
②제1항 본문의 규정에도 불구하고 수익자가 17시 경과 후에 자금을 납입한 경우 집합투자증권의 판매
가격은 자금을 납입한 영업일로부터 제4영업일에 공고되는 기준가격으로 한다. 
 
제25조의2(모투자신탁 집합투자증권의 매수) 집합투자업자는 수익자가 이 투자신탁 집합투자증권의 취
득을 위하여 판매회사에 자금을 납입한 경우 달리 운용하여야 할 특별한 사유가 없는 한 자금을 납입한 
당일에 모투자신탁 집합투자증권의 매수를 신청하여야 한다. 
 
제26조(환매업무) ①수익자는 언제든지 집합투자증권의 환매를 청구할 수 있다.  
②수익자가 집합투자증권의 환매를 청구하고자 하는 경우에는 집합투자증권을 판매한 판매회사에 청구
하여야 한다. 다만, 판매회사가 해산, 허가취소, 업무정지 등 법령에서 정하는 사유(이하 “해산 등”이라 
한다)로 인하여 환매청구에 응할 수 없는 경우에는 법 시행규칙에서 정하는 바에 따라 집합투자업자에 
직접 청구할 수 있으며, 집합투자업자가 해산 등으로 인하여 환매에 응할 수 없는 경우에는 신탁업자에 
직접 청구할 수 있다.  
③제2항의 본문의 규정에 의하여 수익자로부터 집합투자증권의 환매청구를 받은 판매회사는 지체없이 
집합투자업자에게 환매에 응할 것을 요구하여야 한다.  
④삭제 
⑤삭제 
⑥본 조에 따라 환매청구를 받거나 환매에 응할 것을 요구받은 집합투자업자(투자신탁재산을 보관·관리
하는 신탁업자를 포함한다)는 수익자가 환매를 청구한 날로부터 제10영업일(17시 경과 후에 환매청구
시 제11영업일)에 수익자에게 환매대금을 지급한다. 
⑦환매대금은 투자신탁재산으로 보유중인 금전 또는 투자신탁재산을 매각하여 조성한 금전으로 지급한
다. 다만, 이 투자신탁 수익자 전원의 동의를 얻은 경우에는 이 투자신탁재산으로 지급할 수 있다. 
⑧삭제 
 
제26조의2(모투자신탁 집합투자증권의 환매청구) 집합투자업자는 수익자가 이 투자신탁 집합투자증권의 
환매를 청구한 경우 모투자신탁 집합투자증권의 환매대금으로 환매에 응하지 않을 특별한 사유가 없는 
한 수익자가 환매를 청구한 날에 모투자신탁 집합투자증권의 환매를 청구하여야 한다. 다만, 이 투자신
탁이 보유중인 현금 등으로 환매에 충분히 응할 수 있는 경우에는 그러하지 아니할 수 있다. 
 
제27조(환매가격) 집합투자증권의 환매가격은 수익자가 판매회사에 환매를 청구한 날(삭제)부터 제5영
업일(17시 경과 후에 환매청구시 제6영업일)에 공고되는 기준가격으로 한다.  
 
제28조(환매연기) ①제26조의 규정에 의하여 집합투자증권의 환매에 응하여야 하는 집합투자업자(신탁
업자를 포함한다. 이하 이 조에서 같다)는 투자신탁재산인 자산의 처분이 불가능한 경우 등 법 시행령 
KB 베스트 모아드림 혼합자산 자투자신탁 신탁계약서 
 - 11 - 
제256조에서 정하는 사유로 인하여 환매일에 환매대금을 지급할 수 없게 된 경우 그 집합투자증권의 
환매를 연기할 수 있다. 이 경우 집합투자업자는 환매를 연기한 날부터 6주 이내에 수익자총회에서 집
합투자증권의 환매에 관한 사항으로서 법 시행령 제257조 제1항에서 정하는 사항을 결의하여야 한다. 
②집합투자업자는 수익자총회에서 집합투자증권의 환매에 관한 사항을 정하지 아니하거나 환매에 관하
여 정한 사항의 실행이 불가능한 경우에는 계속하여 환매를 연기할 수 있다. 
③수익자총회에서 환매에 관한 사항이 의결되거나 환매를 계속 연기하는 경우 집합투자업자는 지체없이 
다음 각 호의 구분에 따라 정한 사항을 수익자에게 통지하여야 한다. 
1. 수익자총회에서 환매에 관한 사항을 의결한 경우 
가. 환매에 관하여 의결한 사항 
나. 기타 법 시행령 제257조 제2항에서 정한 사항 
2. 환매연기를 계속하는 경우 
가. 환매를 연기하는 사유 
나. 환매를 연기하는 기간 
다. 환매를 재개하는 경우 환매대금의 지급방법 
라. 기타 법 시행령 제257조 제3항에서 정한 사항 
④환매연기사유의 전부 또는 일부가 해소되어 환매를 재개할 수 있을 경우 집합투자업자는 환매가 연기
된 수익자에 대하여 환매한다는 뜻을 통지하고 법 시행령 제258조에서 정하는 바에 따라 환매대금을 
지급한다. 
⑤집합투자업자는 투자신탁재산의 일부가 제1항에 의한 환매연기사유에 해당하는 경우 환매연기자산에 
해당하지 아니하는 자산(이하 “정상자산”이라 한다)에 대하여는 수익자가 보유하는 집합투자증권의 지분
에 따라 환매에 응할 수 있다. 
⑥집합투자업자는 제5항에 따라 환매가 연기된 투자신탁재산만으로 별도의 투자신탁을 설정할 수 있다. 
⑦집합투자업자는 다음 각 호의 1에 해당하는 경우에는 제26조의 규정에도 불구하고 환매청구에 응하
지 아니할 수 있다. 
1. 수익자 또는 질권자로서 권리를 행사할 자를 정하기 위하여 일정한 날을 정하여 수익자명부에 기재
된 수익자 또는 질권자를 그 권리를 행사할 수익자 또는 질권자로 보도록 한 경우로서 이 일정한 날의 
제8영업일 전일(17시 경과 후에 환매청구를 한 경우 제9영업일 전일)과 그 권리를 행사할 날까지의 사
이에 환매청구를 한 경우 
2. 법령 또는 법령에 의한 명령에 의하여 환매가 제한되는 경우 
 
제6장 투자신탁재산평가 및 회계 
 
제29조(투자신탁재산평가) ①집합투자업자는 법 제238조 제1항에 따라 투자신탁재산을 시가에 따라 평
가하되, 평가일 현재 신뢰할 만한 시가가 없는 경우 공정가액으로 평가하여야 한다. 
②집합투자업자는 제1항에 따른 투자신탁재산의 평가업무를 수행하기 위하여 법 제238조 제2항에서 
정하는 투자신탁재산평가위원회를 구성·운영하여야 한다. 
③집합투자업자는 투자신탁재산에 대한 평가가 공정하고 정확하게 이루어질 수 있도록 신탁업자의 확인
을 받아 법 제238조 제3항에서 정하는 투자신탁재산의 평가와 절차에 관한 기준(이하 이 조에서 “투자
신탁재산평가기준”이라 한다)을 마련하여야 한다. 
KB 베스트 모아드림 혼합자산 자투자신탁 신탁계약서 
 - 12 - 
④집합투자업자는 제2항에 따른 투자신탁재산평가위원회가 투자신탁재산을 평가한 경우 그 평가명세를 
지체없이 신탁업자에게 통보하여야 한다. 
⑤신탁업자는 집합투자업자의 투자신탁재산의 평가가 법령 및 투자신탁재산평가기준에 따라 공정하게 
이루어졌는지 확인하여야 한다. 
 
제30조(기준가격 산정 및 공고) ①집합투자업자는 제29조의 규정에 따른 투자신탁재산의 평가결과에 따
라 기준가격을 산정한다. 기준가격[당해 종류 집합투자증권의 기준가격]은 제2항의 기준가격의 공고·게
시일 전날의 대차대조표상에 계상된 투자신탁[당해 종류 집합투자증권의 상당액] 자산총액에서 부채총
액을 차감한 금액(이하 ""순자산총액""이라 한다)을 그 공고·게시일 전날의 집합투자증권[당해 종류 집합
투자증권] 총좌수로 나누어 산정하며, 1,000 좌 단위로 원미만 셋째자리에서 4사5입하여 원미만 둘째자
리까지 계산한다.  
②일반사무관리회사는 제1항의 규정에 의하여 이 투자신탁의 기준가격(모투자신탁의 기준가격 포함)을 
매일 산정하여 집합투자업자에 통보하여야 하며, 집합투자업자는 산정된 기준가격을 매일 공고·게시하
되, 이 투자신탁을 최초로 설정하는 날[신규 종류 집합투자증권을 발행하는 날 또는 특정 종류의 집합투
자증권이 전부 환매된 후 다시 발행하는 날]의 기준가격은 1좌를 1원으로 하여 1,000원으로 공고한다. 
③집합투자업자는 기준가격 산정업무를 일반사무관리회사에 위탁할 수 있으며, 이 경우 그 수수료는 이 
투자신탁재산에서 부담한다. 
 
제31조(투자신탁의 회계기간) 이 투자신탁의 회계기간은 투자신탁의 최초설정일로부터 매 1년간으로 한
다. 다만, 신탁계약 해지시에는 투자신탁회계기간 초일부터 신탁계약의 해지일까지로 한다.  
 
제32조(투자신탁의 회계감사 등) ①집합투자업자는 이 투자신탁의 결산기마다 다음 각 호의 서류 및 부
속서류를 작성하여야 한다.  
1. 대차대조표  
2. 손익계산서  
3. 자산운용보고서  
②집합투자업자는 다음 각 호의 어느 하나에 해당하는 사유가 발생한 경우 그 사유가 발생한 날로부터 
2개월 이내에 이 투자신탁재산에 대한 제1항의 결산서류를 작성하여 회계감사인의 회계감사를 받아야 
하고, 이 결산서류는 금융위원회 및 한국금융투자협회에 제출하여야 한다. 
1. 회계기간의 말일  
2. 투자신탁의 해지일  
 
제33조(이익분배) ①집합투자업자는 이 투자신탁재산의 운용에 따라 발생한 당해 종류 집합투자증권의 
이익금을 투자신탁회계기간 종료일 익영업일에 분배한다. 다만, 다음 각 호의 어느 하나에 해당하는 이
익금은 해당 이익금의 범위 내에서 분배를 유보하며, 법 제242조에 따른 이익금이 0보다 적은 경우에
도 분배를 유보한다. 
1. 법 제238조에 따라 평가한 집합투자재산의 평가이익 
2. 법 제240조 제1항의 회계처리기준에 따른 집합투자재산의 매매이익  
②집합투자업자는 제1항의 규정에 의한 이익금을 판매회사를 경유하여 수익자에게 현금 또는 새로이 
KB 베스트 모아드림 혼합자산 자투자신탁 신탁계약서 
 - 13 - 
발행되는 집합투자증권으로 분배한다.  
 
제34조(이익분배금에 의한 재투자) ①수익자는 수익자와 판매회사간 별도의 약정이 없는 한 이익분배금에
서 세액을 공제한 금액의 범위 내에서 분배금 지급일의 기준가격으로 집합투자증권을 매수하여야 한다. 
②이익분배금으로 집합투자증권을 매수하는 경우 집합투자업자는 당해 집합투자증권 매수금액의 납입이 
완료 된 때에 제10조 제1항의 방법으로 집합투자증권을 발행하여야 한다.  
 
제35조(상환금 등의 지급) ①집합투자업자는 신탁계약기간이 종료되거나 투자신탁을 해지하는 경우 지
체없이 신탁업자로 하여금 투자신탁원본의 상환금 및 이익금(이하 “상환금 등”이라 한다)을 수익자에게 
지급한다.  
②집합투자업자가 제45조의 규정에 따라 이 투자신탁을 해지하는 경우에는 수익자 전원의 동의를 얻어 
투자신탁재산인 자산으로 수익자에게 상환금 등을 지급할 수 있다.  
③집합투자업자는 투자신탁재산인 증권 등의 매각지연 등의 사유로 인하여 상환금 등의 지급이 곤란한 
경우에는 전자등록기관을 통하여 그 사실을 통지하여야 한다.  
 
제36조(이익분배금 및 상환금 등의 시효 등) ①이익분배금 또는 상환금 등을 수익자가 그 지급개시일(제
33조 내지 제35조의 규정에 따라 판매회사가 수익자에게 이익분배금 또는 상환금 등을 지급하는 날을 
말한다)부터 5년간 지급을 청구하지 아니한 때에는 판매회사가 취득할 수 있다. 
②신탁업자가 이익분배금 또는 상환금 등을 판매회사에게 인도한 후에는 판매회사가 수익자에 대하여 
그 지급에 대한 책임을 부담한다. 
 
제7장 수익자총회 
 
제37조(수익자총회) ①이 투자신탁에는 전체 수익자로 구성되는 수익자총회를 두며, 수익자총회는 법, 
신탁계약 및 모투자신탁의 수익자총회 개최 사유 중 이 투자신탁 수익자의 이해관계에 영향을 미치는 
사항에 한하여만 결의할 수 있다.  
②수익자총회는 투자신탁을 설정한 집합투자업자가 소집한다. 
③제1항의 규정에도 불구하고 수익자총회의 의결을 요하는 경우로서 특정 종류의 집합투자증권 수익자
에 대하여만 이해관계가 있는 때에는 그 종류의 수익자로 구성되는 수익자총회를 개최할 수 있다. 
④투자신탁을 설정한 집합투자업자는 투자신탁재산을 보관·관리하는 신탁업자 또는 발행된 집합투자증
권 총좌수의 100분의 5 이상을 소유한 수익자가 수익자총회의 목적과 소집의 이유를 기재한 서면을 제
출하여 수익자총회의 소집을 그 집합투자업자에 요청하는 경우 1개월 이내에 수익자총회를 소집하여야 
한다. 이 경우 집합투자업자가 정당한 사유없이 수익자총회를 소집하기 위한 절차를 거치지 아니하는 경
우 그 신탁업자 또는 발행된 집합투자증권 총좌수의 100분의 5 이상을 소유한 수익자는 금융위원회의 
승인을 받아 수익자총회를 개최할 수 있다. 
⑤「상법」 제363조 제1항 및 제2항은 수익자총회의 소집통지에 관하여 준용한다. 이 경우 “주주”는 각
각 “수익자”로, “주주명부”는 “수익자명부”로, “회사”는 “집합투자업자”로 본다. 
⑥수익자총회는 출석한 수익자의 의결권의 과반수와 발행된 집합투자증권 총좌수의 4분이 1 이상의 수
로 결의한다. 다만, 이 법에서 정한 수익자총회의 결의사항 외에 신탁계약으로 정한 수익자총회의 결의
KB 베스트 모아드림 혼합자산 자투자신탁 신탁계약서 
 - 14 - 
사항에 대하여는 출석한 수익자의 의결권의 과반수와 발행된 집합투자증권의 총좌수의 5분의 1 이상의 
수로 결의할 수 있다. 
⑦수익자는 수익자총회에 출석하지 아니하고 서면에 의하여 의결권을 행사할 수 있다. 다만, 다음 각 호
의 요건을 모두 충족하는 경우에는 수익자총회에 출석한 수익자가 소유한 집합투자증권의 총좌수의 결
의내용에 영향을 미치지 아니하도록 의결권을 행사(이하 이 항에서 “간주의결권행사”라 한다)한 것으로 
본다.  
1. 수익자에게 대통령령으로 정하는 방법에 따라 의결권 행사에 관한 통지가 있었으나 의결권이 행사되
지 아니하였을 것  
2. 수익자총회에서 의결권을 행사한 집합투자증권의 총좌수가 발행된 집합투자증권의 총좌수의 10분의 
1 이상일 것  
3. 그 밖에 수익자를 보호하기 위하여 대통령령으로 정하는 방법 및 절차를 따를 것 
⑧투자신탁을 설정한 집합투자업자(제4항 후단에 따라 수익자총회를 소집하는 신탁업자 또는 발행된 집
합투자증권 총좌수의 100분의 5 이상을 소유한 수익자를 포함한다. 이하 이 항에서 같다)는 제6항에 
따른 수익자총회의 결의가 이루어지지 아니한 경우 그 날부터 2주 이내에 연기된 수익자총회(이하 “연
기수익자총회”라 한다)를 소집하여야 한다. 
⑨연기수익자총회의 결의에 관하여는 제6항 및 제7항을 준용한다. 이 경우 ""발행된 집합투자증권 총좌
수의 4분의 1 이상""은 ""발행된 집합투자증권 총좌수의 8분의 1 이상""으로 보고, ""집합투자증권의 총좌수
의 5분의 1 이상""은 ""집합투자증권의 총좌수의 10분의 1 이상""으로 본다. 
⑩모투자신탁의 수익자총회가 개최되고, 모투자신탁의 수익자총회의 목적이 이 투자신탁의 수익자의 이
해관계에 영향을 미치는 경우 집합투자업자는 모투자신탁의 수익자총회와 동일한 시간 및 장소에서 이 
투자신탁의 수익자총회를 소집하여야 한다. 
⑪제1항 단서 규정에 의한 수익자총회는 제4항, 제6항, 제8항 및 제9항의 규정을 준용함에 있어 “발행
된 집합투자증권의 총좌수”는 “발행된 당해 종류 집합투자증권의 총좌수”로 본다. 
 
제38조(반대수익자의 매수청구권) ①투자신탁의 수익자는 다음 각 호의 어느 하나에 해당하는 경우 집
합투자업자에게 집합투자증권의 수를 기재한 서면으로 자기가 소유하고 있는 집합투자증권의 매수를 청
구할 수 있다. 
1. 법 제188조 제2항 각 호 외의 부분 후단에 따른 신탁계약의 변경 또는 법 제193조 제2항에 따른 
투자신탁의 합병에 대한 수익자총회의 결의에 반대(수익자총회 전에 해당 집합투자업자에게 서면으로 
그 결의에 반대하는 의사를 통지한 경우로 한정한다)하는 수익자가 그 수익자총회의 결의일부터 20일 
이내에 집합투자증권의 매수를 청구하는 경우 
2. 법 제193조 제2항 각 호 외의 부분 단서에 따른 투자신탁의 합병에 반대하는 수익자가 대통령령으
로 정하는 방법에 따라 집합투자증권의 매수를 청구하는 경우 
②투자신탁을 설정한 집합투자업자는 제1항에 따른 청구가 있는 경우 해당 수익자에게 집합투자증권의 
매수에 따른 수수료, 그 밖의 비용을 수익자에게 부담시켜서는 아니된다. 
③투자신탁을 설정한 집합투자업자는 제1항에 따른 청구가 있는 경우에는 매수청구기간이 만료된 날로
부터 15일 이내에 그 투자신탁재산으로 그 집합투자증권을 매수하여야 한다. 다만, 매수자금이 부족하
여 매수에 응할 수 없는 경우에는 금융위원회의 승인을 받아 집합투자증권의 매수를 연기할 수 있다. 
④투자신탁을 설정한 집합투자업자는 제3항의 본문에 따라 집합투자증권을 매수한 경우에는 지체없이 
KB 베스트 모아드림 혼합자산 자투자신탁 신탁계약서 
 - 15 - 
그 집합투자증권을 전자증권법에 따른 말소의 전자등록 방법으로 처분하여야 한다. 
 
제8장 보수 및 수수료 등 
 
제39조(보수) ①투자신탁재산의 운용 및 관리 등에 대한 보수(이하 “투자신탁보수”라 한다)는 투자신탁
이 부담하며, 그 종류는 다음 각 호와 같다. 
1. 집합투자업자가 취득하는 집합투자업자보수 
2. 판매회사가 취득하는 판매회사보수 
3. 신탁업자가 취득하는 신탁업자보수 
4. 일반사무관리회사가 취득하는 일반사무관리회사보수 
②투자신탁보수의 계산기간(이하 “보수계산기간”이라 한다)은 최초 설정일로부터 매 3개월간으로 하며 
보수계산기간 중 투자신탁보수를 매일 대차대조표상에 계상하고 다음 각 호의 1에 해당하는 때에 집합
투자업자의 지시에 따라 신탁업자가 투자신탁재산에서 인출한다.  
1. 보수계산기간의 종료  
2. 투자신탁의 전부해지 
③제1항의 규정에 의한 투자신탁보수는 당해 종류 집합투자증권별로 다음 각 호의 보수율에 당해 종류 
집합투자증권에 해당하는 투자신탁재산의 연평균가액(매일의 투자신탁 순자산총액을 연간 누적하여 합
한 금액을 연간 일수로 나눈 금액)에 보수계산기간의 일수를 곱한 금액으로 한다. 다만, 다음 각 호 다 
목의 신탁업자보수는 제2항 제9호에 따른 모투자신탁의 평균 투자비율에 따라 해당 모투자신탁의 신탁
업자와 배분한다. 
1. A 클래스 집합투자증권 
가. 집합투자업자보수율: 연 1,000분의 3.5 
나. 판매회사보수율: 연 1,000분의 3.5 
다. 신탁업자보수율: 연 1,000분의 0.4 
라. 일반사무관리회사보수율: 연 1,000분의 0.15 
2. A-E 클래스 집합투자증권 
가. 집합투자업자보수율: 연 1,000분의 3.5 
나. 판매회사보수율: 연 1,000분의 1.75 
다. 신탁업자보수율: 연 1,000분의 0.4 
라. 일반사무관리회사보수율: 연 1,000분의 0.15 
3. A-G 클래스 집합투자증권 
가. 집합투자업자보수율: 연 1,000분의 3.5 
나. 판매회사보수율: 연 1,000분의 2.45 
다. 신탁업자보수율: 연 1,000분의 0.4 
라. 일반사무관리회사보수율: 연 1,000분의 0.15 
4. C 클래스 집합투자증권 
가. 집합투자업자보수율: 연 1,000분의 3.5 
나. 판매회사보수율: 연 1,000분의 9.0 
다. 신탁업자보수율: 연 1,000분의 0.4 
KB 베스트 모아드림 혼합자산 자투자신탁 신탁계약서 
 - 16 - 
라. 일반사무관리회사보수율: 연 1,000분의 0.15 
5. C-E 클래스 집합투자증권 
가. 집합투자업자보수율: 연 1,000분의 3.5 
나. 판매회사보수율: 연 1,000분의 4.5 
다. 신탁업자보수율: 연 1,000분의 0.4 
라. 일반사무관리회사보수율: 연 1,000분의 0.15 
6. C-G 클래스 집합투자증권 
가. 집합투자업자보수율: 연 1,000분의 3.5 
나. 판매회사보수율: 연 1,000분의 6.3 
다. 신탁업자보수율: 연 1,000분의 0.4 
라. 일반사무관리회사보수율: 연 1,000분의 0.15 
7. C-F 클래스 집합투자증권 
가. 집합투자업자보수율: 연 1,000분의 3.5 
나. 판매회사보수율: 연 1,000분의 0.3 
다. 신탁업자보수율: 연 1,000분의 0.4 
라. 일반사무관리회사보수율: 연 1,000분의 0.15 
8. C-W 클래스 집합투자증권 
가. 집합투자업자보수율: 연 1,000분의 3.5 
나. 판매회사보수율: 연 1,000분의 0.0 
다. 신탁업자보수율: 연 1,000분의 0.4 
라. 일반사무관리회사보수율: 연 1,000분의 0.15 
9. S 클래스 집합투자증권 
가. 집합투자업자보수율: 연 1,000분의 3.5 
나. 판매회사보수율: 연 1,000분의 1.5 
다. 신탁업자보수율: 연 1,000분의 0.4 
라. 일반사무관리회사보수율: 연 1,000분의 0.15 
10. S-P 클래스 집합투자증권 
가. 집합투자업자보수율: 연 1,000분의 3.5 
나. 판매회사보수율: 연 1,000분의 1.2 
다. 신탁업자보수율: 연 1,000분의 0.4 
라. 일반사무관리회사보수율: 연 1,000분의 0.15 
11. C-P 클래스 집합투자증권 
가. 집합투자업자보수율: 연 1,000분의 3.5 
나. 판매회사보수율: 연 1,000분의 7.65 
다. 신탁업자보수율: 연 1,000분의 0.4 
라. 일반사무관리회사보수율: 연 1,000분의 0.15 
12. C-Pe 클래스 집합투자증권 
가. 집합투자업자보수율: 연 1,000분의 3.5 
나. 판매회사보수율: 연 1,000분의 3.82 
KB 베스트 모아드림 혼합자산 자투자신탁 신탁계약서 
 - 17 - 
다. 신탁업자보수율: 연 1,000분의 0.4 
라. 일반사무관리회사보수율: 연 1,000분의 0.15 
13. C-퇴직 클래스 집합투자증권 
가. 집합투자업자보수율: 연 1,000분의 3.5 
나. 판매회사보수율: 연 1,000분의 6.0 
다. 신탁업자보수율: 연 1,000분의 0.4 
라. 일반사무관리회사보수율: 연 1,000분의 0.15 
14. C-퇴직e 클래스 집합투자증권 
가. 집합투자업자보수율: 연 1,000분의 3.5 
나. 판매회사보수율: 연 1,000분의 3.0 
다. 신탁업자보수율: 연 1,000분의 0.4 
라. 일반사무관리회사보수율: 연 1,000분의 0.15 
 
제40조(판매수수료) ①판매회사는 A 클래스 집합투자증권, A -E 클래스 집합투자증권 및 A-G 클래스 
집합투자증권의 판매행위에 대한 대가로 수익자가 해당 집합투자증권을 매수하는 시점에 수익자로부터 
선취판매수수료를 취득할 수 있다. 
②제1항의 규정에 의한 선취판매수수료는 납입금액(집합투자증권 매수시 적용하는 기준가격에 매수하는 
집합투자증권의 좌수를 곱한 금액을 1,000으로 나눈 금액)에 다음 각 호의 종류 집합투자증권별 선취판
매수수료율을 곱한 금액으로 한다.  
1. A 클래스 집합투자증권: 납입금액의 0.8% 이내 
2. A-E 클래스 집합투자증권: 납입금액의 0.4% 이내 
3. A-G 클래스 집합투자증권: 납입금액의 0.56% 이내 
③판매회사는 S 클래스 집합투자증권의 판매행위에 대한 대가로 집합투자증권을 환매하는 시점에 수익
자로부터 후취판매수수료를 취득할 수 있다. 다만, 제34조 제2항의 규정에 의해 이익분배금으로 매수한 
집합투자증권의 경우에는 이를 적용하지 아니하며 제51조의 규정에 의한 “수익증권저축약관”에서 정한 
바에 따라 목적식 투자고객 등에 대하여 후취판매수수료를 면제할 수 있다. 
④제3항의 규정에 의한 후취판매수수료는 집합투자증권을 환매하는 시점에 환매금액(집합투자증권 환매
시 적용하는 기준가격에 환매하는 집합투자증권 좌수를 곱한 금액을 1,000으로 나눈 금액)을 집합투자
증권을 보유한 기간(당해 집합투자증권의 매수일을 기산일로 하여 환매시 적용되는 당해 집합투자증권
의 기준가격 적용일까지를 말한다)별로 다음 각 호의 후취판매수수료율을 곱한 금액으로 한다. 
1. 3년 미만 환매시 환매금액의 0.15% 이내 
⑤제2항의 선취판매수수료율 및 제4항의 후취판매수수료율은 각 호의 범위 내에서 판매회사 별로 차등 
적용할 수 있다. 차등적용의 내용은 한국금융투자협회, 판매회사 및 집합투자업자의 홈페이지를 통해 공
시한다. 
 
제41조(환매수수료) 집합투자증권을 환매하는 경우 판매회사(제26조 제2항 단서의 사유가 발생하는 경
우에는 그 집합투자업자 또는 신탁업자를 말한다)는 환매수수료를 받지 아니한다. 
 
제42조(기타 운용비용 등) ①투자신탁재산의 운용 등에 소요되는 비용은 전체 수익자의 부담으로 하며, 
KB 베스트 모아드림 혼합자산 자투자신탁 신탁계약서 
 - 18 - 
집합투자업자의 지시에 따라 신탁업자가 투자신탁재산에서 인출하여 지급한다. 다만, 특정 종류 집합투
자증권의 수익자에 대하여만 이해관계가 있는 경우에는 특정 종류 집합투자증권의 수익자에게만 비용을 
부담시켜야 한다. 
②제1항에서 “전체 수익자의 부담으로 하는 비용”이라 함은 투자신탁재산과 관련된 다음 각 호의 비용
을 말한다. 
1. 투자신탁재산의 매매수수료  
2. 투자신탁재산의 예탁 및 결제비용  
3. 투자신탁재산의 회계감사비용  
4. 수익자명부 관리비용  
5. 수익자총회 관련비용  
6. 투자신탁재산에 관한 소송비용  
7. 투자신탁재산의 가격정보비용  
8. 투자신탁재산의 운용에 필요한 지적재산권비용 
9. 기타 이에 준하는 비용으로 투자신탁재산의 운용 등에 소요되는 비용  
③제1항 단서규정에서 “특정 종류 집합투자증권의 수익자에게 부담시키는 비용”이라 함은 당해 종류 
집합투자증권의 수익자에 대하여 이해관계가 있는 투자신탁재산과 관련된 다음 각 호의 비용을 말한다. 
1. 특정 종류 집합투자증권의 수익자로 구성되는 수익자총회 관련비용 
 
제9장 신탁계약의 변경 및 해지 등 
 
제43조(신탁계약의 변경) ①집합투자업자가 신탁계약을 변경하고자 하는 경우에는 신탁업자와 변경계약
을 체결하여야 한다. 이 경우 신탁계약 중 다음 각 호의 어느 하나에 해당하는 사항을 변경하는 경우에
는 미리 제37조 제6항 본문에 따른 수익자총회의 결의를 거쳐야 한다. 
1. 집합투자업자, 신탁업자 등이 받는 보수, 그 밖의 수수료의 인상 
2. 신탁업자의 변경(제44조 제3항 각 호의 경우는 제외한다) 
3. 신탁계약기간의 변경(투자신탁을 설정할 당시에 그 기간변경이 신탁계약서에 명시되어 있는 경우는 
제외) 
4. 그 밖에 수익자의 이익과 관련된 중요한 사항으로서 법 시행령 제217조에서 정하는 사항 
②집합투자업자는 제1항에 따라 신탁계약을 변경한 경우에는 인터넷 홈페이지 등을 이용하여 공시하여
야 하며, 제1항 후단에 따라 신탁계약을 변경한 경우에는 공시 외에 이를 수익자에게 통지하여야 한다. 
③제2항의 규정에 불구하고 신탁계약의 단순한 자구수정 등 경미한 사항을 변경하거나 법령 또는 금융
감독원장의 명령에 따라 신탁계약을 변경하는 경우에는 그 내용을 집합투자업자 및 판매회사의 영업점
포 내에 1월 이상 게시하여야 한다.  
④수익자가 제2항의 규정에 의한 공시일(모투자신탁의 신탁계약 변경의 경우 제2항에 의하여 공시 또
는 통지된 날을 말한다)부터 1월 이내에 판매회사에 이의신청서를 제출하고 집합투자증권의 환매를 청
구하는 경우에는 제41조의 규정에 불구하고 환매수수료를 받지 아니한다. 다만, 제3항 및 제5항의 경우
에는 그러하지 아니하다.  
⑤이 신탁계약에 규정된 사항 중 법령 등의 변경으로 그 적용이 의무화된 경우에는 그 변경된 바에 따
른다.  
KB 베스트 모아드림 혼합자산 자투자신탁 신탁계약서 
 - 19 - 
제44조(집합투자업자 및 신탁업자의 변경) ①이 투자신탁의 집합투자업자나 신탁업자를 변경하는 경우에
는 수익자총회 결의를 거쳐야 한다. 
②집합투자업자 변경의 경우에는 제1항에도 불구하고 다음 각 호의 경우에는 수익자총회 결의를 거치
지 아니하고 변경할 수 있다. 
1. 합병·분할·분할합병 
2. 법 제420조 제3항 제1호 및 제2호에 따른 금융위원회의 조치에 따라 집합투자업자가 변경되는 경우 
3. 「금융산업의 구조개선에 관한 법률」 제10조 제1항 제6호부터 제8호까지의 규정에 따른 금융위원회
의 명령에 따라 집합투자업자가 변경되는 경우 
③신탁업자 변경의 경우에는 제1항의 규정에도 불구하고 다음 각 호의 경우에는 수익자총회 결의를 거
치지 아니하고 변경할 수 있다. 
1. 합병·분할·분할합병 
2. 영업양도 등으로 신탁계약의 전부가 이전되는 경우 
3. 법 제184조 제4항, 법 제246조 제1항 등 관련 법령의 준수를 위하여 불가피하게 신탁계약의 일부
가 이전되는 경우 
4. 법 제420조 제3항 제1호 및 제2호에 따른 금융위원회의 조치에 따라 신탁업자가 변경되는 경우 
5. 「금융산업의 구조개선에 관한 법률」 제10조 제1항 제6호부터 제8호까지의 규정에 따른 금융위원회
의 명령에 따라 신탁업자가 변경되는 경우 
6. 법 시행령 제245조 제5항에 따라 둘 이상의 투자신탁의 자산을 다른 모투자신탁으로 이전함에 따라 
그 투자신탁의 신탁업자가 변경되는 경우 
④다음 각 호의 어느 하나에 해당하는 경우 외의 사유로 제1항에 따라 집합투자업자나 신탁업자를 변
경하는 경우에는 해당 변경으로 인해 초래되는 집합투자업자나 신탁업자의 손실·손해 등을 이 투자신탁
재산으로 집합투자업자나 신탁업자에게 보상 또는 배상하여야 한다. 
1. 집합투자업자나 신탁업자가 법령·신탁계약에 위반하는 행위를 한 경우 
2. 집합투자업자나 신탁업자가 고의 또는 중대한 과실로 이 투자신탁재산에 손실 또는 손해를 발생시킨 
경우 
 
제45조(투자신탁의 해지) ①이 투자신탁을 설정한 집합투자업자는 금융위원회의 승인을 받아 투자신탁
을 해지할 수 있다. 다만, 다음 각 호의 경우에는 금융위원회의 승인을 얻지 아니하고 이 투자신탁을 해
지할 수 있으며, 이 경우 집합투자업자는 그 해지사실을 지체없이 금융위원회에 보고하여야 한다. 
1. 수익자 전원이 동의한 경우  
2. 집합투자증권 전부에 대한 환매의 청구를 받아 신탁계약을 해지하려는 경우 
3. 최초설정일로부터 1년이 되는 날에 투자신탁의 원본액이 50억원 미만인 경우 
4. 최초설정일로부터 1년이 지난 후 1개월간 계속하여 투자신탁의 원본액이 50억원 미만인 경우  
②투자신탁을 설정한 집합투자업자는 다음 각 호의 어느 하나에 해당하는 경우에는 지체없이 투자신탁
을 해지하여야 한다. 이 경우 집합투자업자는 그 해지사실을 지체없이 금융위원회에 보고하여야 한다. 
1. 신탁계약에서 정한 신탁계약기간의 종료 
2. 수익자총회의 투자신탁 해지 결의 
3. 투자신탁의 피흡수합병 
4. 투자신탁의 등록 취소 
KB 베스트 모아드림 혼합자산 자투자신탁 신탁계약서 
 - 20 - 
5. 수익자의 총수가 1인이 되는 경우. 다만, 법 제6조 제6항에 따라 인정되거나 건전한 거래질서를 해
할 우려가 없는 경우로서 법 시행령 제224조의2에서 정하는 경우는 제외한다. 
③제1항 제3호 및 제4호의 규정에 의하여 이 투자신탁을 해지하고자 하는 경우 집합투자업자는 해지사
유, 해지일자, 상환금 등의 지급방법 및 기타 해지관련사항을 제49조의 규정에 따라 공고하거나 전자등
록기관을 통하여 수익자에게 개별통지하여야 한다. 
④이 투자신탁의 원본액이 제1항 제3호 또는 제4호의 규정에 해당되는 경우 집합투자업자는 1개월 이
내에 해지, 합병 및 모자형 전환 등 처리 계획을 이 투자신탁의 신탁업자와 협의하여 결정한다. 
 
제46조(미지급금의 처리) ①집합투자업자는 제45조에 따라 투자신탁을 해지하는 경우 미수금 채권이 있
는 때에는 금융투자업규정 제7-11조 제1항이 정하는 공정가액으로 투자신탁을 해지하는 날에 그 미수
금 채권을 양수하여야 한다. 다만, 그 미수금 채권을 법 시행령 제87조 제1항 제3호에 따라 거래하는 
경우에는 그 거래에 의할 수 있다. 
②집합투자업자는 제45조에 따라 투자신탁을 해지하는 경우 미지급금 채무가 있는 때에는 제1항의 공
정가액으로 투자신탁을 해지하는 날에 그 미지급금 채무를 양수하여야 한다. 다만, 그 미지급금 채무가 
확정된 경우로서 법 시행령 제87조 제1항 제3호에 따라 거래하는 경우에는 그 거래에 의할 수 있다. 
 
제10장 보칙 
 
제47조(투자신탁의 합병) ①투자신탁을 설정한 집합투자업자는 그 집합투자업자가 운용하는 다른 투자
신탁을 흡수하는 방법으로 투자신탁을 합병할 수 있다. 
②투자신탁을 설정한 집합투자업자는 제1항에 따라 투자신탁을 합병하고자 하는 경우 법 제193조 제2
항 각 호에서 정하는 사항을 기재한 합병계획서를 작성하여 합병하는 각 투자신탁의 수익자총회의 결의
를 거쳐야 한다. 다만, 건전한 거래질서를 해할 우려가 적은 소규모 투자신탁의 합병 등 대통령령으로 
정하는 경우는 제외한다. 
 
제48조(자기집합투자증권의 취득 제한 등) ①집합투자업자는 투자신탁의 계산으로 그 투자신탁의 집합투
자증권을 취득하거나 질권의 목적으로 받지 못한다. 다만, 다음 각 호의 어느 하나에 해당하는 경우에는 
투자신탁의 계산으로 그 투자신탁의 집합투자증권을 취득할 수 있다. 
1. 담보권의 실행 등 권리 행사에 필요한 경우. 이 경우 취득한 집합투자증권은 대통령령으로 정하는 방
법에 따라 처분하여야 한다. 
2. 제38조의 규정에 따라 집합투자증권을 매수하는 경우 
②집합투자업자는 제1항 제1호 전단에 따라 취득한 집합투자증권을 취득일로부터 1개월 이내에 다음 
각 호의 어느 하나에 해당하는 방법으로 처분하여야 한다. 
1. 전자증권법에 따른 말소의 전자등록 
2. 투자매매업자 또는 투자중개업자를 통한 매도 
 
제49조(공고 및 보고서 등) ①집합투자업자, 신탁업자가 수익자에 대하여 일간신문에 공고를 하는 때에
는 매일경제신문에 공고하되, 2이상의 일간신문에 공고하는 때에는 경향신문에도 공고한다.  
②집합투자업자는 다음 각 호의 1에 해당하는 사항(모투자신탁의 경우를 포함한다)을 그 사유발생 후 
KB 베스트 모아드림 혼합자산 자투자신탁 신탁계약서 
 - 21 - 
지체없이 제3항에서 정하는 방법에 따라 공시하여야 한다. 
1. 투자운용인력의 변경이 있는 경우 그 사실과 변경된 투자운용인력의 운용경력 
2. 환매연기 또는 환매재개의 결정 및 그 사유  
3. 법 시행령 제93조 제2항이 정하는 부실자산이 발생한 경우 그 내역 및 상각율  
4. 수익자총회의 의결내용  
5. 그 밖에 집합투자업자의 재무건전성 또는 투자신탁재산의 운용에 관한 중요사항으로 법령이 정하는 
사항  
③제2항에 따른 수시공시는 다음 각 호의 방법으로 모두 공시하여야 한다. 
1. 집합투자업자, 집합투자증권을 판매한 판매회사 및 한국금융투자협회의 인터넷 홈페이지를 이용하여 
공시하는 방법 
2. 집합투자증권을 판매한 판매회사로 하여금 전자우편을 이용하여 수익자에게 알리는 방법 
3. 집합투자업자, 집합투자증권을 판매한 판매회사의 본점과 지점, 그 밖의 영업소에 게시하는 방법 
④집합투자업자는 법 제119조에 의하여 공모의 방법으로 집합투자증권을 발행하는 경우에는 법령에 따
라 증권신고서, 정정신고서, 투자설명서, 간이투자설명서 및 발행실적보고서 등을 금융위원회를 통해 공
시하여야 하며, 투자설명서 및 간이투자설명서의 경우 법 제123조의 규정에 따라 금융위원회에 제출하
고 총리령 제13조 제1항 각 호의 장소에 비치하고 일반인이 열람할 수 있도록 하여야 한다. 
⑤집합투자업자는 투자신탁의 최초설정일로부터 매 3개월마다 법 제88조에서 규정한 자산운용보고서
(모투자신탁의 내용을 포함한다)를 작성하여 수익자에게 교부하여야 한다. 다만, 수익자가 수시로 변동
되는 등 수익자의 이익을 해할 우려가 없는 경우로서 다음 각 호의 1에 해당하는 경우에는 그러하지 아
니할 수 있다. 
1. 수익자가 보고서의 수령을 거부한다는 의사를 서면, 전화·전신·팩스, 전자우편 또는 이와 비슷한 전
자통신의 방법으로 표시한 경우 
2. 수익자가 보유하고 있는 집합투자증권의 평가금액이 10만원 이하인 경우 
⑥신탁업자는 투자신탁의 회계기간 종료 등 법 제90조 제2항에서 정하는 사유가 발생한 후 2월 이내
에 법 제248조에서 규정한 자산보관·관리보고서(모투자신탁의 내용을 포함한다)를 작성하여 수익자에
게 제공하여야 한다. 다만, 수익자가 수시로 변동되는 등 수익자의 이익을 해할 우려가 없는 경우로서 
제5항 단서 각 호 1에 해당하는 경우에는 그러하지 아니할 수 있다. 
⑦제4항의 규정에 의하여 자산운용보고서를 제공하는 경우 판매회사 또는 전자등록기관을 통하여 서면, 
전자우편 또는 이와 비슷한 전자통신의 방법으로 교부하여야 한다. 다만, 수익자가 해당 집합투자증권에 
투자한 금액이 100만원 이하이거나 수익자에게 전자우편 주소가 없는 등의 경우에는 공시하는 것으로 
갈음할 수 있으며, 수익자가 우편발송을 원하는 경우에는 그에 따라야 한다. 
⑧제6항의 규정에 의하여 자산보관·관리보고서를 제공하는 경우 판매회사 또는 전자등록기관을 통하여 
서면 또는 전자우편으로 교부하여야 한다. 다만, 수익자에게 전자우편 주소가 없는 등의 경우에는 공시
하는 것으로 갈음할 수 있으며, 수익자가 우편발송을 원하는 경우에는 그에 따라야 한다. 
 
제50조(손해배상책임) ①집합투자업자, 신탁업자는 법령·신탁계약·투자설명서에 위배되는 행위를 하거
나 그 업무를 소홀히 하여 수익자에게 손해를 발생시킨 때에는 그 손해를 배상할 책임이 있다.  
②이 투자신탁의 집합투자업자와 신탁업자는 투자매매업자·투자중개업자·일반사무관리회사·투자신탁평
가회사(법 제258조에 따른 투자신탁평가회사를 말한다) 및 채권평가회사(법 제263조에 따른 채권평가
KB 베스트 모아드림 혼합자산 자투자신탁 신탁계약서 
 - 22 - 
회사를 말한다)와 함께 법에 따라 수익자에 대하여 손해배상책임을 부담하는 경우 귀책사유가 있는 경
우 연대하여 손해배상책임을 진다. 
 
제51조(집합투자증권의 통장거래) 수익자는 한국금융투자협회가 제정한 “수익증권저축약관”에 따라 통장
거래 등을 할 수 있다.  
 
제52조(관련법령 등의 준용) 이 신탁계약에서 정하지 아니한 사항은 관련법령 및 규정에서 정하는 바에 
따른다.  
 
제53조(관할법원) ①집합투자업자, 신탁업자 또는 판매회사가 이 신탁계약에 관하여 소송을 제기한 때에
는 소송을 제기하는 자의 본점소재지를 관할하는 법원에 제기한다.  
②수익자가 소송을 제기하는 때에는 수익자의 선택에 따라 수익자의 주소지 또는 수익자가 거래하는 집
합투자업자, 신탁업자 또는 판매회사의 영업점포 소재지를 관할하는 법원에 제기할 수 있다. 다만, 수익
자가 외국환거래법 제3조 제1항 제15호의 규정에 의한 비거주자인 경우에는 수익자가 거래하는 집합투
자업자, 신탁업자 또는 판매회사의 영업점포 소재지를 관할하는 법원에 제기하여야 한다. 
 
<부   칙> 
제1조(시행일) 이 신탁계약은 2019년 09월 23일부터 시행한다. 
 
<부   칙> 
제1조(시행일) 이 신탁계약의 변경은 2020년 07월 15일부터 시행한다. (제2조 제9호. 제18조 제1호. 
전자증권법 및 법 시행령 개정사항 반영) 
 
<부   칙> 
제1조(시행일) 이 신탁계약의 변경은 2020년 12월 16일부터 시행한다. (제2조 제9호) 
 
<부   칙> 
제1조(시행일) 이 신탁계약의 변경은 2021년 09월 28일부터 시행한다. (제2조 제9호) 
 
 
집합투자업자 서울특별시 영등포구 국제금융로 10 
 KB 자  산  운  용   주  식  회  사 
 대  표  이  사       이   현   승 
  
신탁업자 서울특별시 종로구 새문안로 50 
 주  식  회  사   한  국  씨  티  은  행 
 은   행   장      유    명    순",ok,
products/fund/7-1투설KB베스트모아드림.pdf,7-1투설KB베스트모아드림.pdf,products/fund,71,"투자위험등급 : 
4등급(보통 위험) KB자산운용㈜는 이 투자신탁의 실제 수익률 변동성을 감안하여 4
등급으로 분류하였습니다. 집합투자기구의 위험 등급은 운용실적, 
시장 상황 등에 따라 변경될 수 있다는 점을 유의하여 투자판단을 
하시기 바랍니다. 
1 2 3 4 5 6 
매우 
높은 
위험 
높은 
위험 
다소 
높은 
위험 
보통 
위험 
낮은 
위험 
매우 
낮은 
위험 
 
투 자 설 명 서 
 
이 투자설명서는 KB 베스트 모아드림 혼합자산 자투자신탁에 대한 자세한 내용을 담고 있습니다. 따라서 KB 
베스트 모아드림 혼합자산 자투자신탁 집합투자증권을 매입하기 전에 반드시 이 투자설명서를 읽어보시기 
바랍니다. 
 
1. 집합투자기구 명칭: KB 베스트 모아드림 혼합자산 자투자신탁(CV694) 
 
2. 집합투자업자 명칭: KB자산운용주식회사(☎02-2167-8200) 
 
3. 판   매   회   사: 한국금융투자협회(www.kofia.or.kr) 및 집합투자업자(www.kbam.co.kr)의 
 홈페이지 참고 
 
4. 작  성  기  준  일: 2023년 09월 23일 
 
5. 증권신고서 효력발생일: 2023년 11월 01일 
 
6. 모집(매출) 증권의 종류 및 수: 투자신탁의 수익증권[모집(매출) 총액: 10조좌] 
 
7. 모집(매출) 기간(판매기간): 2019년 09월 11일부터 투자신탁의 해지일까지 
 
8. 집합투자증권신고서 및 투자설명서의 공시장소 
 
가. 집합투자증권신고서 
전자문서: 금융위(금감원)홈페이지 → dart.fss.or.kr 
나. 투자설명서 
전자문서: 금융위(금감원)홈페이지 → dart.fss.or.kr 
서면문서: 집합투자업자의 본점 및 판매회사 영업점 
 
※ 이 투자설명서는 효력발생일까지 증권신고서의 기재사항 중 일부가 변경될 수 있으며, 개방형 집합투자증권인 
경우 효력발생일 이후에도 변경될 수 있습니다. 
 
금융위원회가 투자설명서의 기재사항이 진실 또는 정확하다는 것을 인정하거나 그 증권의 
가치를 보증 또는 승인하지 아니함을 유의하시기 바랍니다. 또한 이 집합투자증권은 
「예금자보호법」에 의한 예금보험공사의 보호를 받지 않는 실적배당상품으로 투자원금의 
손실이 발생할 수 있으므로 투자에 신중을 기하여 주시기 바랍니다.  

 
 
 
<요약정보> 
 
제1부. 모집 또는 매출에 관한 사항 
 
1. 집합투자기구의 명칭 
2. 집합투자기구의 종류 및 형태 
3. 모집예정금액 
4. 모집의 내용 및 절차 
5. 인수에 관한 사항 
6. 상장 및 매매에 관한 사항 
 
제2부. 집합투자기구에 관한 사항 
 
1. 집합투자기구의 명칭 
2. 집합투자기구의 연혁 
3. 집합투자기구의 신탁계약기간 
4. 집합투자업자 
5. 운용전문인력에 관한 사항 
6. 집합투자기구의 구조 
7. 집합투자기구의 투자목적 
8. 집합투자기구의 투자대상 
9. 집합투자기구의 투자전략, 위험관리 및 수익구조 
10. 집합투자기구의 투자위험 
11. 매입, 환매, 전환 기준 
12. 기준가격 산정기준 및 집합투자재산의 평가 
13. 보수 및 수수료에 관한 사항 
14. 이익 배분 및 과세에 관한 사항 
 
제3부. 집합투자기구의 재무 및 운용실적 등에 관한 사항 
 
1. 재무정보 
2. 연도별 설정 및 환매현황 
3. 집합투자기구의 운용실적(세전 기준) 
 
제4부. 집합투자기구의 관련회사에 관한 사항 
 
1. 집합투자업자에 관한 사항 
2. 운용관련 업무 수탁회사 등에 관한 사항 
3. 기타 집합투자기구 관련 회사에 관한 사항 
 
제5부. 기타 투자자보호를 위해 필요한 사항 
 
1. 투자자의 권리에 관한 사항 
2. 집합투자기구의 해지에 관한 사항 
3. 집합투자기구의 공시에 관한 사항 
4. 이해관계인 등과의 거래에 관한 사항 
5. 외국 집합투자기구에 관한 추가 기재사항 
 
[참고] 펀드 용어 정리 
 
[ 목      차 ] 
 
 
 
투자결정시 유의사항 안내 
 
1. 투자판단시 증권신고서와 투자설명서 또는 간이투자설명서를 반드시 참고하시기 바라며, 투자자는 
간이투자설명서 대신 투자설명서를 요청할 수 있습니다. 
 
2. 집합투자기구의 투자위험등급 및 적합한 투자자유형에 대한 기재사항을 참고하고, 귀하의 투자경력이나 
투자성향에 적합한 상품인지 신중한 투자결정을 하시기 바랍니다. 
 
3. 증권신고서, 투자설명서 및 간이투자설명서상 기재된 투자전략에 따른 투자목적 또는 성과목표가 
실현된다는 보장은 없습니다. 
 
4. 과거의 투자실적이 장래에도 실현된다는 보장은 없습니다. 
 
5. 판매회사는 투자실적과 무관하며, 특히 은행, 증권회사, 보험회사 등의 판매회사는 단순히 집합투자증권의 
판매업무(환매 등 판매행위와 관련된 부가적인 업무 포함)만 수행할 뿐 판매회사가 동 집합투자증권의 
가치결정에 아무런 영향을 미치지 아니합니다. 
 
6. 집합투자증권은 집합투자기구의 운용실적에 따라 손익이 결정되는 실적배당 상품으로 예금자보호법에 의한 
예금보험공사의 보호를 받지 아니하며, 특히 예금자보호법의 적용을 받는 은행 등에서 집합투자증권을 
매입하는 경우에도 은행예금과 달리 예금자보호법에 따라 예금보험공사가 보호하지 아니합니다. 
 
7. 투자자가 부담하는 선취수수료 등을 감안하면 투자자의 입금금액 중 실제 집합투자증권을 매입하는 금액은 
작아질 수 있습니다. 
 
8. 후취판매수수료가 부과되는 경우 환매금액에서 후취판매수수료가 차감되므로 환매신청시의 예상 
환매금액보다 실제 수령금액은 작아질 수 있습니다. 
 
9. 원본손실위험 등 이 집합투자기구와 관련된 투자위험에 대하여는 증권신고서, 투자설명서 
또는 간이투자설명서 본문의 투자위험 부분을 참고하시기 바랍니다. 
 
10. 집합투자기구가 설정 후 1년이 경과하였음에도 설정액이 50억원 미만(소규모펀드)인 경우 분산투자가 
어려워 효율적인 자산운용이 곤란하거나 임의해지 될 수 있으니, 투자 시 소규모펀드 여부를 확인하시기 
바랍니다. 소규모펀드 해당 여부는 금융투자협회, 판매회사 및 집합투자업자 홈페이지에서 확인할 수 있습니다. 
 
 
 
 
 
 
 
11. 투자자의 국적 또는 세법상의 관할 국가가 대한민국 이외인 경우 국제조세조정에 관한 법률 및 관련 
조세조약에 따라 투자자의 금융 정보가 국세청 및 해당 국가(투자자의 국적 국가 또는 세법상의 과세 관할 
국가)의 권한 있는 당국에 보고될 수 있으며, 판매회사는 투자자의 국적 또는 세법상의 과세 관할 국가를 
확인하기 위하여, 계좌 개설 시 수집된 정보 이외의 추가자료를 요구할 수 있습니다. 
 
12. 이 집합투자기구는 기본적으로 변동성을 관리하면서 장기적으로 안정적인 수익을 추구하는 다수의 
모투자신탁에 분산 투자하며, 시장상황에 따라 주식 및 채권 등 전통적 자산에 투자하는 모투자신탁을 활용한 
자산배분 전략을 일부 병행 할 예정입니다. 그러나 이 집합투자기구의 전략이 투자위험을 낮춰 준다고 보장할 
수 없으며, 이러한 전략이 효과적으로 수행되지 못할 경우 또는 특정 자산이나 전략의 손실이 확대되는 경우 등 
다양한 요인들로 인하여 일반적으로 단일 전략을 수행하는 투자신탁에 비해 투자위험이 커질 수 있으며 이로 
인해 투자원금의 손실이 크게 발생할 수 있습니다. 그리고 이 집합투자기구는 투자목적 달성을 위해 적극적인 
매매전략을 수행할 수 있어 상대적으로 높은 매매비용이 발생하여 투자수익률에 부정적인 영향을 줄 수 
있습니다.  
 
 
- 5 - 
이 요약정보는 KB 베스트 모아드림 혼합자산 자투자신탁의 투자설명서의 내용 중 중요사항을 발췌ㆍ요약한 핵심정보를 담고 있습니다. 따라서 자세
한 정보가 필요하신 경우에는 동 집합투자증권을 매입하기 이전에 투자설명서를 반드시 참고하시기 바랍니다.  
 
■ 요약정보 
투자목적 및 
투자전략 
- 이 투자신탁은 다양한 모투자신탁에 분산투자하여 위험을 관리하면서 장기 안정적인 수익을 추구합니다. 이 투자신탁이 모
투자신탁을 활용하여 추구하는 주요 전략은 시장중립전략, 인컴추구전략, 대체자산투자전략, 자산배분전략 등입니다.  
- 이 투자신탁이 투자하는 다수의 모투자신탁은 외화표시 자산 투자로 인한 환헤지 전략을 수행하는 모투자신탁과 수행하지 
않는 모투자신탁이 혼재되어 있으므로 자투자신탁에서 환헤지 대상통화 및 비중 등을 통합적으로 관리하여 환헤지 전략을 
수행할 예정입니다. (※목표헤지비율: 외화자산의 최소 30%내외, 최대 100%내외) 
※ 투자대상 모펀드는 간이투자설명서의 별첨을 참고하시고, 모펀드의 자세한 사항은 투자설명서를 확인하시기 바랍니다. 
분류 투자신탁, 혼합자산, 개방형(환매가 가능한 투자신탁), 추가형, 종류형, 모자형 
투자비용 
클래스 종류 
투자자가 부담하는 수수료, 총보수 및 비용 
(연간, 단위: %) 
1,000만원 투자시 투자자가 부담하는 
투자기간별 총보수·비용 예시 (단위: 천원) 
판매수수료 총보수 
 동종유형 
총보수 
총보수·
비용 1년 2년 3년 5년 10년 
판매보수 
수수료선취- 
오프라인(A) 
납입금액의 
0.8% 이내 0.755 0.350 0.840 1.196 201 327 457 734 1,525 
수수료미징구- 
오프라인(C) 없음 1.305 0.900 1.090 1.745 178 361 550 949 2,065 
수수료선취- 
온라인(A-E) 
납입금액의 
0.4% 이내 0.580 0.175 0.620 1.021 144 252 364 603 1,290 
수수료미징구- 
온라인(C-E) 없음 0.855 0.450 0.810 1.295 132 269 411 712 1.569 
(주1)‘1,000만원 투자시 투자자가 부담하는 투자기간별 총보수·비용 예시’는 투자자가 1,000만원을 투자했을 경우 향후 투자기간별 지불하
게 되는 총비용(판매수수료 + 합성총보수·비용[피투자펀드 보수 포함])을 의미합니다. 선취판매수수료 및 총보수비용은 일정하고, 이
익금은 모두 재투자하며, 연간 투자수익률은 5%로 가정하였습니다. 
(주2) A 클래스와 C 클래스에 각각 투자할 경우 총비용이 일치하는 시점은 1년 5개월이 경과되는 시점이며 A-E 클래스와 C-E 클래스에 각각 
투자할 경우 총비용이 일치하는 시점은 1년 5개월이 되는 경과시점이나 추가납입, 보수 등의 변경에 따라 달라질 수 있습니다. 
(주3) 종류형 집합투자기구의 구체적인 투자비용은 투자설명서 제2부 13. 보수 및 수수료에 관한 사항(p.42~46)을 참고하시기 바랍니다. 
(주4) ‘동종유형 총보수’는 한국금융투자협회에서 공시하는 동종유형 집합투자기구 전체의 평균 총보수·비용을 의미합니다. 
투자실적추이 
(연평균수익률) 
(단위:%) 
종류 최초설정일 
최근 1년 최근 2년 최근 3년 최근 5년 
설정일이후 2022/09/23 ~ 
2023/09/22 
2021/09/23 ~ 
2023/09/22 
2020/09/23 ~ 
2023/09/22 - 
수수료선취- 
오프라인(A) 2019-09-23 0.00 -4.79 1.37 - 1.15 
비교지수 - - - - - - 
수익률 변동성 2019-09-23 6.31 7.43 6.67 8.21 8.21 
(주1) 비교지수: 해당사항 없음 
(주2) 연평균 수익률은 해당 기간동안의 누적수익률을 기하평균방식으로 계산한 것으로 집합투자기구 총비용 지급 후 해당기간동안의 세전
평균 수익률을 나타내는 수치입니다. 
(주3) 수익률 변동성(표준편차)은 해당기간 펀드의 연환산 주간수익률이 평균수익률에서 통상적으로 얼마만큼 등락했는지를 보여주는 수치
로서, 변동성이 높을수록 수익률 등락이 빈번해 펀드의 손실위험이 높다는 것을 의미합니다. 
간이투자설명서   | 작성기준일 2023.09.23. | 
KB 베스트 모아드림 혼합자산 자투자신탁[펀드코드: CV694] 
투자위험등급 KB자산운용㈜는 이 투자신탁의 실제 수익률 변동성을 감안하여 4등급으로 분류
하였습니다. 
집합투자증권은 ｢예금자보호법｣에 따라 예금보험공사가 보호하지 않는 실적배당상품입니
다. 집합투자기구 재산의 70% 이상을 다양한 모투자신탁에 분산투자하는 자투자신탁으로, 
전략수행에 따른 위험, 국내외 주식, 채권 및 집합투자증권 투자에 따른 가격 변동 위험, 해
외 자산 등에 투자로 인한 국가 위험 및 환율변동 위험 등이 있으므로 투자에 신중을 기하여 
주시기 바랍니다. 
4등급(보통 위험) 
1 2 3 4 5 6 
매우 
높은 
위험 
높은 
위험 
다소 
높은 
위험 
보통 
위험 
낮은 
위험 
매우 
낮은 
위험 
 
- 6 - 
운용전문 
인력 
성명 생년 직위 
운용현황 동종펀드 연평균 수익률(혼합자산)(%) 
운용경력년수 펀드수 
(개) 
규모 
(억) 
운용역 운용사 
최근1년 최근2년 최근1년 최근2년 
이덕주 1973년 책임 35 1,262 4.15 2.69 
4.15 2.69 
16년 11개월 
박재환 1995년 부책임 19 670 0.76 - 1년 9개월 
(주1) ‘책임운용전문인력’은 이 집합투자기구의 운용의사결정 및 운용결과에 대한 책임을 부담하는 운용전문인력을 말하며, ‘부책임운용전문
인력’은 책임운용전문인력이 아닌 자로서 집합투자기구의 투자목적 및 운용전략 등에 중대한 영향을 미칠 수 있는 자산에 대한 운용권
한을 가진 운용전문인력을 말합니다. 
(주2) 운용전문인력의 최근 과거 3년 이내에 운용한 집합투자기구의 명칭, 집합투자재산의 규모와 수익률 등은 금융투자협회 홈페이지
(dis.kofia.or.kr)에서 확인할 수 있습니다. 
(주3) 동종집합투자기구 연평균 수익률은 해당 집합투자업자가 분류한 동일 유형 집합투자기구의 평균운용성과이며, 해당 운용전문인력의 평
균운용성과는 해당 회사 근무기간 중 운용한 성과를 의미합니다. 
(주4) ‘운용경력년수’는 해당 운용전문인력이 과거 집합투자기구를 운용한 기간을 모두 합산한 기간입니다. 
투자자 
유의사항 
ㆍ집합투자증권은 ｢예금자보호법｣에 따라 예금보험공사가 보호하지 않는 실적배당상품으로 투자원금의 손실이 발생할 수 
있으므로 투자에 신중을 기하여 주시기 바랍니다.  
ㆍ금융위원회가 투자설명서의 기재사항이 진실 또는 정확하다는 것을 인정하거나 그 증권의 가치를 보증 또는 승인하지 아니
함을 유의하시기 바랍니다. 
ㆍ간이투자설명서보다 자세한 내용이 필요하시어 투자설명서의 교부를 요청하시면 귀하의 집합투자증권 매입 이전까지 교부 
하오니 참고하시기 바랍니다. 
ㆍ간이투자설명서는 증권신고서 효력발생일까지 기재사항 중 일부가 변경될 수 있으며, 개방형 집합투자증권인 경우 효력 발
생일 이후에도 변경될 수 있습니다. 
ㆍ이 집합투자증권의 투자위험등급을 확인하시고, 귀하의 투자 경력이나 투자성향에 적합한 상품인지 신중한 투자결정을 하
시기 바랍니다. 
ㆍ증권신고서, 투자설명서상 기재된 투자전략에 따른 투자목적 또는 성과목표는 반드시 실현된다는 보장은 없습니다. 또한 
과거의 투자실적이 장래에도 실현된다는 보장은 없습니다. 
ㆍ집합투자기구가 설정 후 1년이 경과하였음에도 설정액이 50억원 미만(소규모펀드)인 경우 분산투자가 어려워 효율적인 자
산운용이 곤란하거나 임의 해지 될 수 있으니, 투자 시 소규모펀드 여부를 확인 하시기 바라며 소규모펀드 해당여부는 금융
투자협회, 판매회사, 자산운용사 홈페이지에서 확인할 수 있습니다. 
주요 
투자위험 
구분 투자위험의 주요내용 
원본 
손실위험 
이 투자신탁은 실적배당상품으로 투자 원금 전액이 보장 또는 보호되지 않습니다. 따라서 투자원본의 전부 
또는 일부에 대한 손실의 위험이 존재하며 투자금액의 손실 내지 감소의 위험은 전적으로 투자자가 부담하
며, 집합투자업자나 판매회사 등 어떤 당사자도 투자손실에 대하여 책임을 지지 아니합니다. 또한, 이 투자
신탁은 예금자보호법의 적용을 받는 은행의 예금과 달리 실적에 따른 수익을 취득하므로 은행 등에서 판매
하는 경우에도 예금보험공사 등의 보호를 받지 못합니다. 
전략수행에 
따른 위험 
이 투자신탁은 기본적으로 변동성을 관리하면서 장기적으로 안정적인 수익을 추구하는 다수의 모투자신탁에 
분산 투자하며, 시장상황에 따라 주식 및 채권 등 전통적 자산에 투자하는 모투자신탁을 활용한 자산배분 전
략을 일부 병행 할 예정입니다. 그러나 이 투자신탁의 전략이 투자위험을 낮춰 준다고 보장할 수 없으며, 이러
한 전략이 효과적으로 수행되지 못할 경우 또는 특정 자산이나 전략의 손실이 확대되는 경우 등 다양한 요인
들로 인하여 일반적으로 단일 전략을 수행하는 투자신탁에 비해 투자위험이 커질 수 있으며 이로 인해 투자원
금의 손실이 크게 발생할 수 있습니다. 그리고 이 투자신탁은 투자목적 달성을 위해 적극적인 매매전략을 수
행할 수 있어 상대적으로 높은 매매비용이 발생하여 투자수익률에 부정적인 영향을 줄 수 있습니다.  
집합투자증권 
투자에 따른 위험 
(재간접 투자위험) 
이 투자신탁은 전세계 다양한 자산·전략 관련 집합투자증권(펀드) 등에 일부 투자하기 때문에 투자대상 펀
드의 가격하락 등에 따라 투자원금의 손실이 발생할 수 있습니다. 집합투자증권은 평가기준일에 공고된 가
격을 기준으로 평가가 이루어지기 때문에 매입과 환매 시에 적용되는 기준가격과 펀드에서 실제로 투자하는 
자산의 가치가 일정한 시차를 두고 반영되며, 특히 해외자산에 투자하는 경우에는 자산에 반영되는 시차가 
더 크게 발생할 수 있습니다. 이 집합투자기구의 집합투자업자는 투자대상 펀드를 직접 통제할 수 없기 때문
에 투자대상 펀드가 이 집합투자기구의 투자목적 또는 국내법에서 정한 운용관련 규정을 벗어나서 운용될 
수도 있습니다. 또한 주요 투자대상인 펀드의 운용전략의 상세한 내역 전부 또는 일부가 공개되지 않을 수 
있으므로 투자하는 펀드에 대한 정보를 충분히 얻지 못할 수 있습니다. 또한, 투자대상 자산의 부도 등 신용 
리스크가 발생할 경우 권리행사 요구 및 처리과정에 참여할 수 없으므로 결과적으로 다른 펀드에 주로 투자
하는 재간접형 집합투자기구는 직접 주식 및 채권 등 자산을 투자하는 집합투자기구에 비해 상대적으로 높
은 기회비용과 손실을 부담할 위험이 있습니다. 
하이일드 채권 
등 투자 위험 
이 투자신탁은 투자적격등급 미만이거나, 신용등급이 없는 고수익, 고위험 채권 및 대출채권 등에 일부 투자
할 수 있으므로 투자적격등급의 채권들보다 신용 위험 및 유동성 위험 등을 수반하며 더 높은 가격 변동성을 
보일 수 있습니다. 또한 일부 자산은 글로벌 신용평가기관의 신용평가를 받지 않고 있기 때문에 해당 자산에 
대한 신용분석 정보를 제공받는 데 제약이 있을 수 있습니다. 투기등급인 하이일드 채권은 재무상황악화, 신
용상태의 악화, 부도발생 등으로 인하여 원리금 지급이 제때에 이루어지지 못할 위험이 크며, 이로 인하여 
환매대금 지급이 늦어지거나 투자원본의 손실이 발생할 수 있습니다. 또한, 하이일드 채권은 발행물량이 적
고 시장이 협소하여 일부 낮은 등급 증권의 경우 수요가 전혀 없거나 부족하여 매각이 불가능 하거나, 매각
이 가능하더라도 적정가격을 받지 못할 위험이 있습니다. 
 
- 7 - 
뱅크론 
투자 위험 
이 투자신탁은 투자신탁재산의 일부를 변동금리부 대출채권인 뱅크론에 투자할 수 있으므로 전반적인 경기 
상황의 악화, 신규 차입자산의 공급 증가 및 발행자의 신용상태 저하 등으로 대출채권의 가치가 하락할 수 
있습니다. 반면 시장금리 하락 등으로 발행자가 보다 낮은 금리로 재협상을 요구하거나, 기존 차입자산을 조
기상황(Repayment), 재조달(Refinancing)할 수 있으며, 이로 인해 낮은 수익률의 투자자산에 재투자를 
해야 할 위험에 노출될 수 있습니다. 또한 뱅크론은 담보가 없는 일반 회사채와 달리 발행사가 소유한 자산
을 담보로 하여 발행되며, 부도 시 주식 및 채권에 대하여 우선적으로 변제받는 선순위 지위를 가집니다. 그
러나 발행자의 부도 시 담보접근에 대한 제한, 담보비율의 불충분, 담보가치의 부족 및 하락, 유동성 부족, 
담보처분과정에서의 지체, 추가비용 부담 등의 위험이 있으며 이러한 사항들은 관할권에 따라 크게 차이가 
날 수 있습니다. 또한 뱅크론은 발행자의 주식이나 다른 채무증권에 대해서는 선순위이지만, 그 발행자의 자
회사 채무에 대해서는 후순위일 수 있습니다. 
기타 특수채권 
투자 관련 위험 
이 투자신탁은 투자신탁재산의 일부를 특수채권에 투자 할 수 있으며 아래와 같은 위험을 수반합니다. 
- 전환사채(CB)는 주식으로의 전환권이 부여되어 있어 일반사채대비 표면금리가 낮을 수 있으며, 주식으로 
전환함에 따른 주식가격 변동위험을 가지고 있습니다. 
- 주택저당증권(MBS)은 부동산 가격 하락 시 신용 리스크 증가로 인하여 가격이 하락할 위험이 있습니다. 
또한, 조기상환으로 인한 재투자 위험이 있습니다. 
- 물가연동채권(TIPS)은 물가에 대한 민감도가 높아 물가가 하락하고 경제활동이 침체되는 시장상황에서 
추가적인 가격변동 위험에 노출 될 수 있습니다. 
- 투자적격등급 미만의 고수익·고위험 채권은 일반채권에 비해 높은 가격변동 위험 및 신용 위험을 수반합
니다. 따라서 시장 상황 악화 시 일반 채권 대비 더 큰 손실이 발생할 수 있습니다. 
- 상기 채권 및 대출채권 등은 발행물량이 적고 시장이 협소하여 수요가 전혀 없거나 부족하여 매각이 불가
능하거나, 매각이 가능하더라도 적정가격을 받지 못할 위험이 있습니다. 
롱숏전략 
위험 
이 투자신탁은 각 투자자산 별 롱숏(Long Short)전략을 투자전략의 하나로 활용하여 장기적으로 안정적인 
수익을 추구할 계획입니다. 그러나 매도한 자산의 가격이 상승하고 매수한 자산의 가격이 하락하는 경우에
는 롱(매수)외 숏(매도)전략 모두에서 손실이 발생하여 롱(매수)전략만 추구하는 것보다 훨씬 큰 손실이 발
생할 수 있습니다. 또한 롱숏전략 수행에 따른 비용(예기치 못한 비용 포함), 차입 매도한 자산의 상환청구, 
자산 차입이 곤란하거나 불가능한 경우 등으로 인해 예상하지 못한 손실이 발생할 수도 있습니다. 
증권 차입매도 
위험 
이 투자신탁은 투자신탁재산의 일부로 증권의 차입 및 매도를 통하여 수익을 추구하지만, 예상과 달리 차입
한 종목의 주가가 상승하는 경우 이에 따른 손실이 발생하고, 증권 차입 거래비용 등으로 인하여 단순 매수
전략을 구사하는 전략에 비하여 원금손실의 범위가 확대될 가능성이 있습니다.  
증권을 차입하여 매도한 경우, 이후 환매 시 같은 증권을 매수하여 환급하여야 합니다. 증권의 가격은 이론
적으로 지속적인 상승이 가능하므로 증권차입에 따른 손실도 이론적으로 무한합니다. 또한 차입한 증권에 
대하여 대여기간 중에 대여자의 환수요청이 있을 경우 급작스러운 증권의 매입 및 상환 등으로 인하여 포트
폴리오 운용전략에 부정적인 영향을 줄 수 있습니다. 증권의 차입은 유동성이 풍부한 주식을 대상으로 시행
할 예정이나, 일시적으로 또는 시장상황에 따라 유동성이 부족한 경우 매도한 주식 반환을 위한 주식 매수가 
원활하지 않을 수 있으며, 이로 인하여 손실이 발생할 가능성이 있습니다. 또한 증권차입비용 및 증권차입에 
따른 담보제공 등으로 인하여 기회비용이 발생할 수 있습니다. 
증권의 차입매도는 관련 법령 또는 감독기관의 규제로 인하여 제한될 수 있으며, 이로 인하여 이 투자신탁이 
목표로 한 투자목적을 달성하지 못할 수도 있습니다. 
부동산 관련 
투자 위험 
이 투자신탁이 일부 투자하는 부동산 관련 집합투자증권(REITs 포함) 등은 투자신탁재산을 부동산 또는 부
동산 관련 대출에 투자하므로 부동산 시장의 가격변동, 임대수익률, 공실률, 금리변동 및 차입비율(레버리
지) 등에 따른 가치변동을 초래할 수 있습니다. 따라서 투자대상 부동산의 가격이 하락하는 경우 이 투자신
탁의 가치도 일정수준 하락하게 됩니다. 특히 이러한 위험은 전세계 또는 지역적인 경제상황, 과밀건축 및 
경쟁증가, 제산세 및 운영비용 증가, 인구의 구조적 변화, 투자대상 국가의 건축규제 법령의 변동, 사고 또는 
수용 손실, 환경적 위험, 점유권에 대한 소송 및 이자율 상승에 따른 자금조달 비용 증가 등의 사유를 포함합
니다. 또한 홍수, 지진, 화산, 해일, 화재, 폭발 등의 자연재해 등 불가항력 위험에 의해서도 투자신탁재산의 
가치하락을 초래할 수 있습니다. 
환율변동 위험 
및 
환헤지 위험 
이 투자신탁은 해외자산에 투자할 수 있기 때문에 원화(KRW)와 투자대상국 통화간의 환율변동에 따라 투
자자산의 가치가 변하는 위험을 지게 됩니다. 환헤지는 외화자산인 투자자산의 가치가 원화(KRW)와 해당 
통화간 상대적 가치의 변화에 따라 변동되는 것을 방지하는 것을 목적으로 합니다. 환헤지는 해당 통화관련 
선물 및 선물환 등을 활용하여 헤지할 예정이나 헤지단위 수량의 문제, 통화선물, 선물환의 거래시간과 해외
시장의 거래시간 불일치, 자산가격 변동에 따른 환율에 노출된 자산의 가치의 변동 등으로 인해 완전 헤지는 
불가능하며 환차익 또는 환차손이 발생할 수 있습니다. 
※ 환위험 관리전략: 이 투자신탁이 투자하는 다수의 모투자신탁은 외화표시 자산 투자로 인한 환헤지 전략
을 수행하는 모투자신탁과 수행하지 않는 모투자신탁이 혼재되어 있으므로 자투자신탁에서 환헤지 대상통
화 및 비중 등을 통합적으로 관리하여 환헤지 전략을 수행할 예정입니다. 그러나 시장상황 및 매니저의 판단
에 따라 이 투자신탁은 외화표시 자산의 일부 또는 상당부분에 대하여 환헤지 전략을 실행하지 않을 수도 있
습니다. 이로 인해 투자신탁재산 일부 또는 상당부분이 환위험에 노출될 수 있습니다. 
- 목표 헤지비율: 외화자산의 최소 30%내외, 최대 100%내외 
매입방법 
17시 이전: 제3영업일 기준가격으로 매입 
환매방법 
17시 이전: 제5영업일 기준가격으로  
제10영업일에 대금 지급 
17시 경과 후: 제4영업일 기준가격으로 매입 17시 경과 후: 제6영업일 기준가격으로 
제11영업일에 대금 지급 
 
- 8 - 
환매수수료 해당사항 없음 
기준가 
산정방법 - 당일 기준가격 = (전일 집합투자기구 자산총액 – 부채총액) / 전일 집합투자기구 총좌수 
- 1,000좌 단위로 원미만 셋째자리에서 반올림하여 원미만 둘째자리까지 계산 
공시장소 판매회사 본ㆍ영업점 및 집합투자업자(www.kbam.co.kr)ㆍ판매회사ㆍ한국금융투자협회 
(dis.kofia.or.kr)의 인터넷 홈페이지에 게시합니다. 
과세 
구분 과세의 주요내용 
집합투자기구 집합투자기구 단계에서는 별도의 소득과세 부담이 없는 것이 원칙입니다. 
수익자 
거주자와 일반법인이 받는 집합투자기구로부터의 과세 이익에 대해서는 15.4%(지방소득세 포함) 세율로 
원천징수됩니다. 단, 연간 금융소득합계액이 기준금액을 초과하는 경우에는 기준금액을 초과하는 금액을 
다른 종합소득과 합산하여 개인소득세율로 종합과세 됩니다. 
※ 세제혜택 계좌ㆍ클래스ㆍ펀드 투자자의 과세에 관한 사항은 투자설명서 제2부. 14. 이익 배분 및 과세에 
관한 사항을 참고하시기 바랍니다. 
전환절차 
및 방법 해당사항 없음 
집합투자업자 
KB자산운용주식회사 (☎ 02-2167-8200 / 인터넷 홈페이지 www.kbam.co.kr) 
※ 해외위탁집합투자업자: Brookfield Investment Management Inc.(KB글로벌리얼에셋인컴채권모펀드),  
American Century Investment Management Inc.(KB글로벌ESG성장리더스주식모펀드) 
모집기간 2019년 09월 11일부터 해지일까지 모집 매출 총액 10조 좌 
효력발생일 2023년 11월 01일 존속기간 별도로 정해진 신탁계약기간은 없음 
판매회사 한국금융투자협회(www.kofia.or.kr) 및 집합투자업자(www.kbam.co.kr)의 홈페이지 참고 
참조 집합투자업자의 사업목적, 요약 재무정보에 관한 사항은 투자설명서 제4부 1. 집합투자업자에 관한 사항(p.59~61)을 참고
하시기 바랍니다. 
집합투자기구 
종류 
이 집합투자기구는 종류형 집합투자기구입니다. 집합투자기구의 종류는 판매수수료 부과방식-판매경로-기타 펀드특성에 따
라 3단계로 구분되며, 집합투자기구 종류의 대표적인 차이는 다음과 같습니다. 
종류(Class) 집합투자기구의 특징 
판매 
수수료 
수수료 
선취(A) 
집합투자증권 매입시점에 판매수수료가 일시 징구되는 반면 판매보수가 판매수수료미징구형(C)보
다 상대적으로 낮게 책정되므로 총비용이 판매수수료미징구형(C)과 일치하는 시점은 1년 5개월이 
경과되는 시점입니다. 따라서 1년 5개월 이전에 환매할 경우 판매수수료미징구형(C)보다 높은 총비
용을 지불하게 되는 집합투자증권입니다. 
수수료 
미징구(C) 
집합투자증권 매입 또는 환매시점에 일시 징구되는 판매수수료는 없는 반면 판매보수가 판매수수료
선취형(A)보다 상대적으로 높게 책정되므로 총비용이 판매수수료선취형(A)과 일치하는 시점은 1년 
5개월이 경과되는 시점입니다. 따라서 1년 5개월 이전에 환매할 경우 판매수수료선취형(A)보다 낮
은 총비용을 지불할 수 있는 집합투자증권입니다. 
수수료 
후취(S) 
집합투자증권 환매시점에 판매수수료가 일시 징구되며, 집합투자증권 매수일로부터 일정기간 이내 
환매시 판매사가 정하는 판매수수료의 비율로 판매수수료가 징구되는 집합투자증권입니다. 
판매 
경로 
온라인(E/e) 
판매회사의 온라인전용으로 판매되는 집합투자증권으로 오프라인으로 판매되는 집합투자증권보다 
판매수수료 및 판매보수가 저렴한 집합투자증권입니다. 다만, 판매회사로부터 별도의 투자권유 및 상
담서비스는 제공되지 않습니다. 
오프라인 
오프라인전용(판매회사 창구)으로 판매되는 집합투자증권으로 온라인으로 판매되는 집합투자증권보
다 판매수수료 및 판매보수가 높은 집합투자증권입니다. 다만, 판매회사로부터 별도의 투자권유 및 
상담서비스가 제공됩니다. 
온라인슈퍼(S) 
집합투자증권에 한정하여 투자중개업 인가를 받은 회사가 개설한 온라인 판매시스템을 통하여 판매
되는 집합투자증권으로 오프라인으로 판매되는 집합투자증권보다 판매수수료 및 판매보수가 낮은 
집합투자증권입니다. 다만, 판매회사로부터 별도의 투자권유 및 상담서비스는 제공되지 않습니다. 
기타 
무권유 
저비용(G) 
판매회사로부터 별도의 투자권유 없이 집합투자증권을 매수하고자 하는 투자자 전용으로, 일반적인 
창구 판매수수료 및 판매보수보다 낮은 판매수수료 및 판매보수가 적용되는 집합투자증권입니다. 
개인연금(P) 소득세법 제20조의3 및 소득세법시행령 제40조의2에 따른 연금저축계좌를 통해 매입이 가능한 집
합투자증권입니다. 
퇴직연금 
(퇴직) 
근로자퇴직급여보장법에 따른 퇴직연금 및 개인퇴직계좌(IRP)를 통해 매입이 가능한 집합투자증권
입니다. 
기관(F) 집합투자기구, 기관투자자 또는 기금 및 일정금액 이상 납입한 투자자 등이 매입이 가능한 집합투자
증권이나, 각 펀드별로 가입자격에 차이가 있을 수 있습니다. 
랩,금전신탁
(W) 판매회사의 일임형 종합자산관리계좌 및 판매회사의 특정금전신탁 전용 집합투자증권입니다. 
 
 
- 9 - 
 
[별첨] 
 
[투자전략 별 투자대상 모펀드 예시] 
전략 구분 주요 내용 / 투자대상 모펀드 
시장중립 전략 
저평가된 자산을 매수하는 동시에, 고평가된 자산을 매도하여 중립 포지션 구축 
∙ KB 글로벌 알파 오퍼튜니티 증권 모투자신탁(혼합-재간접형) 
∙ KB 코리아 롱숏 증권 모투자신탁(주식혼합) 
인컴추구 전략 
고금리 채권, 고배당주 등에 투자하여 꾸준한 고정수익을 추구 
∙ KB PIMCO 글로벌 인컴 셀렉션 증권 모투자신탁(USD)(채권-재간접형) 
∙ KB 글로벌 리얼에셋 인컴 증권 모투자신탁(채권) 
대체투자 전략 
주식/채권이 아닌, 부동산/인프라 등 비전통적 자산군에 투자 
∙ KB 글로벌 코어 리츠 부동산 모투자신탁(재간접형) 
자산배분 전략 
시장변화에 능동적으로 대응하고 기대수익을 높이기 위해 국내외 주식, 채권 등 활용 
∙ KB 액티브 배당 증권 모투자신탁(주식) 
∙ KB 중소형주 포커스 증권 모투자신탁(주식) 
∙ KB 연금플랜 국내채권 증권 모투자신탁(채권) 
∙ KB 글로벌 ESG 성장 리더스 증권 모투자신탁(USD)(주식) 
∙ KB 글로벌 코어 본드 증권 모투자신탁(채권) 
※ 투자전략 구분 및 전략 별 편입 대상 모투자신탁은 향후 변경되거나 추가될 수 있습니다.  
 집합투자기구 공시 정보 안내 
| 증권신고서 금융감독원 전자공시시스템(dart.fss.or.kr) 
| 투자설명서 금융감독원 전자공시시스템(dart.fss.or.kr), 한국금융투자협회(www.kofia.or.kr),  
      집합투자업자(www.kbam.co.kr) 및 판매회사 홈페이지 
| 정기보고서(영업보고서, 결산서류) 금융감독원 홈페이지(www.fss.or.kr) 및  
                          한국금융투자협회 전자공시시스템(dis.kofia.or.kr) 
| 자산운용보고서 한국금융투자협회 전자공시시스템(dis.kofia.or.kr) 및 집합투자업자 홈페이지(www.kbam.co.kr) 
| 수시공시 한국금융투자협회 전자공시시스템(dis.kofia.or.kr) 및 집합투자업자 홈페이지(www.kbam.co.kr) 
 
- 10 - 
 
1. 집합투자기구의 명칭 
가. 명칭: KB 베스트 모아드림 혼합자산 자투자신탁 
나. 종류 
종류(클래스) 한국금융투자협회 
펀드코드 종류(클래스) 한국금융투자협회 
펀드코드 
A 수수료선취-오프라인 CV695 C-W 수수료미징구-오프라인- 
랩,금전신탁 CV702 
A-E 수수료선취-온라인 CV696 S 수수료후취-온라인슈퍼 CV703 
A-G 수수료선취-오프라인- 
무권유저비용 CV697 S-P 수수료미징구-온라인슈퍼-
개인연금 CV704 
C 수수료미징구-오프라인 CV698 C-P 수수료미징구-오프라인- 
개인연금 CV705 
C-E 수수료미징구-온라인 CV699 C-Pe 수수료미징구-온라인- 
개인연금 CV706 
C-G 수수료미징구-오프라인- 
무권유저비용 CV700 C-퇴직 수수료미징구-오프라인- 
퇴직연금 CV707 
C-F 수수료미징구-오프라인- 
기관 CV701 C-퇴직e 수수료미징구-온라인- 
퇴직연금 CV708 
 
2. 집합투자기구의 종류 및 형태 
가. 형태별 종류: 투자신탁 
나. 운용자산별 종류: 혼합자산 
다. 개방형·폐쇄형 구분: 개방형(환매가 가능한 투자신탁) 
라. 추가형·단위형 구분: 추가형(추가로 자금 납입이 가능한 투자신탁) 
마. 특수형태 표시 
(1) 종류형(판매보수 및 수수료의 차이로 인하여 기준가격이 다른 투자신탁) 
(2) 모자형(모투자신탁이 발행하는 집합투자증권을 자투자신탁이 취득하는 구조의 투자신탁) 
바. 고난도금융투자상품 해당여부: X 
※ 투자신탁의 종류 및 형태에도 불구하고 다양한 투자대상자산에 투자될 수 있으며, 자세한 투자대상은 제2부의 내용 중 ‘투자대상’과 ‘투
자전략’ 등을 참고하시기 바랍니다. 
 
3. 모집예정금액 
 10조좌(1좌=1원, 원본액 기준) 
※ 이 투자신탁은 추가형이므로 모집예정금액까지 추가모집이 가능합니다. 또한, 모집(판매)기간 동안 판매된 금액이 일정규모 이하인 경우 
이 집합투자증권의 설정이 취소되거나 해지될 수 있습니다. 이 경우 집합투자업자(www.kbam.co.kr) 및 한국금융투자협회
(www.kofia.or.kr) 인터넷 홈페이지를 통해 공고할 예정입니다. 
 
4. 모집의 내용 및 절차 
가. 모집기간: 2019년 09월 11일부터 투자신탁의 해지일까지로 합니다. 
나. 모집장소: 자세한 내용은 집합투자업자(www.kbam.co.kr) 및 한국금융투자협회(www.kofia.or.kr) 인터넷 홈페이지
를 참고하시기 바랍니다. 
다. 모집 또는 배정절차 및 방법: 판매회사 영업일에 판매회사 창구를 통하여 모집합니다. 
제1부. 모집 또는 매출에 관한 사항 
 
- 11 - 
※ 자세한 내용은 제2부의 내용 중 ‘매입, 환매, 전환절차 및 기준가격 적용기준’에서 참고하시기 바랍니다. 
 
5. 인수에 관한 사항 
 해당사항 없음 
 
6. 상장 및 매매에 관한 사항 
 해당사항 없음 
 
- 12 - 
 
1. 집합투자기구의 명칭  
가. 명칭: KB 베스트 모아드림 혼합자산 자투자신탁 
나. 종류 
종류(클래스) 한국금융투자협회 
펀드코드 종류(클래스) 한국금융투자협회 
펀드코드 
A 수수료선취-오프라인 CV695 C-W 수수료미징구-오프라인- 
랩,금전신탁 CV702 
A-E 수수료선취-온라인 CV696 S 수수료후취-온라인슈퍼 CV703 
A-G 수수료선취-오프라인- 
무권유저비용 CV697 S-P 수수료미징구-온라인슈퍼-
개인연금 CV704 
C 수수료미징구-오프라인- CV698 C-P 수수료미징구-오프라인- 
개인연금 CV705 
C-E 수수료미징구-온라인 CV699 C-Pe 수수료미징구-온라인- 
개인연금 CV706 
C-G 수수료미징구-오프라인- 
무권유저비용 CV700 C-퇴직 수수료미징구-오프라인- 
퇴직연금 CV707 
C-F 수수료미징구-오프라인- 
기관 CV701 C-퇴직e 수수료미징구-온라인- 
퇴직연금 CV708 
 
2. 집합투자기구의 연혁 
날    짜 주  요  내  용 
2019.09.23 최초설정 
2020.07.15 
모투자신탁[KB 액티브 인베스터 증권 모투자신탁(주식혼합-파생형)] 추가. 
모투자신탁[KB 글로벌 M&A 차익거래 증권 모투자신탁(주식혼합-파생재간접형), KB 헤지펀드 솔루
션 혼합자산 모투자신탁(사모투자재간접형)] 삭제 
2020.12.16 
모투자신탁명칭 변경[KB 아메리칸센추리 글로벌 리더스 증권 모투자신탁(USD)(주식) → KB 글로벌 
ESG 성장 리더스 증권 모투자신탁(USD)(주식)] 
2021.09.28 
부책임운용전문인력 변경(한철진 → 이덕주/염보선).  
모투자신탁[KB 액티브 인베스터 증권 모투자신탁(주식혼합-파생형)] 삭제 
2022.06.30 운용전문인력 변경(책임: 정찬규 → 이덕주, 부책임: 이덕주/염보선 → 박재환) 
2022.10.13 위험등급 산정기준 변경(투자대상자산 → 수익률 변동성), 위험등급 변경(3등급 → 4등급) 
 
3. 집합투자기구의 신탁계약기간 
 이 투자신탁은 추가형 상품으로 종료일을 따로 정하지 아니합니다. 또한, 투자신탁의 신탁계약기간은 일반적으로 투자신
탁의 존속기간을 의미하는 것으로 투자자의 저축기간 또는 만기 등의 의미와 다를 수 있습니다. 다만, 법령 또는 신탁계
약서 상 정해진 경우에는 강제로 해산(해지)되거나 사전에 정한 절차에 따라 임의로 해산(해지)될 수 있습니다. 
※ 자세한 내용은 제5부의 내용 중 ‘집합투자기구의 해지에 관한 사항’을 참조하시기 바랍니다. 
 
4. 집합투자업자 
가. 명칭: KB자산운용주식회사 
나. 주소 및 연락처: 서울특별시 영등포구 국제금융로 10(☎02-2167-8200) 
제2부. 집합투자기구에 관한 사항 
 
- 13 - 
※ 자세한 내용은 제4부의 내용 중 ‘집합투자업자에 관한 사항’을 참조하시기 바랍니다. 
 
다. 모투자신탁의 업무의 위탁: 집합투자업자는 이 투자신탁이 투자하는 모투자신탁의 투자신탁재산 중 일부 또는 전부에 
대한 업무를 아래와 같이 위탁하고 있으며, 업무 위탁에 따른 책임은 위탁한 집합투자업자에게 있습니다. 또한 추후 위
탁업무에 관한 사항은 변동될 수 있습니다. 
 
[해외위탁집합투자업자 및 위탁 내용]  
해당 투자신탁 해외위탁집합투자업자명 업무위탁범위 
KB 글로벌 리얼에셋 인컴 증권 모투자신탁
(채권) Brookfield Investment Management Inc. 운용 및 운용지시 업
무, 매매주문업무 등
을 포함하는 기타업무 KB 글로벌 ESG 성장 리더스 증권 모투자
신탁(USD)(주식) 
American Century Investment Management 
Inc. 
 
[해외위탁집합투자업자의 개요]  
해외위탁집합투자업자명  회사주소 회사개황 
Brookfield Investment 
Management Inc. 
250 Vesey Street, 15th Floor, New 
York, NY 10281, United States  
전화번호: +1-212-417-7000 
홈페이지: www.brookfield.com 
주요 주주: Brookfield Asset 
Management Inc. 100% 
최초 설립일: 1899년 
총수탁고: US$825bn (2023.03.31 기준) 
American Century 
Investment Management 
Inc. 
4500 Main Street, Kansas City, 
Missouri 64111 U.S.A.  
전화번호: 1-816-531-5575 
홈페이지: www.americancentury.com 
주요 주주: Stowers Institute and Family 
44%, Nomura Holdings, Inc. 39%  
최초 설립년도: 1958년 
총수탁고: US$ 209 bn (2023.03.30 기준) 
※ 해외위탁집합투자업자는 당사의 판단에 따라 향후 변경되거나 추가될 수 있으며, 심지어는 당사가 해외자산에 대하여 직접 운용할 수도 
있습니다. 이러한 경우 변경된 내용은 변경 등록(또는 정정 신고)하여 수시공시 절차에 따라 공시될 예정입니다. 
 
5. 운용전문인력 
가. 운용전문인력 현황 
(2023년 09월 23일 기준) 
성명 생년 직위 
운용현황 동종펀드 연평균 수익률(혼합자산)(%) 
운용경력년수 펀드수(개) 규모(억원) 운용역 운용사 
최근1년 최근2년 최근1년 최근2년 
이덕주 1973년 책임 35 1,262 4.15 2.69 4.15 2.69 16년 11개월 
박재환 1995년 부책임 19 670 0.76 - 1년 9개월 
 
성명 주요 운용경력 성명 주요 운용경력 
이덕주 
매트라이프생명보험 재무지원팀 5년 2개월 
신한생명보험 재무기획부변액보험운영팀 10개월 
PCA생명보험 일반투자팀 10년 6개월 
미래에셋생명보험 신탁팀 1년 
KB자산운용 OCIO본부 3년 2개월 
KB자산운용 글로벌멀티에셋본부 1년 5개월 
박재환 KB자산운용 글로벌멀티에셋본부 1년 9개월 
 
- 14 - 
※ 이 투자신탁의 운용은 글로벌멀티에셋본부가 공동운용하며, 책임운용전문인력이란 이 투자신탁의 투자전략 수립 및 투자 의사결정 등
에 주도적·핵심적 역할을 수행하는 운용전문인력을 말하며, 부책임운용전문인력이란 책임운용전문인력이 아닌 자로서 투자신탁의 투자
목적 및 운용전략 등에 중대한 영향을 미칠 수 있는 자산에 대한 운용권한을 가진 운용전문인력을 말합니다. 
※ 상기 운용전문인력의 최근 과거 3년 이내에 운용한 투자신탁의 명칭, 투자신탁재산의 규모와 수익률은 한국금융투자협회 홈페이지
(www.kofia.or.kr)를 통하여 확인할 수 있습니다. 
※ 성과보수가 약정된 투자신탁 운용규모: 해당사항 없음 
※ 동종집합투자기구 연평균 수익률은 해당 집합투자업자가 분류한 동일 유형 집합투자기구의 평균운용성과이며, 해당 운용전문인력의 
평균운용성과는 해당 회사 근무기간 중 운용한 성과를 의미합니다. 
※ 운용경력년수는 해당 운용전문인력이 과거 집합투자기구를 운용한 기간을 모두 합산한 기간입니다. 
 
나. 최근 3년간 책임운용전문인력 변동 사항 
(2023년 09월 23일 기준) 
성    명 운  용  기  간 비    고 
정 찬 규 2019.09.23~2022.06.29 OCIO본부 
이 덕 주 2022.06.30~현재 글로벌멀티에셋본부 
 
다. 해외집합투자업자의 운용전문인력에 관한 사항 
▣ KB 글로벌 리얼에셋 인컴 증권 모투자신탁(채권) 
이 투자신탁의 해외자산운용은 “Brookfield Investment Management Inc.”가 담당합니다.  
운용은 Real Asset Debt Investment Team에서 팀운용으로 이루어지며 책임투자운용인력 사항은 다음과 같습니다. 
 
▣ KB 글로벌 ESG 성장 리더스 증권 모투자신탁(USD)(주식) 
이 투자신탁의 해외자산운용은 “American Century Investment Management Inc.”가 담당합니다.  
운용은 Global Growth Equity Team 에서 팀운용으로 이루어지며 책임투자운용인력 사항은 다음과 같습니다. 
성명 운용현황 주요 운용경력 
Daniel Parker 
US$6.9B 
(2023.06.30 기준) 
현재, Brookfield Real Asset Debt Strategy Portfolio Manager 
- Managing Director and Portfolio Manager on the Brookfield 
Public Securities Group’s Real Asset Debt team 
- Associate Director, Standard & Poor’s 
총경력: 25년,  Brookfield 경력: 17년 
Christopher 
Langs 
현재,  Brookfield Real Asset Debt Strategy Portfolio Manager 
- Managing Director and Portfolio Manager on the Brookfield 
Public Securities Group’s Real Asset Debt team 
- Co-Chief Investment Officer of fixed income, Mesirow Financial  
총경력: 30년, Brookfield 경력: 1년 
성명 운용현황 주요 운용경력 
Keith Creveling, 
CFA 
US$20bn 
(2023.03.30 기준) 
현재, Senior Portfolio Manager, Global Growth Equity, American 
Century Investment Management 
- Investment Analyst, Fiduciary Trust Company  
- Investment Analyst, Brown Brothers Harriman 
- MBA, Stern School of Business, New York University 
- 총 경력: 32년 
 
- 15 - 
6. 집합투자기구의 구조 
가. 집합투자기구의 종류 및 형태: 투자신탁, 혼합자산, 개방형, 추가형, 모자형, 종류형 
모펀드
자펀드
종류형
(클래스) A A-E A-G C C-E C-G C-F C-W S S-P C-P C-Pe C-퇴직 C-퇴직e
KB 글로벌 알파 오퍼튜니티 증권 모투자신탁(혼합-재간접형)
KB 코리아 롱숏 증권 모투자신탁(주식혼합)
KB PIMCO 글로벌 인컴 셀렉션 증권 모투자신탁(USD)(채권-재간접형)
KB 글로벌 리얼에셋 인컴 증권 모투자신탁(채권)
KB 글로벌 코어 리츠 부동산 모투자신탁(재간접형)
KB 액티브 배당 증권 모투자신탁(주식)
KB 중소형주 포커스 증권 모투자신탁(주식)
KB 연금플랜 국내채권 증권 모투자신탁(채권)
KB 글로벌 ESG 성장 리더스 증권 모투자신탁(USD)(주식)
KB 글로벌 코어 본드 증권 모투자신탁(채권)
KB 베스트 모아드림 혼합자산 자투자신탁
 
 
나. 종류형 구조 
- 이 투자신탁은 종류형 투자신탁입니다. 투자신탁의 종류는 판매수수료 부과방식-판매경로-기타 펀드특성에 따라 3
단계로 구분되며, 종류의 대표적인 차이는 다음과 같습니다. 
종류(클래스) 투자신탁의 특징 
판매 
수수료 
수수료 
선취(A) 
집합투자증권 매입시점에 판매수수료가 일시 징구되는 반면 판매보수가 판매수수료미징구형
(C)보다 상대적으로 낮게 책정되므로 총비용이 판매수수료미징구형(C)과 일치하는 시점은 1
년 5개월이 경과되는 시점입니다. 따라서 1년 5개월 이전에 환매할 경우 판매수수료미징구형
(C)보다 높은 총비용을 지불하게 되는 집합투자증권입니다. 
수수료 
미징구(C) 
집합투자증권 매입 또는 환매시점에 일시 징구되는 판매수수료는 없는 반면 판매보수가 판매
수수료선취형(A)보다 상대적으로 높게 책정되므로 총비용이 판매수수료선취형(A)과 일치하
는 시점은 1년 5개월이 경과되는 시점입니다. 따라서 1년 5개월 이전에 환매할 경우 판매수
수료선취형(A)보다 낮은 총비용을 지불할 수 있는 집합투자증권입니다. 
수수료 
후취(S) 
집합투자증권 환매시점에 판매수수료가 일시 징구되며, 집합투자증권 매수일로부터 일정기
간 이내 환매시 판매사가 정하는 판매수수료의 비율로 판매수수료가 징구되는 집합투자증권
입니다. 
판매 
경로 
온라인(E/e) 
판매회사의 온라인전용으로 판매되는 집합투자증권으로 오프라인으로 판매되는 집합투자증
권보다 판매수수료 및 판매보수가 저렴한 집합투자증권입니다. 다만, 판매회사로부터 별도의 
투자권유 및 상담서비스는 제공되지 않습니다. 
오프라인 
오프라인전용(판매회사 창구)으로 판매되는 집합투자증권으로 온라인으로 판매되는 집합투
자증권보다 판매수수료 및 판매보수가 높은 집합투자증권입니다. 다만, 판매회사로부터 별도
의 투자권유 및 상담서비스가 제공됩니다. 
온라인슈퍼(S) 
집합투자증권에 한정하여 투자중개업 인가를 받은 회사가 개설한 온라인 판매시스템을 통하
여 판매되는 집합투자증권으로 오프라인으로 판매되는 집합투자증권보다 판매수수료 및 판
 
- 16 - 
매보수가 낮은 집합투자증권입니다. 다만, 판매회사로부터 별도의 투자권유 및 상담서비스는 
제공되지 않습니다. 
기타 
무권유 
저비용(G) 
판매회사로부터 별도의 투자권유 없이 집합투자증권을 매수하고자 하는 투자자 전용으로, 일
반적인 창구 판매수수료 및 판매보수보다 낮은 판매수수료 및 판매보수가 적용되는 집합투자
증권입니다. 
개인연금(P) 소득세법 제20조의3 및 소득세법시행령 제40조의2에 따른 연금저축계좌를 통해 매입이 가
능한 집합투자증권입니다. 
퇴직연금 
(퇴직) 
근로자퇴직급여보장법에 따른 퇴직연금 및 개인퇴직계좌(IRP)를 통해 매입이 가능한 집합투
자증권입니다. 
기관(F) 집합투자기구, 기관투자자 또는 기금 및 일정금액 이상 납입한 투자자 등이 매입이 가능한 집
합투자증권이나, 각 펀드별로 가입자격에 차이가 있을 수 있습니다. 
랩,금전신탁
(W) 판매회사의 일임형 종합자산관리계좌 및 판매회사의 특정금전신탁 전용 집합투자증권입니다. 
 
- 이 투자신탁은 법 제231조에 의거한 판매보수의 차이로 인하여 기준가격이 다르거나 판매수수료가 다른 여러 종류의 
집합투자증권을 발행하는 종류형 투자신탁으로써 이 투자신탁이 보유한 종류의 집합투자증권은 아래와 같습니다.  
종류 
(클래스) 가입자격 
수수료 보수(연, %) 
선취판매 후취판매 환매 판매회사 집합투자 
업자 신탁업자 사무관리 
회사 
A 수수료선취-오프라인 제한없음 
납입금액의 
0.8%이내 - 
- 
0.350 
0.350 0.040 0.015 
A-E 수수료선취-온라인 온라인 가입 
납입금액의 
0.4%이내 - 0.175 
A-G 
수수료선취-
오프라인-
무권유저비용 
판매회사 등 
투자권유 없이 가입 
납입금액의 
0.56%이내 - 0.245 
C 수수료미징구-
오프라인 제한없음 - - 0.900 
C-E 수수료미징구-온라인 온라인 가입 - - 0.450 
C-G 
수수료미징구-
오프라인- 
무권유저비용 
판매회사 등 
투자권유 없이 가입 - - 0.630 
C-F 수수료미징구-
오프라인-기관 펀드, 기관투자자 등 - - 0.030 
C-W 
수수료미징구-
오프라인-
랩,금전신탁 
일임형 
종합자산관리계좌, 
특정금전신탁 
- - 0.000 
S 
수수료후취-
온라인슈퍼 펀드한정 판매사 - 
3년미만: 
환매금액의 
0.15%이내 
0.150 
S-P 수수료미징구-
온라인슈퍼-개인연금 
펀드한정 판매사 
온라인의 연금저축용 - - 0.120 
C-P 수수료미징구-
오프라인-개인연금 
연금저축용 - - 0.765 
 
- 17 - 
C-Pe 수수료미징구-온라인
-개인연금 
온라인 가입 
연금저축용 - - 0.382 
C-퇴직 
수수료미징구-오프라
인-퇴직연금 퇴직연금용 - - 0.600 
C-퇴직e 수수료미징구-온라인
-퇴직연금 
온라인 가입 
퇴직연금용 - - 0.300 
※ 선취판매수수료율 및 후취판매수수료율은 상기 범위 내에서 판매회사 별로 차등 적용할 수 있습니다. 차등적용의 내용은 금융투자협회, 
판매회사 및 집합투자업자의 홈페이지를 통해서 확인할 수 있습니다. 
※ 가입자격의 자세한 사항은 제2부의 “11. 매입, 환매, 전환절차 및 기준가격 적용기준”의 종류별 가입 요건 부분을 참고하시기 바랍니다. 
 
다. 모자형 구조: 이 투자신탁은 법 제233조에 의거한 모자형 투자신탁으로써 이 투자신탁이 투자하는 모투자신탁은 아래
와 같습니다.  
자투자신탁 
모투자신탁 KB 베스트 모아드림 혼합자산 자투자신탁 
KB 글로벌 알파 오퍼튜니티 증권 모투자신탁(혼합-재간접형) 
신탁재산의 70%이상 투자 
(※ 파생상품 매매에 따른 위험평가액이 
10%를 초과할 수 있는 모투자신탁에의 투자
는 40%이하) 
KB 코리아 롱숏 증권 모투자신탁(주식혼합) 
KB PIMCO 글로벌 인컴 셀렉션 증권 모투자신탁(USD)(채권-재간접형) 
KB 글로벌 리얼에셋 인컴 증권 모투자신탁(채권) 
KB 글로벌 코어 리츠 부동산 모투자신탁(재간접형) 
KB 액티브 배당 증권 모투자신탁(주식) 
KB 중소형주 포커스 증권 모투자신탁(주식) 
KB 연금플랜 국내채권 증권 모투자신탁(채권) 
KB 글로벌 ESG 성장 리더스 증권 모투자신탁(USD)(주식) 
KB 글로벌 코어 본드 증권 모투자신탁(채권) 
 
▣ 모투자신탁에 관한 사항 
모투자신탁 명칭 KB 글로벌 알파 오퍼튜니티 증권 모투자신탁(혼합-재간접형) 
주요투자대상 집합투자증권 등 70%이상, 채권 및 어음 각 30% 미만 
투자목적 
투자신탁재산의 대부분을 주식, 채권 등을 매수하는 전통적인 투자전략과는 다른 대체투자 전략을 
활용하여 장기 안정적인 수익을 추구하는 해외 및 국내의 다양한 집합투자증권 등에 투자하여 투자
대상 자산의 가치 상승 등에 따른 수익을 추구 
주요투자전략 
및 
위험관리 
1) 글로벌 금융시장의 변화에 따른 위험을 낮추면서 안정적인 수익을 추구하는 대체투자 전략(주식
롱숏, 글로벌 매크로, 이벤트 드리븐, 절대수익, 멀티 등)을 수행하는 해외 및 국내의 다양한 집합투자
증권들을 선별하여 투자  
2) 외화표시 자산에의 투자에 따른 환율변동 위험을 회피하기 위한 환헤지 전략을 실시할 계획임 
 
모투자신탁 명칭 KB 코리아 롱숏 증권 모투자신탁(주식혼합) 
주요투자대상 주식 70%이하, 채권 50%미만, 어음 50%미만 
투자목적 다양한 주식 롱숏전략을 기본 전략으로 하여 변동성 위험을 관리하면서 채권투자를 병행하여 중장
기적으로 안정적인 수익을 추구 
주요투자전략 
및 
1) 주식투자전략 
①롱숏(Long-Short)전략: 가격 상승이 예상되는 종목은 매수하고, 가격 하락이 예상되는 종목은 
매도하여 주가의 방향성과 관계없이 안정적인 수익을 추구 
 
- 18 - 
위험관리 ②페어 트레이딩(Pair Trading) 전략: 서로 연관성이 있는 두 종목의 주가가 서로 엇갈린 방향으로 
나타날 경우 가격 상승이 예상되는 종목은 매수하고, 가격 하락이 예상되는 종목은 매도하는 전략 
③순 주식 편입비율을 10~30% 수준으로 관리. 다만, 시장 상황이 급변동하거나 매니저의 전략적 
판단 등에 따라 순 주식 편입비율은 일정기간 이 범위를 벗어날 수도 있음 
※ 순 주식 편입비율(Net Exposure): Long( 주식매수 평가비중)에서 Short(주식 차입매도비중
과 주가지수선물매도비중)을 차감한 것으로 주식시장에 대한 노출도를 의미함 
2) 채권투자전략: 유동성이 뒷받침 될 수 있는 국공채, 특수채 및 신용등급 AA-이상의 우량채권에 
주로 투자하고 우량 회사채에 선별적으로 투자하여 안정적인 수익을 추구 
 
모투자신탁 명칭 KB PIMCO 글로벌 인컴 셀렉션 증권 모투자신탁(USD)(채권-재간접형) 
주요투자대상 채권관련 해외 집합투자증권 70% 이상, 채권 및 어음 각 30% 미만 
투자목적 
해외에 설립된 PIMCO의 다양한 채권관련 해외집합투자증권에 분산 투자하여 투자대상 자산의 가
치 상승 등에 따른 수익을 추구함 
주요투자전략 
및 
위험관리 
1) PIMCO의 채권관련 펀드 중 전 세계 다양한 채권자산에 분산 투자하여 높은 수준의 이자수익
(Income)을 추구하는 펀드 및 금리인상, 물가상승 등에 대응하는 전략의 펀드 등에 분산 투자 
-  피투자펀드 분석 및 시장 분석 자료 등을 활용하여 PIMCO의 대표적 인컴 전략 펀드로 핵심
(Core) 포트폴리오 구성 
- 효율적인 리스크 관리 및 거시경제 변화에 따른 대응을 위해 물가연동채권(TIPS) 및 글로벌 채
권 등에 분산 투자하는 펀드로 위성(Satellite) 포트폴리오 구성 
2) 미국 달러(USD)표시 자산에 투자하면서, 기준가격을 미국 달러(USD)로 산정하므로 별도의 환
헤지 전략은 실시하지 않을 계획임 
 
모투자신탁 명칭 KB 글로벌 리얼에셋 인컴 증권 모투자신탁(채권) 
주요투자대상 채권 60%이상, 어음 및 대출채권 각 40% 미만 
투자목적 부동산, 인프라 등 실물자산을 소유 또는 운영하는 해외 기업 및 실물자산 관련 서비스를 제공하는 
해외 기업 등이 발행한 외화표시 채권에 주로 투자 
주요투자전략 
및 
위험관리 
1) 부동산, 인프라 등 실물자산을 소유 또는 운영하는 해외 기업 및 실물자산 관련 서비스를 제공하
는 해외 기업 등이 발행한 외화표시 채권에 주로 투자하면서 시장 상황에 따라 투자대상 기업 관련 
외화표시 대출채권 등에도 일부 병행 투자 
2) 투자적격 이하 등급(하이일드) 채권에 매우 높은 비중으로 투자할 수 있고, 신용등급이 없는 채권 
및 후순위 채권 등에도 투자할 수 있으며, 시장 상황에 따라 글로벌 회사채, 변동금리부채권(FRN), 
주택저당증권(MBS) 및 물가연동채권(TIPS) 등에도 일부 병행 투자할 수 있음. 또한 투자대상 기업 
관련 외화표시 대출채권(뱅크론 등)에의 투자는 신탁재산의 40% 미만으로 투자할 계획임 
3) 해외자산에 대한 운용 및 운용지시 업무는 전부 해외위탁집합투자업자인 Brookfield 
Investment Management Inc.에서 수행함 
4) 외화표시 자산에의 투자에 따른 환율변동 위험을 회피하기 위한 환헤지 전략을 실시하지 않을 계
획이므로 환율변동 위험에 노출됨 
 
모투자신탁 명칭 KB 글로벌 코어 리츠 부동산 모투자신탁(재간접형) 
주요투자대상 집합투자증권 등(REITs 포함) 70%이상, 주식, 채권 및 어음 각 30%미만 등 
 
- 19 - 
투자목적 전세계에 상장된 부동산 관련 집합투자증권(REITs 포함), 주식 등에 주로 투자 
주요투자전략 
및 
위험관리 
1) 전세계에 상장되어 있는 다양한 리츠(REITs)에 주로 분산투자하되, 시장 전망에 따라 국가·지역
(미국, 일본, 유럽, 호주, 아시아 등) 및 섹터(오피스, 호텔, 상업용 시설, 주거용 시설, 산업 시설 등) 
등에 대한 비중을 조절하여 투자할 계획임. 또한 리츠 이외에 부동산 관련 국내외 집합투자증권에도 
투자할 수 있음 
2) 안정적인 배당수익이 예상되는 인프라관련 자산 등에 투자하는 특별자산 집합투자증권 및 주식 
등에도 선별적으로 투자할 수 있음 
3) 이 투자신탁은 외화표시 자산에의 투자에 따른 환율변동 위험을 회피하기 위한 환헤지 전략을 실
시하지 않을 계획이므로 환율변동 위험에 노출됨 
 
모투자신탁 명칭 KB 액티브 배당 증권 모투자신탁(주식) 
주요투자대상 국내 주식 60%이상, 채권 및 어음 40%이하 
투자목적 
배당수익률이 상대적으로 높은 주식군에 주로 투자하면서 장기성장이 기대되는 주식과 저평가 주식
에도 병행 투자 
주요투자전략 
및 
위험관리 
1) 대표핵심종목 중 배당수익 프리미엄을 누릴 수 있는 고배당 핵심우량주식에 주로 투자하면서 장
기성장이 기대되는 주식과 저평가 주식에도 병행투자 
2) 유동성 확보를 위해 시가총액 3,000억원 이상의 종목을 우선 투자대상으로 고려하며 시가총액 
3,000억 미만 종목 투자의 경우는 운용본부내의 협의 등을 통해 투자여부 결정 
3) 법령의 예외적인 경우를 제외하고는 동일 종목에 대해 10% 이하로 투자함으로써 기본적으로 분
산 투자를 통해 포트폴리오의 위험을 관리함 
 
모투자신탁 명칭 KB 중소형주 포커스 증권 모투자신탁(주식) 
주요투자대상 주식 60%이상, 채권 40%이하, 어음 40%이하 
투자목적 시장 지배력을 갖추고 성장 잠재력이 높은 강소기업에 집중투자 
주요투자전략 
및 
위험관리 
1) 시장의 방향성을 배제하고 산업의 구조적 변화 및 비즈니스 모델의 강점을 바탕으로 이익의 안정
적 성장성이 돋보이는 저평가된 중소기업에 주로 투자 
2) 전통적인 분석방식인 내재가치분석과 성장잠재력 분석을 동시에 고려한 접근방식 
3) 법령의 예외적인 경우를 제외하고는 동일 종목에 대해 10% 이하로 투자함으로써 기본적으로 분
산 투자를 통해 포트폴리오의 위험을 관리함 
 
모투자신탁 명칭 KB 연금플랜 국내채권 증권 모투자신탁(채권) 
주요투자대상 국내 채권 60%이상, 어음에 40%이하로 투자 
투자목적 국내 국공채 및 우량 회사채 투자를 통하여 이자수익과 채권가격 상승에 따른 추가 수익을 추구 
주요투자전략 
및 
위험관리 
1) 유동성이 뒷받침 될 수 있는 국공채, 특수채에 주로 투자하고 우량 회사채에 선별적으로 투자하
여 안정적인 수익 추구. 또한 수익률 제고를 위하여 금리선물(채권관련 파생상품) 등을 이용한 차익
거래 전략 병행 수행함 
2) 회사채 투자는 저평가 매력이 큰 우량 회사채(취득시 기준 BBB-등급 이상)를 적극 발굴 투자하
여 수익률을 제고할 계획임 
 
 
- 20 - 
모투자신탁 명칭 KB 글로벌 ESG 성장 리더스 증권 모투자신탁(USD)(주식) 
주요투자대상 주식 70%이상, 채권 및 어음 각 30% 미만 
투자목적 글로벌 주식 등에 주로 투자하여 투자대상 자산의 가치상승 등에 따른 수익을 추구 
주요투자전략 
및 
위험관리 
1) 전세계 주식 등에 투자하며 기업의 내재가치 분석 시 재무적 요소와 ESG 등 비재무적 요소를 동
시에 고려하여 장기적으로 가치 상승이 기대되는 핵심 기업에 주로 투자 
2) 투자신탁재산에 대한 운용 및 운용지시 업무 등은 해외위탁집합투자업자인 American Century 
Investment Management Inc.에서 수행함 
3) 이 투자신탁은 기준가격을 미국 달러(USD)로 산정하지만, 미국 달러 이외의 다양한 외화(유로
화, 헤알화 등) 표시 자산에도 분산 투자함. 그러나 이 투자신탁은 미국 달러 이외의 외화표시 자산 
투자로 인한 환율변동 위험을 회피하기 위한 별도의 환헤지 전략은 실시하지 않을 계획이므로 미국 
달러와 기타 통화 간의 환율변동위험에 노출됨. 다만 시장상황 및 매니저의 판단에 따라 기타통화 
표시 자산의 전체 또는 일부에 대하여 환헤지 전략을 일정기간 실행할 수도 있음 
 
모투자신탁 명칭 KB 글로벌 코어 본드 증권 모투자신탁(채권) 
주요투자대상 해외채권 60%이상, 어음 40%이하 
투자목적 선진국 국채 및 선진국 통화 표시 채권에 주로 투자하여 수익을 추구하며 글로벌 우량 회사채, 저평
가 글로벌 회사채, 다양한 글로벌 채권관련 ETF 및 파생상품 등에도 선별 투자하여 추가수익을 추구 
주요투자전략 
및 
위험관리 
1) 선진국 국채 및 선진국 통화 표시 채권에 주로 투자하여 수익을 추구 
- 전략적 매크로 분석을 통해 선진국 국채/회사채 투자 비중, 국가 비중, 회사채 섹터 투자 비중 및 
가중평균 잔존만기(듀레이션) 등을 결정 
2) 글로벌 우량 회사채, 저평가 회사채 및 ETF 등에 선별 투자하여 수익을 추구 
-  철저한 기업 및 업종 분석을 통해 신용위험을 관리하고 글로벌 우량 회사채에 선별 투자 
-  저평가 글로벌 회사채 종목을 발굴하고 선진국 통화 표시 이머징 채권 및 미국국채선물 등을 
활용하여 추가 수익을 추구 
-  변동금리부채권(FRN), 주택저당증권(MBS), 물가연동채권(TIPS), 하이일드 등 다양한 글로
벌 채권관련 ETF를 활용하여 추가 수익을 추구 
3) 선진국 통화(미국달러, 유로, 일본엔 등) 표시 자산에 대해 해당 통화관련 파생상품을 활용하여 
환헤지를 시행할 예정이나 기타 통화에 대해서는 별도의 환헤지를 실행하지 않을 예정으로 기타통
화 표시 채권투자 시 환율변동위험에 노출될 수 있음 
 
7. 집합투자기구의 투자목적 
이 투자신탁은 다양한 모투자신탁에 분산 투자하여 위험을 관리하면서 장기 안정적인 수익을 추구하는 자투자신탁으로, 
모투자신탁을 활용하여 추구하는 주요 전략은 시장중립전략, 인컴추구전략, 대체자산투자전략, 자산배분전략 등입니다. 
또한 이 투자신탁이 투자하는 다수의 모투자신탁은 외화표시 자산 투자로 인한 환헤지 전략을 수행하는 모투자신탁과 수
행하지 않는 모투자신탁이 혼재되어 있으므로 자투자신탁에서 환헤지 대상통화 및 비중 등을 통합적으로 관리하여 환헤
지 전략을 수행할 예정입니다. 그러나, 급격한 투자자산의 가치 변동 및 환율 변동, 환헤지 수단의 부재 또는 유동성 부족 
및 대량 설정·환매 등 다양한 변수로 인해 환헤지 전략이 원활히 수행되지 않을 수 있으며, 시장상황 및 매니저의 판단에 
따라 외화표시 자산의 일부 또는 상당부분에 대하여 환헤지 전략을 실행하지 않을 수도 있습니다. 이로 인해 투자신탁재산 
일부 또는 상당부분이 환위험에 노출될 수 있습니다. 
 
 
- 21 - 
※ 이 투자신탁의 투자목적이 반드시 달성된다는 보장은 없으며, 이 투자신탁과 관련된 어떠한 당사자도 투자원금의 보장 또
는 투자목적의 달성을 보장하지 아니합니다. 
 
8. 집합투자기구의 투자대상 
가. 투자대상 
▣ KB 베스트 모아드림 혼합자산 자투자신탁의 투자대상 
투자대상 투자비율 투자대상 내역 
① 모투자신탁의 
집합투자증권 70%이상 
 신탁계약서 제2조 제9호에 의한 모투자신탁의 집합투자증권 
40%이하 주) 파생상품 매매에 따른 위험평가액이 10%를 초과할 수 있는 모
투자신탁의 집합투자증권 
② 유동성자산 등 30%이하 
- 단기대출(30일 이내의 금융기관간 단기자금거래에 의한 자
금공여를 말한다) 
- 금융기관에의 예치(만기 1년 이내인 상품에 한한다) 
③ 파생상품 10%이하 
(위험평가액 기준) 법 제5조 제1항 내지 제3항의 규정에 의한 통화관련 파생상품 
④ 법 시행령 제268조 제4항의 규정에 의한 신탁업자 고유재산과의 거래 
※ 다음의 경우에는 위의 ① 및 ②의 투자비율을 적용하지 아니함. 다만, 라 및 마의 경우에는 투자비율 적용예외기간을 
15일 이내로 합니다. 
가. 투자신탁 최초설정일로부터 1월간 
나. 투자신탁 회계기간 종료일 이전 1월간 
다. 투자신탁 계약기간 종료일 이전 1월간 
라. 3영업일 동안 누적하여 추가설정 또는 해지청구가 투자신탁 자산총액의 10%를 초과하는 경우 
마. 투자신탁재산인 투자증권 등의 가격변동으로 ①~②를 위반하게 되는 경우 
주) 해당 모투자신탁의 파생상품 매매에 따른 위험평가액 비율에 이 투자신탁이 해당 모투자신탁에 투자하는 비율을 곱하여 산정한 위험
평가액은 10%이하로 한다. 
 
[자투자신탁이 투자하는 모투자신탁의 주된 투자 대상] 
▣ KB 글로벌 알파 오퍼튜니티 증권 모투자신탁(혼합-재간접형)의 주된 투자대상  
투자대상 투자비율 투자대상 내역 
① 집합투자증권 등 70%이상 
법 제110조에 의하여 신탁회사가 발행한 수익증권, 법 제9조 
제21항의 규정에 의한 집합투자증권 및 이와 같거나 유사한 것
으로서 외국통화로 표시된 것 
② 채권 30%미만 
법 제4조 제3항의 규정에 의한 국채증권, 지방채증권, 특수채
증권(법률에 의하여 직접 설립된 법인이 발행한 채권을 말한
다), 사채권(취득시 신용평가등급이 A-이상이어야 하며 사모
사채권 및 자산유동화에관한법률에 의한 자산유동화계획에 따
라 발행되는 사채, 주택저당채권유동화회사법 또는 한국주택금
융공사법에 따라 발행되는 주택저당채권담보부채권 또는 주택
저당증권을 제외한다) 및 이와 같거나 유사한 것으로서 외국통
화로 표시된 것 
 
- 22 - 
※ 집합투자기구의 효율적 운용, 이익 증대 등 다음과 같은 목적으로 증권의 대차거래를 활용할 수 있습니다. 
가. 증권의 대여: 수수료 수취를 통한 수익률 증진, 매매 편의성 증대(ETF에 해당되는 경우로, ETF 시장조성자들에게 보유
증권을 대여하므로 시장조성자들은 호가 수량 확대 및 호가 스프레드 축소 등으로 유동성을 공급하고 투자자들은 합리적
인 가격에 ETF를 매매할 수 있음) 등 
나. 증권의 차입: 보유 자산의 시장위험 헤지, 환매 대응, 유동성 확대, 담보제공 등 
 
▣ KB 코리아 롱숏 증권 모투자신탁(주식혼합)의 주된 투자대상 
투자대상 투자비율 투자대상 내역 
① 주식 70%이하 
법 제4조 제4항의 규정에 의한 지분증권 및 법 제4조 제8항의 
규정에 의한 증권예탁증권 중 지분증권과 관련된 증권예탁증권
(법 제9조 제15항 제3호의 주권상장법인이 발행한 것 및 증권
시장에 기업공개를 위하여 발행한 공모주 등에 한한다) 
② 채권 50%미만 
법 제4조 제3항의 규정에 의한 국채증권, 지방채증권, 특수채
증권(법률에 의하여 직접 설립된 법인이 발행한 채권을 말한
다), 사채권(취득시 신용평가등급이 AA-이상이어야 하며 사모
사채권 및 자산유동화에관한법률에 의한 자산유동화계획에 따
라 발행되는 사채, 주택저당채권유동화회사법 또는 한국주택금
융공사법에 따라 발행되는 주택저당채권담보부채권 또는 주택
저당증권을 제외한다) 
※ 집합투자기구의 효율적 운용, 이익 증대 등 다음과 같은 목적으로 증권의 대차거래를 활용할 수 있습니다. 
가. 증권의 대여: 수수료 수취를 통한 수익률 증진, 매매 편의성 증대(ETF에 해당되는 경우로, ETF 시장조성자들에게 보유
증권을 대여하므로 시장조성자들은 호가 수량 확대 및 호가 스프레드 축소 등으로 유동성을 공급하고 투자자들은 합리적
인 가격에 ETF를 매매할 수 있음) 등 
나. 증권의 차입: 보유 자산의 시장위험 헤지, 환매 대응, 유동성 확대, 담보제공 등 
 
▣ KB PIMCO 글로벌 인컴 셀렉션 증권 모투자신탁(USD)(채권-재간접형)의 주된 투자대상  
투자대상 투자비율 투자대상 내역 
① 집합투자증권 등 
70%이상(채권관련  
해외 집합투자증권  
70% 이상) 
법 제110조에 의하여 신탁회사가 발행한 수익증권, 법 제9조 
제21항의 규정에 의한 집합투자증권 및 이와 같거나 유사한 것
으로서 외국에서 발행 또는 창설되거나 유통되는 것 
※ 집합투자기구의 효율적 운용, 이익 증대 등 다음과 같은 목적으로 증권의 대차거래를 활용할 수 있습니다. 
가. 증권의 대여: 수수료 수취를 통한 수익률 증진, 매매 편의성 증대(ETF에 해당되는 경우로, ETF 시장조성자들에게 보유
증권을 대여하므로 시장조성자들은 호가 수량 확대 및 호가 스프레드 축소 등으로 유동성을 공급하고 투자자들은 합리적
인 가격에 ETF를 매매할 수 있음) 등 
나. 증권의 차입: 보유 자산의 시장위험 헤지, 환매 대응, 유동성 확대, 담보제공 등 
 
▣ KB 글로벌 리얼에셋 인컴 증권 모투자신탁(채권)의 주된 투자대상  
투자대상 투자비율 투자대상 내역 
 
- 23 - 
① 채권 60%이상 
법 제4조 제3항의 규정에 의한 국채증권, 지방채증권, 특수채증
권(법률에 의하여 직접 설립된 법인이 발행한 채권을 말한다), 
사채권(취득시 신용평가등급이 BBB-이상이어야 하며 사모사
채권 및 자산유동화에관한법률에 의한 자산유동화계획에 따라 
발행되는 사채, 주택저당채권유동화회사법 또는 한국주택금융
공사법에 따라 발행되는 주택저당채권담보부채권 또는 주택저
당증권을 제외하며 후순위채권을 포함한다), 그 밖에 이와 유사
한 것으로서 지급청구권이 표시된 것 및 이와 같거나 유사한 것
으로서 외국에서 발행된 외국통화로 표시된 것(신용평가등급이 
없거나, 신용평가등급이 BB이하인 채권을 포함한다) 
② 대출채권 등 40%미만 대출채권 및 이와 같거나 유사한 것으로서 외국통화로 표시된 것 
※ 집합투자기구의 효율적 운용, 이익 증대 등 다음과 같은 목적으로 증권의 대차거래를 활용할 수 있습니다. 
가. 증권의 대여: 수수료 수취를 통한 수익률 증진, 매매 편의성 증대(ETF에 해당되는 경우로, ETF 시장조성자들에게 보유
증권을 대여하므로 시장조성자들은 호가 수량 확대 및 호가 스프레드 축소 등으로 유동성을 공급하고 투자자들은 합리적
인 가격에 ETF를 매매할 수 있음) 등 
나. 증권의 차입: 보유 자산의 시장위험 헤지, 환매 대응, 유동성 확대, 담보제공 등 
 
▣ KB 글로벌 코어 리츠 부동산 모투자신탁(재간접형)의 주된 투자대상  
투자대상 투자비율 투자대상 내역 
① 
집합투자증권 등 70%이상 법 제9조 제21항의 규정에 의한 집합투자증권, 「부동산투자회
사법」에 따른 부동산투자회사가 발행한 주식 및 이와 같거나 유
사한 것으로서 외국통화로 표시된 것 
부동산 관련 
집합투자증권 등 
70%이상 
② 주식 30%미만 
법 제4조 제4항의 규정에 의한 지분증권 및 법 제4조 제8항의 
규정에 의한 증권예탁증권 중 지분증권과 관련된 증권예탁증권
(법 제9조 제15항 제3호의 주권상장법인이 발행한 것 및 증권
시장에 기업공개를 위하여 발행한 공모주 등에 한한다) 및 이와 
같거나 유사한 것으로서 외국통화로 표시된 것 
※ 집합투자기구의 효율적 운용, 이익 증대 등 다음과 같은 목적으로 증권의 대차거래를 활용할 수 있습니다. 
가. 증권의 대여: 수수료 수취를 통한 수익률 증진, 매매 편의성 증대(ETF에 해당되는 경우로, ETF 시장조성자들에게 보유
증권을 대여하므로 시장조성자들은 호가 수량 확대 및 호가 스프레드 축소 등으로 유동성을 공급하고 투자자들은 합리적
인 가격에 ETF를 매매할 수 있음) 등 
나. 증권의 차입: 보유 자산의 시장위험 헤지, 환매 대응, 유동성 확대, 담보제공 등 
 
▣ KB 액티브 배당 증권 모투자신탁(주식) 및 KB 중소형주 포커스 증권 모투자신탁(주식)의 주된 투자대상 
투자대상 투자비율 투자대상 내역 
① 주식 60%이상 
법 제4조 제4항의 규정에 의한 지분증권 및 법 제4조 제8항의 
규정에 의한 증권예탁증권 중 지분증권과 관련된 증권예탁증권
(법 제9조 제15항 제3호의 주권상장법인이 발행한 것 및 증권
시장에 기업공개를 위하여 발행한 공모주 등에 한한다) 
 
- 24 - 
② 채권 40%이하 
법 제4조 제3항의 규정에 의한 국채증권, 지방채증권, 특수채
증권(법률에 의하여 직접 설립된 법인이 발행한 채권을 말한
다), 사채권(신용평가등급이 BBB-이상이어야 하며 사모사채
권 및 자산유동화에관한법률에 의한 자산유동화계획에 따라 발
행되는 사채, 주택저당채권유동화회사법 또는 한국주택금융공
사법에 따라 발행되는 주택저당채권담보부채권 또는 주택저당
증권을 제외한다) 
※ 집합투자기구의 효율적 운용, 이익 증대 등 다음과 같은 목적으로 증권의 대차거래를 활용할 수 있습니다. 
가. 증권의 대여: 수수료 수취를 통한 수익률 증진, 매매 편의성 증대(ETF에 해당되는 경우로, ETF 시장조성자들에게 보유
증권을 대여하므로 시장조성자들은 호가 수량 확대 및 호가 스프레드 축소 등으로 유동성을 공급하고 투자자들은 합리적
인 가격에 ETF를 매매할 수 있음) 등 
나. 증권의 차입: 보유 자산의 시장위험 헤지, 환매 대응, 유동성 확대, 담보제공 등 
 
▣ KB 연금플랜 국내채권 증권 모투자신탁(채권)의 주된 투자대상 
투자대상 투자비율 투자대상 내역 
① 채권 60%이상 
법 제4조 제3항의 규정에 의한 국채증권, 지방채증권, 특수채증
권(법률에 의하여 직접 설립된 법인이 발행한 채권을 말한다), 
사채권(취득시 신용평가등급이 BBB-이상이어야 하며 사모사
채권은 제외한다) 
② 어음 40%이하 
기업어음증권(기업이 사업에 필요한 자금을 조달하기 위해 발
행하는 약속어음으로 법 시행령 제4조에서 정하는 요건을 갖춘 
것), 기업어음증권을 제외한 어음 및 양도성예금증서(양도성예
금증서를 제외하고는 취득시 신용평가등급이 A3-이상이어야 
한다) 
※ 집합투자기구의 효율적 운용, 이익 증대 등 다음과 같은 목적으로 증권의 대차거래를 활용할 수 있습니다. 
가. 증권의 대여: 수수료 수취를 통한 수익률 증진, 매매 편의성 증대(ETF에 해당되는 경우로, ETF 시장조성자들에게 보유
증권을 대여하므로 시장조성자들은 호가 수량 확대 및 호가 스프레드 축소 등으로 유동성을 공급하고 투자자들은 합리적
인 가격에 ETF를 매매할 수 있음) 등 
나. 증권의 차입: 보유 자산의 시장위험 헤지, 환매 대응, 유동성 확대, 담보제공 등 
 
▣ KB 글로벌 ESG 성장 리더스 증권 모투자신탁(USD)(주식)의 주된 투자대상  
투자대상 투자비율 투자대상 내역 
① 주식 70%이상 
법 제4조 제4항의 규정에 의한 지분증권 및 법 제4조 제8항의 
규정에 의한 증권예탁증권 중 지분증권과 관련된 증권예탁증권
(법 제9조 제15항 제3호의 주권상장법인이 발행한 것 및 증권
시장에 기업공개를 위하여 발행한 공모주 등에 한한다) 및 이와 
같거나 유사한 것으로서 외국통화로 표시된 것 
② 채권 30%미만 법 제4조 제3항의 규정에 의한 국채증권, 지방채증권, 특수채
증권(법률에 의하여 직접 설립된 법인이 발행한 채권을 말한
 
- 25 - 
다), 사채권(취득시 신용평가등급이 A-이상이어야 하며 사모
사채권 및 자산유동화에관한법률에 의한 자산유동화계획에 따
라 발행되는 사채, 주택저당채권유동화회사법 또는 한국주택금
융공사법에 따라 발행되는 주택저당채권담보부채권 또는 주택
저당증권을 제외한다) 및 이와 같거나 유사한 것으로서 외국통
화로 표시된 것 
※ 집합투자기구의 효율적 운용, 이익 증대 등 다음과 같은 목적으로 증권의 대차거래를 활용할 수 있습니다. 
가. 증권의 대여: 수수료 수취를 통한 수익률 증진, 매매 편의성 증대(ETF에 해당되는 경우로, ETF 시장조성자들에게 보유
증권을 대여하므로 시장조성자들은 호가 수량 확대 및 호가 스프레드 축소 등으로 유동성을 공급하고 투자자들은 합리적
인 가격에 ETF를 매매할 수 있음) 등 
나. 증권의 차입: 보유 자산의 시장위험 헤지, 환매 대응, 유동성 확대, 담보제공 등 
 
▣ KB 글로벌 코어 본드 증권 모투자신탁(채권)의 주된 투자대상 
투자대상 투자비율 투자대상 내역 
① 채권 
60%이상 
(단, 국제신용평가등급이 
없거나 BB+이하의 외화
표시 채권 10%이하) 
법 제4조 제3항의 규정에 의한 국채증권, 지방채증권, 특수채증권
(법률에 의하여 직접 설립된 법인이 발행한 채권을 말한다), 사채권
(취득시 신용평가등급이 BBB-이상이어야 하며 사모사채권 및 자산
유동화에관한법률에 의한 자산유동화계획에 따라 발행되는 사채, 주
택저당채권유동화회사법 또는 한국주택금융공사법에 따라 발행되는 
주택저당채권담보부채권 또는 주택저당증권을 제외한다) 및 이와 같
거나 유사한 것으로서 외국에서 발행 또는 창설되거나 유통되는 외
국통화로 표시된 것(외화표시 채권의 경우 취득시 국제신용평가등급
이 없거나, 국제신용평가등급이 BB+이하인 채권을 포함한다) 
② 어음 40%미만 
기업어음증권(기업이 사업에 필요한 자금을 조달하기 위해 발행하는 
약속어음으로 법 시행령 제4조에서 정하는 요건을 갖춘 것), 기업어
음증권을 제외한 어음 및 양도성예금증서(양도성예금증서를 제외하
고는 취득시 신용평가등급이 A3-이상이어야 한다) 및 이와 같거나 
유사한 것으로서 외국에서 발행 또는 창설되거나 유통되는 외국통화
로 표시된 것(취득시 국제신용평가등급이 없거나, 국제신용평가등급
이 BB+이하인 것을 포함한다) 
※ 집합투자기구의 효율적 운용, 이익 증대 등 다음과 같은 목적으로 증권의 대차거래를 활용할 수 있습니다. 
가. 증권의 대여: 수수료 수취를 통한 수익률 증진, 매매 편의성 증대(ETF에 해당되는 경우로, ETF 시장조성자들에게 보유
증권을 대여하므로 시장조성자들은 호가 수량 확대 및 호가 스프레드 축소 등으로 유동성을 공급하고 투자자들은 합리적
인 가격에 ETF를 매매할 수 있음) 등 
나. 증권의 차입: 보유 자산의 시장위험 헤지, 환매 대응, 유동성 확대, 담보제공 등 
 
나. 투자제한: 집합투자업자는 투자신탁재산을 운용함에 있어 다음에 해당하는 행위를 신탁업자에게 지시할 수 없습니다. 
다만, 법령 및 규정에서 예외적으로 인정한 경우에는 그러하지 아니합니다. 
 
▣ KB 베스트 모아드림 혼합자산 자투자신탁의 투자제한 
구분 내용 적용예외 
단기대출 이 투자신탁 자산총액의 10%를 초과하여 법 시행령 제84조에서 정하는 집합  
 
- 26 - 
투자업자의 이해관계인에게 단기대출의 방법으로 운용하는 행위. 다만, 집합투
자업자의 대주주나 계열회사인 이해관계인과는 이와 같은 방법으로 운용할 수 
없습니다. 
파생상품 투자 
파생상품 매매에 따른 위험평가액이 이 투자신탁의 자산총액에서 부채총액을 뺀 
가액의 100%를 초과하여 투자하는 행위 
최초설정일로부터  
1개월간 
파생상품 매매와 관련하여 기초자산 중 동일법인 등이 발행한 증권의 가격변동
으로 인한 위험평가액이 이 투자신탁 자산총액의 10%를 초과하여 투자하는 
행위 
같은 거래상대방과의 장외파생상품 매매에 따른 거래상대방 위험평가액이 이 투
자신탁 자산총액의 10%를 초과하여 투자하는 행위 
법 시행령 제80조 제5항에서 정하는 적격 요건을 갖추지 못한 자와 장외파생상
품을 매매하는 행위 
 
 
▣ 투자대상 모투자신탁의 투자제한: 모투자신탁들의 주요 투자제한 사항을 통합하여 기재 
구분 내용 적용예외 
단기대출 
이 투자신탁 자산총액의 10%를 초과하여 법 시행령 제84조에서 정하는 집합투자
업자의 이해관계인에게 단기대출 및 환매조건부매매의 방법으로 운용하는 행위. 
다만, 집합투자업자의 대주주나 계열회사인 이해관계인과는 이와 같은 방법으로 
운용할 수 없습니다. 
 
동일종목 투자 
자산총액의 10%를 초과하여 동일종목의 증권(집합투자증권을 제외하되, 법 시행
령 제80조 제3항에서 규정하는 원화로 표시된 양도성예금증서, 기업어음증권 외
의 어음, 대출채권·예금·금융위원회가 정하여 고시하는 채권을 포함한다)에 투자
할 수 없습니다. 다만, 다음 ①~③의 경우는 예외로 합니다. 
최초설정일로부터  
1개월간 
①국채증권, 한국은행통화안정증권 및 국가나 지방자치단체가 원리금의 상환을 
보증한 채권에 투자신탁 자산총액의 30%~100%까지 투자하는 경우 
모투자신탁별 
상이 
②지방채증권, 특수채증권(①의 것은 제외한다), 직접 법률에 따라 설립된 법인이 
발행한 어음(기업어음증권 및 법 시행령 제79조 제2항 제5호 각 목의 금융기관이 
할인·매매·중개 또는 인수한 어음만 해당한다), 법 시행령 제79조 제2항 제5호 
가 목부터 사 목까지의 금융기관이 발행한 어음 또는 양도성예금증서와, 같은 호 
가 목·마 목부터 사 목까지의 금융기관이 발행한 채권, 법 시행령 제79조 제2항 
제5호 가 목부터 사 목까지의 금융기관이 지급을 보증한 채권(모집의 방법으로 발
행한 채권만 해당한다) 또는 어음, 경제협력개발기구에 가입되어 있는 국가나 법 
시행규칙 제10조의2에서 정하는 국가(중화인민공화국)이 발행한 채권, 자산유동
화에관한법률 제31조에 따른 사채 중 후순위사채권, 주택저당채권유동화회사법 
또는 한국주택금융공사법에 따른 주택저당채권담보부채권 또는 주택저당증권(주
택저당채권유동화회사법에 따른 주택저당채권유동화회사, 한국주택금융공사법에 
따른 한국주택금융공사 또는 법 시행령 제79조 제2항 제5호 가 목부터 사 목까지
의 금융기관이 지급을 보증한 주택저당증권을 말한다), 법 시행령 제79조 제2항 
제5호 가 목부터 사 목까지의 규정에 따른 금융기관에 금전을 대여하거나 예치·예
탁하여 취득한 채권에 투자신탁 자산총액의 30%까지 투자하는 경우 
 
 
- 27 - 
③동일법인 등이 발행한 지분증권(그 법인 등이 발행한 지분증권과 관련된 증권예
탁증권을 포함한다. 이하 이 조에서 같다)의 시가총액이 10%를 초과하는 경우에 
그 시가총액 비중까지 투자하는 경우. 이 경우 시가총액비중은 거래소가 개설하는 
시장 또는 해외 증권시장 별로 매일의 그 지분증권의 최종시가의 총액을 그 시장에
서 거래되는 모든 종목의 최종시가의 총액을 합한 금액으로 나눈 비율을 1개월간 
평균한 비율로 계산하며, 매월 말일을 기준으로 산정하여 그 다음 1개월간 적용합
니다. 
 
집합투자증권 
집합투자재산을 집합투자증권에 운용함에 있어서 다음의 어느 하나에 해당하는 행
위는 할 수 없습니다. 
 
①이 투자신탁 자산총액의 50%를 초과하여 같은 집합투자업자(법 제279조 제1항
의 외국 집합투자업자를 포함한다. 이하 같다)가 운용하는 집합투자기구(법 제279
조 제1항의 외국집합투자기구를 포함한다. 이하 같다)의 집합투자증권에 투자하는 
행위와 이 투자신탁 자산총액의 20%를 초과하여 같은 집합투자기구의 집합투자증
권에 투자하는 행위. 다만, 다음 각 목의 경우에는 각 목에서 정하는 바에 따라 ①의 
본문에서 정한 한도를 초과하여 투자할 수 있습니다. 
최초설정일로부터  
1개월간 
가. 집합투자업자가 운용하는 집합투자기구(외국집합투자기구의 경우에는 법 제
279조 제1항에 따라 등록한 것만 해당한다. 이하 같다)의 집합투자재산을 외화자
산으로 70%이상 운용하는 경우에 그 집합투자기구의 집합투자증권에 투자신탁 자
산총액의 100%까지 투자하는 경우 
나. 금융위원회가 정하여 고시하는 상장지수집합투자기구(상장지수집합투자기구
와 비슷한 것으로서 외국 상장지수집합투자기구를 포함한다. 이하 같다)의 집합투
자증권에 투자신탁 자산총액의 100%까지 투자하는 경우 
다. 같은 집합투자업자가 운용하는 집합투자기구의 집합투자재산을 둘 이상의 다
른 집합투자업자에게 위탁하여 운용하는 경우에 그 집합투자기구의 집합투자증권
(같은 집합투자업자가 운용하는 집합투자기구의 자산총액의 90%이상을 외화자
산에 운용하는 경우 에 한한다)에 자산총액의 100%까지 투자하는 경우 
라. 이 투자신탁 자산총액의 50%를 초과하여 같은 집합투자업자가 운용하는 집합
투자기구의 집합투자증권에 투자할 때 같은 집합투자업자가 운용하는 집합투자기
구의 집합투자재산을 둘 이상의 다른 집합투자업자에게 위탁하여 운용하는 경우에 
그 집합투자기구의 집합투자증권(같은 집합투자업자가 운용하는 집합투자기구의 
자산총액의 90%이상을 외화자산에 운용하는 경우만 해당한다)에 각 집합투자기구 
자산총액의 100%까지 투자하는 행위 
마. 이 투자신탁 자산총액의 20%를 초과하여 같은 집합투자기구의 집합투자증권
에 투자할 때 상장지수집합투자기구(투자자 보호 등을 고려하여 금융위원회가 정
하여 고시하는 상장지수집합투자기구에 한정한다)의 집합투자증권이나 같은 집합
투자업자가 운용하는 집합투자기구의 집합투자재산을 둘 이상의 다른 집합투자업
자에게 위탁하여 운용하는 경우에 그 집합투자기구의 집합투자증권(같은 집합투
자업자가 운용하는 집합투자기구의 자산총액의 90%이상을 외화자산에 운용하는 
경우만 해당한다)에 각 집합투자기구 자산총액의 30%까지 투자하는 경우 
바. 법 시행령 제80조 제1항 제5의2호에 따른 사모투자재간접집합투자기구가 같
 
 
- 28 - 
은 집합투자업자(외국 집합투자업자를 포함한다)가 운용하는 집합투자기구(이와 
유사한 집합투자기구로서 법 제279조 제1항에 따라 등록한 외국 집합투자기구를 
포함한다)의 집합투자증권에 각 집합투자기구 자산총액의 100%까지 투자하는 
행위 
②투자신탁재산으로 자산총액의 40%를 초과하여 다른 집합투자증권에 투자할 수 
있는 집합투자기구의 집합투자증권에 투자하는 행위 
 
③ 
사모투자신탁(사모투자신탁에 상당하는 외국 사모투자신탁을 포함한다)의 
집합투자증권에 투자하는 행위 
모투자신탁별 
상이 
투자신탁 자산총액의 5%를 초과하여 사모집합투자기구(사모집합투자기구에 
상당하는 외국 사모집합투자기구를 포함한다)의 집합투자증권에 투자하는 행
위. 다만, 사모투자재간접집합투자기구는 자산총액의 100%까지 전문투자형 
사모집합투자기구(이와 유사한 집합투자기구로서 법 제279조 제1항에 따라 등
록한 외국 집합투자기구를 포함한다)의 집합투자증권에 투자할 수 있습니다. 
④각 집합투자기구의 집합투자재산으로 같은 집합투자기구의 집합투자증권 총수
의 20%를 초과하여 투자하는 행위. 다만, 법 제234조에 따른 상장지수집합투자
기구의 집합투자증권의 경우에는 총수의 50%까지 투자할 수 있습니다. 이 경우 
그 비율의 계산은 투자하는 날을 기준으로 합니다. 
 
⑤이 집합투자증권을 판매하는 투자매매업자 또는 투자중개업자가 받는 판매수수
료 및 판매보수와 이 집합투자기구가 투자하는 다른 집합투자기구의 집합투자증권
을 판매하는 투자매매업자(외국 투자매매업자를 포함한다) 또는 투자중개업자(외
국 투자중개업자를 포함한다)가 받는 판매수수료 및 판매보수의 합계가 법 시행령 
제77조 제4항의 한도를 초과하여 집합투자증권에 투자하는 행위 
 
파생상품 투자 
파생상품 매매에 따른 위험평가액이 이 집합투자기구의 자산총액에서 부채총액을 
뺀 가액의 100%를 초과하여 투자하는 행위 
최초설정일로부터  
1개월간 
파생상품 매매와 관련하여 기초자산 중 동일법인 등이 발행한 증권의 가격변동으
로 인한 위험평가액이 이 투자신탁 자산총액의 10%를 초과하여 투자하는 행위 
같은 거래상대방과의 장외파생상품 매매에 따른 거래상대방 위험평가액이 이 투
자신탁 자산총액의 10%를 초과하여 투자하는 행위 
법 시행령 제80조 제5항에서 정하는 적격 요건을 갖추지 못한 자와 장외파생상품
을 매매하는 행위 
 
동일회사 및 
계열회사가 발행한  
증권에의 투자 
투자신탁 자산총액으로 동일법인 등이 발행한 지분증권총수의 10%를 초과하여 
투자하는 행위 
 
법 시행령 제86조에서 정하는 한도를 초과하여 집합투자업자의 계열회사가 발행
한 증권을 취득하는 행위 
 
투자한도 적용의 
유예 
집합투자재산으로 보유하고 있는 증권 등 자산의 가격변동, 투자신탁의 일부해지 
등의 사유로 인하여 불가피하게 투자한도를 초과하게 된 경우에는 초과일부터 3
월 이내에 그 투자한도에 적합하도록 하여야 합니다. 다만, 부도 등으로 처분이 불
가능하거나 집합투자재산에 현저한 손실을 초래하지 아니하고는 처분이 불가능한 
투자대상자산은 그 처분이 가능한 시기까지 이를 그 투자한도에 적합한 것으로 봅
 
 
- 29 - 
니다. 
※ 투자대상 모투자신탁의 주요 운용제한 사항을 기재하였으며, 주요 투자대상 자산별로 해당 운용제한 관련 사항을 참조하시기 바랍니다. 
 
 
 
 
9. 집합투자기구의 투자전략, 투자방침 및 수익구조: 모투자신탁의 내용을 포함하여 작성하였습니다. 
가. 투자전략 및 위험관리 
(1) 투자전략 
1) 이 투자신탁은 다양한 모투자신탁(모펀드)에 분산 투자하여 위험을 관리하면서 장기 안정적인 수익을 추구합니다.  
① 기본적으로 시장중립 전략, 인컴추구 전략, 대체자산투자 전략 등을 추구하는 다양한 모펀드에 분산 투자하여 
위험을 관리하면서 안정적인 수익을 추구합니다.  
- 편입 대상 모펀드의 성과지속성, 변동성 대비 수익기여도, 전략 일관성 등 정량적·정성적 분석을 기반으로 각 
모펀드의 투자 비중을 결정할 예정입니다. 
[투자전략 별 투자대상 모펀드 예시] 
전략 구분 주요 내용 / 투자대상 모펀드 
시장중립 전략 
저평가된 자산을 매수하는 동시에, 고평가된 자산을 매도하여 중립 포지션 구축 
∙ KB 글로벌 알파 오퍼튜니티 증권 모투자신탁(혼합-재간접형) 
∙ KB 코리아 롱숏 증권 모투자신탁(주식혼합) 
인컴추구 전략 
고금리 채권, 고배당주 등에 투자하여 꾸준한 고정수익을 추구 
∙ KB PIMCO 글로벌 인컴 셀렉션 증권 모투자신탁(USD)(채권-재간접형) 
∙ KB 글로벌 리얼에셋 인컴 증권 모투자신탁(채권) 
대체투자 전략 
주식/채권이 아닌, 부동산/인프라 등 비전통적 자산군에 투자 
∙ KB 글로벌 코어 리츠 부동산 모투자신탁(재간접형) 
※ 투자전략 구분 및 전략 별 편입 대상 모투자신탁은 향후 변경되거나 추가될 수 있습니다.  
 
② 시장변화에 능동적으로 대응하고 기대수익을 높이기 위해 국내외 주식, 채권 등에 투자하는 모펀드를 활용한 
자산배분 전략을 일부 수행할 계획입니다.  
- 시장국면 및 글로벌 투자환경을 고려한 중장기 배분안 및 계량모델과 내외부 리서치를 활용한 정성분석을 통
해 최종 자산배분 비중을 결정합니다. 
[투자전략 별 투자대상 모펀드 예시] 
자산배분 전략 
시장변화에 능동적으로 대응하고 기대수익을 높이기 위해 국내외 주식, 채권 등 활용 
∙ KB 액티브 배당 증권 모투자신탁(주식) 
∙ KB 중소형주 포커스 증권 모투자신탁(주식) 
∙ KB 연금플랜 국내채권 증권 모투자신탁(채권) 
∙ KB 글로벌 ESG 성장 리더스 증권 모투자신탁(USD)(주식) 
∙ KB 글로벌 코어 본드 증권 모투자신탁(채권) 
※ 투자전략 구분 및 전략 별 편입 대상 모투자신탁은 향후 변경되거나 추가될 수 있습니다.  
 
※ 주식, 상품(Commodity), 리츠(REITs), 투기등급채권 등 고위험 자산에 주로 투자하는 모펀드에는 80%미만으
로 투자할 계획입니다.  
 
- 30 - 
 
2) 이 투자신탁이 투자하는 다수의 모투자신탁은 외화표시 자산 투자로 인한 환헤지 전략을 수행하는 모투자신탁과 
수행하지 않는 모투자신탁이 혼재되어 있으므로 자투자신탁에서 환헤지 대상통화 및 비중 등을 통합적으로 관리하
여 환헤지 전략을 수행할 예정입니다.(※목표헤지비율: 외화자산의 최소 30%내외, 최대 100%내외) 그러나, 급격
한 투자자산의 가치 변동 및 환율 변동, 환헤지 수단의 부재 또는 유동성 부족 및 대량 설정·환매 등 다양한 변수로 
인해 환헤지 전략이 원활히 수행되지 않을 수 있으며, 시장상황 및 매니저의 판단에 따라 이 투자신탁은 외화표시 
자산의 일부 또는 상당부분에 대하여 환헤지 전략을 실행하지 않을 수도 있습니다. 이로 인해 투자신탁재산 일부 
또는 상당부분이 환위험에 노출될 수 있습니다.  
 
3) 각 투자대상 모투자신탁의 주요 투자전략은 다음과 같습니다. 
모투자신탁 명칭 주요 투자전략 
KB 글로벌 알파 오퍼튜니티 증권 
모투자신탁(혼합-재간접형) 
- 주식, 채권 등을 매수하는 전통투자전략과는 달리 글로벌 금융시장의 변화에 따른 위험
을 낮추면서 안정적인 수익을 추구하는 대체투자 전략 관련 해외 및 국내의 다양한 집합
투자증권에 분산 투자 
* 대체투자 전략 예시: 주식 롱숏 전략, 글로벌 매크로 전략, 이벤트 드리븐 전략, 절대수익 
전략, 멀티 전략 등 
- 외화표시자산 투자에 따른 환헤지 전략 수행(외화자산의 60~100% 수준) 
※ 비교지수: 해당사항 없음 
KB 코리아 롱숏 증권 
모투자신탁(주식혼합) 
- 주로 다양한 국내 주식을 활용한 롱숏전략을 구사해 변동성 위험을 관리하며 국내 우량 
채권에도 일부 투자 
* 순 주식 편입비율은 10~30% 수준에서 관리할 계획입니다. 
※ 비교지수: KIS 국고채 1~2년 지수*85% + KOSPI 지수*15% 
KB PIMCO 글로벌 인컴 셀렉션 증권 
모투자신탁(USD)(채권-재간접형) 
- 해외에 설립된 PIMCO의 채권관련 펀드 중 전 세계 다양한 채권자산에 분산 투자하여 
높은 수준의 이자수익(Income)을 추구하는 펀드 및 금리인상, 물가상승 등에 탄력적으
로 대응하는 전략의 펀드 등에 분산 투자 
- 기준가격을 미국달러(USD)로 산정하므로 별도의 환헤지 전략은 실시하지 않음 
※ 비교지수: 해당사항 없음 
KB 글로벌 리얼에셋 인컴 증권 
모투자신탁(채권) 
- 부동산, 인프라 등 실물자산을 소유·운영하는 해외 기업 및 관련 서비스를 제공하는 해외 
기업 등이 발행한 외화표시 채권에 주로 투자하며, 시장 상황에 따라 투자대상 기업 관련 
외화표시 대출채권 등에도 일부 투자 
- 해외위탁집합투자업자: Brookfield Investment Management Inc. 
- 외화표시자산 투자에 따른 환헤지 전략은 실시하지 않음 
※ 비교지수: 해당사항 없음 
KB 글로벌 코어 리츠 부동산 
모투자신탁(재간접형) 
- 전세계에 상장된 부동산 관련 집합투자증권(REITs 포함) 및 주식 등에 분산투자하며, 시
장 전망에 따라 국가·지역·섹터 등에 대한 비중 조절 수행 
* 리츠(REITs)는 부동산투자신탁(Real Estate Investment Trusts)으로 소액투자자들로
부터 자금을 모아 부동산이나 부동산 관련 대출에 투자하여 발생한 수익을 투자자에게 
배당하는 회사 또는 투자신탁으로, 이 중 회사형은 뮤추얼펀드와 마찬가지로 주식을 발
행하여 투자자를 모으는 형태로서 투자자에게 일정기간을 단위로 배당을 하며 증권시장
에 상장하여 매매되고 있음 
- 외화표시자산 투자에 따른 환헤지 전략은 실시하지 않음 
※ 비교지수: FTSE EPRA/NAREIT Developed Real Estate TR index(KRW) X 100% 
KB 액티브 배당 증권 
모투자신탁(주식) 
- 배당수익률이 상대적으로 높은 국내 주식에 주로 투자하고 장기성장이 기대되는 주식과 
저평가 주식에도 일부 투자 
※ 비교지수: KOSPI지수 
 
- 31 - 
KB 중소형주 포커스 증권 
모투자신탁(주식) 
- 성장 잠재력이 높고 기업가치 대비 저평가된 국내 강소기업에 주로 투자 
※ 비교지수:  KOSPI 중소형주 시가가중 100% 
KB 연금플랜 국내채권 증권 
모투자신탁(채권) 
- 국내 국공채, 특수채에 주로 투자하고 우량 회사채에 선별 투자하며, 금리선물(채권관련 
파생상품) 등을 이용한 차익거래 전략 등도 병행 수행 
※ 비교지수: KIS채권지수*90% + 콜(KRW)*10% 
KB 글로벌 ESG 성장 리더스 증권 
모투자신탁(USD)(주식) 
- 전세계 주식 등에 투자하며 기업의 내재가치 분석 시 재무적 요소와 ESG 등 비재무적 요
소를 동시에 고려하여 장기적으로 가치 상승이 기대되는 핵심 기업에 주로 투자 
- 해외위탁집합투자업자: American Century Investment Management Inc. 
- 기준가격을 미국달러(USD)로 산정하므로 별도의 환헤지 전략은 실시하지 않음 
※ 비교지수: MSCI ACWI Index(Net TR)(USD) 
KB 글로벌 코어 본드 증권 
모투자신탁(채권) 
- 거시경제 분석(매크로 분석)을 바탕으로 선진국 국채 및 선진국 통화 표시 채권에 주로 
투자하며 글로벌 우량 회사채, 저평가 글로벌 회사채, 다양한 글로벌 채권관련 ETF 및 파
생상품 등에도 선별 투자하여 추가수익 추구 
- 외화표시자산 투자에 따른 환헤지 전략 수행(외화자산의 70~100% 수준) 
※ 비교지수: Bloomberg Barclays Global Aggregate Total Return Index(hedged 
to KRW) * 90% + 콜(KRW) * 10% 
※ 편입 대상 모투자신탁은 향후 변경되거나 추가될 수 있습니다.  
 
※ 비교지수: 해당사항 없음 
▪ 사유: 이 투자신탁은 다양한 모투자신탁에 분산 투자하는 펀드로서 투자전략 특징 상 주요 투자대상자산의 비중이 유동적
으로 변하므로 비교지수를 선정하지 않았습니다. 이 경우 투자성과를 비교 또는 참고 할 수익률이 없으므로 투자판단 시 
이러한 점을 유의하시기 바랍니다 
 
※ 비교지수는 집합투자업자의 판단에 따라 변경될 수 있으며 변경시에는 법 제89조 제2항에 따라 집합투자업자(www.kbam.co.kr), 판
매회사 및 한국금융투자협회(www.kofia.or.kr)의 인터넷홈페이지와 집합투자업자, 판매회사의 본·지점 및 영업소에 게시하고 전자우편
을 통하여 투자자에게 통보할 예정임 
 
(2) 위험 관리전략: 
1) 이 투자신탁의 위험 관리전략 
KB 베스트 모아드림 혼합자산 자투자신탁의 위험관리 전략 
1) 담당 운용부서에서 운용정책, 자산배분, 투자전략을 수립합니다. 
2) 포트폴리오 위험관리 
(가) 편입한 모투자신탁의 운용전략의 일관성 및 투자전략의 준수여부를 모니터링 합니다. 
(나) 리스크관리 담당부서에서 실제 운용되는 포트폴리오가 집합투자기구의 투자가능 대상 후보군 내에서 운용되는지 모
니터링합니다. 
3) 환위험 관리전략: 이 투자신탁이 투자하는 다수의 모투자신탁은 외화표시 자산 투자로 인한 환헤지 전략을 수행하는 모
투자신탁과 수행하지 않는 모투자신탁이 혼재되어 있으므로 자투자신탁에서 환헤지 대상통화 및 비중 등을 통합적으로 관
리하여 환헤지 전략을 수행할 예정입니다. 그러나 시장상황 및 매니저의 판단에 따라 이 투자신탁은 외화표시 자산의 일부 
또는 상당부분에 대하여 환헤지 전략을 실행하지 않을 수도 있습니다. 이로 인해 투자신탁재산 일부 또는 상당부분이 환위
험에 노출될 수 있습니다. 
- 목표 헤지비율: 외화자산의 최소 30%내외, 최대 100%내외 
-  환헤지 비용: - 
 
2) 모투자신탁의 위험 관리전략 
 
- 32 - 
① 포트폴리오 관리: 법령의 예외적인 경우를 제외하고는 동일 종목에 대해 10% 이하로 투자함으로써 기본적으
로 분산 투자를 통해 포트폴리오의 위험을 관리합니다.  
 
 
 
② 환위험 관리: 각 투자대상 모투자신탁의 환위험 관리는 다음과 같습니다.  
모투자신탁 명칭 주요 투자전략 
KB 글로벌 알파 오퍼튜니티 증권 
모투자신탁(혼합-재간접형) 
- 외화표시 자산 투자로 인한 환율변동 위험을 관리하기 위하여 환헤지 전략을 실시할 계획
입니다.  
- 목표 헤지비율: 외화자산의 최소 60%, 최대 100% 내외 
KB PIMCO 글로벌 인컴 셀렉션 증권 
모투자신탁(USD)(채권-재간접형) 
- 미국 달러(USD)표시 자산에 투자하면서, 기준가격을 미국 달러(USD)로 산정하므로 별
도의 환헤지 전략은 실시하지 않을 계획입니다.  
KB 글로벌 리얼에셋 인컴 증권 
모투자신탁(채권) 
- 외화표시 자산에의 투자에 따른 환율변동 위험을 회피하기 위한 환헤지 전략을 실시하지 
않을 계획이므로 환율변동 위험에 노출됩니다. 
KB 글로벌 코어 리츠 부동산 
모투자신탁(재간접형) 
- 외화표시 자산에의 투자에 따른 환율변동 위험을 회피하기 위한 환헤지 전략을 실시하지 
않을 계획이므로 환율변동 위험에 노출됩니다. 
KB 글로벌 ESG 성장 리더스 증권 
모투자신탁(USD)(주식) 
- 기준가격을 미국 달러(USD)로 산정하며, 미국 달러뿐만 아니라 다양한 외화(유로화, 엔
화 등)표시 자산에도 분산 투자합니다. 그러나 미국 달러 이외의 외화표시 자산 투자로 인
한 환율변동 위험을 회피하기 위한 별도의 환헤지 전략은 실시하지 않을 계획이므로 환율
변동위험에 노출됩니다. 다만 시장상황 및 매니저의 판단에 따라 외화표시 자산의 전체 
또는 일부에 대하여 환헤지 전략을 일정기간 실행할 수도 있습니다. 
KB 글로벌 코어 본드 증권 
모투자신탁(채권) 
- 선진국 통화(미국달러, 유로, 일본엔 등) 표시 자산에 대해 해당 통화관련 파생상품을 활
용하여 환헤지를 시행할 예정이나 기타 통화에 대해서는 별도의 환헤지를 실행하지 않을 
예정으로 기타통화 표시 채권투자 시 환율변동위험에 노출될 수 있습니다. 
- 목표 헤지비율: 외화자산의 최소 70%, 최대 100% 내외 
 
※ 환헤지에 관한 사항 
 
▪ 환헤지 방법 
투자신탁 내 외화자산에 대하여 담당 운용전문인력의 재량으로 최소 30%내외에서 최대 100%내외까지 해당 외화표시 자
산 통화 관련 선물환 또는 선물 등을 통해 환헤지를 수행하는 것을 원칙으로 하되, 시장 상황 변동 시에는 집합투자업자의 재
량에 따라 수시 조정이 가능합니다. 이 경우 집합투자업자는 필요한 경우에 통화관련 장내 및 장외파생상품(선물, 옵션, 스왑 
등)을 매매할 수 있습니다. 그러나 투자신탁의 설정/해지, 주가변동, 환율변동 및 외환시장 등의 상황에 따라 실제 헤지비율
은 목표헤지비율과 상이할 수 있으며, 외환시장의 혼란 발생시 대상 파생상품의 급격한 가격 변동으로 인해 헤지거래가 일시
적으로 전액 또는 일부 실행되지 못할 수 있습니다. 또한, 헤지 대상금액과 헤지수단의 거래단위의 차이로 인해 일부 투자금
액은 환위험에 노출될 수 있으며, 외화자산 표시통화와 헤지통화간의 상이로 인해 투자대상국 환율변동에 따른 환헤지 효과
는 차이가 발생할 수 있습니다. 투자신탁 설정 초기 등 일정기간 설정액이 환헤지 거래가 가능한 최소한의 금액 이하인 경우
에 환헤지 거래가 이루어지지 않을 수 있습니다. 환헤지의 기본목적인 위험회피 이외의 목적으로 파생상품을 통한 레버리지 
효과를 유발하지 않을 예정입니다.  
 
 ▪ 환헤지의 장단점 
환헤지는 외화자산 투자 시 환율변동에 따른 자산가치 변동위험을 회피하기 위한 수단이며, 일반적으로 통화선물 매매 및 선
물환 계약 등을 이용하여 위험회피를 추구합니다. 즉 해외펀드의 대부분은 해외통화로 투자자산을 사들이기 때문에 도중에 
환율이 떨어지면(원화 가치 상승) 환차손(환율 변동에 다른 손실)이 발생할 수 있으며 이러한 추가적인 손실을 방지하기 위
하여 환헤지를 실시하는 것입니다. 그러나 반대로 투자대상 국가의 경제성장 등으로 인하여 해당 국가 통화의 가치가 올라가
 
- 33 - 
는 경우에는 투자신탁은 환차익을 얻을 수 있지만, 이와 같은 경우에는 환헤지로 인하여 오히려 추가적 이익기회가 상실되기
도 합니다. 다만, 집합투자업자가 환헤지를 수행한다고 하여 이 투자신탁의 집합투자재산이 환율변동위험에서 완전히 자유
로운 것은 아니며, 환헤지가 이루어지지 않는 부분에 대해서는 환율변동위험에 노출될 수 있습니다. 또한 환헤지를 실시할 
경우 거래 수수료 등의 추가적인 비용이 소요됩니다. 
▪ 환헤지가 투자신탁의 수익률에 미치는 효과 
환헤지는 일반적으로 투자대상국가의 통화가치 하락에 따른 자산가치 변동을 방어하기 위해 이용되고 있습니다. 이론적으로 
환율이 하락할 경우 환헤지에서 환차익이 발생하여 외화자산의 하락을 상쇄할 수 있으며, 환율이 상승할 경우 환헤지에서 환
손실이 발생하나 외화자산의 상승으로 상쇄될 수 있어 펀드 수익률은 환율변동으로부터 보호할 수 있습니다. 하지만 자산가
치의 변동, 환헤지 시행 시기의 시차, 헤지비용 등의 이유로 환율변동으로 인한 각각의 환차손과 환차익이 완벽하게 상쇄되
기는 불가능합니다. 따라서 집합투자업자가 환헤지를 수행한다고 하여 이 투자신탁 수익률이 환율변동 위험에서 완전히 자
유로운 것은 아니며, 자산가치 변동과 환율변동으로 인해 투자신탁 수익률에 반드시 긍정적인 효과를 나타내는 것은 아닙니
다. 또한 환헤지를 실시할 경우 거래 수수료 등의 추가적인 비용이 소요되어 투자신탁 수익률에 부정적인 영향을 줄 수도 있
습니다. 
 
▪ 환헤지 비용 
목표 헤지비율 환헤지 비용 
외화자산의 최소 30%내외, 최대 100%내외 - 
주1) 환헤지 비용 및 효과는 직전 회계기간의 실적 또는 헤지전략이 유사한 다른 집합투자기구의 실적을 추정치로 사용할 수 있습니다. 
주2) 이 투자신탁의 환헤지 비용은 환헤지 관련 장외파생상품의 계약환율에 포함되어 있어 별도의 산출은 불가능합니다. 
 
※ 이 투자신탁의 투자전략 및 위험관리는 작성 시점 현재의 시장상황을 감안하여 작성된 것으로 시장상황의 변동이나 당사 내부기준의 변경 
또는 기타 사정에 의하여 예고 없이 변경될 수 있습니다. 이러한 경우 변경된 투자전략 및 위험관리 내용은 변경 등록(또는 정정 신고)하여 수
시공시 절차에 따라 공시될 예정입니다. 
 
나. 수익구조: 이 투자신탁은 다양한 모투자신탁에 분산 투자하는 자투자신탁으로 투자대상 자산의 가치상승에 따른 수익
을 추구합니다. 따라서 투자신탁재산이 투자한 자산의 가격변동에 따라 해당 투자신탁의 수익률(투자수익/손실)이 결정
됩니다. 또한 투자대상자산 중 해외 자산 등은 외국통화로 거래되기에 원화대비 해당 외국통화의 환율변동이 이 투자신
탁의 성과에 영향을 끼칠 수 있습니다. 
 
10. 집합투자기구의 투자위험: 모투자신탁의 투자위험을 포함하여 작성하였습니다. 
이 투자신탁은 실적배당상품으로 투자 원금 전액이 보장 또는 보호되지 않습니다. 따라서 투자원본의 전부 또는 일부에 대한 
손실의 위험이 존재하며 투자금액의 손실 내지 감소의 위험은 전적으로 투자자가 부담하며, 집합투자업자나 판매회사 등 어
떤 당사자도 투자손실에 대하여 책임을 지지 아니합니다. 또한, 이 투자신탁은 예금자보호법의 적용을 받는 은행의 예금과 달
리 실적에 따른 수익을 취득하므로 은행 등에서 판매하는 경우에도 예금보험공사 등의 보호를 받지 못합니다. 
 
가. 일반위험 
구    분 투 자 위 험 의    주 요 내 용 
증권, 집합투자증권 
등 가격변동 위험 
이 투자신탁은 집합투자재산을 다양한 국내외 자산 및 국내외 집합투자증권 등에 주로 투자함으로
써 투자대상의 가격변동에 따른 가치변동을 초래할 수 있습니다. 따라서 투자대상 자산의 가격이 하
락하는 경우 이 투자신탁의 가치도 일정수준 하락하게 됩니다.  
시장위험 
집합투자재산을 전세계 다양한 국내외 자산 및 국내외 집합투자증권 등에 투자함으로써 투자신탁은 
증권의 가격변동, 이자율 등 기타 거시경제지표의 변화에 따른 위험에 노출됩니다. 또한 집합투자재
산의 가치는 투자대상종목의 발행회사의 영업환경, 재무상황 및 신용상태의 악화에 따라 급격히 변
동될 수 있습니다. 
 
- 34 - 
이자율 변동에 
따른 위험 
이 투자신탁에서 투자하는 채권 및 채권 관련 집합투자증권의 가격은 이자율에 의해 결정됩니다. 일
반적으로 이자율이 하락하면 채권가격의 상승에 의한 자본이득이 발생하고 이자율이 상승하면 자본
손실이 발생합니다. 따라서 채권을 만기까지 보유하지 않고 중도에 매도하는 경우에는 시장상황에 
따라 손실 또는 이득이 발생할 수 있습니다. 
신용위험 
이 투자신탁은 전세계 다양한 국내외 자산 및 국내외 집합투자증권 등의 거래에 있어서 발행회사나 
거래상대방의 영업환경, 재무상황 및 신용상태의 악화 등에 따라 발행회사나 거래상대방의 신용등
급이 하락하거나 채무불이행 위험이 커짐으로 인해 급격한 가치변동을 초래할 수 있습니다. 
파생상품  
투자위험 
파생상품(선물, 옵션)은 작은 증거금으로 거액의 결제가 가능한 지렛대효과(Leverage 효과)로 인
하여 기초자산에 직접 투자하는 경우에 비하여 훨씬 높은 위험에 노출될 수 있습니다. 특히, 옵션매
도에 따른 이론적인 손실범위는 무한대로 집합투자재산의 큰 손실을 초래할 우려가 있습니다. 해외
집합투자증권의 파생상품 위험평가액 계산은 국내법에서 정한 기준과 다를 수 있어, 이 투자신탁에 
적용되는 파생상품 위험평가액 기준을 초과하여 금융파생상품 등에 투자될 수 있습니다. 
환율변동 위험 
이 투자신탁은 해외에 투자할 수 있기 때문에 원화(KRW)와 투자대상국 통화간의 환율변동에 따라 
투자자산의 가치가 변하는 위험을 지게 됩니다. 이는 해당 외화투자자산의 가치가 상승함에도 불구
하고 원화와 투자대상국 통화간의 상대적 가치 변화로 인해 투자 시 수익을 얻지 못하거나 원금의 손
실이 발생할 수도 있음을 의미합니다. 예를 들어 원화의 가치가 투자대상국 통화에 비하여 상대적으
로 더 높아지면, 외화자산인 투자자산의 가치는 원화가치로 환산했을 때 낮아집니다. 환위험 노출과 
관련하여서는 해당 투자신탁 환위험 관리전략 부분을 참조하시기 바랍니다. 
환헤지 위험 
이 투자신탁은 통화선물·선물환 등을 통해 환율에 노출된 자산의 환위험 제거를 추구합니다. 그러나 
환헤지 거래상대방의 거래불능 상황 또는 해당 통화의 거래가 일시적 혹은 상당기간 시장에서 거래
되지 못하는 상황이 되는 등 환헤지 전략수행이 불가능하거나 원활하지 못한 상황에 직면할 수 있으
며, 이 경우 환헤지 거래가 전액 실행되지 못하거나 환율변동 위험이 감소하지 않을 수 있습니다. 한
편, 환헤지를 하는 경우에도 환헤지 대상 자산의 급격한 가치 변동으로 인해 헤지 비율이 달라질 수 
있으며 집합투자업자는 순자산가치의 규모, 유동성 비율 등 집합투자기구의 운용현황을 고려하여 
환헤지 전략의 효과적인 수행이 어렵다고 판단될 경우 환헤지를 수행하지 않을 수도 있습니다. 또한, 
환헤지를 수행하는 과정에서 거래수수료 등의 추가적인 비용이 발생합니다. 
 
나. 특수위험  
구    분 투 자 위 험 의    주 요 내 용 
국가위험 및 
정책변경 위험 
이 투자신탁은 다양한 국내외 자산 및 국내외 집합투자증권 등에 투자하기 때문에 투자대상국가, 지
역의 시장, 정치 및 경제상황 등에 따른 위험이 더 많이 노출이 되어 있고, 외국인 투자 한도, 넓은 매
매호가 차이, 증권시장의 제한된 개장시간과 거래량 부족 등의 원인으로 인하여 유동성에 제약이 발
생할 수도 있으며, 정부정책 및 제도의 변화로 인해 자산가치의 손실이 발생할 수 있고 외국인에 대
한 투자제한, 조세제도변화 등의 정책적 변화 및 사회전반적인 투명성부족으로 인한 공시자료의 신
뢰성 등의 위험도 있습니다. 또한, 투자국가의 세법에 의한 배당소득세, 양도소득세 등이 부과될 수 
있으며, 향후 특정 외국의 세법 변경으로 높은 세율이 적용될 경우 세후 배당소득, 세후 양도소득 등
이 예상보다 감소할 수 있습니다. 
 
- 35 - 
전략수행에 
따른 위험 
이 투자신탁은 기본적으로 변동성을 관리하면서 장기적으로 안정적인 수익을 추구하는 다수의 모투
자신탁에 분산 투자하며, 시장상황에 따라 주식 및 채권 등 전통적 자산에 투자하는 모투자신탁을 활
용한 자산배분 전략을 일부 병행 할 예정입니다. 그러나 이 투자신탁의 전략이 투자위험을 낮춰 준다
고 보장할 수 없으며, 이러한 전략이 효과적으로 수행되지 못할 경우 또는 특정 자산이나 전략의 손실
이 확대되는 경우 등 다양한 요인들로 인하여 일반적으로 단일 전략을 수행하는 투자신탁에 비해 투
자위험이 커질 수 있으며 이로 인해 투자원금의 손실이 크게 발생할 수 있습니다. 그리고 이 투자신탁
은 투자목적 달성을 위해 적극적인 매매전략을 수행할 수 있어 상대적으로 높은 매매비용이 발생하여 
투자수익률에 부정적인 영향을 줄 수 있습니다.  
집합투자증권 
투자에 따른 위험 
(재간접 위험) 
이 투자신탁은 전세계 다양한 자산/전략 관련 집합투자증권(펀드) 등에 일부 투자하기 때문에 투자대
상 펀드의 가격하락 등에 따라 투자원금의 손실이 발생할 수 있습니다. 집합투자증권은 평가기준일에 
공고된 가격을 기준으로 평가가 이루어지기 때문에 매입과 환매 시에 적용되는 기준가격과 펀드에
서 실제로 투자하는 자산의 가치가 일정한 시차를 두고 반영되며, 특히 해외자산에 투자하는 경우에
는 자산에 반영되는 시차가 더 크게 발생할 수 있습니다. 이 집합투자기구의 집합투자업자는 투자대
상 펀드를 직접 통제할 수 없기 때문에 투자대상 펀드가 이 집합투자기구의 투자목적 또는 국내법에
서 정한 운용관련 규정을 벗어나서 운용될 수도 있습니다. 또한 주요 투자대상인 펀드의 운용전략의 
상세한 내역 전부 또는 일부가 공개되지 않을 수 있으므로 투자하는 펀드에 대한 정보를 충분히 얻지 
못할 수 있습니다. 또한, 투자대상 자산의 부도 등 신용 리스크가 발생할 경우 권리행사 요구 및 처리
과정에 참여할 수 없으므로 결과적으로 다른 펀드에 주로 투자하는 재간접형 집합투자기구는 직접 
주식 및 채권 등 자산을 투자하는 집합투자기구에 비해 상대적으로 높은 기회비용과 손실을 부담할 
위험이 있습니다.  
하이일드 채권 
등 투자 위험 
이 투자신탁은 투자적격등급 미만이거나, 신용등급이 없는 고수익, 고위험 채권 및 대출채권 등에 일
부 투자할 수 있으므로 투자적격등급의 채권들보다 신용 위험 및 유동성 위험 등을 수반하며 더 높은 
가격 변동성을 보일 수 있습니다. 또한 일부 자산은 글로벌 신용평가기관의 신용평가를 받지 않고 있
기 때문에 해당 자산에 대한 신용분석 정보를 제공받는 데 제약이 있을 수 있습니다. 투기등급인 하
이일드 채권은 재무상황악화, 신용상태의 악화, 부도발생 등으로 인하여 원리금 지급이 제때에 이루
어지지 못할 위험이 크며, 이로 인하여 환매대금 지급이 늦어지거나 투자원본의 손실이 발생할 수 있
습니다. 또한, 하이일드 채권은 발행물량이 적고 시장이 협소하여 일부 낮은 등급 증권의 경우 수요
가 전혀 없거나 부족하여 매각이 불가능 하거나, 매각이 가능하더라도 적정가격을 받지 못할 위험이 
있습니다. 
뱅크론(대출채권) 
투자 위험 
이 투자신탁은 투자신탁재산의 일부를 변동금리부 대출채권인 뱅크론에 투자할 수 있으므로 전반적
인 경기 상황의 악화, 신규 차입자산의 공급 증가 및 발행자의 신용상태 저하 등으로 대출채권의 가
치가 하락할 수 있습니다. 반면 시장금리 하락 등으로 발행자가 보다 낮은 금리로 재협상을 요구하거
나, 기존 차입자산을 조기상황(Repayment), 재조달(Refinancing)할 수 있으며, 이로 인해 낮은 
수익률의 투자자산에 재투자를 해야 할 위험에 노출될 수 있습니다. 또한 뱅크론은 담보가 없는 일반 
회사채와 달리 발행사가 소유한 자산을 담보로 하여 발행되며, 부도 시 주식 및 채권에 대하여 우선
적으로 변제받는 선순위 지위를 가집니다. 그러나 발행자의 부도 시 담보접근에 대한 제한, 담보비율
의 불충분, 담보가치의 부족 및 하락, 유동성 부족, 담보처분과정에서의 지체, 추가비용 부담 등의 위
험이 있으며 이러한 사항들은 관할권에 따라 크게 차이가 날 수 있습니다. 또한 뱅크론은 발행자의 
주식이나 다른 채무증권에 대해서는 선순위이지만, 그 발행자의 자회사 채무에 대해서는 후순위일 
수 있습니다. 
 
- 36 - 
기타 특수채권 
투자 관련 위험 
이 투자신탁은 투자신탁재산의 일부를 특수채권에 투자 할 수 있으며 아래와 같은 위험을 수반합니다. 
- 전환사채(CB)는 주식으로의 전환권이 부여되어 있어 일반사채대비 표면금리가 낮을 수 있으며, 
주식으로 전환함에 따른 주식가격 변동위험을 가지고 있습니다. 
- 주택저당증권(MBS)은 부동산 가격 하락 시 신용 리스크 증가로 인하여 가격이 하락할 위험이 있
습니다. 또한, 조기상환으로 인한 재투자 위험이 있습니다. 
- 물가연동채권(TIPS)은 물가에 대한 민감도가 높아 물가가 하락하고 경제활동이 침체되는 시장상
황에서 추가적인 가격변동 위험에 노출 될 수 있습니다. 
- 투자적격등급 미만의 고수익·고위험 채권은 일반채권에 비해 높은 가격변동 위험 및 신용 위험을 
수반합니다. 따라서 시장 상황 악화 시 일반 채권 대비 더 큰 손실이 발생할 수 있습니다. 
- 상기 채권 및 대출채권 등은 발행물량이 적고 시장이 협소하여 수요가 전혀 없거나 부족하여 매각
이 불가능하거나, 매각이 가능하더라도 적정가격을 받지 못할 위험이 있습니다. 
롱숏전략 
위험 
이 투자신탁은 각 투자자산 별 롱숏(Long Short)전략을 투자전략의 하나로 활용하여 장기적으로 안
정적인 수익을 추구할 계획입니다. 그러나 매도한 자산의 가격이 상승하고 매수한 자산의 가격이 하
락하는 경우에는 롱(매수)외 숏(매도)전략 모두에서 손실이 발생하여 롱(매수)전략만 추구하는 것보
다 훨씬 큰 손실이 발생할 수 있습니다. 또한 롱숏전략 수행에 따른 비용(예기치 못한 비용 포함), 차
입 매도한 자산의 상환청구, 자산 차입이 곤란하거나 불가능한 경우 등으로 인해 예상하지 못한 손실
이 발생할 수도 있습니다. 
증권 차입매도 
위험 
이 투자신탁은 투자신탁재산의 일부로 증권의 차입 및 매도를 통하여 수익을 추구하지만, 예상과 달
리 차입한 종목의 주가가 상승하는 경우 이에 따른 손실이 발생하고, 증권 차입 거래비용 등으로 인
하여 단순 매수전략을 구사하는 전략에 비하여 원금손실의 범위가 확대될 가능성이 있습니다.  
증권을 차입하여 매도한 경우, 이후 환매 시 같은 증권을 매수하여 환급하여야 합니다. 증권의 가격
은 이론적으로 지속적인 상승이 가능하므로 증권차입에 따른 손실도 이론적으로 무한합니다. 또한 
차입한 증권에 대하여 대여기간 중에 대여자의 환수요청이 있을 경우 급작스러운 증권의 매입 및 상
환 등으로 인하여 포트폴리오 운용전략에 부정적인 영향을 줄 수 있습니다. 증권의 차입은 유동성이 
풍부한 주식을 대상으로 시행할 예정이나, 일시적으로 또는 시장상황에 따라 유동성이 부족한 경우 
매도한 주식 반환을 위한 주식 매수가 원활하지 않을 수 있으며, 이로 인하여 손실이 발생할 가능성
이 있습니다. 또한 증권차입비용 및 증권차입에 따른 담보제공 등으로 인하여 기회비용이 발생할 수 
있습니다. 
증권의 차입매도는 관련 법령 또는 감독기관의 규제로 인하여 제한될 수 있으며, 이로 인하여 이 투
자신탁이 목표로 한 투자목적을 달성하지 못할 수도 있습니다. 
부동산 관련 
투자 위험 
이 투자신탁이 일부 투자하는 부동산 관련 집합투자증권(REITs 포함) 등은 투자신탁재산을 부동산 
또는 부동산 관련 대출에 투자하므로 부동산 시장의 가격변동, 임대수익률, 공실률, 금리변동 및 차
입비율(레버리지) 등에 따른 가치변동을 초래할 수 있습니다. 따라서 투자대상 부동산의 가격이 하
락하는 경우 이 투자신탁의 가치도 일정수준 하락하게 됩니다. 특히 이러한 위험은 전세계 또는 지역
적인 경제상황, 과밀건축 및 경쟁증가, 제산세 및 운영비용 증가, 인구의 구조적 변화, 투자대상 국가
의 건축규제 법령의 변동, 사고 또는 수용 손실, 환경적 위험, 점유권에 대한 소송 및 이자율 상승에 
따른 자금조달 비용 증가 등의 사유를 포함합니다. 또한 홍수, 지진, 화산, 해일, 화재, 폭발 등의 자연
재해 등 불가항력 위험에 의해서도 투자신탁재산의 가치하락을 초래할 수 있습니다.  
 
- 37 - 
주식 총편입비 
확대에 
따른 위험 
이 투자신탁은 국내 우량주식을 우선 매수하고, 이를 담보로 일정 한도 내에서 주가가 하락할 것으로 
예상되는 업종 및 종목을 차입하여 매도하며, 이를 통해 얻은 현금으로 국내 우량주식을 추가 매수합
니다. 이 경우 이 투자신탁의 주식 순편입비(주식 매수 포지션의 비중에서 차입매도 포지션의 비중
을 차감한 값)는 100% 수준이나, 주식 총편입비는 일반 주식형 투자신탁과 달리 100%를 초과하게 
됩니다. 특히 차입매도한 주식(주가지수선물 매도, 인버스 ETF 매수 등 포함)의 가격이 상승하는 동
시에 매수한 주식의 가격이 하락하는 경우 매수 및 매도 포지션에서 모두에서 손실이 발생하여 매수 
포지션만 구축하는 일반 주식형 투자신탁 대비 더 큰 손실이 발생할 수 있습니다. 
주식 순편입비 
조절에 
따른 위험 
이 투자신탁은 시장 상황에 따라 투자대상 자산의 투자비중을 조절하는 전략을 수행합니다. 그러나 
시장 상황 등에 따라 이러한 투자전략을 수행하지 못할 수 있고, 실제 시장상황과 괴리가 발생할 수 
있으며, 다양한 요인들로 인하여 투자신탁의 수익이 기대에 미치지 못하거나 손실이 예측한 규모 이
상으로 커질 수 있습니다. 
또한, 이 투자신탁은 투자목적 달성을 위해 적극적인 매매전략을 수행할 수 있으며, 통상 이러한 전
략은 상대적으로 높은 매매비용을 수반하는 경향이 있습니다. 따라서 동 전략은 일반적으로 시장수
익률과 괴리가 클 수 있으므로 기대수준이 시장수익률 수준인 투자자에게는 적합하지 않습니다. 
 
다. 기타 투자위험 
구    분 투 자 위 험 의    주 요 내 용 
유동성위험 
증권시장규모 등을 감안할 때 집합투자재산에서 거래량이 풍부하지 못한 종목에 투자하는 경우 투
자대상 종목의 유동성부족에 따른 환금성에 제약이 발생할 수 있으며, 이는 집합투자재산의 가치하
락을 초래할 수 있습니다. 
증권 대차거래 
위험 
증권 대차거래가 발생하는 경우 예탁결제원 등 시장참여자들의 관리로 발생할 가능성은 낮으나 해
당 대차증권의 미상환, 관련 담보의 부족 등의 위험이 발생할 수 있습니다.  
오퍼레이션 
위험 
해외투자의 경우 복잡한 결제과정 및 현금 운용과정상 이종통화의 이용 등으로 인해 주문 및 결제상 
오류 등 오퍼레이션에서 발생할 수 있는 오류발생 가능성이 국내투자시보다 더 높습니다. 또한 국내
에 투자하는 때와는 달리 시차에 의해 시장의 개/폐장 시간대가 다를 수 있으며, 그 차이로 인해 투
자재산의 평가에 있어 시차가 발생할 수도 있습니다. 
자금 송환 위험 
이 집합투자기구는 해외에 투자할 수 있으며 이 경우에 해당 국가로부터 이 집합투자기구의 배당소
득 및 매매차익의 본국송환 행위 또는 증권의 매매절차와 관련한 행위가 제한될 수 있습니다. 따라
서, 이 집합투자기구는 투자대상 국가로부터의 투자제한의 적용 또는 자금의 송환에 대한 정부의 승
인이 지연되거나 거절 당함으로써 불리한 영향을 받을 수 있습니다. 또한 해외 금융시장의 환경변화
와 국제금융결제와 관련한 송금지연 등 사유발생 시 환매금액 지급연기의 가능성이 있습니다. 
환매에 따른 위험 
환매청구일과 환매대금결정일이 다르기 때문에 환매청구일로부터 환매대금결정일까지의 집합투자
재산의 가치변동에 따른 위험에 노출됩니다.  
환매연기 위험 
다음과 같은 경우에는 투자신탁의 환매가 연기될 수 있습니다. 
- 뚜렷한 거래부진, 부도발생 등의 사유로 투자신탁재산을 처분할 수 없는 경우, 투자신탁재산의 공
정한 평가가 곤란하여 환매에 응하는 경우 및 다른 투자자의 이익을 해할 우려가 있는 경우, 대량의 
환매청구에 응하는 것이 투자자간의 형평성을 해칠 염려가 있는 경우, 기타 이에 준하는 경우로서 금
융위원회가 환매연기가 필요하다고 인정하는 경우 
투자신탁 
소규모의 위험 
투자신탁의 설정금액이 소액이거나, 환매 등에 의해 투자신탁의 규모가 일정 규모 이하로 축소되는 
경우 분산투자 등 투자목적 달성을 위한 원활한 투자신탁 운용에 장애가 발생할 수 있습니다. 이러한 
경우 이 투자신탁의 투자목적을 달성하지 못하거나, 심지어 손실이 발생할 수도 있습니다.  
 
- 38 - 
투자신탁 해지의 
위험 
투자자 전원이 동의한 경우, 집합투자증권 전부에 대한 환매의 청구를 받아 신탁계약을 해지하려는 
경우, 최초설정일로부터 1년이 되는 날에 투자신탁의 원본액이 50억원 미만인 경우, 최초설정일로
부터 1년이 지난 후 1개월간 계속하여 투자신탁의 원본액이 50억원 미만인 경우 금융위원회의 승인
을 얻지 않고 해당 투자신탁이 해지될 수 있습니다. 
과세 위험 
과세당국에서 인식하는 투자에 따른 손익은 세금을 내야 하는 과세대상자산에서 발생한 손익과 세
금을 내지 않아도 되는 비과세대상자산에서 발생한 손익으로 구분할 수 있습니다. 여기서 비과세손
익은 수익이 있더라도 세금이 부과되지 않는다는 의미이기도 하지만 손해를 보더라도 이를 손실로 
인정하지 않는다는 의미이기도 합니다. 이에 따라 비과세대상자산에서 손실을 본 경우라도 과세대
상자산에서는 발생한 수익이 있다면 결과적으로 전체 투자결과가 손실이 발생한 경우라도 세금을 
내야 하는 상황이   발생할 수 있습니다.  
* 과세대상자산의 예: 해외투자 시 이익 및 환차손익, 채권투자 시 이자수익 등          
* 비과세대상자산의 예: 국내 상장주식 매매차익 등 
※ 위 내용은 작성 시점 현재의 시장 상황을 감안하여 파악된 이 투자신탁의 주요 투자위험을 명시한 것으로 이 투자신탁에서 발생할 수 있는 
모든 위험을 포함하는 것은 아닙니다. 
 
라. 이 집합투자기구에 적합한 투자자 유형  
(1) 이 투자신탁은 연환산 표준편차(최근 결산일 기준, 과거 3년간 주간 수익률 기준)가 6.71%로 4등급에 해당되는 보통 
위험의 투자위험을 지니고 있습니다. 다양한 모투자신탁에 투자하므로 투자대상 자산의 가격 하락과 환율변동에 따른 
원본손실 위험을 감내할 만한 위험선호도를 지니고 있으며, 상기 위험수준을 이해하면서 본인의 투자목적에 부합하다
고 판단하시는 투자자에게 적합합니다. 이 기준에는 신용위험 및 운용위험은 반영되지 않았습니다. 
  
(2) 이 투자신탁은 설정 후 3년이 경과하였으므로 실제 수익률 변동성을 감안하여 투자위험 등급을 산정하였습니다. 추
후 매 결산 시마다 수익률 변동성을 다시 측정하게 되며, 이 경우 투자위험 등급이 변동될 수 있습니다. 
 
※ KB자산운용㈜는 설정 후 3년이 경과된 집합투자기구에 대해서 실제 수익률 변동성(최근 결산일 기준 과거 3년간 주간 
수익률의 연환산 표준편차)를 기준으로 투자위험 등급을 6개의 등급으로 나눕니다.  
위험등급 1등급 
(매우높은위험) 
2등급 
(높은위험) 
3등급 
(다소높은위험) 
4등급 
(보통위험) 
5등급 
(낮은위험) 
6등급 
(매우낮은위험) 
표준편차 25%초과 25%이하 15%이하 10%이하 5%이하 0.5%이하 
주) 표준편차: 펀드의 수익률이 평균수익률과 대비하여 변동한 범위를 측정한 값으로써 수익률 변동성을 보여주는 지표임. 펀드의 위험 정
도를 나타내는 지표로 이용되며 값이 클수록 변동성이 심하므로 위험이 크고, 값이 작을수록 위험이 작음 
 
 
 
- 39 - 
 
11. 매입, 환매, 전환절차 및 기준가격 적용기준 
가. 매입 
(1) 집합투자증권의 매입방법: 이 투자신탁의 집합투자증권을 취득하시려면 판매회사의 영업점에서 영업시간 중에 매
입을 하셔야 합니다. 다만, 판매회사에서 인터넷 홈페이지를 통한 판매를 개시하는 경우, 인터넷 홈페이지를 통합 
매입도 가능합니다. 
(2) 집합투자증권의 매입 청구시 적용되는 기준가격(단, 이 투자신탁을 최초로 설정하는 때에는 투자신탁 최초설정일
의 기준가격은 1,000좌당 1,000원으로 함) 
1) 17시(오후 5시) 이전에 자금을 납입한 경우: 자금을 납입한 영업일(T)로부터 제3영업일(T+2)에 공고되는 기
준가격을 적용 
2) 17시(오후 5시) 경과 후에 자금을 납입한 경우: 자금을 납입한 영업일(T)로부터 제4영업일(T+3)에 공고되는 
기준가격을 적용 
 제1영업일(T) 제3영업일(T+2) 제4영업일(T+3) 
17시(오후 5시) 
이전 매입시 
자금납입일 
기준가격 적용일 
집합투자증권 교부일 
 
17시(오후 5시) 
경과 후 매입시 
자금납입일  
기준가격 적용일 
집합투자증권 교부일 
※ 기준시점은 판매회사의 전산시스템에 의하여 거래전표에 표시된 시간으로 구분 처리합니다. 
※ 매입청구의 취소 및 정정은 매입청구일 당일 중 판매회사의 영업가능 시간까지만 매입청구의 취소 및 정정이 가능합니다. 
 (3) 선취판매수수료 
1) A 클래스 집합투자증권: 납입금액의 0.8% 이내 
2) A-E 클래스 집합투자증권: 납입금액의 0.4% 이내 
3) A-G 클래스 집합투자증권: 납입금액의 0.56% 이내 
4) 그 외 클래스 집합투자증권: 해당사항 없음 
※ 투자자가 부담하는 선취수수료 등을 감안하면 투자자의 입금금액 중 실제 집합투자증권을 매입하는 금액은 작아질 수 있습니다. 
(4) 종류별 가입 요건  
종류(클래스) 가입자격 
A 수수료선취-오프라인 가입제한 없음 
A-E 수수료선취-온라인 인터넷 등 전자금융거래의 방법으로 가입하는 투자자 
A-G 
수수료선취-오프라인-
무권유저비용 
투자자문업자로부터 투자자문을 받아 가입하는 등 판매회사 등으로부터 별도의 투자
권유 없이 가입하는 투자자 
C 수수료미징구-오프라인 가입제한 없음 
C-E 수수료미징구-온라인 인터넷 등 전자금융거래의 방법으로 가입하는 투자자 
C-G 
수수료미징구-오프라인
- 무권유저비용 
투자자문업자로부터 투자자문을 받아 가입하는 등 판매회사 등으로부터 별도의 투자
권유 없이 가입하는 투자자 
C-F 
수수료미징구-오프라인
-기관 
집합투자기구, 기관투자자, 기금, 100억원 이상 매입한 개인이거나 500억원 이상 매
입한 법인 
C-W 
수수료미징구-오프라인
-랩,금전신탁 
판매회사의 일임형 종합자산관리계좌 및 특정금전신탁 
S 수수료후취-온라인슈퍼 
펀드판매에 한하여 인가받은 판매회사의 온라인 시스템을 통해 가입한 투자자전용으
로 투자기간에 따라 후취판매수수료가 부과됨  
 
- 40 - 
S-P 
수수료미징구-온라인슈
퍼-개인연금 
펀드판매에 한하여 인가 받은 판매회사의 온라인 시스템을 통해 가입한 투자자로 연금
저축계좌 가입자 
C-P 
수수료미징구-오프라인
-개인연금 연금저축계좌 가입자 
C-Pe 
수수료미징구-온라인-
개인연금 인터넷 등 전자금융거래의 방법으로 가입하는 투자자로 연금저축계좌 가입자 
C-퇴직 
수수료미징구-오프라인
-퇴직연금 퇴직연금 가입자 및 퇴직연금 사업자 
C-퇴직e 
수수료미징구-온라인-
퇴직연금 온라인 시스템을 통해 가입하는 퇴직연금 가입자 및 퇴직연금 사업자 
 
나. 환매 
(1) 집합투자증권의 환매방법: 이 투자신탁의 집합투자증권을 환매하시려면 판매회사의 영업점에서 환매청구를 하셔
야 합니다. 다만, 판매회사의 인터넷 홈페이지를 통해 가입한 경우나 인터넷 뱅킹을 이용하고 있는 경우 인터넷 홈
페이지를 통한 환매도 가능합니다. 
(2) 집합투자증권의 환매 청구시 적용되는 기준가격 
1) 17시(오후 5시) 이전에 환매를 청구한 경우: 환매를 청구한 날(T)로부터 제5영업일(T+4)의 기준가격을 적용
하여 환매청구일로부터 제10영업일(T+9)에 환매금액 지급 
2) 17시(오후 5시) 경과 후에 환매를 청구한 경우: 환매를 청구한 날(T)로부터 제6영업일(T+5)의 기준가격을 적
용하여 환매청구일로부터 제11영업일(T+10)에 환매금액 지급 
 제1영업일(T) 제5영업일(T+4) 제6영업일(T+5) 제10영업일(T+9) 제11영업일(T+10) 
17시(오후 5시)  
이전 환매시 
환매청구일 
기준가격  
적용일 
 
환매대금  
지급일 
 
17시(오후 5시)  
경과 후 환매시 
환매청구일  
기준가격  
적용일 
 
환매대금  
지급일 
※ 기준시점은 판매회사의 전산시스템에 의하여 거래전표에 표시된 시간으로 구분 처리합니다. 
※ 환매청구의 취소 및 정정은 환매청구일 당일 중 판매회사의 영업가능 시간까지만 환매청구의 취소 및 정정이 가능합니다. 
(3) 후취판매수수료 
   1) S 클래스 집합투자증권: 3년 미만 환매시 환매대금의 0.15% 이내 
   2) 그 외 클래스 집합투자증권: 해당사항 없음 
(4) 환매수수료: 해당사항 없음 
(5) 집합투자증권의 일부환매: 투자자는 이 투자신탁에 대해 일부환매를 할 수 있습니다. 수익자가 집합투자증권의 일
부에 대한 환매를 청구한 경우 판매회사는 그 집합투자증권을 환매하고 잔여좌수에 대하여는 새로운 집합투자증
권을 교부합니다. 
(6) 집합투자증권의 환매제한: 집합투자업자는 다음과 같은 경우에는 환매청구에 응하지 아니할 수 있습니다. 
1) 투자자 또는 질권자로서 권리를 행사할 자를 정하기 위하여 일정한 날을 정하여 투자자명부에 기재된 투자자 
또는 질권자를 그 권리를 행사할 투자자 또는 질권자로 보도록 한 경우로서 이 일정한날의 제8영업일 전일
(17시 경과 후에 환매청구를 한 경우에는 제9영업일 전일)과 그 권리를 행사할 날까지의 사이에 환매청구를 
한 경우 
2) 법령 또는 법령에 의한 명령에 의하여 환매가 제한되는 경우 
(7) 집합투자증권의 환매연기: 법령과 신탁계약서에서 정한 사유로 인하여 환매일에 환매금액을 지급할 수 없게 된 경
우 집합투자업자는 집합투자증권의 환매를 연기할 수 있습니다. 환매가 연기된 경우 집합투자업자는 지체없이 환
 
- 41 - 
매연기 사유 및 투자자총회 개최 등 향후 처리계획을 투자자 및 판매회사에게 통지하여야 합니다. 
※ 환매연기사유 
▪ 투자신탁재산의 매각이 불가능하여 사실상 환매에 응할 수 없는 경우 
▪ 투자자의 이익 또는 투자자 간의 형평성을 해할 우려가 있는 경우 
▪ 상기 사유에 준하는 사유로서 금융위원회가 환매연기가 필요하다고 인정한 경우 
※ 환매연기기간 중에는 이 투자신탁 집합투자증권의 발행 및 판매를 할 수 없습니다. 
(8) 집합투자증권의 부분환매: 집합투자업자는 투자신탁재산의 일부가 환매연기사유에 해당하는 경우 그 일부에 대하
여는 환매를 연기하고 나머지에 대하여는 투자자가 보유하고 있는 집합투자증권의 지분에 따라 환매에 응할 수 
있습니다. 또한, 환매연기사유에 해당하거나 투자자총회(환매연기총회)에서 부분환매를 결의하는 경우 환매연기
자산에 해당하지 아니하는 자산에 대하여는 투자자가 보유하는 집합투자증권의 지분에 따라 환매에 응할 수 있습
니다. 
 
다. 전환: 해당사항 없음 
 
12. 기준가격 산정기준 및 투자신탁재산의 평가 
가. 기준가격의 산정 및 공시 
구   분 내   용 
기준가격 산정방법 
기준가격[당해 종류 집합투자증권의 기준가격]은 공고·게시일 전날의 대차대조표상
에 계상된 투자신탁[당해 종류 집합투자증권의 상당액] 자산총액에서 부채총액을 차
감한 금액(이하 ""순자산총액""이라 한다)을 그 공고·게시일 전날의 집합투자증권[당해 
종류 집합투자증권] 총좌수로 나누어 산정하며, 1,000좌 단위로 원미만 셋째자리에
서 4사5입하여 원미만 둘째자리까지 계산합니다. 
클래스간 기준가격이 상이한 이유 클래스간 판매회사보수의 차이로 인하여 클래스간 기준가격이 상이할 수 있습니다. 
기준가격 산정주기 
기준가격은 매일 산정합니다. 다만, 투자자가 없는 종류 집합투자증권의 기준가격은 
산정하지 않습니다. 
기준가격 공시시기 
산정된 기준가격을 매일 공고·게시합니다. 다만, 투자자가 없는 종류 집합투자증권의 
기준가격은 공고·게시하지 않습니다. 
기준가격 공시방법 및 장소 
판매회사: 영업점 및 인터넷 홈페이지 
집합투자업자: 인터넷 홈페이지(www.kbam.co.kr) 
한국금융투자협회: 인터넷 홈페이지(www.kofia.or.kr) 
※ 공휴일, 국경일 등은 기준가격이 공시되지 않으며, 해외의 자산에 투자하는 투자신탁의 경우 기준가격이 산정·공시되지 않는 날에도 
해외시장의 거래로 인한 자산의 가격변동으로 인하여 투자신탁재산 가치가 변동될 수 있습니다. 
 
 
 
 
 
 
 
 
 
 
 

 
- 42 - 
나. 집합투자재산의 평가방법 
집합투자업자는 집합투자재산을 시가에 따라 평가하는 것을 원칙으로 합니다. 다만, 평가일 현재 신뢰할 만한 시가가 없는 
경우에는 집합투자재산에 속한 자산의 종류별로 관련 법령 등에서 정한 사항과 충실의무, 평가의 일관성 유지 등을 준수하
여 집합투자재산평가위원회가 평가한 가격으로 평가할 수 있습니다.  
자산구분 평가기준 
상장주식 평가기준일에 취득한 국가의 증권시장에서 거래된 최종시가 
비상장 비등록주식 
취득원가 또는 채권평가회사/회계법인/신용평가회사가 제공하는 가격정보를 기초로 한 
가격 
장내파생상품 
·장내파생상품이 거래되는 증권시장 등이 발표하는 가격 
·다만, 외국의 장내파생상품의 경우 평가기준일에 알 수 있는 최근일의 최종시가 
국내 상장채권 
평가기준일의 증권시장에서 거래된 최종시가를 기준으로 2이상의 채권평가회사가 제공
하는 가격정보를 기초로 한 가격 
국내 비상장채권 
(CP, CD 포함) 
2이상의 채권평가회사가 제공하는 가격정보를 기초로 한 가격 
외화표시 채무증권 
당해 유가증권을 취득한 국가에 소재하는 거래소의 최종시가 또는 2이상의 채권평가회
사가 제공하는 가격정보를 기초로 한 가격 
장외파생상품 및 
실물자산 
금융위원회에 제출한 평가방법에 의하여 계산된 가격에 기초하여 집합투자재산평가위원
회에서 결정한 가격 
파생결합증권 
채권평가회사가 제공하는 가격과 당해 파생결합증권 발행사 또는 계산대리인이 제시하
는 가격에 기초하여 집합투자재산평가위원회가 결정한 가격 
집합투자증권 
·평가기준일에 공고된 기준가격  
·다만, 상장지수집합투자증권(ETF)는 증권시장 등에서 거래된 최종시가 
외국 
집합투자증권 
·평가기준일의 최근일에 공고된 당해 외국펀드의 기준가격  
·다만, 외국시장에 상장 또는 등록된 외국집합투자증권은 그 외국펀드가 거래되는 외국 
시장에서 거래된 최종시가 
※ KB자산운용은 집합투자재산의 평가와 관련하여 위험관리책임자, 운용담당임원, 집합투자재산의 평가담당임원 및 준법감
시인 등으로 구성된 평가위원회를 두며, 해당 평가위원회는 신뢰할 만한 시가가 없는 자산의 공정가액 산정, 부도채권 등 부실
화된 자산의 분류 및 평가, 집합투자재산에 속한 자산의 종류별 평가기준 등에 관한 사항을 심의·의결합니다. 
 
13. 보수 및 수수료에 관한 사항 
이 투자신탁은 운용 및 판매 등의 대가로 보수 및 수수료를 지급하게 되며, 가입자격에 따라 아래와 같이 보수 및 수수료 등
의 차이가 있습니다. 집합투자증권의 판매회사는 투자자가 부담하는 판매보수 및 수수료에 관하여 투자자에게 지속적으로 
제공하는 용역의 대가에 관한 내용이 기재된 자료를 해당 투자자에게 교부하고 설명하여야 합니다. 따라서, 투자자께서는 동 
내용을 참고하시어 판매회사로부터 충분한 상담을 받으시길 권합니다. 
 
가. 투자자에게 직접 부과되는 수수료  
종류(클래스) 
수수료율 
선취판매수수료 후취판매수수료 환매수수료 전환수수료 
A 수수료선취-오프라인 
납입금액의  
0.8% 이내 
- - - 
 
- 43 - 
A-E 수수료선취-온라인 
납입금액의  
0.4% 이내 
- - - 
A-G 수수료선취-오프라인-무권유저비용 
납입금액의  
0.56% 이내 
- - - 
C 수수료미징구-오프라인 - - - - 
C-E 수수료미징구-온라인 - - - - 
C-G 수수료미징구-오프라인-무권유저비용 - - - - 
C-F 수수료미징구-오프라인-기관 - - - - 
C-W 수수료미징구-오프라인-랩,금전신탁 - - - - 
S 수수료후취-온라인슈퍼 - 
3년미만 환매금액
의 0.15% 이내 
- - 
S-P 수수료미징구-온라인슈퍼-개인연금 - - - - 
C-P 수수료미징구-오프라인-개인연금 - - - - 
C-Pe 수수료미징구-온라인-개인연금 - - - - 
C-퇴직 수수료미징구-오프라인-퇴직연금 - - - - 
C-퇴직e 수수료미징구-온라인-퇴직연금 - - - - 
부과기준 매입시 환매시 환매시 전환시 
※ 선취판매수수료율 및 후취판매수수료율은 상기 범위 내에서 판매회사 별로 차등 적용할 수 있습니다. 차등적용의 내용은 금융투자협회, 
판매회사 및 집합투자업자의 홈페이지를 통해서 확인할 수 있습니다. 
 
나. 집합투자기구에 부과되는 보수 및 비용  
종류 
지급비율(연간, %) 
집합투자 
업자보수 
판매회사 
보수 
신탁업자 
보수 
일반사무 
관리회사 
보수 
투자신탁 
총 보수 
기타 
비용 
총 보수 
·비용 
동종유형  
총 보수 
총 보수 
·비용 
(피투자펀드 
보수 포함) 
합성 총  
보수·비
용 
증권  
거래비용 
A 0.350 0.350 0.040 0.015 0.755 0.001  0.756  0.840 1.196  1.196  0.028  
A-E 0.350 0.175 0.040 0.015 0.580 0.001  0.581  0.620 1.021  1.021  0.028  
A-G 0.350 0.245 0.040 0.015 0.650 - 0.650 - 1.090 1.090 - 
C 0.350 0.900 0.040 0.015 1.305 0.000  1.305  1.090 1.745  1.745  0.000  
C-E 0.350 0.450 0.040 0.015 0.855 0.000  0.855  0.810 1.295  1.295  0.028  
C-G 0.350 0.630 0.040 0.015 1.035 - 1.035 - 1.475 1.475 - 
C-F 0.350 0.030 0.040 0.015 0.435 0.024  0.459  - 0.899  0.899  0.028  
C-W 0.350 0.000 0.040 0.015 0.405 - 0.405 - 0.845 0.845 - 
S 0.350 0.150 0.040 0.015 0.555 0.000  0.555  - 0.995  0.995  0.028  
S-P 0.350 0.120 0.040 0.015 0.525 0.000  0.525  - 0.965  0.965  0.000  
C-P 0.350 0.765 0.040 0.015 1.170 - 1.170 - 1.610 1.610 - 
C-Pe 0.350 0.382 0.040 0.015 0.787 0.000  0.787  - 1.227  1.227  0.028  
C-퇴직 0.350 0.600 0.040 0.015 1.005 - 1.005 - 1.445 1.445 - 
C-퇴직e 0.350 0.300 0.040 0.015 0.705 0.002  0.707  - 1.147  1.147  0.028  
지급 최초설정일로부터 매 3개월 후급 사유  - - -  사유  
 
- 44 - 
시기 발생시 발생시 
※ 기타비용은 증권의 예탁 및 결제비용 등 이 투자신탁에서 경상적, 반복적으로 지출되는 비용 (증권거래비용 및 금융비용 제외)등에 해
당하는 것으로 회계기간이 경과한 경우에는 직전 회계연도의 기타비용 비율을 추정치로 사용하며, 회계기간이 경과하지 아니한 경우에
는 작성일까지의 기타비용 비율을 연환산하여 추정치로 사용하므로 실제 비용은 이와 상이할 수 있습니다.  
* 기타비용 예시: 예탁 및 결제비용, 회계감사비용, 채권평가비용, 지수사용료, 해외보관대리인비용 등 
※ 총 보수·비용(피투자펀드 보수 포함)은 이 투자신탁이 투자하는 재간접형 모투자신탁에서 발생한 피투자펀드 보수(연 0.44%로 예상
하여 적용)와 총 보수·비용과 합산한 총액을 순자산 연평잔액으로 나누어 산출합니다. 
※ 합성 총 보수·비용은 총 보수·비용(피투자펀드 보수 포함)과 이 투자신탁에서 투자하는 모투자신탁에서 발생한 기타비용을 모투자신탁 
투자비율에 따라 나눈 비용과 합산한 값을 순자산 연평잔액으로 나누어 산출합니다.  
※ A 클래스와 C 클래스에 각각 투자할 경우 총비용이 일치하는 시점은 1년 5개월이 경과되는 시점이며 A-E 클래스와 C-E 클래스에 각
각 투자할 경우 총비용이 일치하는 시점은 1년 5개월이 되는 경과시점이나 추가납입, 보수 등의 변경에 따라 달라질 수 있습니다. 
※ 동종유형 총 보수는 한국금융투자협회에서 공시하는 동종유형 집합투자기구 전체의 평균 총 보수·비용을 의미합니다. 
※ 증권거래비용은 회계기간이 경과한 경우에는 직전 회계연도의 증권거래비용 비율을 사용하며, 회계기간이 경과하지 아니한 경우에는 
작성일까지의 증권거래비용 비율을 연환산하여 추정치로 사용하므로 실제 비용은 이와 상이할 수 있습니다. 
* 증권거래비용 예시: 증권·선물·옵션 등 매매수수료, 콜론·환매조건부매매 중개수수료 등 
 
- 직전 회계기간 중 발생한 증권거래비용은 다음과 같습니다.    
구분 금액(천원) 
증권거래비용 701 
※ 금융비용은 회계기간이 경과한 경우에는 직전 회계기간의 금융비용을 기준으로 작성되며, 계산이 가능한 금융비용이 발생하지 않는 투
자신탁이거나 설정일로부터 1년이 경과하지 않은 투자신탁인 경우 금액 산출이 불가능할 수 있습니다.  
   - 직전 회계기간 중 발생한 금융비용은 다음과 같습니다.    
구분 금액(천원) 
금융비용 - 
※ 미설정 클래스 집합투자증권은 기타비용을 기재하지 않았으며, 증권거래비용 및 증권신고서 제출에 따라 금융감독원에 납부하는 발행
분담금은 기타비용에 포함되지 않습니다. 
 
 
 
 
 
 
 
 
 
 
 
 
 
 
 
 
 
 
 
 
- 45 - 
 
 
 
 
 
 
 
 
 
 
 
 
 
 
 
 
 
 
 
 
 
 
 
 
< 1,000만원을 투자할 경우 투자자가 부담하게 되는 수수료 및 보수·비용의 투자기간별 예시(누적) >  
(단위: 천원) 
구분 1년 2년 3년 5년 10년 
A  
수수료선취-
오프라인 
판매수수료 및 보수·비용 157 237 320 498 1,015 
판매수수료 및 보수·비용 
(피투자 집합투자기구 보수 포함) 
201 327 457 734 1,525 
A-E 
수수료선취-
온라인 
판매수수료 및 보수·비용 99 161 226 364 768 
판매수수료 및 보수·비용 
(피투자 집합투자기구 보수 포함) 
144 252 364 603 1,290 
A-G  
수수료선취-
오프라인-무
권유저비용 
판매수수료 및 보수·비용 122 191 263 417 867 
판매수수료 및 보수·비용 
(피투자 집합투자기구 보수 포함) 
167 282 401 655 1,384 
C 
수수료미징구
-오프라인 
판매수수료 및 보수·비용 133 271 414 718 1,580 
판매수수료 및 보수·비용 
(피투자 집합투자기구 보수 포함) 
178 361 550 949 2,065 
C-E 
수수료미징구
-온라인 
판매수수료 및 보수·비용 88 179 273 476 1,061 
판매수수료 및 보수·비용 
(피투자 집합투자기구 보수 포함) 
132 269 411 712 1.569 
C-G 수수료미징구 판매수수료 및 보수·비용 106 216 330 573 1,272 
[투자신탁재산의 운용 등에 소요되는 비용] 
- 투자신탁재산의 운용 등에 소요되는 비용은 전체 수익자의 부담으로 하며, 집합투자업자의 지시에 따라 신탁업자가 투자신탁재산
에서 인출하여 지급합니다. 다만, 특정 종류 집합투자증권의 수익자에 대하여만 이해관계가 있는 경우에는 특정 종류 집합투자증권 
수익자의 부담으로 합니다. 
- “전체 수익자의 부담으로 하는 비용”이라 함은 투자신탁재산과 관련된 다음의 비용을 말합니다. 
1. 투자신탁재산의 매매수수료  
2. 투자신탁재산의 예탁 및 결제비용  
3. 투자신탁재산의 회계감사비용  
4. 수익자명부 관리비용  
5. 전체 수익자로 구성되는 수익자총회 관련비용  
6. 투자신탁재산에 관한 소송비용  
7. 투자신탁재산의 가격정보비용  
9. 해외보관대리인에 대한 보관수수료  
10. 기타 이에 준하는 비용으로 투자신탁재산의 운용 등에 소요되는 비용  
- 해외보관대리인 관련 비용은 해외자산에 투자하는 경우 발생하는 비용으로, 해외에 예탁한 자산의 안전한 보관 및 관리업무 등을 
수행하기 위한 다음의 비용을 말합니다. 
1. 건당 결제 비용(transaction fee) 
2. 보관비용(safe-keeping fee). 보관비용의 지급기일과 지급방법은 집합투자업자, 신탁업자, 해외보관대리인 간의 합의에 의
하여 결정한다. 
3. 기타 부수비용(out of pocket expenses: physical registration, DR conversion, tax reclaim, income collection 등) 
- “특정 종류 집합투자증권 수익자의 부담으로 하는 비용”이라 함은 해당 종류 집합투자증권의 수익자에 대하여 이해관계가 있는 
투자신탁재산과 관련 된 다음의 비용을 말합니다. 
1. 특정 종류 집합투자증권의 수익자로 구성되는 수익자총회 관련비용 
 
- 46 - 
-오프라인- 
무권유저비용 
판매수수료 및 보수·비용 
(피투자 집합투자기구 보수 포함) 
151 306 467 808 1,770 
C-F 
수수료미징구
-오프라인-
기관 
판매수수료 및 보수·비용 47 96 148 258 582 
판매수수료 및 보수·비용 
(피투자 집합투자기구 보수 포함) 
92 188 287 500 1,113 
C-W 
수수료미징구
-오프라인-
랩,금전신탁 
판매수수료 및 보수·비용 42 85 130 228 515 
판매수수료 및 보수·비용 
(피투자 집합투자기구 보수 포함) 
87 176 270 470 1,049 
S 
수수료후취-
온라인슈퍼 
판매수수료 및 보수·비용 57 116 178 311 700 
판매수수료 및 보수·비용 
(피투자 집합투자기구 보수 포함) 
102 207 318 552 1,225 
S-P 
수수료미징구
-온라인슈퍼
-개인연금 
판매수수료 및 보수·비용 54 110 169 295 663 
판매수수료 및 보수·비용 
(피투자 집합투자기구 보수 포함) 
99 201 308 535 1,190 
C-P 
수수료미징구
-오프라인-
개인연금 
판매수수료 및 보수·비용 120 244 372 646 1,427 
판매수수료 및 보수·비용 
(피투자 집합투자기구 보수 포함) 
164 334 509 878 1,919 
C-Pe 
수수료미징구
-온라인-개
인연금 
판매수수료 및 보수·비용 81 164 252 439 980 
판매수수료 및 보수·비용 
(피투자 집합투자기구 보수 포함) 
125 255 390 676 1,492 
C-퇴직 
수수료미징구
-오프라인-
퇴직연금 
판매수수료 및 보수·비용 103 210 321 557 1,237 
판매수수료 및 보수·비용 
(피투자 집합투자기구 보수 포함) 
148 300 458 792 1,737 
C-퇴직e 
수수료미징구
-온라인-퇴
직연금 
판매수수료 및 보수·비용 72 148 227 395 884 
판매수수료 및 보수·비용 
(피투자 집합투자기구 보수 포함) 
117 239 365 633 1,401 
※ 위 예시내용은 투자자가 1,000만원을 투자했을 경우 직·간접적으로 부담할 것으로 예상되는 선취판매수수료 또는 보수·비용을 누계
액으로 산출한 것입니다. 이익금은 모두 재투자하며, 연간 투자수익율은 5%, 수수료율 및 총 보수·비용비율은 일정하다고 가정하였습
니다. 그러나, 실제 투자자가 부담하게 되는 보수 및 비용은 기타비용의 변동, 보수의 인상 또는 인하 등에 따라 달라질 수 있습니다. 
※ S 클래스 집합투자증권의 경우 3년 이상 보유하는 것으로 가정하여 후취판매수수료를 반영하지 않았습니다. 
 
14. 이익 배분 및 과세에 관한 사항 
가. 이익 배분 
(1) 집합투자업자는 이 투자신탁재산의 운용에 따라 발생한 이익금을 투자신탁회계기간 종료일 익영업일에 판매회사
를 경유하여 수익자에게 현금 또는 새로이 발행되는 집합투자증권으로 분배합니다. 다만, 다음 각 호의 어느 하나
에 해당하는 이익금은 해당 이익금의 범위 내에서 분배를 유보하며, 법 제242조에 따른 이익금이 0보다 적은 경우
에도 분배를 유보합니다. 
1. 법 제238조에 따라 평가한 집합투자재산의 평가이익 
2. 법 제240조 제1항의 회계처리기준에 따른 매매이익 
 
 
 
- 47 - 
 
 
 
 
 
 
 
(2) 투자자는 투자자와 판매회사간 별도의 약정이 없는 한 (1)의 규정에 의한 이익분배금에서 세액을 공제한 금액의 
범위 내에서 분배금 지급일의 기준가격으로 당해 집합투자증권을 매수합니다. 
(3) 신탁계약기간의 종료 또는 투자신탁의 해지에 따라 발생하는 투자신탁 원본의 상환금 및 이익금(이하 “상환금 
등”이라 한다)을 받으실 수 있습니다. 다만, 신탁계약기간 종료일 현재 집합투자재산인 증권의 매각지연 등의 사유
로 인하여 상환금 등의 지급이 곤란한 경우에는 그 사유가 해소된 이후에 지급할 수 있습니다. 
(4) 투자자가 상환금 등의 지급개시일 이후 5년간 이익분배금 또는 상환금 등의 지급을 청구하지 아니한 때에는 판매
회사가 취득할 수 있으며, 판매회사에게 인도된 후에는 판매회사가 투자자에 대하여 그 지급에 대한 책임을 부담
합니다. 
 
나. 과세 
투자소득에 대한 과세는 소득이 발생하는 투자신탁 단계에서의 과세와 투자자에게 이익을 분배하는 단계에서의 과세
로 나누어집니다. 
 
(1) 투자신탁에 대한 과세: 별도의 소득과세 부담이 없는 것이 원칙 
투자신탁 단계에서는 소득에 대해서 별도의 세금 부담을 하지 않는 것을 원칙으로 하고 있습니다. 집합투자재산에 
귀속되는 이자·배당소득은 귀속되는 시점에는 원천징수하지 아니하고 투자신탁으로부터의 이익이 투자자에게 
지급하는 날(특약에 따라 원본에 전입되는 날 및 신탁계약기간 연장하는 날 포함)에 투자신탁으로부터의 이익으
로 원천징수하고 있습니다. 다만, 외국원천징수세액은 다음과 같은 범위를 한도로 환급을 받고 있습니다. 
환급세액 외국납부세액 환급비율
환급비율: 과세대상소득금액 / 국외원천과세대상소득금액
단, ‘환급비율 > 1’이면 1, ‘환급비율 < 0’이면 0으로 함
 
발생 소득에 대한 세금 외에 투자재산의 매입, 보유, 처분 등에서 발생하는 취득세, 등록세, 증권거래세 및 기타 세
금에 대해서는 투자신탁의 비용으로 처리하고 있습니다.  
 
 
(2) 투자자에 대한 과세: 원천징수 원칙 
투자자는 투자신탁의 이익을 지급받는 날(특약에 따라 원본에 전입되는 날 및 신탁계약기간 연장되는 날 포함)에 
과세이익에 대한 세금을 원천징수 당하게 되며, 투자신탁의 집합투자증권을 계좌간 이체, 계좌의 명의변경, 양도의 
방법으로 거래하는 경우에도 보유기간 동안 발생한 과세이익에 대한 세금을 원천징수 하고 있습니다. 다만, 해당 투
자신탁으로부터의 과세이익을 계산함에 있어서 투자신탁이 투자하는 증권시장에 상장된 증권(채권 및 외국집합투
자증권 등 제외) 및 이를 대상으로 하는 선물, 벤처기업의 주식 등에서 발생하는 매매·평가 손익을 분배하는 경우 
당해 매매·평가 손익은 과세대상인 배당소득금액에서 제외하고 있습니다.  
 
[집합투자재산의 매매 및 평가이익 유보에 따른 안내 사항] 
이 투자신탁은 매년 결산·분배할 때 투자신탁의 회계기간동안 집합투자재산의 운용에 따라 발생한 이익금 중 집합투
자재산의 매매 및 평가 이익은 분배되지 않고 보유기간 동안의 손익을 합산하여 환매할 때 해당 환매분에 대하여 과세
됩니다(다만, 분배를 유보할 수 없는 이자·배당 소득 등은 매년 결산·분배되어 과세됩니다). 이 경우 환매연도에 과세
된 보유기간 동안의 매매 및 평가 이익을 포함한 연간 금융소득이 금융소득종합과세 기준금액을 초과할 경우 과세부담
이 증가하여 불리하게 작용하는 경우가 발생할 수 있으니 주의하시기 바랍니다. 
 
- 48 - 
(3) 투자자에 대한 과세율: 개인 및 일반법인 15.4%(지방소득세 포함) 
거주자 개인이 받는 투자신탁의 과세이익에 대해서는 15.4%(소득세 14%, 지방소득세 1.4%)의 세율로 원천징
수 됩니다. 이러한 소득은 개인의 연간 금융소득(이자, 배당소득)이 금융소득종합과세 기준금액 이하인 경우에는 
분리과세 원천징수로 납세의무 종결되나, 연간 금융소득(이자, 배당소득)이 금융소득종합과세 기준금액을 초과하
는 경우에는 유형별 소득을 합산하여 개인소득세율로 종합과세 됩니다. 
내국법인이 받는 투자신탁의 과세이익은 15.4%(소득세 14%, 지방소득세 1.4%)의 세율로 원천징수(금융기관 
등의 경우에는 제외) 됩니다. 이러한 소득은 법인의 결산 시점에 투자신탁으로부터 받게 되는 수입금액과 다른 법
인 수입금액 전체를 합산한 소득에 대하여 법인세율을 적용하여 과세하며, 이전에 납부한 원천징수세액은 기납부
세액으로 공제 받게 됩니다.  
 
(4) 연금저축계좌 가입자에 대한 과세 
소득세법 시행령 제40조의2에 따른 연금저축계좌를 통해 이 투자신탁에 가입한 가입자의 경우 이 투자신탁을 환
매하는 시점에 별도의 과세를 하지 않으며, 연금저축계좌에서 자금인출시 연금소득(연금수령 시), 기타소득 또는 
퇴직소득(연금외수령 시)에 대해 다음과 같이 과세하며 관련사항은 “연금저축계좌설정 약관”을 참고하시기 바랍
니다. 
[연금저축계좌 과세 주요 사항] 
구분 주요 내용 
납입요건 
가입기간 5년 이상, 연 1,800만 원 한도 
(퇴직연금, 타 연금저축 납입액 포함. 단, 이연퇴직소득 및 다른 연금계좌로부터 이체 받은 금
액은 제외) 
수령요건 55세 이후 10년간 연간 연금수령한도 내에서 연금수령 
(가입자의 수령개시 신청 후 인출) 
세액공제 연간 저축금액(최대 400만원 한도)의 12%(또는 15%)를 종합소득산출세액에서 공제  
[지방소득세 포함시 13.2%(또는 16.5%)로 세액공제 효과] 
연금수령 시 과세 연금소득세 5.5~3.3%(나이에 따라 변경, 종합과세 가능) 
단, 이연퇴직소득은 이연퇴직소득세액의 70%(분리과세) 
분리과세한도 1,200만원(공적연금소득, 의료목적 및 부득이한 연금외수령, 이연 퇴직소득의 연금수령에 
따른 금액은 제외) 
연금계좌 승계 상속인(배우자)가 승계 가능 
해지가산세 해당사항 없음 
부득이한  
연금외수령 
연금소득세 5.5~3.3% 분리과세(지방소득세 포함) 
[부득이한 연금외수령 사유] 
천재지변, 가입자의 사망, 해외이주, 파산 또는 개인회생절차 개시, 가입자 또는 그 부양가족
의 3개월 이상 요양, 금융기관의 영업정지, 인·허가 취소, 해산결의, 파산선고 
일반해지시 과세 기타소득 16.5% 분리과세(지방소득세 포함) 
(연금수령한도 이내 금액은 연금소득으로 과세) 
※ 연금저축계좌 관련 세제는 소득세법 등 관련 법령의 개정 등에 따라 변경될 수 있으니 유의하여 주시기 바랍니다. 
 
(5) 퇴직연금제도의 세제 
투자신탁에서 발생한 이익에 대하여 원천 징수하지 않으며 투자자는 퇴직연금 수령시 관련세법에 따라 세금을 부담
하여 일반 투자신탁 투자시와는 상이한 세율이 적용됩니다.  
① 세액공제: 근로자의 추가부담금은 연금저축과 합산(퇴직연금계좌에 납입한 금액+연금저축계좌에 납입한 금액 
 
- 49 - 
중 최대 400만원 이내의 금액)하여 연간 700만원 한도까지 12%(또는 15%) 세액공제 
② 과세이연: 투자신탁의 결산으로 인한 재투자시 재투자 수익에 대하여 원천징수하지 아니하고, 연금 수령시 연
금수령 방법에 따라 과세 
③ 퇴직연금 수령 방법에 따른 과세체계: 연금인출, 연금외인출 등 연금의 인출방식에 따라 과세체계가 다르게 결정 
 
※ 상기 기재된 세율 및 과세관련 사항 등은 조세특례제한법 및 소득세법 등에 근거하며, 해당 법과 동법 시행령 및 시행규칙의 개정내용에 따
라 변경 될 수 있습니다. 또한 상기 기재되어 있는 세금관련 내용은 수익자의 일부 환매 또는 중도 해지시 적용기준 및 내용 등이 달라질 수 있
으므로 자세한 내용은 판매회사와 사전에 협의하시기 바랍니다. 
 
※ 상기 투자소득에 대한 과세내용 및 각 수익자에 대한 과세는 정부 정책, 수익자의 세무상의 지위 등에 따라 달라질 수 있습니다. 그러므로, 수익
자는 투자신탁에 대한 투자로 인한 세금 영향에 대하여 조세전문가와 협의하는 것이 좋습니다. 
 
- 50 - 
 
1. 재무정보 
가. 요약재무정보 
 (단위: 원)  
자본총계 2,484,575,350
2,570,303,390 2,687,482,635
-674,783 21,108,653
20,716,772 59,720,766 404,106,974
2,629,334,884 3,112,209,226
-9,615,833 -13,630,425
0 0 0
148,460
0
178,289,888 268,138,840
0 0
168,898,844 257,398,923
0 0
2,807,624,772 3,380,348,066
178,289,888 268,138,840
0
48,002,205 109,905,263
2,487,556,266
-4,339,262
80,039,427
원본
2,980,916
7,215,345수익조정금
2,411,707,641
2,980,916
2,456,643,233
이익잉여금
  파생상품
  부동산/실물자산
  현금 및 예치금
  기타 운용자산
기타자산
자산총계
운용부채
기타부채
부채총계
2023.09.22 2022.09.22 2021.09.22
항       목
운용자산
  증권
2,638,725,928 3,122,949,143
2,600,339,556 3,026,674,305
2,487,407,806
재무상태표
제 2기제 3기제 4기
 
(단위: 원, %) 
손익계산서
(2022.09.23 ~ 2023.09.22) (2021.09.23 ~ 2022.09.22) (2020.09.23 ~ 2021.09.22)
운용수익 18,188,846 -257,960,461 404,628,765
항       목
제 4기 제 3기 제 2기
  이자수익 1,643,683 494,079 359,960
  배당수익 0 134 0
  매매/평가차익(손) 16,545,163 -258,454,674 404,268,805
기타수익 0 0 0
운용비용 11,674,815 13,807,174 13,242,931
기타비용 453,808 525,242 497,434
13,807,174 13,242,931  관련회사 보수 11,674,815
당기순이익 6,060,223 -272,292,877 390,888,400
매매회전율 70.53 77.90 140.28
  매매수수료 0 0 0
 
주1) 매매회전율이란 주식매매의 빈번한 정도를 나타내는 지표로서 해당 운용기간동안 매도한 주식가액을 같은 기간동안 평균적으로 보유
한 주식가액으로 나누어 산출합니다. 1회계년도동안의 평균적인 주식투자규모가 100억원이고, 주식매도금액 또한 100억원인 경우 매매회
전율은 100%(연기준)로 합니다. 이 투자신탁의 당기 매매회전율은 아래와 같이 산출 되었습니다. 
(단위 : 주, 백만원, %)
매매회전율
수량 수량 (A/B)
7,475                                 15,436    70.53    
주식 매수 주식 매도 당기 보유 동종유형
금액 금액(A) 주식 평균금액(B) 평균 매매회전율
455                              600                              850                              18.41                         
 
* 동종유형 평균 매매회전율은 한국금융투자협회에서 제공하는 최근기준 동종유형 평균 매매회전율을 의미합니다. 
제3부. 집합투자기구의 재무 및 운용실적 등에 관한 사항 
 
- 51 - 
주2) 기타수익에는 증권대여에 따른 수수료 수익이, 기타비용에는 증권차입에 따른 수수료 비용이 아래와 같이 포함되어 있습니다. 
(단위 : 백만원)
구       분 제4기 제3기 제2기
증권대여 수익 0 0 0
증권차입 비용 0 0 0
 
주3) 기타비용에는 운용 과정에서 발생하는 거래비용이 포함되어 있으며, 투자자산별 거래금액 및 거래비용은 아래와 같습니다. 다만, 장
외거래와 같이 별도 수수료 미발생 등의 사유로 거래비용의 객관적인 산출이 어려운 경우 등은 포함되지 않습니다. 
(단위 : 백만원, %)
비율(B/A) 비율(B/A)
주식 0.06       0.06       
주식 이외의 증권(채권 등) 0.00       0.00       
장내파생상품 0.00       0.00       
장외파생상품
합계 0.00       0.00       19,665                        1                                   30,018                        1                                   
3,898                           0                                   
12,374                        20,054                        
구   분
당기 전기
거래금액(A) 거래비용 거래금액(A) 거래비용
금액(B) 금액(B)
1,057                           1                                   1,719                           1                                   
2,694                           0                                   4,347                           0                                   
3,540                           0                                   
 
※ 주1)~주3)에 기재된 수치는 모자형투자신탁의 자투자신탁인 경우 자투자신탁이 투자하는 모투자신탁의 비율에 따른 가중치로 안분하
여 산출되었습니다. 
 
- 52 - 
나. 재무상태표 
 (단위: 원)  
0 0 0
0 0 0
80,039,427 48,002,205 109,905,263
80,039,427 48,002,205 109,905,263
0 0 0
0 0 0
0 0 0
0 0 0
0 0 0
0 0 0
0 0 0
2,411,707,641 2,600,233,977 3,026,976,705
0 0 0
0 0 0
2,411,707,641 2,600,233,977 3,026,976,705
0 0 0
0 0 0
0 0 0
0 0 0
0 0 0
0 0 0
0 0 0
0 0 0
0 0 0
0 0 0
0 0 0
148,460 169,004,423 257,096,523
0 168,855,344 257,356,358
0 0 0
148,460 43,500 42,565
0 0 0
0 0 0
0 105,579 -302,400
0 0 0
2,491,895,528 2,817,240,605 3,393,978,491
0 0 0
-4,339,262 -9,615,833 -13,630,425
-4,339,262 -9,615,833 -13,630,425
0 0 0
0 0 0
2,980,916 178,289,888 268,138,840
0 174,994,751 263,502,400
0 0 0
0 28,978 978,072
2,980,916 3,266,159 3,658,368
0 0 0
0 0 0
-1,358,346 168,674,055 254,508,415
0 0 0
2,456,643,233 2,570,303,390 2,687,482,635
27,932,117 59,045,983 425,215,627
(발행좌수  당기 : 2,456,643,233 좌 이익잉여금 20,716,772 59,720,766 404,106,974
전기 : 2,570,303,390 좌 수익조정금 7,215,345 -674,783 21,108,653
전전기 : 2,687,482,635 좌)
(기준가격 당기 : 1,016.19 원
전기 : 1,028.36 원
전전기 : 1,164.04 원)
2,493,253,874 2,648,566,550 3,139,470,076
2,491,895,528 2,817,240,605 3,393,978,491부 채 와   자 본  총 계
    기타부채
        1. 매수유가증권미지급금
        2. 정산미지급금
        3. 해지미지급금
        4. 수수료미지급금
        5. 기타미지급금
        6. 기타부채
부  채  총  계
자  본
        1. 원본
        2. 이월잉여금
자  본   총  계
자 산 총 계
부    채
    운용부채
        1. 옵션매도
        2. 환매조권부채권매도
        4. 미수배당금
        5. 기타미수입금
        6. 기타자산
        7. 수익증권청약금
        4. 대출금
    유가증권
        1. 지분증권
        2. 채무증권
        3. 수익증권
        3. 증거금
    대출채권
        1. 콜론
        2. 환매조건부채권매수
        3. 매입어음
자    산
운 용 자 산
    현금및예치금
        1. 현금및현금성자산
        2. 예치금
제4기 (2023.09.22) 제3기 (2022.09.22)
금           액 금           액
제2기 (2021.09.22)
금           액
과           목
        3. 기타 운용부채
        4. 기타유가증권
    파생상품
        1. 파생상품
    부동산관 실물자산
        1. 건물
        2. 토지
        3. 농작물
        4. 축산물
    기타운용자산
        1. 임차권
        2. 전세권
    기타자산
        1. 매도유가증권미수금
        2. 정산미수금
        3. 미수이자
 
 
- 53 - 
다. 손익계산서 
 (단위: 원)  
18,188,846 -257,960,729 404,628,765
1,643,683 493,945 359,960
1,643,683 494,079 359,960
0 -134 0
0 0 0
0 0 0
135,368,534 129,658,873 488,819,523
0 0 0
0 0 0
39,242,629 82,371,577 415,003,047
0 0 0
64,069,506 11,828,200 57,701,515
32,056,399 35,459,096 16,114,961
0 0 0
132,891,516 716,027,765 84,563,760
0 0 0
0 0 0
63,604,187 545,510,112 4,615,039
0 0 0
39,840,157 137,608,541 67,721,310
29,447,172 32,909,112 12,227,411
0 0 0
0 0 0
12,128,623 14,332,416 13,740,365
8,818,562 10,144,548 9,721,813
1,853,474 2,509,653 2,417,017
1,002,779 1,152,973 1,104,101
0 0 0
0 0 0
453,808 525,242 497,434
6,060,223 -272,293,145 390,888,400
2 -106 145
   5. 임대자산수수료
   6. 기 타 비 용
당기순(손실)이익
   1. 1000좌당 순(손실)이익
운 용 비 용
   1. 운용수수료
   2. 판매수수료
   3. 수탁수수료
   4. 투자자문수수료
    4. 현금및대출채권매매/평가차손
    5. 파생상품매매/평가차손
    6. 외환거래/평가차손
    7. 대손상각비
    8. 기타차손
    7. 기타이익
3. 매매차손과 평가차손
    1. 지분증권매매/평가차손
    2. 채무증권매매/평가차손
    3. 수익증권매매/평가차손
과  목 제4기  (2022.09.23 ~ 2023.09.22) 제3기  (2021.09.23 ~ 2022.09.22) 제2기  (2020.09.23 ~ 2021.09.22)
금    액 금    액 금    액
운 용 수 익
1. 투자수익
    1. 이 자 수 익
    2. 배당금 수익
    3. 수수료수익
    4. 현금및대출채권매매/평가차익
    5. 파생상품매매/평가차익
    6. 외환거래/평가차익
    4. 임대료수익
2. 매매차익과 평가차익
    1. 지분증권매매/평가차익
    2. 채무증권매매/평가차익
    3. 수익증권매매/평가차익
 
 
2. 연도별 설정 및 환매 현황 
 - A 클래스 집합투자증권 
 (단위: 억좌, 억원) 
좌수 좌수 좌수 좌수
(출자지분수) (출자지분수) (출자지분수) (출자지분수)
2022.09.23 ~ 2023.09.22 2 2 0 0 1 1 1 1
2021.09.23 ~ 2022.09.22 2 2 0 0 0 0 2 2
2020.09.23 ~ 2021.09.22 2 2 1 1 1 1 2 2
기간
기간초 잔고
회계기간 중
기간말 잔고
설정(발행) 환매
금액 금액 금액 금액
 
※ 각 회계연도별 이익분배에 의한 재투자분을 포함하였습니다. 
 
- A-E 클래스 집합투자증권 
 (단위: 억좌, 억원) 
좌수 좌수 좌수 좌수
(출자지분수) (출자지분수) (출자지분수) (출자지분수)
2022.09.23 ~ 2023.09.22 1 1 0 0 0 0 0 0
2021.09.23 ~ 2022.09.22 1 1 0 0 0 0 1 1
2020.09.23 ~ 2021.09.22 1 1 0 0 0 0 1 1
기간
기간초 잔고
회계기간 중
기간말 잔고
설정(발행) 환매
금액 금액 금액 금액
 
※ 각 회계연도별 이익분배에 의한 재투자분을 포함하였습니다. 
 
 
- 54 - 
- C 클래스 집합투자증권 
 (단위: 억좌, 억원) 
좌수 좌수 좌수 좌수
(출자지분수) (출자지분수) (출자지분수) (출자지분수)
2022.09.23 ~ 2023.09.22 0 0 0 0 0 0 0 0
2021.09.23 ~ 2022.09.22 0 0 0 0 0 0 0 0
2020.09.23 ~ 2021.09.22 0 0 0 0 0 0 0 0
기간
기간초 잔고
회계기간 중
기간말 잔고
설정(발행) 환매
금액 금액 금액 금액
 
※ 각 회계연도별 이익분배에 의한 재투자분을 포함하였습니다. 
 
- C-E 클래스 집합투자증권 
 (단위: 억좌, 억원) 
좌수 좌수 좌수 좌수
(출자지분수) (출자지분수) (출자지분수) (출자지분수)
2022.09.23 ~ 2023.09.22 0 0 0 0 0 0 0 0
2021.09.23 ~ 2022.09.22 0 0 0 0 0 0 0 0
2020.09.23 ~ 2021.09.22 0 0 0 0 0 0 0 0
기간
기간초 잔고
회계기간 중
기간말 잔고
설정(발행) 환매
금액 금액 금액 금액
 
※ 각 회계연도별 이익분배에 의한 재투자분을 포함하였습니다. 
 
- C-F 클래스 집합투자증권 
 (단위: 억좌, 억원) 
좌수 좌수 좌수 좌수
(출자지분수) (출자지분수) (출자지분수) (출자지분수)
2022.09.23 ~ 2023.09.22 21 21 0 0 0 0 21 21
2021.09.23 ~ 2022.09.22 20 23 1 1 0 0 21 21
2020.09.23 ~ 2021.09.22 20 20 0 0 0 0 20 23
기간
기간초 잔고
회계기간 중
기간말 잔고
설정(발행) 환매
금액 금액 금액 금액
 
※ 각 회계연도별 이익분배에 의한 재투자분을 포함하였습니다. 
 
- S 클래스 집합투자증권 
 (단위: 억좌, 억원) 
좌수 좌수 좌수 좌수
(출자지분수) (출자지분수) (출자지분수) (출자지분수)
2022.09.23 ~ 2023.09.22 0 0 0 0 0 0 0 0
2021.09.23 ~ 2022.09.22 2 2 0 0 2 2 0 0
2020.09.23 ~ 2021.09.22 2 2 0 0 0 0 2 2
기간
기간초 잔고
회계기간 중
기간말 잔고
설정(발행) 환매
금액 금액 금액 금액
 
※ 각 회계연도별 이익분배에 의한 재투자분을 포함하였습니다. 
 
 
 
- 55 - 
- S-P 클래스 집합투자증권 
 (단위: 억좌, 억원) 
좌수 좌수 좌수 좌수
(출자지분수) (출자지분수) (출자지분수) (출자지분수)
2022.09.23 ~ 2023.09.22 0 0 0 0 0 0 0 0
2021.09.23 ~ 2022.09.22 0 0 0 0 0 0 0 0
2020.09.23 ~ 2021.09.22 0 0 0 0 0 0 0 0
기간
기간초 잔고
회계기간 중
기간말 잔고
설정(발행) 환매
금액 금액 금액 금액
 
※ 각 회계연도별 이익분배에 의한 재투자분을 포함하였습니다. 
 
- C-Pe 클래스 집합투자증권 
 (단위: 억좌, 억원) 
좌수 좌수 좌수 좌수
(출자지분수) (출자지분수) (출자지분수) (출자지분수)
2022.09.23 ~ 2023.09.22 0 0 0 0 0 0 0 0
2021.09.23 ~ 2022.09.22 0 0 0 0 0 0 0 0
2020.09.23 ~ 2021.09.22 0 0 0 0 0 0 0 0
기간
기간초 잔고
회계기간 중
기간말 잔고
설정(발행) 환매
금액 금액 금액 금액
 
※ 각 회계연도별 이익분배에 의한 재투자분을 포함하였습니다. 
 
- C-퇴직e 클래스 집합투자증권 
 (단위: 억좌, 억원) 
좌수 좌수 좌수 좌수
(출자지분수) (출자지분수) (출자지분수) (출자지분수)
2022.09.23 ~ 2023.09.22 2 2 1 1 1 1 2 2
2021.09.23 ~ 2022.09.22 2 2 1 1 1 1 2 2
2020.09.23 ~ 2021.09.22 1 1 2 2 1 1 2 2
기간
기간초 잔고
회계기간 중
기간말 잔고
설정(발행) 환매
금액 금액 금액 금액
 
※ 각 회계연도별 이익분배에 의한 재투자분을 포함하였습니다. 
 
3. 집합투자기구의 운용실적 
운용실적은 투자자의 투자판단에 도움을 드리고자 작성된 것으로 연평균 수익률은 해당기간 동안의 평균 수익률을, 연도별 
수익률은 기간별 수익률 변동성을 나타낸 것입니다. 따라서, 이 수익률은 투자신탁의 기간에 따른 운용실적으로 투자자의 투
자시기에 따라 수익률이 달라질 수 있으며, 과거의 운용실적이 미래의 투자실적을 보장하지 않습니다. 
 
가. 연평균 수익률(세전 기준, 기준일: 2023년 09월 23일, 단위: %) 
종류(클래스) 최근 1년 최근 2년 최근 3년 최근 5년 
설정일 
이후 
A 수수료선취-오프라인 0.00 -4.79 1.37 - 1.15 
A-E 수수료선취-온라인 0.17 -4.62 1.55 - 1.37 
 
- 56 - 
C-퇴직e 수수료미징구-온라인-퇴직연금 0.05 -4.74 1.42 - 1.21 
C-E 수수료미징구-온라인 -0.09 -4.88 1.28 - 1.08 
C-F 수수료미징구-오프라인-기관 0.32 -4.49 1.70 - 1.48 
C-Pe 수수료미징구-온라인-개인연금 -0.02 -4.82 1.35 - 1.13 
S 수수료후취-온라인슈퍼 0.20 -4.61 1.57 - 1.35 
S-P 수수료미징구-온라인슈퍼-개인연금 0.88 - - - -1.97 
수익률 변동성 6.31 7.43 6.67 8.21 8.21 
※ 비교지수: 해당사항 없음 
※ 이 투자신탁은 종류형으로 각 클래스별 설정일이 다르기 때문에 ‘설정일 이후’ 수익률은 각 클래스별 설정일 이후의 수익률을 의미합니
다. 또한, 상기 기준일에 미설정 또는 전부해지된 클래스의 수익률은 표기되지 않으며, 전부해지 후 재설정된 클래스의 경우에는 재설정일 
이후의 수익률이 표기됩니다. 
※ 수익률 변동성은 해당 기간 동안 집합투자기구의 연환산된 주간수익률의 표준편차입니다. 
 
 
나. 연도별 수익률 추이(세전 기준, 기준일: 2023년 09월 23일, 단위: %) 
종류(클래스) 최근 1년차 최근 2년차 최근 3년차 최근 4년차 최근 5년차 
A 수수료선취-오프라인 0.00 -9.04 14.86 0.51 - 
A-E 수수료선취-온라인 0.17 -8.88 15.06 - - 
C-퇴직e 수수료미징구-온라인-퇴직연금 0.05 -9.00 14.91 0.59 - 
C-E 수수료미징구-온라인 -0.09 -9.13 14.75 - - 
C-F 수수료미징구-오프라인-기관 0.32 -8.74 15.22 0.84 - 
C-Pe 수수료미징구-온라인-개인연금 -0.02 -9.07 14.82 0.49 - 
S 수수료후취-온라인슈퍼 0.20 -8.88 15.08 0.73 - 
S-P 수수료미징구-온라인슈퍼-개인연금 0.88 - - 0.88 - 
※ 비교지수: 해당사항 없음 
※ 상기 기준일에 설정 후 1년이 지나지 않았거나, 미설정 또는 전부해지된 클래스의 수익률은 표기되지 않으며, 전부해지 후 재설정된 클
래스의 경우에는 재설정일 이후의 수익률이 표기됩니다. 
 
- 57 - 
 
 
다. 집합투자기구의 자산 구성 현황(단위: 억원, %, 기준일: 2023년 09월 23일) 
주식 채권 어음 집합투자
증권 장내 장외 실물자산 기타
2 3 0 0 0 0 0 0 0 2 1 7
(23.46) (44.39) (0.26) (1.53) (0.00) (0.00) (0.00) (0.00) (0.00) (21.50) (8.86) (100.00)
4 4 0 8 0 0 0 0 0 1 -1 15
(27.71) (24.37) (0.00) (53.39) (0.11) -(0.69) (0.00) (0.00) (0.00) (4.37) -(9.27) (100.00)
0 0 0 0 0 0 0 0 0 0 0 0
(0.00) (98.41) (0.00) (0.00) (0.00) -(0.86) (0.00) (0.00) (0.00) (2.45) (0.00) (100.00)
0 0 0 0 0 0 0 0 0 0 0 1
(48.97) (49.75) (0.00) (0.00) (0.65) (0.09) (0.00) (0.00) (0.00) (0.54) (0.00) (100.00)
0 0 0 0 0 0 0 0 0 0 0 0
(89.66) (7.93) (0.00) (0.00) (1.91) (0.12) (0.00) (0.00) (0.00) (0.00) (0.38) (100.00)
0 0 0 0 0 0 0 0 0 0 0 0
(81.97) (16.88) (0.00) (0.00) (0.00) (0.13) (0.00) (0.00) (0.00) (0.10) (0.92) (100.00)
0 0 0 0 0 0 0 0 0 0 0 0
(100.00) (0.00) (0.00) (0.00) (0.00) (0.00) (0.00) (0.00) (0.00) (0.00) (0.00) (100.00)
0 0 0 0 0 0 0 0 0 0 0 0
(100.00) (0.00) (0.00) (0.00) (0.00) (0.00) (0.00) (0.00) (0.00) (0.00) (0.00) (100.00)
0 0 0 0 0 0 0 0 0 0 0 0
(100.00) (0.00) (0.00) (0.00) (0.00) (0.00) (0.00) (0.00) (0.00) (0.00) (0.00) (100.00)
0 0 0 0 0 0 0 0 0 0 0 0
(99.37) (0.00) (0.00) (0.00) (0.00) (0.00) (0.00) (0.00) (0.00) (0.00) (0.63) (100.00)
0 0 0 0 0 0 0 0 0 0 0 0
(100.00) (0.00) (0.00) (0.00) (0.00) (0.00) (0.00) (0.00) (0.00) (0.00) (0.00) (100.00)
0 0 0 0 0 0 0 0 0 0 0 0
(100.00) (0.00) (0.00) (0.00) (0.00) (0.00) (0.00) (0.00) (0.00) (0.00) (0.00) (100.00)
0 0 0 0 0 0 0 0 0 0 0 0
(99.81) (0.00) (0.00) (0.00) (0.00) (0.00) (0.00) (0.00) (0.00) (0.19) (0.00) (100.00)
0 0 0 0 0 0 0 0 0 0 0 0
(100.00) (0.00) (0.00) (0.00) (0.00) (0.00) (0.00) (0.00) (0.00) (0.00) (0.00) (100.00)
0 0 0 0 0 0 0 0 0 0 0 0
(100.00) (0.00) (0.00) (0.00) (0.00) (0.00) (0.00) (0.00) (0.00) (0.00) (0.00) (100.00)
8 8 0 8 0 0 0 0 0 2 -1 25
(31.05) (30.76) (0.08) (32.25) (0.11) -(0.41) (0.00) (0.00) (0.00) (9.03) -(2.87) (100.00)
EUR
SEK
NZD
AUD
HKD
합계
SGD
CAD
DKK
CHF
BRL
JPY
GBP
CNY
USD
KRW
자산총액기타단기대출 
및 예금
특별자산증권통화별 
구분
파생상품
부동산
 
※ ()내는 투자신탁 자산총액 대비 비중 
※ 어음에는 CD를 포함함 
※ 장내파생상품은 파생상품의 거래에 따른 위탁증거금의 합계액을 말하며, 장외파생상품은 파생상품의 거래에 따른 손익을 말함 
※ 모자형투자신탁의 자투자신탁인 경우 자투자신탁이 투자하는 각 모투자신탁의 자산구성별 종목을 해당 자투자신탁이 모투자신탁에서 
차지하는 비율을 가중치로 곱하여 안분하여 기재하였습니다. 
 
- 58 - 
 
 
- 59 - 
 
< 집합투자기구의 운용구조 >
투자자
신탁업자
(은행·증권 금융)
판매회사
(증권회사·은행 ·보험 등)
집합투자업자
주식, 채권 등
자금
자금
운용지시
투자
수익
수익
수익
설정해지
요 청
* 펀드가입
출 금
* 펀드재산 운용*  펀드재산
보관·관리
*  운용감시
 
 
1. 집합투자업자에 관한 사항 
가. 회사 개요 
회사명 KB자산운용㈜ 
주소 및 연락처 
서울시 영등포구 국제금융로 10 
☎ 2167-8200 
주요 연혁 
1988.04.28 국민투자자문 설립(모회사 국민투자신탁 지분 100%) 
1992.12.07 대주주 변경(국민투자신탁 → ㈜주택은행) 
1992.12.09 ‘국민투자자문’에서 ‘주은투자자문㈜’로 사명변경 
1997.05.20 납입자본금 300억원으로 증자, 투자일임매매업 인가 취득 
1997.07.29 투자신탁운용업 허가 취득 
1997.08.28 ‘주은투자자문㈜’에서 ‘주은투자신탁운용㈜’로 사명변경 
1997.08.28 투자신탁운용업 개시 
2000.01.11 ING Insurance International B.V. 지분참여(20%) 
2000.06.30 자본금 83억 증자 
2002.06.10 ‘주은투자신탁운용㈜’에서 ‘국민투자신탁운용㈜’로 사명변경 
2004.04.29 ‘국민투자신탁운용㈜’에서 ‘KB자산운용㈜’로 사명변경 
2008.09.29 대주주 변경(㈜국민은행 → ㈜KB금융지주) 
자본금 38,337,750,000원 
주요주주 ㈜KB금융지주 100% 
투자신탁 관련회사 중 
집합투자업자와 이해관계인에 
해당하는 회사 
일반사무관리회사: 국민은행(계열회사) 
 
나. 주요 업무 
(1) 집합투자업자는 다음 각 호의 업무를 영위합니다. 
1) 투자신탁의 설정·해지 
2) 투자신탁재산의 운용·운용지시 
제4부. 집합투자기구 관련회사에 관한 사항 
 
- 60 - 
(2) 집합투자업자는 다음 각 호와 같은 의무와 책임이 있습니다. 
1) 투자신탁의 집합투자업자는 선량한 관리자의 주의로써 투자신탁재산을 관리하여야 하며, 투자자의 이익을 보
호하여야 합니다. 
2) 투자신탁의 집합투자업자는 투자자의 계산으로 행한 법률행위로부터 발생한 제비용 및 보수를 신탁계약서가 
정하는 바에 따라 집합투자재산에서 인출할 수 있습니다.  
3) 투자신탁의 집합투자업자는 자신의 채무를 투자자의 명의로 부담하게 하거나 집합투자재산으로 이를 변제할 
수 없습니다.  
4) 투자신탁의 집합투자업자에 대한 채권은 그 집합투자업자의 당해 집합투자재산에 속하는 채권과 상계할 수 
없습니다.  
5) 집합투자업자 및 신탁업자가 법령 또는 신탁계약서에 위배되는 행위를 하거나 그 업무를 소홀히 하여 투자자
에게 손해를 발생시킨 때에는 그 손해를 배상할 책임이 있습니다.  
6) 집합투자업자가 손해배상책임을 부담하는 경우 관련되는 이사 또는 감사(감사위원회의 위원을 포함한다)에게
도 귀책사유가 있는 때에는 이들과 연대하여 그 손해를 배상할 책임이 있습니다. 
 
다. 최근 2개 사업연도 요약 재무내용 
(1) 연결재무상태표 
(단위: 원) 
과    목 제35기 제34기 
기    간 2022.12.31 2021.12.31 
현금 및 예치금 43,372,720,581 24,731,965,119 
당기손익-공정가치측정 금융자산 255,556,797,410 263,882,958,430 
기타포괄손익-공정가치측정 금융자산 10,601,648,518 31,232,442,840 
관계기업투자주식 943,408,507 - 
파생상품자산 2,052,742,582 92,644 
대출채권 5,042,700,000 2,667,000,000 
유형자산 4,429,895,732 5,886,597,143 
기타금융자산 32,171,219,879 37,876,816,124 
이연법인세자산 7,642,010,726 3,180,592,536 
기타자산 7,674,598,715 6,280,645,012 
자산총계 369,487,743,650 375,739,109,848 
예수부채 1,421,034,503 1,553,477,688 
파생상품부채 81,221,694 297,257,099 
기타금융부채 63,797,811,320 88,079,518,208 
충당부채 742,612,802 742,612,802 
순확정급여부채 343,862,083 343,807,433 
기타부채 36,583,887,622 37,572,098,495 
부채총계 102,970,430,024 128,588,771,725 
지배기업주주지분 266,517,313,626 247,150,338,123 
자본금 38,337,750,000 38,337,750,000 
자본잉여금 245,566,038 245,566,038 
 
- 61 - 
기타포괄손익누계액 -582,039,856 -604,350,341 
이익잉여금 228,516,037,444 209,171,372,426 
비지배지분 - - 
자본총계 266,517,313,626 247,150,338,123 
부채와 자본총계 369,487,743,650 375,739,109,848 
 
(2) 연결포괄손익계산서 
(단위: 원) 
과    목 제35기 제34기 
기    간 2022.01.01~2022.12.31 2021.01.01~2021.12.31 
영업수익 233,292,677,241 254,161,757,236 
영업비용 149,539,550,953 146,225,405,575 
영업이익 83,753,126,288 107,936,351,661 
영업외수익 401,340,216 527,210,305 
영업외비용 1,870,655,241 880,8558,113 
법인세비용차감전순이익 82,283,811,263 107,583,003,853 
법인세비용 23,939,146,245 27,684,116,307 
당기순이익 59,344,665,018 79,898,887,546 
기타포괄이익 22,310,485 -827,635,738 
총포괄이익 59,366,975,503 79,071,251,808 
 
라. 운용자산 규모 
(2023년 09월 23일 현재, 단위: 억좌) 
투자신탁종류 
증권 
부동산 특별자산 혼합자산 MMF 총    계 
주식형 혼합형 채권형 파생상품형 재간접형 
수탁고 83,603 16,985 117,834 21,365 42,240 52,188 158,592 20,132 141,688 654,628 
 
2. 운용관련 업무 수탁회사 등에 관한 사항 
가. 투자신탁재산의 운용(지시)업무 수탁회사  
집합투자업자는 이 투자신탁의 투자자산 중 일부 또는 전부에 대한 업무를 아래와 같이 위탁하고 있으며, 업무 위탁에 따
른 책임은 위탁한 집합투자업자에게 있습니다. 또한 추후 위탁업무에 관한 사항은 변동될 수 있습니다. 
 
[해외위탁집합투자업자 및 위탁 내용]  
해당 투자신탁 해외위탁집합투자업자명 업무위탁범위 
KB 글로벌 리얼에셋 인컴 증권 모투자신탁
(채권) 
Brookfield Investment Management Inc. 운용 및 운용지시 업
무, 매매주문업무 등
을 포함하는 기타업무 
KB 글로벌 ESG 성장 리더스 증권 모투자
신탁(USD)(주식) 
American Century Investment Management 
Inc. 
 
 
 
- 62 - 
[해외위탁집합투자업자의 개요]  
해외위탁집합투자업자명  회사주소 회사개황 
Brookfield Investment 
Management Inc. 
250 Vesey Street, 15th Floor, New 
York, NY 10281, United States  
전화번호: +1-212-417-7000 
홈페이지: www.brookfield.com 
주요 주주: Brookfield Asset 
Management Inc. 100% 
최초 설립일: 1899년 
총수탁고: US$825bn (2023.03.31 기준) 
American Century 
Investment Management 
Inc. 
4500 Main Street, Kansas City, 
Missouri 64111 U.S.A.  
전화번호: 1-816-531-5575 
홈페이지: www.americancentury.com 
주요 주주: Stowers Institute and Family 
44%, Nomura Holdings, Inc. 39%  
최초 설립년도: 1958년 
총수탁고: US$ 209 bn (2023.03.30 기준) 
 
나. 기타 업무의 수탁회사: 해당사항 없음 
 
3. 투자신탁재산 관리회사에 관한 사항(신탁업자) 
가. 회사의 개요 
회사명 한국씨티은행 
주소 서울특별시 종로구 새문안로 50 
전화번호 ☎ 1588-7000 
인터넷 홈페이지 www.citibank.co.kr 
 
나. 주요 업무 
(1) 신탁업자는 다음 각 호의 업무를 영위합니다. 
1) 투자신탁재산의 보관 및 관리  
2) 집합투자업자의 투자신탁재산 운용지시에 따른 자산의 취득 및 처분의 이행  
3) 집합투자업자의 투자신탁재산 운용지시에 따른 집합투자증권의 환매대금 및 이익금의 지급 
4) 집합투자업자의 투자신탁재산 운용지시 등에 대한 감시  
5) 그 밖에 대통령령이 정하는 업무 
(2) 신탁업자는 다음 각 호와 같은 의무와 책임이 있습니다. 
1) 신탁업자는 투자신탁재산의 운용에 관하여 집합투자업자가 지시하는 사항의 집행, 취득한 증권 등의 보관 및 
관리, 집합투자업자의 투자신탁재산 운용지시에 따른 환매대금 및 이익금의 지급, 집합투자업자의 투자신탁
재산 운용지시 등에 대한 감시 등의 업무를 수행합니다. 
2) 신탁업자는 투자설명서가 법령 또는 신탁계약서에 부합하는지의 여부, 투자신탁재산의 평가의 공정성 또는 기
준가격산출의 적정성 등을 확인하여야 합니다.  
3) 신탁업자는 투자신탁재산의 운용에 관한 집합투자업자의 지시가 법령, 신탁계약서 또는 투자설명서에 위반되
는 경우에는 집합투자업자에 대하여 그 지시의 철회·변경 또는 시정을 요구하여야 합니다. 이 경우 집합투자
업자가 신탁업자의 요구를 제3영업일 이내에 이행하지 아니하는 때에는 그 사실을 금융감독원장에게 보고하
여야 하며, 관련 내용을 법령이 정하는 바에 따라 공시할 수 있습니다. 
 
 
 
 
- 63 - 
4. 일반사무관리회사에 관한 사항 
가. 회사의 개요 
회사명 ㈜국민은행 
주소 서울특별시 영등포구 의사당대로 141 KB국민은행 신관 4층 
전화번호 ☎ 1588-9999 
인터넷 홈페이지 www.kbstar.com 
 
나. 주요 업무 
(1) 일반사무관리회사는 이 투자신탁의 기준가격산출업무를 합니다. 
(2) 일반사무관리회사는 이 투자신탁의 기준가격을 매일 산정하여 집합투자업자에 통보하여야 합니다. 
 
5. 집합투자기구평가회사에 관한 사항 
해당사항 없음 
 
6. 채권평가회사에 관한 사항 
가. 회사의 개요 
회사명 KIS자산평가㈜ 한국자산평가㈜ NICE 피앤아이㈜  에프앤자산평가㈜ 
주소 
서울특별시 영등포구 
여의도동 35-4 
서울특별시 종로구 세
종로 211 
서울특별시 영등포구 
여의도동 14-11 
서울특별시 종로구 인
사동 194-27 
전화번호 ☎ 02-3215-1450 ☎ 02-399-3350 ☎ 02-398-3900 ☎ 02-721-5300 
인터넷 홈페이지 www.bond.co.kr www.koreaap.com www.npricing.co.kr www.fnpricing.com 
 
나. 주요 업무 
(1) 채권시가평가 정보제공 업무 
(2) 채권관련 자료 및 분석 tool 제공 업무 
(3) 자산평가 업무(부실채권 등 보유자산평가, ABS, MBS, 금리스왑 평가 등) 
(4) System 사업(채권운용지원시스템 BPO 제공, 통합신용위험 시스템 CRO제공 등) 
(5) 국내외 금융시장 정보수집, 조사, 연구 및 제공 업무 
(6) 채권관련 컨설팅 업무 등 
 
 
- 64 - 
 
1. 투자자의 권리에 관한 사항 
가. 투자자총회 등 
(1) 수익자총회의 구성: 이 투자신탁에는 전체 투자자로 구성되는 수익자총회를 두며, 수익자총회는 법령, 신탁계약
서 및 모투자신탁의 수익자총회 개최 사유 중 이 투자신탁 투자자의 이해관계에 영향을 미치는 사항에 한하여만 
결의할 수 있습니다. 다만, 수익자총회의 의결을 요하는 경우로서 특정 종류의 집합투자증권 투자자에 대하여만 
이해관계가 있는 때에는 그 종류의 투자자로 구성되는 수익자총회를 개최할 수 있습니다. 
(2) 수익자총회의 소집 및 의결권 행사방법 
1) 수익자총회는 이 투자신탁을 설정한 집합투자업자가 소집합니다. 
2) 투자신탁을 설정한 집합투자업자는 투자신탁재산을 보관·관리하는 신탁업자 또는 발행된 집합투자증권의 총
좌수의 100분의 5 이상을 소유한 투자자가 수익자총회의 목적과 소집의 이유를 기재한 서면을 제출하여 수
익자총회의 소집을 그 집합투자업자에 요청하는 경우 1개월 이내에 수익자총회를 소집하여야 합니다. 이 경
우 집합투자업자가 정당한 사유 없이 수익자총회를 소집하기 위한 절차를 거치지 아니하는 경우에는 그 신탁
업자 또는 발행된 집합투자증권 총좌수의 100분의 5 이상을 소유한 투자자는 금융위원회의 승인을 받아 수
익자총회를 개최할 수 있습니다. 
3) 수익자총회는 출석한 수익자의 의결권의 과반수와 발행된 집합투자증권 총좌수의 4분의 1 이상의 수로 결의
합니다. 다만, 법에서 정한 수익자총회의 결의사항 외에 신탁계약으로 정한 수익자총회의 결의사항에 대하여
는 출석한 수익자의 의결권의 과반수와 발행된 집합투자증권의 총좌수의 5분의 1 이상의 수로 결의할 수 있
습니다. 
4) 수익자는 수익자총회에 출석하지 아니하고 서면에 의하여 의결권을 행사할 수 있습니다. 서면에 의하여 의결
권을 행사하려는 수익자는 의결권 행사의 내용을 기재한 서면을 수익자총회일 전날까지 집합투자업자에 제출
하여야 합니다. 다만, 다음 요건을 모두 충족하는 경우에는 수익자총회에 출석한 수익자가 소유한 집합투자증
권의 총좌수의 결의내용에 영향을 미치지 아니하도록 의결권을 행사(이하 ""간주의결권행사""라 한다.)한 것으
로 봅니다. 
1. 수익자에게 법 시행령으로 정하는 방법에 따라 의결권 행사에 관한 통지가 있었으나 의결권이 행사되지 
아니하였을 것 
2. 간주의결권행사의 방법이 신탁계약서에 기재되어 있을 것 
3. 수익자총회에서 의결권을 행사한 집합투자증권의 총좌수가 발행된 집합투자증권의 총좌수의 10분의 1 
이상일 것 
4. 그 밖에 수익자를 보호하기 위하여 법 시행령으로 정하는 방법 및 절차를 따를 것 
5) 특정 종류의 집합투자증권 투자자로 구성되는 수익자총회를 개최하는 경우 1)~4) 내용 중 “발행된 집합투자
증권”은 “발행된 당해 종류 집합투자증권”으로 봅니다. 
(3) 연기수익자총회 
1) 집합투자업자는 수익자총회의 결의가 이루어지지 아니한 경우 그 날부터 2주 이내에 연기된 수익자총회(이하 
“연기수익자총회”라 한다.)를 소집하여야 합니다. 
2) 연기수익자총회는 출석한 수익자의 의결권의 과반수와 발행된 집합투자증권 총좌수의 8분의 1 이상의 수로 
결의합니다. 다만, 법에서 정한 수익자총회의 결의사항 외에 신탁계약으로 정한 수익자총회의 결의사항에 대
하여는 출석한 수익자의 의결권의 과반수와 발행된 집합투자증권의 총좌수의 10분의 1 이상의 수로 결의할 
수 있습니다. 
(4) 수익자총회 결의사항 
1) 집합투자업자, 신탁업자 등이 받는 보수, 그 밖의 수수료의 인상 
제5부. 기타 투자자보호를 위해 필요한 사항 
 
- 65 - 
2) 신탁업자의 변경(합병, 분할, 분할합병, 자본시장과 금융투자업에 관한 법률 시행령 제216조에서 정한 사유로 
변경되는 경우 제외) 
3) 신탁계약기간의 변경(투자신탁을 설정할 당시에 그 기간변경이 신탁계약서에 명시되어 있는 경우는 제외) 
4) 투자신탁종류의 변경 
5) 주된 투자대상자산의 변경 
5)의2 투자대상자산에 대한 투자한도의 변경(법 시행령 제80조 제1항 제3호의2 각 목 외의 부분에 따른 투자행
위로 인한 경우만 해당한다) 
6) 집합투자업자의 변경 
7) 환매금지투자신탁으로의 변경 
8) 환매대금 지급일의 연장 
9) 그 밖에 투자자를 보호하기 위하여 필요한 사항으로 금융위원회가 정하여 고시하는 사항  
(5) 투자신탁의 합병 
1) 투자신탁을 설정한 집합투자업자는 그 집합투자업자가 운용하는 다른 투자신탁을 흡수하는 방법으로 투자신
탁을 합병할 수 있습니다. 
2) 투자신탁을 설정한 집합투자업자는 제1항에 따라 투자신탁을 합병하고자 하는 경우 법 제193조 제2항 각 호
에서 정하는 사항을 기재한 합병계획서를 작성하여 합병하는 각 투자신탁의 수익자총회의 결의를 거쳐야 합
니다. 다만, 건전한 거래질서를 해할 우려가 적은 소규모 투자신탁의 합병 등 시행령 제225조의2에서 정하는 
경우는 제외합니다. 
(6) 반대매수청구권: 투자신탁의 수익자는 다음 어느 하나에 해당하는 경우 집합투자업자에게 집합투자증권의 수를 
기재한 서면으로 자기가 소유하고 있는 집합투자증권의 매수를 청구할 수 있습니다. 
1) 법 제188조 제2항 각 호 외의 부분 후단에 따른 신탁계약의 변경 또는 제193조 제2항에 따른 투자신탁의 합
병에 대한 수익자총회의 결의에 반대(수익자총회 전에 해당 집합투자업자에게 서면으로 그 결의에 반대하는 
의사를 통지한 경우로 한정한다)하는 수익자가 그 수익자총회의 결의일부터 20일 이내에 집합투자증권의 매
수를 청구하는 경우 
2) 법 제193조 제2항 각 호 외의 부분 단서에 따른 투자신탁의 합병에 반대하는 수익자가 법 시행령으로 정하는 
방법에 따라 집합투자증권의 매수를 청구하는 경우 
 
나. 잔여재산분배: 금융위원회의 승인을 받아 투자신탁을 해지하는 경우, 신탁계약서에서 정한 신탁계약기간의 종료, 수익
자총회의 투자신탁 해지 결의, 투자신탁의 등록·취소 등의 사유로 투자신탁을 해지하는 경우 집합투자업자는 신탁계
약서에서 정하는 바에 따라 투자신탁재산에 속하는 자산을 해당 투자자에게 지급할 수 있습니다. 
 
다. 장부·서류의 열람 및 등·초본 교부청구권 
(1) 투자자는 집합투자업자 및 판매회사에 대하여 영업시간 이내에 열람사유를 기재한 서면으로 투자자에 관련된 투
자신탁재산에 관한 장부·서류의 열람이나 등본 또는 초본의 교부를 청구할 수 있으며, 집합투자업자 및 판매회사
는 대통령령이 정하는 정당한 사유가 없는 한 이를 거절하지 못합니다.  
(2) (1)의 규정에 의한 열람이나 등본 또는 초본의 교부청구의 대상이 되는 장부·서류는 다음과 같습니다. 
1) 투자신탁재산 명세서 
2) 집합투자증권 기준가격대장 
3) 재무제표 및 그 부속명세서 
4) 투자신탁재산 운용내역서 
 
 
- 66 - 
라. 손해배상책임 
(1) 금융투자업자가 법령, 신탁계약서 및 투자설명서에 위배되는 행위를 하거나 그 업무를 소홀히 하여 손해를 발생시
킨 때에는 당해 투자신탁재산의 투자자에 대하여 손해를 배상할 책임이 있습니다. 다만, 배상의 책임을 질 금융투자
업자가 상당한 주의를 하였음을 증명하거나 투자자가 금융투자상품의 매매, 그 밖의 거래를 할 때에 그 사실을 안 
경우에는 배상의 책임을 지지 않습니다. 또한, 금융투자업자가 손해배상책임을 부담하는 경우, 관련 임원에게도 귀
책사유가 있는 경우에는 그 금융투자업자와 관련되는 임원이 연대하여 그 손해를 배상할 책임이 있습니다. 
(2) 증권신고서(정정신고서 및 첨부서류를 포함)와 투자설명서(예비투자설명서 및 간이투자설명서를 포함) 중 중요사
항에 관하여 거짓의 기재 또는 표시가 있거나 중요사항이 기재 또는 표시되지 아니함으로써 투자자가 손해를 입은 
경우에는 해당 주체¹는 손해를 배상할 책임이 있습니다. 다만, 배상의 책임을 질 자가 상당한 주의를 하였음에도 불
구하고 이를 알 수 없었음을 증명하거나 그 투자자가 취득의 청약을 할 때에 그 사실을 안 경우에는 배상의 책임을 
지지 아니합니다. 
※ 해당 주체¹: 해당 증권신고서의 신고인과 신고당시의 발행인의 이사, 증권신고서의 작성을 지시하거나 집행한 자, 해당 증권신고서의 
기재사항 또는 그 첨부서류가 진실 또는 정확하다고 증명하여 서명한 공인회계사·감정인 또는 신용평가를 전문으로 하는 자 등, 해당 
증권신고서의 기재사항 또는 그 첨부서류에 자기의 평가·분석·확인·의견이 기재되는 것에 대하여 동의하고 그 기재내용을 확인한 자, 
해당 증권의 인수인 또는 주선인(인수인 또는 주선인이 2인 이상인 경우에는 법 시행령으로 정하는 자를 말한다), 해당 투자설명서를 
작성한 자 및 교부한 자, 매출의 방법에 의한 경우 매출신고 당시의 매출인 
 
마. 재판관할 
(1) 집합투자업자, 신탁업자 또는 판매회사가 이 투자신탁에 관하여 소송을 제기한 때에는 소송을 제기하는 자의 본
점소재지를 관할하는 법원에 제기합니다.  
(2) 투자자가 소송을 제기하는 때에는 투자자의 선택에 따라 투자자의 주소지 또는 투자자가 거래하는 집합투자업자, 
신탁업자 또는 판매회사의 영업점포 소재지를 관할하는 법원에 제기할 수 있습니다. 다만, 투자자가 외국환거래법 
제3조 제15호의 규정에 의한 비거주자인 경우에는 투자자가 거래하는 집합투자업자, 신탁업자 또는 판매회사의 
영업점포 소재지를 관할하는 법원에 제기하여야 합니다. 
 
바. 기타 투자자의 권리보호에 관한 사항 
(1) 이 투자신탁의 신탁계약서 등 투자신탁에 대한 추가정보를 원하시는 투자자는 이 투자신탁의 집합투자업자 또는 
판매회사에 언제든지 자료를 요구할 수 있습니다. 
(2) 이 투자신탁의 기준가변동 등 운용실적에 관해서는 이 투자신탁의 집합투자업자 또는 판매회사에 언제든지 요구
할 수 있습니다. 
(3) 이 투자신탁의 투자설명서 및 기준가격변동 등은 한국금융투자협회에서 열람 및 복사하거나 한국금융투자협회 
홈페이지(www.kofia.or.kr) 그리고 KB자산운용 홈페이지(www.kbam.co.kr)에서 확인하실 수 있습니다. 
 
2. 집합투자기구의 해지에 관한 사항 
가. 의무해지: 집합투자업자는 다음의 어느 하나에 해당하는 경우에는 지체없이 투자신탁을 해지하여야 합니다. 이 경우 
집합투자업자는 그 해지사실을 지체없이 금융위원회에 보고하여야 합니다. 
(1) 신탁계약서에서 정한 신탁계약기간의 종료 
(2) 수익자총회의 투자신탁 해지 결의 
(3) 투자신탁의 피흡수 합병 
(4) 투자신탁의 등록·취소 
(5) 수익자의 총수가 1인이 되는 경우. 다만, 법 제6조 제6항에 따라 인정되거나 건전한 거래질서를 해할 우려가 없는 
경우로서 법 시행령 제224조의2에서 정하는 경우는 제외합니다. 
 
- 67 - 
나. 임의해지: 집합투자업자는 다음의 경우 금융위원회의 승인을 받지 아니하고 투자신탁을 해지할 수 있으며, 이 경우 집
합투자업자는 그 해지사실을 지체없이 금융위원회에 보고하여야 합니다. 또한 (3) 및 (4)의 사유로 임의해지하는 경우 
집합투자업자는 해지사유, 해지일자, 상환금 등의 지급방법 및 기타 해지관련사항을 매일경제신문(2 이상의 일간신문
에 공고하는 경우에는 경향신문 포함)에 공고하거나 전자등록기관을 통하여 수익자에게 개별통지하여야 합니다. 
(1) 투자자 전원이 동의한 경우 
(2) 집합투자증권 전부의 환매청구가 있는 경우 
(3) 최초설정일로부터 1년이 되는 날에 투자신탁의 원본액이 50억원 미만인 경우 
(4) 최초설정일로부터 1년이 지난 후 1개월간 계속하여 투자신탁의 원본액이 50억원 미만인 경우 
 
 
3. 집합투자기구의 공시에 관한 사항 
가. 정기보고서 
(1) 영업보고서: 집합투자업자는 투자신탁재산에 관한 매분기의 영업보고서를 금융위원회가 정하는 기준에 따라 작
성하여, 매분기 종료 후 2개월 이내에 이를 금융위원회 및 한국금융투자협회에 제출하여야 합니다. 
(2) 결산서류: 집합투자업자는 다음에 해당하는 사유가 발생한 경우 그 사유가 발생한 날로부터 2개월 이내에 이 투
자신탁재산에 대한 결산서류를 작성하여 회계감사인의 회계감사를 받아야 하고, 이 결산서류를 금융위원회 및 한
국금융투자협회에 제출하여야 합니다. 
1) 투자신탁의 회계기간 종료 
2) 투자신탁의 계약기간 종료 
3) 투자신탁의 해지 
(3) 자산운용보고서: 집합투자업자는 자산운용보고서를 작성하여 해당 신탁업자의 확인을 받아 3개월마다 1회 이상 
해당 투자신탁의 투자자에게 교부하여야 합니다. 다만, 투자자가 수시로 변동되는 등 투자자의 이익을 해할 우려
가 없는 경우로서 대통령령으로 정하는 경우에는 자산운용보고서를 투자자에게 교부하지 아니할 수 있습니다. 
(4) 자산보관·관리보고서: 신탁업자는 투자신탁의 회계기간 종료, 계약기간 종료 및 해지 후 2월 이내에 법 제248조
에서 규정한 자산보관·관리보고서를 투자자에게 교부하여야 합니다. 다만, 투자자가 수시로 변동되는 등 투자자
의 이익을 해할 우려가 없는 경우로서 대통령령으로 정하는 경우에는 자산보관·관리보고서를 투자자에게 교부하
지 아니할 수 있습니다. 
[소규모 투자신탁 투자자보호 방안] 
 
집합투자업자는 소규모 투자신탁이 발생하지 않도록 최선의 노력을 기울여야 하나, 소규모 투자신탁이 발생하는 경우 투
자자보호를 위하여 다음과 같은 방법으로 소규모 투자신탁을 처리할 계획입니다. 
 
(1) 투자신탁 최초설정일로부터 6개월이 되는 날에 이 투자신탁의 원본액이 15억원을 초과하지 못하는 경우 수익자총회 
없이 신탁계약 변경을 통하여 신탁계약서에서 규정한 투자신탁으로 자동전환 됩니다. 
(2) 투자신탁이 최초설정 후 1년이 경과하였음에도 설정액이 50억원 미만인 경우에는 임의해지 됩니다. 
(3) 집합투자업자는 상기 방법 이외에도 '운용전략 등이 유사한 다른 투자신탁과의 합병' 또는 '다른 모투자신탁으로의 자
산 이전' 등의 방법으로 소규모 투자신탁을 정리할 수 있습니다.  
(4) 집합투자업자가 '임의해지', '다른 투자신탁과의 합병' 및 '다른 모투자신탁으로의 자산 이전' 등의 방법으로 소규모 투
자신탁을 정리하는 경우에는 판매회사와 협의를 거쳐 정리방법 및 시기를 정하며, 퇴직연금 및 연금저축 투자신탁 등 세
제혜택을 받는 소규모 투자신탁을 정리하는 경우에는 연금사업자 및 판매회사와 협의하여 투자자의 세제적격 요건이 유
지될 수 있도록 합니다. 
 
- 68 - 
(5) 기타장부 및 서류: 집합투자업자·판매회사·신탁업자 및 일반사무관리회사는 금융위원회가 정하는 바에 따라 그 
업무에 관한 장부 및 서류를 작성하여 본점 및 지점에 비치하거나 인터넷 홈페이지를 이용하여 공시하여야 합니다. 
 
나. 수시공시 
(1) 신탁계약변경에 관한 공시 
1) 집합투자업자는 신탁계약을 변경한 경우에는 신탁업자와 변경계약을 체결하여야 하며, 다음 각 호의 어느 하나
에 해당하는 사항을 변경하는 경우에는 수익자총회의 결의를 거쳐야 합니다. 
(가) 집합투자업자·신탁업자 등이 받는 보수, 그 밖의 수수료의 인상 
(나) 신탁업자의 변경(합병·분할·분할합병, 그 밖에 대통령령으로 정하는 사유로 변경되는 경우를 제외한다) 
(다) 신탁계약기간의 변경(투자신탁을 설정할 당시에 그 기간변경이 신탁계약서에 명시되어 있는 경우는 제외) 
(라) 그 밖에 투자자의 이익과 관련된 중요한 사항으로서 대통령령이 정하는 사항 
2) 수익자총회의 의결에 의하지 않고 신탁계약을 변경한 경우: 일간신문 또는 인터넷 홈페이지를 통해 1회 이상 
공고하며, 일간신문에 공고를 하는 때에는 매일경제신문에 공고하되 2이상의 일간신문에 공고하는 때에는 
경향신문에도 공고합니다. 
(2) 수시공시: 집합투자업자는 다음 각 호의 1에 해당하는 사항을 그 사유발생 후 지체없이 집합투자업자 홈페이지
(www.kbam.co.kr), 판매회사 홈페이지 및 한국금융투자협회 홈페이지(www.kofia.or.kr), 집합투자업자·판매
회사의 본·지점 및 영업소에 게시하고, 전자우편을 이용하여 투자자에게 통보하여야 합니다. 일간신문에 공고를 
하는 때에는 매일경제신문에 공고하되, 2이상의 일간신문에 공고하는 때에는 경향신문에도 공고합니다. 
1) 투자운용인력의 변경이 있는 경우 그 사실과 변경된 투자운용인력의 운용경력 
2) 환매연기 또는 환매재개의 결정 및 그 사유  
3) 대통령령이 정하는 부실자산이 발생한 경우 그 내역 및 상각율  
4) 수익자총회의 의결내용  
5) 투자설명서의 변경. 다만, 법령의 개정 또는 금융감독원장의 명령에 따라 투자설명서를 변경하거나, 신탁계약
서의 변경에 따라 투자설명서를 변경하는 경우 및 단순한 자구수정 등 경미한 사항을 변경 및 투자운용인력
의 변경이 있는 경우로서 법 제123조 제3항 제2호에 따른 투자설명서의 변경은 제외 
6) 집합투자업자의 합병, 분할, 분할합병 또는 영업의 양도·양수 
7) 집합투자업자 또는 일반사무관리회사가 기준가격을 잘못 산정하여 이를 변경하는 경우 그 내용(법 시행령 제
262조 제1항 후단에 따라 공고·게시하는 경우에 한한다) 
8) 최초설정일로부터 1년이 되는 날에 투자신탁의 원본액이 50억원 미만인 경우 그 사실과 이 투자신탁이 법 제
192조 제1항 단서에 따라 임의해지될 수 있다는 사실 
9) 최초설정일로부터 1년이 지난 후 1개월간 계속하여 투자신탁의 원본액이 50억원 미만인 경우 그 사실과 이 
투자신탁이 법 제192조 제1항 단서에 따라 임의해지될 수 있다는 사실 
10) 그 밖에 투자자의 투자판단에 중대한 영향을 미치는 사항으로 금융위원회가 정하여 고시하는 사항 
(3) 집합투자재산의 의결권 행사에 관한 공시 
1) 집합투자업자는 집합투자재산인 주식의 의결권을 행사하는 경우 다음 각 호의 구분에 따라 의결권행사내용 
등을 공시하여야 합니다. 
(가) 법 제87조 제2항 및 제3항에 따라 주요의결사항에 대하여 의결권을 행사하는 경우:  의결권의 구체적
인 행사내용 및 그 사유 
(나) 의결권 공시대상 법인에 대하여 의결권을 행사하는 경우: 의결권의 구체적인 행사 내용 및 그 사유 
(다) 의결권 공시대상 법인에 대하여 의결권을 행사하지 아니하는 경우: 의결권을 행사하지 아니한 구체적인 
사유 
 
- 69 - 
2) 의결권행사에 관한 공시는 다음에 해당하는 방법에 의하여야 합니다. 
(가) 의결권을 행사하고자 하는 주식을 발행한 법인이 주권상장법인으로서 법 제87조 제7항에 따른 의결권
공시대상법인인 경우에는 매년 4월 30일까지 직전 연도 4월 1일부터 1년간 행사한 의결권 행사 내용 
등을 증권시장을 통하여 공시하여야 합니다. 
 
4. 이해관계인 등과의 거래에 관한 사항 
가. 이해관계인과의 거래내역: 해당사항 없음 
 
▣ 이 투자신탁이 투자하는 모투자신탁에 관한 사항 
(단위: 백만원) 
펀드명 성명(상호) 관 계
KB증권 계열회사 위탁거래 선물 64
KB증권 자판 위탁거래 선물 319
KB금융지주 계열회사 매매거래 주식 1
KB금융지주 최대주주 매매거래 주식 1
KB증권 계열회사 위탁거래 주식 170
KB증권 자판 위탁거래 주식 851
KB증권 계열회사 위탁거래 주식 65
KB증권 자판 위탁거래 주식 326
케이비캐피탈 계열회사 매매거래 선물 0
KB금융지주 계열회사 매매거래 주식 0
KB금융지주 최대주주 매매거래 주식 0
KB증권 계열회사 위탁거래 주식 3
KB증권 자판 위탁거래 주식 16
케이비캐피탈 계열회사 매매거래 선물 27
케이비카드 계열회사 매매거래 선물 27
KB증권 계열회사 위탁거래 채권 67
KB증권 계열회사 위탁거래 선물 2,926
KB증권 자판 위탁거래 채권 334
KB증권 자판 위탁거래 선물 14,629
KB 글로벌 코어 본드 증권 모투자신탁(채권)
KB 액티브 배당 증권 모(주식)
KB 중소형주 포커스 증권 모(주식)
KB 코리아 롱숏 증권 모(주식혼합)
KB 연금플랜 국내채권 증권 모(채권)
이해관계인 거래의 종류 자산의 종류 거래 금액
 
 
나. 집합투자기구 간 거래에 관한 사항: 해당사항 없음 
 
 
 
 
 
 
 
 
 
 
 
 
 
- 70 - 
다. 투자중개업자 선정 기준 
구    분 중 개 회 사 의  선 정 기 준 
투자증권 거래 및 
장내파생상품 거래 
증권 거래 및 장내파생상품 거래에 관한 중개회사의 선정기준은 KB자산운용㈜ 내부통제기준
에서 다음과 같이 정하고 있습니다. 
① 회사는 중개회사를 선정함에 있어 투자자에게 최대한 이익이 돌아갈 수 있도록 다음 각 
호의 사항을 고려하여야 한다. 
  1. 펀드 또는 투자자가 부담하여야 할 비용(중개수수료)이나 수익(Value of 
Research) 
  2. 거래 유형(예: 상장주식 블록매매, 장외주식매매, 파생거래, 채권매매 등)에 따른 매
매체결 능력 
  3. 중개회사의 재무상황, 규모 등 발생 가능한 리스크 
② 회사는 중개회사를 선정함에 있어 자기가 운용하는 펀드의 판매를 조건으로 매매주문을 
위탁하기로 약정하여서는 아니 된다. 
③ 중개회사에 대한 수수료는 제공받는 서비스의 질과 양, 다른 중개회사에 지급하는 수수
료율 등을 고려하여 합리적인 범위 내에서 지급하여야 하며, 관계회사 등에 대하여 높은 수
수료를 지급하는 등 정당한 사유 없이 우대하여서는 아니 된다. 
④ 회사는 중개회사별 매매주문 배분계획을 수립하고 준법감시인의 승인을 받아 계획된 배
분비율에 의하여 중개회사에 매매를 위탁하여야 한다.  
⑤ 준법감시인은 중개회사별 매매주문 배분계획과 실제 매매내역을 분기별로 점검하고 이
를 위반한 경우에는 그 이유를 소명하고 기록을 유지하여야 한다. 
 
5. 집합투자업자의 고유재산 투자에 관한 사항 
가. 금융위원회 공고 제2017-002호에 따른 고유재산 투자: 해당사항 없음 
※ 이 투자신탁은 기 설정된 당사의 모펀드들에 투자하는 자펀드로, 투자대상 모펀드 중 고유재산 투자의무 대상 모펀드의 
경우 이미 해당 요건을 충족하였으므로 이 투자신탁은 고유재산 투자의무 대상 펀드에 해당하지 않습니다. 
 
나. 가 목 이외의 고유재산 투자 
- 투자주체: KB자산운용㈜ 
- 투자목적: 운용에 대한 책임성 제고 및 적정 운용규모 확보를 통한 안정적 운용 추구 
- 투자시기: 최초설정일로부터 10영업일 이내 
- 투자금액: 20억원 
- 투자기간 및 회수계획: 투자기간 및 투자금 회수는 집합투자업자의 손익구조 또는 자금사정을 고려하여 결정할 예정
이며, 고유재산으로 투자한 자금이 필요하거나 이 투자신탁의 적정 설정규모 달성 등에 따라 회수될 예정임 
 
6. 외국 집합투자기구에 관한 추가 기재사항 
 해당사항 없음 
 
- 71 - 
 
용    어 내     용 
펀드 
집합투자를 수행하는 기구로서 법적으로 집합투자기구라 표현되며 통상 펀드라고 불립니
다. 대표적으로 투자신탁 및 투자회사가 이에 해당합니다. 
투자신탁 집합투자업자와 신탁업자 간 신탁계약 체결에 의해 만들어지는 펀드를 말합니다. 
집합투자증권 
펀드(집합투자기구)에 투자한 투자자들에게 출자비율에 따라 나눠주는 수익증권으로서 주
식회사의 주권과 유사한 개념입니다. 
순자산 펀드의 운용성과 및 투자원금을 합한 금액으로서 원으로 표시됩니다. 
한국금융투자협회 
펀드코드 
상장주식의 경우 회사명 또는 코드번호 6자리를 활용하여 투자자들이 쉽게 공시사항을 조
회·활용할 수 있는 것처럼 집합투자기구 또한 한국금융투자협회가 부여하는 5자리의 고유 
코드가 존재하며, 집합투자기구명 뿐만 아니라 이러한 코드를 이용하여 집합투자기구의 각
종 정보에 대한 조회가 가능합니다. 
혼합자산집합투자기구 투자신탁재산의 투자비율 제한이 없는 펀드를 말합니다. 
개방형 환매가 가능한 펀드를 말합니다. 
추가형 추가로 자금 납입이 가능한 펀드를 말합니다. 
모자형 
운용하는 펀드(모펀드)와 이 펀드에 주로 투자하는 펀드(자펀드)로 구성된 펀드 형태를 말
합니다. 자펀드는 해당 모펀드에 투자신탁재산의 대부분을 투자합니다. 
종류형 
멀티클래스 펀드로서 자금납입방법, 투자자자격, 투자금액 등에 따라 판매보수 및 수수료를 
달리 적용하는 펀드입니다. 
기준가격 펀드의 가격으로서 매일매일 운용성과에 따라 변경되며 매입 혹은 환매시 적용됩니다. 
자본이득 펀드 운용시 주식 및 채권 등에 투자하여 발생한 시세 차익을 말합니다. 
배당소득 펀드 운용시 주식 및 채권 등에 투자하여 발생한 이자 및 배당금을 말합니다. 
보수 펀드에 가입 후 펀드 운용 및 관리에 대해 고객이 투자신탁재산으로 지불하는 비용입니다. 
선취수수료 펀드 가입 시 투자자가 판매회사에 지불하는 비용입니다. 
설정 펀드에 자금이 납입되는 것을 지칭합니다. 
해지 펀드를 소멸시키는 행위로서 투자회사의 해산과 유사한 개념입니다. 
투자자총회 
신탁계약서상의 중요 사항을 변경할 때 펀드의 모든 가입자들이 모여서 의사 결정하는 기
구. 그 방법 및 절차는 법령 및 해당 규약에 따릅니다. 
원천징수 
소득금액 또는 수입금액을 지급할 때, 그 지급자(보통은 판매회사)가 그 지급받는 자(투자
자)가 부담할 세액을 미리 국가를 대신하여 징수하는 것을 말합니다. 
비교지수 
벤치마크로 불리기도 하며 펀드 성과의 비교를 위해 정해놓은 지수입니다. 일반적으로 
Active 펀드는 그 비교지수 대비 초과 수익을 목표로 하며, 인덱스 펀드는 그 비교지수 추
종을 목적으로 합니다. 
 
 
[참고] 펀드용어의 정리",ok,
products/fund/7-2간투KB베스트모아드림.pdf,7-2간투KB베스트모아드림.pdf,products/fund,5,"- 1 - 
이 요약정보는 KB 베스트 모아드림 혼합자산 자투자신탁의 투자설명서의 내용 중 중요사항을 발췌ㆍ요약한 핵심정보를 담고 있습니다. 따라서 자세
한 정보가 필요하신 경우에는 동 집합투자증권을 매입하기 이전에 투자설명서를 반드시 참고하시기 바랍니다.  
 
■ 요약정보 
투자목적 및 
투자전략 
- 이 투자신탁은 다양한 모투자신탁에 분산투자하여 위험을 관리하면서 장기 안정적인 수익을 추구합니다. 이 투자신탁이 모
투자신탁을 활용하여 추구하는 주요 전략은 시장중립전략, 인컴추구전략, 대체자산투자전략, 자산배분전략 등입니다.  
- 이 투자신탁이 투자하는 다수의 모투자신탁은 외화표시 자산 투자로 인한 환헤지 전략을 수행하는 모투자신탁과 수행하지 
않는 모투자신탁이 혼재되어 있으므로 자투자신탁에서 환헤지 대상통화 및 비중 등을 통합적으로 관리하여 환헤지 전략을 
수행할 예정입니다. (※목표헤지비율: 외화자산의 최소 30%내외, 최대 100%내외) 
※ 투자대상 모펀드는 간이투자설명서의 별첨을 참고하시고, 모펀드의 자세한 사항은 투자설명서를 확인하시기 바랍니다. 
분류 투자신탁, 혼합자산, 개방형(환매가 가능한 투자신탁), 추가형, 종류형, 모자형 
투자비용 
클래스 종류 
투자자가 부담하는 수수료, 총보수 및 비용 
(연간, 단위: %) 
1,000만원 투자시 투자자가 부담하는 
투자기간별 총보수·비용 예시 (단위: 천원) 
판매수수료 총보수 
 동종유형 
총보수 
총보수·
비용 1년 2년 3년 5년 10년 
판매보수 
수수료선취- 
오프라인(A) 
납입금액의 
0.8% 이내 0.755 0.350 0.840 1.196 201 327 457 734 1,525 
수수료미징구- 
오프라인(C) 없음 1.305 0.900 1.090 1.745 178 361 550 949 2,065 
수수료선취- 
온라인(A-E) 
납입금액의 
0.4% 이내 0.580 0.175 0.620 1.021 144 252 364 603 1,290 
수수료미징구- 
온라인(C-E) 없음 0.855 0.450 0.810 1.295 132 269 411 712 1.569 
(주1)‘1,000만원 투자시 투자자가 부담하는 투자기간별 총보수·비용 예시’는 투자자가 1,000만원을 투자했을 경우 향후 투자기간별 지불하
게 되는 총비용(판매수수료 + 합성총보수·비용[피투자펀드 보수 포함])을 의미합니다. 선취판매수수료 및 총보수비용은 일정하고, 이
익금은 모두 재투자하며, 연간 투자수익률은 5%로 가정하였습니다. 
(주2) A 클래스와 C 클래스에 각각 투자할 경우 총비용이 일치하는 시점은 1년 5개월이 경과되는 시점이며 A-E 클래스와 C-E 클래스에 각각 
투자할 경우 총비용이 일치하는 시점은 1년 5개월이 되는 경과시점이나 추가납입, 보수 등의 변경에 따라 달라질 수 있습니다. 
(주3) 종류형 집합투자기구의 구체적인 투자비용은 투자설명서 제2부 13. 보수 및 수수료에 관한 사항(p.42~46)을 참고하시기 바랍니다. 
(주4) ‘동종유형 총보수’는 한국금융투자협회에서 공시하는 동종유형 집합투자기구 전체의 평균 총보수·비용을 의미합니다. 
투자실적추이 
(연평균수익률) 
(단위:%) 
종류 최초설정일 
최근 1년 최근 2년 최근 3년 최근 5년 
설정일이후 2022/09/23 ~ 
2023/09/22 
2021/09/23 ~ 
2023/09/22 
2020/09/23 ~ 
2023/09/22 - 
수수료선취- 
오프라인(A) 2019-09-23 0.00 -4.79 1.37 - 1.15 
비교지수 - - - - - - 
수익률 변동성 2019-09-23 6.31 7.43 6.67 8.21 8.21 
(주1) 비교지수: 해당사항 없음 
(주2) 연평균 수익률은 해당 기간동안의 누적수익률을 기하평균방식으로 계산한 것으로 집합투자기구 총비용 지급 후 해당기간동안의 세전
평균 수익률을 나타내는 수치입니다. 
(주3) 수익률 변동성(표준편차)은 해당기간 펀드의 연환산 주간수익률이 평균수익률에서 통상적으로 얼마만큼 등락했는지를 보여주는 수치
로서, 변동성이 높을수록 수익률 등락이 빈번해 펀드의 손실위험이 높다는 것을 의미합니다. 
간이투자설명서   | 작성기준일 2023.09.23. | 
KB 베스트 모아드림 혼합자산 자투자신탁[펀드코드: CV694] 
투자위험등급 KB자산운용㈜는 이 투자신탁의 실제 수익률 변동성을 감안하여 4등급으로 분류
하였습니다. 
집합투자증권은 ｢예금자보호법｣에 따라 예금보험공사가 보호하지 않는 실적배당상품입니
다. 집합투자기구 재산의 70% 이상을 다양한 모투자신탁에 분산투자하는 자투자신탁으로, 
전략수행에 따른 위험, 국내외 주식, 채권 및 집합투자증권 투자에 따른 가격 변동 위험, 해
외 자산 등에 투자로 인한 국가 위험 및 환율변동 위험 등이 있으므로 투자에 신중을 기하여 
주시기 바랍니다. 
4등급(보통 위험) 
1 2 3 4 5 6 
매우 
높은 
위험 
높은 
위험 
다소 
높은 
위험 
보통 
위험 
낮은 
위험 
매우 
낮은 
위험 
- 2 - 
운용전문 
인력 
성명 생년 직위 
운용현황 동종펀드 연평균 수익률(혼합자산)(%) 
운용경력년수 펀드수 
(개) 
규모 
(억) 
운용역 운용사 
최근1년 최근2년 최근1년 최근2년 
이덕주 1973년 책임 35 1,262 4.15 2.69 
4.15 2.69 
16년 11개월 
박재환 1995년 부책임 19 670 0.76 - 1년 9개월 
(주1) ‘책임운용전문인력’은 이 집합투자기구의 운용의사결정 및 운용결과에 대한 책임을 부담하는 운용전문인력을 말하며, ‘부책임운용전문
인력’은 책임운용전문인력이 아닌 자로서 집합투자기구의 투자목적 및 운용전략 등에 중대한 영향을 미칠 수 있는 자산에 대한 운용권
한을 가진 운용전문인력을 말합니다. 
(주2) 운용전문인력의 최근 과거 3년 이내에 운용한 집합투자기구의 명칭, 집합투자재산의 규모와 수익률 등은 금융투자협회 홈페이지
(dis.kofia.or.kr)에서 확인할 수 있습니다. 
(주3) 동종집합투자기구 연평균 수익률은 해당 집합투자업자가 분류한 동일 유형 집합투자기구의 평균운용성과이며, 해당 운용전문인력의 평
균운용성과는 해당 회사 근무기간 중 운용한 성과를 의미합니다. 
(주4) ‘운용경력년수’는 해당 운용전문인력이 과거 집합투자기구를 운용한 기간을 모두 합산한 기간입니다. 
투자자 
유의사항 
ㆍ집합투자증권은 ｢예금자보호법｣에 따라 예금보험공사가 보호하지 않는 실적배당상품으로 투자원금의 손실이 발생할 수 
있으므로 투자에 신중을 기하여 주시기 바랍니다.  
ㆍ금융위원회가 투자설명서의 기재사항이 진실 또는 정확하다는 것을 인정하거나 그 증권의 가치를 보증 또는 승인하지 아니
함을 유의하시기 바랍니다. 
ㆍ간이투자설명서보다 자세한 내용이 필요하시어 투자설명서의 교부를 요청하시면 귀하의 집합투자증권 매입 이전까지 교부 
하오니 참고하시기 바랍니다. 
ㆍ간이투자설명서는 증권신고서 효력발생일까지 기재사항 중 일부가 변경될 수 있으며, 개방형 집합투자증권인 경우 효력 발
생일 이후에도 변경될 수 있습니다. 
ㆍ이 집합투자증권의 투자위험등급을 확인하시고, 귀하의 투자 경력이나 투자성향에 적합한 상품인지 신중한 투자결정을 하
시기 바랍니다. 
ㆍ증권신고서, 투자설명서상 기재된 투자전략에 따른 투자목적 또는 성과목표는 반드시 실현된다는 보장은 없습니다. 또한 
과거의 투자실적이 장래에도 실현된다는 보장은 없습니다. 
ㆍ집합투자기구가 설정 후 1년이 경과하였음에도 설정액이 50억원 미만(소규모펀드)인 경우 분산투자가 어려워 효율적인 자
산운용이 곤란하거나 임의 해지 될 수 있으니, 투자 시 소규모펀드 여부를 확인 하시기 바라며 소규모펀드 해당여부는 금융
투자협회, 판매회사, 자산운용사 홈페이지에서 확인할 수 있습니다. 
주요 
투자위험 
구분 투자위험의 주요내용 
원본 
손실위험 
이 투자신탁은 실적배당상품으로 투자 원금 전액이 보장 또는 보호되지 않습니다. 따라서 투자원본의 전부 
또는 일부에 대한 손실의 위험이 존재하며 투자금액의 손실 내지 감소의 위험은 전적으로 투자자가 부담하
며, 집합투자업자나 판매회사 등 어떤 당사자도 투자손실에 대하여 책임을 지지 아니합니다. 또한, 이 투자
신탁은 예금자보호법의 적용을 받는 은행의 예금과 달리 실적에 따른 수익을 취득하므로 은행 등에서 판매
하는 경우에도 예금보험공사 등의 보호를 받지 못합니다. 
전략수행에 
따른 위험 
이 투자신탁은 기본적으로 변동성을 관리하면서 장기적으로 안정적인 수익을 추구하는 다수의 모투자신탁에 
분산 투자하며, 시장상황에 따라 주식 및 채권 등 전통적 자산에 투자하는 모투자신탁을 활용한 자산배분 전
략을 일부 병행 할 예정입니다. 그러나 이 투자신탁의 전략이 투자위험을 낮춰 준다고 보장할 수 없으며, 이러
한 전략이 효과적으로 수행되지 못할 경우 또는 특정 자산이나 전략의 손실이 확대되는 경우 등 다양한 요인
들로 인하여 일반적으로 단일 전략을 수행하는 투자신탁에 비해 투자위험이 커질 수 있으며 이로 인해 투자원
금의 손실이 크게 발생할 수 있습니다. 그리고 이 투자신탁은 투자목적 달성을 위해 적극적인 매매전략을 수
행할 수 있어 상대적으로 높은 매매비용이 발생하여 투자수익률에 부정적인 영향을 줄 수 있습니다.  
집합투자증권 
투자에 따른 위험 
(재간접 투자위험) 
이 투자신탁은 전세계 다양한 자산·전략 관련 집합투자증권(펀드) 등에 일부 투자하기 때문에 투자대상 펀
드의 가격하락 등에 따라 투자원금의 손실이 발생할 수 있습니다. 집합투자증권은 평가기준일에 공고된 가
격을 기준으로 평가가 이루어지기 때문에 매입과 환매 시에 적용되는 기준가격과 펀드에서 실제로 투자하는 
자산의 가치가 일정한 시차를 두고 반영되며, 특히 해외자산에 투자하는 경우에는 자산에 반영되는 시차가 
더 크게 발생할 수 있습니다. 이 집합투자기구의 집합투자업자는 투자대상 펀드를 직접 통제할 수 없기 때문
에 투자대상 펀드가 이 집합투자기구의 투자목적 또는 국내법에서 정한 운용관련 규정을 벗어나서 운용될 
수도 있습니다. 또한 주요 투자대상인 펀드의 운용전략의 상세한 내역 전부 또는 일부가 공개되지 않을 수 
있으므로 투자하는 펀드에 대한 정보를 충분히 얻지 못할 수 있습니다. 또한, 투자대상 자산의 부도 등 신용 
리스크가 발생할 경우 권리행사 요구 및 처리과정에 참여할 수 없으므로 결과적으로 다른 펀드에 주로 투자
하는 재간접형 집합투자기구는 직접 주식 및 채권 등 자산을 투자하는 집합투자기구에 비해 상대적으로 높
은 기회비용과 손실을 부담할 위험이 있습니다. 
하이일드 채권 
등 투자 위험 
이 투자신탁은 투자적격등급 미만이거나, 신용등급이 없는 고수익, 고위험 채권 및 대출채권 등에 일부 투자
할 수 있으므로 투자적격등급의 채권들보다 신용 위험 및 유동성 위험 등을 수반하며 더 높은 가격 변동성을 
보일 수 있습니다. 또한 일부 자산은 글로벌 신용평가기관의 신용평가를 받지 않고 있기 때문에 해당 자산에 
대한 신용분석 정보를 제공받는 데 제약이 있을 수 있습니다. 투기등급인 하이일드 채권은 재무상황악화, 신
용상태의 악화, 부도발생 등으로 인하여 원리금 지급이 제때에 이루어지지 못할 위험이 크며, 이로 인하여 
환매대금 지급이 늦어지거나 투자원본의 손실이 발생할 수 있습니다. 또한, 하이일드 채권은 발행물량이 적
고 시장이 협소하여 일부 낮은 등급 증권의 경우 수요가 전혀 없거나 부족하여 매각이 불가능 하거나, 매각
이 가능하더라도 적정가격을 받지 못할 위험이 있습니다. 
- 3 - 
뱅크론 
투자 위험 
이 투자신탁은 투자신탁재산의 일부를 변동금리부 대출채권인 뱅크론에 투자할 수 있으므로 전반적인 경기 
상황의 악화, 신규 차입자산의 공급 증가 및 발행자의 신용상태 저하 등으로 대출채권의 가치가 하락할 수 
있습니다. 반면 시장금리 하락 등으로 발행자가 보다 낮은 금리로 재협상을 요구하거나, 기존 차입자산을 조
기상황(Repayment), 재조달(Refinancing)할 수 있으며, 이로 인해 낮은 수익률의 투자자산에 재투자를 
해야 할 위험에 노출될 수 있습니다. 또한 뱅크론은 담보가 없는 일반 회사채와 달리 발행사가 소유한 자산
을 담보로 하여 발행되며, 부도 시 주식 및 채권에 대하여 우선적으로 변제받는 선순위 지위를 가집니다. 그
러나 발행자의 부도 시 담보접근에 대한 제한, 담보비율의 불충분, 담보가치의 부족 및 하락, 유동성 부족, 
담보처분과정에서의 지체, 추가비용 부담 등의 위험이 있으며 이러한 사항들은 관할권에 따라 크게 차이가 
날 수 있습니다. 또한 뱅크론은 발행자의 주식이나 다른 채무증권에 대해서는 선순위이지만, 그 발행자의 자
회사 채무에 대해서는 후순위일 수 있습니다. 
기타 특수채권 
투자 관련 위험 
이 투자신탁은 투자신탁재산의 일부를 특수채권에 투자 할 수 있으며 아래와 같은 위험을 수반합니다. 
- 전환사채(CB)는 주식으로의 전환권이 부여되어 있어 일반사채대비 표면금리가 낮을 수 있으며, 주식으로 
전환함에 따른 주식가격 변동위험을 가지고 있습니다. 
- 주택저당증권(MBS)은 부동산 가격 하락 시 신용 리스크 증가로 인하여 가격이 하락할 위험이 있습니다. 
또한, 조기상환으로 인한 재투자 위험이 있습니다. 
- 물가연동채권(TIPS)은 물가에 대한 민감도가 높아 물가가 하락하고 경제활동이 침체되는 시장상황에서 
추가적인 가격변동 위험에 노출 될 수 있습니다. 
- 투자적격등급 미만의 고수익·고위험 채권은 일반채권에 비해 높은 가격변동 위험 및 신용 위험을 수반합
니다. 따라서 시장 상황 악화 시 일반 채권 대비 더 큰 손실이 발생할 수 있습니다. 
- 상기 채권 및 대출채권 등은 발행물량이 적고 시장이 협소하여 수요가 전혀 없거나 부족하여 매각이 불가
능하거나, 매각이 가능하더라도 적정가격을 받지 못할 위험이 있습니다. 
롱숏전략 
위험 
이 투자신탁은 각 투자자산 별 롱숏(Long Short)전략을 투자전략의 하나로 활용하여 장기적으로 안정적인 
수익을 추구할 계획입니다. 그러나 매도한 자산의 가격이 상승하고 매수한 자산의 가격이 하락하는 경우에
는 롱(매수)외 숏(매도)전략 모두에서 손실이 발생하여 롱(매수)전략만 추구하는 것보다 훨씬 큰 손실이 발
생할 수 있습니다. 또한 롱숏전략 수행에 따른 비용(예기치 못한 비용 포함), 차입 매도한 자산의 상환청구, 
자산 차입이 곤란하거나 불가능한 경우 등으로 인해 예상하지 못한 손실이 발생할 수도 있습니다. 
증권 차입매도 
위험 
이 투자신탁은 투자신탁재산의 일부로 증권의 차입 및 매도를 통하여 수익을 추구하지만, 예상과 달리 차입
한 종목의 주가가 상승하는 경우 이에 따른 손실이 발생하고, 증권 차입 거래비용 등으로 인하여 단순 매수
전략을 구사하는 전략에 비하여 원금손실의 범위가 확대될 가능성이 있습니다.  
증권을 차입하여 매도한 경우, 이후 환매 시 같은 증권을 매수하여 환급하여야 합니다. 증권의 가격은 이론
적으로 지속적인 상승이 가능하므로 증권차입에 따른 손실도 이론적으로 무한합니다. 또한 차입한 증권에 
대하여 대여기간 중에 대여자의 환수요청이 있을 경우 급작스러운 증권의 매입 및 상환 등으로 인하여 포트
폴리오 운용전략에 부정적인 영향을 줄 수 있습니다. 증권의 차입은 유동성이 풍부한 주식을 대상으로 시행
할 예정이나, 일시적으로 또는 시장상황에 따라 유동성이 부족한 경우 매도한 주식 반환을 위한 주식 매수가 
원활하지 않을 수 있으며, 이로 인하여 손실이 발생할 가능성이 있습니다. 또한 증권차입비용 및 증권차입에 
따른 담보제공 등으로 인하여 기회비용이 발생할 수 있습니다. 
증권의 차입매도는 관련 법령 또는 감독기관의 규제로 인하여 제한될 수 있으며, 이로 인하여 이 투자신탁이 
목표로 한 투자목적을 달성하지 못할 수도 있습니다. 
부동산 관련 
투자 위험 
이 투자신탁이 일부 투자하는 부동산 관련 집합투자증권(REITs 포함) 등은 투자신탁재산을 부동산 또는 부
동산 관련 대출에 투자하므로 부동산 시장의 가격변동, 임대수익률, 공실률, 금리변동 및 차입비율(레버리
지) 등에 따른 가치변동을 초래할 수 있습니다. 따라서 투자대상 부동산의 가격이 하락하는 경우 이 투자신
탁의 가치도 일정수준 하락하게 됩니다. 특히 이러한 위험은 전세계 또는 지역적인 경제상황, 과밀건축 및 
경쟁증가, 제산세 및 운영비용 증가, 인구의 구조적 변화, 투자대상 국가의 건축규제 법령의 변동, 사고 또는 
수용 손실, 환경적 위험, 점유권에 대한 소송 및 이자율 상승에 따른 자금조달 비용 증가 등의 사유를 포함합
니다. 또한 홍수, 지진, 화산, 해일, 화재, 폭발 등의 자연재해 등 불가항력 위험에 의해서도 투자신탁재산의 
가치하락을 초래할 수 있습니다. 
환율변동 위험 
및 
환헤지 위험 
이 투자신탁은 해외자산에 투자할 수 있기 때문에 원화(KRW)와 투자대상국 통화간의 환율변동에 따라 투
자자산의 가치가 변하는 위험을 지게 됩니다. 환헤지는 외화자산인 투자자산의 가치가 원화(KRW)와 해당 
통화간 상대적 가치의 변화에 따라 변동되는 것을 방지하는 것을 목적으로 합니다. 환헤지는 해당 통화관련 
선물 및 선물환 등을 활용하여 헤지할 예정이나 헤지단위 수량의 문제, 통화선물, 선물환의 거래시간과 해외
시장의 거래시간 불일치, 자산가격 변동에 따른 환율에 노출된 자산의 가치의 변동 등으로 인해 완전 헤지는 
불가능하며 환차익 또는 환차손이 발생할 수 있습니다. 
※ 환위험 관리전략: 이 투자신탁이 투자하는 다수의 모투자신탁은 외화표시 자산 투자로 인한 환헤지 전략
을 수행하는 모투자신탁과 수행하지 않는 모투자신탁이 혼재되어 있으므로 자투자신탁에서 환헤지 대상통
화 및 비중 등을 통합적으로 관리하여 환헤지 전략을 수행할 예정입니다. 그러나 시장상황 및 매니저의 판단
에 따라 이 투자신탁은 외화표시 자산의 일부 또는 상당부분에 대하여 환헤지 전략을 실행하지 않을 수도 있
습니다. 이로 인해 투자신탁재산 일부 또는 상당부분이 환위험에 노출될 수 있습니다. 
- 목표 헤지비율: 외화자산의 최소 30%내외, 최대 100%내외 
매입방법 
17시 이전: 제3영업일 기준가격으로 매입 
환매방법 
17시 이전: 제5영업일 기준가격으로  
제10영업일에 대금 지급 
17시 경과 후: 제4영업일 기준가격으로 매입 17시 경과 후: 제6영업일 기준가격으로 
제11영업일에 대금 지급 
- 4 - 
환매수수료 해당사항 없음 
기준가 
산정방법 - 당일 기준가격 = (전일 집합투자기구 자산총액 – 부채총액) / 전일 집합투자기구 총좌수 
- 1,000좌 단위로 원미만 셋째자리에서 반올림하여 원미만 둘째자리까지 계산 
공시장소 판매회사 본ㆍ영업점 및 집합투자업자(www.kbam.co.kr)ㆍ판매회사ㆍ한국금융투자협회 
(dis.kofia.or.kr)의 인터넷 홈페이지에 게시합니다. 
과세 
구분 과세의 주요내용 
집합투자기구 집합투자기구 단계에서는 별도의 소득과세 부담이 없는 것이 원칙입니다. 
수익자 
거주자와 일반법인이 받는 집합투자기구로부터의 과세 이익에 대해서는 15.4%(지방소득세 포함) 세율로 
원천징수됩니다. 단, 연간 금융소득합계액이 기준금액을 초과하는 경우에는 기준금액을 초과하는 금액을 
다른 종합소득과 합산하여 개인소득세율로 종합과세 됩니다. 
※ 세제혜택 계좌ㆍ클래스ㆍ펀드 투자자의 과세에 관한 사항은 투자설명서 제2부. 14. 이익 배분 및 과세에 
관한 사항을 참고하시기 바랍니다. 
전환절차 
및 방법 해당사항 없음 
집합투자업자 
KB자산운용주식회사 (☎ 02-2167-8200 / 인터넷 홈페이지 www.kbam.co.kr) 
※ 해외위탁집합투자업자: Brookfield Investment Management Inc.(KB글로벌리얼에셋인컴채권모펀드),  
American Century Investment Management Inc.(KB글로벌ESG성장리더스주식모펀드) 
모집기간 2019년 09월 11일부터 해지일까지 모집 매출 총액 10조 좌 
효력발생일 2023년 11월 01일 존속기간 별도로 정해진 신탁계약기간은 없음 
판매회사 한국금융투자협회(www.kofia.or.kr) 및 집합투자업자(www.kbam.co.kr)의 홈페이지 참고 
참조 집합투자업자의 사업목적, 요약 재무정보에 관한 사항은 투자설명서 제4부 1. 집합투자업자에 관한 사항(p.59~61)을 참고
하시기 바랍니다. 
집합투자기구 
종류 
이 집합투자기구는 종류형 집합투자기구입니다. 집합투자기구의 종류는 판매수수료 부과방식-판매경로-기타 펀드특성에 따
라 3단계로 구분되며, 집합투자기구 종류의 대표적인 차이는 다음과 같습니다. 
종류(Class) 집합투자기구의 특징 
판매 
수수료 
수수료 
선취(A) 
집합투자증권 매입시점에 판매수수료가 일시 징구되는 반면 판매보수가 판매수수료미징구형(C)보
다 상대적으로 낮게 책정되므로 총비용이 판매수수료미징구형(C)과 일치하는 시점은 1년 5개월이 
경과되는 시점입니다. 따라서 1년 5개월 이전에 환매할 경우 판매수수료미징구형(C)보다 높은 총비
용을 지불하게 되는 집합투자증권입니다. 
수수료 
미징구(C) 
집합투자증권 매입 또는 환매시점에 일시 징구되는 판매수수료는 없는 반면 판매보수가 판매수수료
선취형(A)보다 상대적으로 높게 책정되므로 총비용이 판매수수료선취형(A)과 일치하는 시점은 1년 
5개월이 경과되는 시점입니다. 따라서 1년 5개월 이전에 환매할 경우 판매수수료선취형(A)보다 낮
은 총비용을 지불할 수 있는 집합투자증권입니다. 
수수료 
후취(S) 
집합투자증권 환매시점에 판매수수료가 일시 징구되며, 집합투자증권 매수일로부터 일정기간 이내 
환매시 판매사가 정하는 판매수수료의 비율로 판매수수료가 징구되는 집합투자증권입니다. 
판매 
경로 
온라인(E/e) 
판매회사의 온라인전용으로 판매되는 집합투자증권으로 오프라인으로 판매되는 집합투자증권보다 
판매수수료 및 판매보수가 저렴한 집합투자증권입니다. 다만, 판매회사로부터 별도의 투자권유 및 상
담서비스는 제공되지 않습니다. 
오프라인 
오프라인전용(판매회사 창구)으로 판매되는 집합투자증권으로 온라인으로 판매되는 집합투자증권보
다 판매수수료 및 판매보수가 높은 집합투자증권입니다. 다만, 판매회사로부터 별도의 투자권유 및 
상담서비스가 제공됩니다. 
온라인슈퍼(S) 
집합투자증권에 한정하여 투자중개업 인가를 받은 회사가 개설한 온라인 판매시스템을 통하여 판매
되는 집합투자증권으로 오프라인으로 판매되는 집합투자증권보다 판매수수료 및 판매보수가 낮은 
집합투자증권입니다. 다만, 판매회사로부터 별도의 투자권유 및 상담서비스는 제공되지 않습니다. 
기타 
무권유 
저비용(G) 
판매회사로부터 별도의 투자권유 없이 집합투자증권을 매수하고자 하는 투자자 전용으로, 일반적인 
창구 판매수수료 및 판매보수보다 낮은 판매수수료 및 판매보수가 적용되는 집합투자증권입니다. 
개인연금(P) 소득세법 제20조의3 및 소득세법시행령 제40조의2에 따른 연금저축계좌를 통해 매입이 가능한 집
합투자증권입니다. 
퇴직연금 
(퇴직) 
근로자퇴직급여보장법에 따른 퇴직연금 및 개인퇴직계좌(IRP)를 통해 매입이 가능한 집합투자증권
입니다. 
기관(F) 집합투자기구, 기관투자자 또는 기금 및 일정금액 이상 납입한 투자자 등이 매입이 가능한 집합투자
증권이나, 각 펀드별로 가입자격에 차이가 있을 수 있습니다. 
랩,금전신탁
(W) 판매회사의 일임형 종합자산관리계좌 및 판매회사의 특정금전신탁 전용 집합투자증권입니다. 
 
- 5 - 
 
[별첨] 
 
[투자전략 별 투자대상 모펀드 예시] 
전략 구분 주요 내용 / 투자대상 모펀드 
시장중립 전략 
저평가된 자산을 매수하는 동시에, 고평가된 자산을 매도하여 중립 포지션 구축 
∙ KB 글로벌 알파 오퍼튜니티 증권 모투자신탁(혼합-재간접형) 
∙ KB 코리아 롱숏 증권 모투자신탁(주식혼합) 
인컴추구 전략 
고금리 채권, 고배당주 등에 투자하여 꾸준한 고정수익을 추구 
∙ KB PIMCO 글로벌 인컴 셀렉션 증권 모투자신탁(USD)(채권-재간접형) 
∙ KB 글로벌 리얼에셋 인컴 증권 모투자신탁(채권) 
대체투자 전략 
주식/채권이 아닌, 부동산/인프라 등 비전통적 자산군에 투자 
∙ KB 글로벌 코어 리츠 부동산 모투자신탁(재간접형) 
자산배분 전략 
시장변화에 능동적으로 대응하고 기대수익을 높이기 위해 국내외 주식, 채권 등 활용 
∙ KB 액티브 배당 증권 모투자신탁(주식) 
∙ KB 중소형주 포커스 증권 모투자신탁(주식) 
∙ KB 연금플랜 국내채권 증권 모투자신탁(채권) 
∙ KB 글로벌 ESG 성장 리더스 증권 모투자신탁(USD)(주식) 
∙ KB 글로벌 코어 본드 증권 모투자신탁(채권) 
※ 투자전략 구분 및 전략 별 편입 대상 모투자신탁은 향후 변경되거나 추가될 수 있습니다.  
 
 집합투자기구 공시 정보 안내 
| 증권신고서 금융감독원 전자공시시스템(dart.fss.or.kr) 
| 투자설명서 금융감독원 전자공시시스템(dart.fss.or.kr), 한국금융투자협회(www.kofia.or.kr),  
      집합투자업자(www.kbam.co.kr) 및 판매회사 홈페이지 
| 정기보고서(영업보고서, 결산서류) 금융감독원 홈페이지(www.fss.or.kr) 및  
                          한국금융투자협회 전자공시시스템(dis.kofia.or.kr) 
| 자산운용보고서 한국금융투자협회 전자공시시스템(dis.kofia.or.kr) 및 집합투자업자 홈페이지(www.kbam.co.kr) 
| 수시공시 한국금융투자협회 전자공시시스템(dis.kofia.or.kr) 및 집합투자업자 홈페이지(www.kbam.co.kr)",ok,
products/fund/GMS_D3421.pdf,GMS_D3421.pdf,products/fund,5,"- 고객님께서는 상품 가입 전 아래 사항을 반드시 확인 및 숙지하여 주시기 바랍니다 -
◆ 이 설명서는 금융소비자의 권익 보호 및 금융상품에 대한 이해 증진을 위하여 「금융소비자 보호에 관한 법률」 및 관련 규정에 의거,
당사의 내부 통제 절차를 거쳐 본 파생결합증권의 주요 내용을 쉽게 이해할 수 있도록 작성한 자료입니다.
◆ 이 설명서는 파생결합증권의 투자설명서(「자본시장과 금융투자업에 관한 법률」에 근거)와 별도로 판매회사가 고객님께 안내해야 하는
정보를 담고 있습니다. 따라서 고객님께서는 이 설명서와 함께 본 파생결합증권의 투자설명서를 반드시 교부 받아 상품을 이해하시는
데 참고하시기 바랍니다.
◆ 본 상품은 일반 예금 상품과 달리 원금의 일부 또는 전부 손실이 발생할 수 있으며, 투자로 인한 손실은 투자자 본인에게 귀속됩니다. 
이 금융상품은 예금자보호법에 따라 보호되지 않습니다.
◆ 설명 내용을 제대로 이해하지 못하였음에도 불구하고 설명을 이해했다는 서명을 하거나 녹취 기록을 남기시는 경우, 추후 해당 내용과
관련한 권리 구제가 어려울 수 있습니다.
금융소비자보호총괄책임자검토필 2024-B0566호(심의일:2024.04.23)
ELS원금
비보장형
고객센터 |  1588-6611     홈페이지 |  www.kbsec.com 
※ 파생결합증권의 위험등급은 시장위험등급(MR)과 신용위험등급(CR)을 각각 산정한 후 아래 표에 따른 종합등급으로 최종위험등급이 결정됩니다.
위험등급
고객센터 |  1588-6611     홈페이지 |  www.kbsec.com 
시장위험등급 시장위험등급결정요인 유의사항
1등급
매우높은위험 원금비보장형 DLS
위험선호도가 (매우) 높은 투자자를 위한 상품으로서 시장평균수익률을 훨씬 뛰어넘는 (매우) 
높은 수준의 투자수익률을 추구하며, 이를 위해 자산가치 변동에 따른 손실 위험을 적극 수용
할 수 있는 투자자에게 적합합니다.
2등급
높은위험
원금의 80% 미만 부분지급형
ELS/DLS 및 원금비보장형 ELS
투자원금의 보전보다는 위험을 감내하더라도 높은 수준의 투자수익실현을 추구하는 투자자에
게 적합합니다.
3등급
다소높은위험
원금의 80% 이상 90% 미만
부분지급형 ELS/DLS 투자에는 그에 상응하는 투자위험이 있음을 충분히 인지하고, 예적금보다 높은 수익을 기대할
수 있다면 일정 수준의 위험을 감수할 수 있는 투자자에게 적합합니다.4등급
보통위험
원금의 90% 이상
부분지급형 ELS/DLS
5등급
낮은위험 원금지급형 ELB/DLB 투자원금의 손실 위험은 최소화하고, 이자소득이나 배당소득 수준의
안정적인 투자를 목표로 하는 투자자에게 적합합니다.
6등급
매우낮은위험 해당 없음 예금 또는 적금 수준의 수익률을 기대하며,
투자원금에 손실이 발생하지 않기를 기대하는 투자자에게 적합합니다.
시장위험등급
상향기준
다음 중 하나에 해당하는 ELS/DLS는 1개 등급 상향(다수 항목 해당 시 2개 등급 이상 상향)
[기초자산 관련 항목] - 기초자산의 수가 3개를 초과하는 경우
- 특수한 형태의 기초자산에 연계되어 상품구조에 대한 투자자의 이해가능성이 낮은 경우
- 기초자산이 주가지수 이외 기초자산을 포함하는 원금비보장형 ELS인 경우
- 과거 10년간 기초자산의 일간수익률의 연 환산 표준편차가 25%를 초과하는 경우
[손익구조 관련 항목] - 낙인배리어가 60% 이상 또는 노낙인형 상품의 만기배리어 요건이 70% 이상인 경우
- 손실발생구간의 손실배수가 기초자산 변동률의 1배를 초과하는 경우
- 외화표시 ELS
<시장위험등급(MR)과 신용 위험등급(CR)을 통한 종합 등급 산출표>
구 분※ MR1
(고위험) MR2 MR3 MR4 MR5 MR6
(저위험)
CR 1 (고위험) 1등급 1등급 1등급 1등급 1등급 1등급
CR2 1등급 2등급 2등급 2등급 2등급 2등급
CR3 1등급 2등급 3등급 3등급 3등급 3등급
CR4 1등급 2등급 3등급 4등급 4등급 4등급
CR5 1등급 2등급 3등급 4등급 5등급 5등급
C R 6 (저위험) 1등급 2등급 3등급 4등급 5등급 6등급
*주: MR은 시장리스크(Market Risk)등급, CR은 신용리스크(Credit Risk) 등급
당사 신용위험등급 신용위험등급결정요인
CR5
발행사의 신용등급을 기초로 산정
당사 신용등급 : AA+ (2024.04.05 한국신용평가 기준)
유동성 위험
- 발행 후 6개월 이내 중도해지 시 공정 단가의 90% 이상
- 6개월 이후 중도해지 시 공정 단가의 95% 이상
중도해지
불가
중도해지시
비용발생
중도해지
허용
O
상품개발부서: Equity 파생영업부 02-6114-0114
위험등급 1등급
매우높은위험
당사는 원금 지급 비율, 기초자산의 종류 및 변동성, 손익구조 등을 감안한 시장위험등급 과 발행사의 신용등급을
기초로 한 신용위험등급을 고려하여 투자 위험등급을 매우 높은 위험에서 매우 낮은 위험까지 6등급으로 나누고
있습니다. 매우 높은 위험은 6등급 중 1번째 등급으로 높은 위험을 뜻합니다.
KB able ELS 제3421호 핵심(요약)상품설명서
온라인전용 고난도
금융상품1 2 3 4 5 6
높은위험 위험등급 낮은위험
[매우높은위험:1등급]
1고객용
1/5
고객용
 ELS원금
비보장형
KB able ELS 제3421호 핵심(요약)상품설명서
고난도
금융상품
온라인전용
2/5
1 2 3 4 5 6
높은위험 위험등급 낮은위험
[매우높은위험:1등급]
1
고객센터 |  1588-6611     홈페이지 |  www.kbsec.com 
자료열람요구권
- 금융소비자는 분쟁의 조정 또는 소송의 수행 등 권리구제를 목적으로 금융회사가 기록 및 유지.관리하는 계약 체결에 관한 자료, 계약 이행에 관한 자료, 금융상
품 등에 관한 광고 자료, 금융소비자의 권리행사에 관한 자료, 내부통제기준의 제정 및 운영 등에 관한 자료, 업무 위탁에 관한 자료에 대한 열람(사본의 제공 또
는 청취 포함)을 요구할 수 있습니다.
- 회사는 자료열람요구를 받은 경우 심사를 거쳐 6영업일 이내에 금융소비자에게 수락여부를 통지해야 하며, 정당한 거절 사유가 확인되는 경우 거절 사유와 함께
통지합니다. 보다 자세한 내용은 당사 홈페이지를 참조하시기 바랍니다.
(당사 홈페이지 www.kbsec.com > 고객서비스 > 금융소비자정보포털 > 금융소비자의 권리 > 자료열람요구권)  
위법계약해지권
- 회사가 판매 원칙(적합성의 원칙,적정성의 원칙,설명의무,불공정영업행위금지,부당권유행위 금지)을 위반하여 체결 한 계약에 대해 금융소비자가 위법 계약 해지
사유 있음을 서면 등으로 제시하는 경우, 해당 계약은 위약금 등 수수료 없이 해지 가능합니다.
- 위법계약해지 요구는 ‘위법사실을 안 날로부터 1년＇또는 ‘계약 서류를 받은 날과 최초 수수료 납부한 날 중 늦은 때로 부터 5년’ 중 먼저 도달한 기간 내에 가능하
며 계약 종료 시 행사가 불가능 합니다.
- 회사는 위법계약해지 요청이 있을 경우, 심사를 거쳐 10일 이내에 금융소비자에게 수락여부를 통지해야 하며, 정당한 거절 사유가 확인되는 경우 거절 사유와 함
께 통지합니다. 보다 자세한 내용은 당사 홈페이지를 참조하시기 바랍니다.
(당사 홈페이지 www.kbsec.com > 고객서비스 > 금융소비자정보포털 > 금융소비자의 권리 > 위법계약해지)  
청약철회권 및 연계 제휴서비스 관련 사항
해당사항없음
민원처리,분쟁조정 절차에 관한 사항
본 상품에 대한 문의사항 또는 민원 상담이 필요하신 경우 영업점, 고객센터(☎1588-6611) 및 회사 홈페이지(www.kbsec.com)에 문의할 수 있
으며, 분쟁이 발생할 경우 회사 홈페이지의 금융소비자정보포털또는 금융소비자보호법제36조 1항에 따라 금융감독원(문의전화 ☎1332), 금융투
자협회(02-2003~9421~3) 등에 분쟁조정을 신청하실 수 있습니다.
중도 상환에 관한 사항
- 만기 또는 자동조기상환이 원칙이나 투자자가 원할 경우 중도상환을 신청할 수 있습니다. 당사는 중도상환금액 결정일에 시장이 열리지 않거나
시장 교란 사유 발생 등으로 기초자산의 가격 평가가 곤란한 경우 중도 상환에 응하지 않을 수 있으며, 이 경우 발생하는 손실은 모두 투자자에게
귀속 됩니다.
중도상환신청방법 당사 신청 양식에 의거 당일 오후3시30분 이전에
서면 또는 유선으로 신청 중도상환 신청일 발행일(불포함)이후부터 만기평가일(불포함)이전 4영업일까지
중도상환 신청 불가능일을 제외한 매 영업일
중도상환금액
지급일 중도상환 신청일(불포함) 이후 3영업일에 해당하는 날 중도상환
신청단위 10만원 이상 1만원 단위
중도상환
신청불가능일
다음①부터 ②까지의 해당 영업일
① 자동조기상환조건이 있는 경우, 자동조기상환평가일(불포함)이전 2영업일부터 자동조기상환평가일까지의 영업일
② 월수익지급조건이 있는 경우, 월수익 지급 평가일(불포함)이전 2영업일부터 월수익지급평가일까지의 영업일
중도상환금액
결정일
중도 상환 신청일 익 거래소 영업일
(단, 기초자산이 2개 이상의 거래소에서 거래되는 경우, 중도상환가격 결정일은 중도상환신청일 직후의 해당 거래소 모두의 거래소 영업일로
한다.)
중도상환가격 중도상환금액 결정일 기준으로 해당 증권의 청산가치 및 공정가액(기준가)을 기준으로 발행인이 산출한 금액
투자자유의사항
-중도상환금액은 본 거래의 위험회피(Hedge)등을 위하여 체결한 거래의 청산 비용 및 중도상환가격 결정일의 기초자산 가격의 변동 등으로
인하여 중도상환신청일, 중도상환가격 결정일 및 중도상환금액 지급일 등에 공시되는 공정가액(기준가)과 다를 수 있으며, 이 경우 원금의 손
실이 발생할 수 있으므로 중도상환 신청 시 유의하시기 바랍니다.
-투자자의 중도상환요청이 있는 경우 그러한 중도상환 요청일에 그 효력이 발생하며, 이에 따라 발행인은 중도상환금액 지급의무 외에 추가적
인 상환 의무를 부담하지 않습니다. 만일 천재지변, 거래제한 등 불가피한 사유가 발생한 경우에는 발행인의 합리적인 판단으로 중도상환금액
결정일을 연기할 수 있으며 이에 따라 중도상환금액 지급일 또한 연기될 수 있습니다.
유사 금융상품과 구별되는 특징
주가연계증권
(ELS)
개별주식의 가격이나 주가지수와 연계되어 수
익률이 정해지는 파생결합증권입니다. 최대 원
금까지 손실이 발생할 수 있습니다.
기타파생결합증권
(DLS)
주식이나 주가지수 외의 이자율, 환율, 유가 등
의 기초자산과 연계하여 수익이 결정되는 파생
결합증권입니다. ELS와 마찬가지로 최대 원금
까지 손실이 발생할 수 있습니다.
- 민원, 분쟁 또는 상담 요청이 빈번하여 숙지가 필요한 사항입니다.
- 기초자산의 가격 변동에 연동하여 수익구조가 결정되는 파생상품적 성격을 지니고 있
으며, 대상이 되는 기초자산에 직접 투자했을 때 얻을 수 있는 수익률과 본 증권에 투자
하여 얻은 수익률이 전혀 다를 수 있습니다.
- 투자자의 요청으로 본 증권을 상환하는 경우 중도상환시점의 공정가액(기준가)에 따라
투자원금의 손실을 초래할 수 있습니다. 또한 보유기간 동안 증권의 시가 평가를 하는
경우 평가손실을 초래할 수 있습니다.
- 숙려제도 대상 투자자(일반 투자자)의 경우 청약 마감(마감일 불포함)  2영업일 전까지
청약 가능하고, 이후 숙려기간동안 최종 투자여부를 확정해야 합니다. 미확정 시에는
청약이 자동 취소됩니다.
발생 가능한 불이익 사항
수익률
45.90%
(연 15.30%)
① 만기평가일에각 기초자산의만기평가가격
모두 【최초기준가격의70%】이상인경우
② 만기평가일에각 기초자산 중 어느 한 기초
자산이라도만기평가가격이【최초기준가격
의 70%】미만이고, 최초기준가격결정일(불
포함)로부터 만기평가일(포함)까지 기초자
산가격이 종가기준으로【최초기준가격의
45%】미만으로하락한 적이 없는 경우
원금손실발생
(만기상환금액=
액면금액 x MIN
[기초자산의
만기평가가격 /
최초기준가격])
만기평가일에각 기초자산 중 어느 한 기초자산
이라도 만기평가가격이【최초기준가격의70%】
미만이고, 최초기준가격결정일(불포함)로부터
만기평가일(포함)까지 각 기초자산 중 어느 한
기초자산이라도종가기준으로【최초기준가격의
45%】미만으로하락한 적이 있는 경우
만기상환 시
손익구조
수익률
연 15.30%
자동조기상환평가일에 각 기초자산의 평가가
격 모두 행사가격 이상인 경우
조기상환 시
KB able ELS 제3421호 핵심(요약)상품설명서
상환평가일정
고객용
구분 상환평가일 행사가격 상환지급일
1차 2024.08.13 90%
상환평가일
(불포함)후
제 3영업일
2차 2024.11.13 85%
3차 2025.02.13 85%
4차 2025.05.13 85%
5차 2025.08.13 80%
6차 2025.11.13 80%
7차 2026.02.13 80%
8차 2026.05.13 80%
9차 2026.08.13 75%
10차 2026.11.13 75%
11차 2027.02.16 70%
만기평가 2027.05.14 70%
ELS원금
비보장형
고난도
금융상품
온라인전용
3/5
상품명 KB able ELS 제3421호 유형 조기상환 Step Down형
모집금액 50억원 / 10만원 이상 1만원 단위로 청약 /
모집금액초과시 안분 비례 배정
청약일정
(숙려기간)
2024.04.26(금, 9시)~2024.05.10(금, 14시)
2024.05.08(수)~2024.05.09(목)
기초자산 SK하이닉스 보통주, 인텔 보통주 최초기준가격결정일 2024년 05월 10일
만기/상환주기 3년 / 3개월 발행일
(청약최종확인일) 2024년 05월 10일
상환조건 90-85-85-85-80-80-80-80-75-75-70-7
0 (Knock-In 45%)
만기평가일 2027년 05월 14일
조건충족시
(미충족시)
(세전) 연 15.30%
(최대손실률 -100%)
만기일 2027년 05월 19일
상품의 내용 ※ 자세한 사항은 판매직원이 제공한 투자설명서를 참조하시기 바랍니다.
고객센터 |  1588-6611     홈페이지 |  www.kbsec.com 
1 2 3 4 5 6
높은위험 위험등급 낮은위험
[매우높은위험:1등급]
1

KB able ELS 제3421호 핵심(요약)상품설명서
고객용
 ELS원금
비보장형
고난도
금융상품
온라인전용
고객센터 |  1588-6611     홈페이지 |  www.kbsec.com 
4/5
1 2 3 4 5 6
높은위험 위험등급 낮은위험
[매우높은위험:1등급]
1
수익률 모의 실험
상환구분 수익률 발생횟수 발생빈도
1차 조기상환 3.825% 3,074 63.4207%
2차 조기상환 7.65% 589 12.1518%
3차 조기상환 11.475% 277 5.7149%
4차 조기상환 15.30% 170 3.5073%
5차 조기상환 19.125% 154 3.1772%
6차 조기상환 22.95% 150 3.0947%
7차 조기상환 26.775% 83 1.7124%
8차 조기상환 30.60% 56 1.1554%
9차 조기상환 34.425% 29 0.5983%
10차 조기상환 38.25% 5 0.1032%
11차 조기상환 42.075% 59 1.2172%
만기상환 45.90% 3 0.0619%
손실 -10.00%~0.00% 0 0.0000%
손실 -20.00%~-10.00% 0 0.0000%
손실 -30.00%~-20.00% 0 0.0000%
손실 -40.00%~-30.00% 12 0.2476%
손실 -50.00%~-40.00% 16 0.3301%
손실 -50.00% 미만 170 3.5073%
Total 4,847 100.000%
- 그래프와 표는 투자시점이 2001년 01월 02일부터 2021년
04월 16일인 경우로 가정하여 분석한 결과입니다.
- 분석시작일(2001년 01월 02일)로부터 분석기간동안 매 거래
소영업일에 동일한 상품이 신규발행되어 투자자가 이를 반복해
서 매입하는 것을 가정하였으며 이 경우 각각의 만기수익률을
표본으로 추출하였습니다. (총 4,847회)
- 자동조기상환금액의 재투자는 가정하지 않았으며, 자동조기상
환이 발생한 경우에는 자동조기상환시의 수익률을 만기수익률
로 인식하였습니다.
- 그래프와 표는 과거 기초자산의 종가를 이용한 손익구조 예시에
불과하며, 본 증권의 투자에 따른 미래의 만기상환수익률의예
측치가 아님을 주의하셔야 합니다.
손실사례
손실 구조의 예시
(1억원 투자 시) 기초자산 [SK하이닉스 보통주], [인텔 보통주]의 최초기준가격이 각각 100,000원, 100$인 경우
손실사례
(만기평가일에 만기
수익상환조건 미충족,
원금손실조건 충족 가정)
만기평가일까지 [SK하이닉스 보통주], [인텔 보통주] 중 어느 하나라도 낙인구간 45% (45,000원, 45$) 미만으로 하
락한 적이 있고, 기초자산 중 어느 하나라도 각 만기종가가 최초기준가격 대비 70% 미만으로 하락한 경우(종가기준) 아
래와 같이 손실 실현

설정근거
해당 상품은 SK하이닉스 보통주, 인텔 보통주를 기초자산으로 하여, 3년 만기, 3개월 단위 조기상환 조건이 포함된 주가연
계 파생결합증권입니다. 미리 정해진 조건을 충족하지 못 하는 경우 약정 수익을 지급받지 못 하거나 원금의 최대 100% 까
지 손실 발생할 수 있습니다. 또한, 해당 상품의 투자자는 발행회사인 KB증권으로 중도환매신청을 할 수 있으나 기초자산의
가격, 시중금리, 만기까지 잔존기간 등 가격결정요인들을 고려하여 공정가액의 95% 이상(단, 발행 후 6개월 이내 중도환매
신청인 경우는 공정가액의 90%이상) 가격으로 중도 상환되며 이 경우 원금 손실이 발생할 수 있습니다. 이에 따라 주가연
계 파생결합증권에 대한 지식과 투자경험, 손실감내능력, 투자기간이 충족되는 고객에 한해 상품 가입 가능합니다.
목표 시장의 내용 및 설정 근거
목표시장 설정기준 목표시장 설정기준
고객유형
전체
위험추구성향
위험 기피적
√ 일반투자자
√ 전문투자자
(개인전문투자자 포함) 위험 중립적
전문투자자
(개인전문투자자제외) √ 위험 선호적
지식과 경험
낮음
투자목적을 고려한
투자기간
단기
(1년 미만)
중간 √ 중기
(1년 이상 ~ 3년 미만)
√ 높음 √ 장기
(3년 이상)
손실감내능력
원금 대비 50%까지
손실 감내
보유가능기간
√ 중도환매가능
√ 원금 100% 또는
원금 초과 손실 감내 √ 만기 보유
KB able ELS 제3421호 핵심(요약)상품설명서
고객용
 ELS원금
비보장형
고난도
금융상품
온라인전용
고객센터 |  1588-6611     홈페이지 |  www.kbsec.com 
5/5
1 2 3 4 5 6
높은위험 위험등급 낮은위험
[매우높은위험:1등급]
1
구분 내용 손실률
사례1
만기평가일에 [SK하이닉스 보통주], [인텔 보통주]의 가격이 각각 80,000원, 60$일때 (기초자산
중 하락률이 가장 큰 인텔 보통주 기준)
→ 1억 + [1억 × (-40.00%)]= 6,000만원 상환
-40.00%
사례2
만기평가일에 [SK하이닉스 보통주], [인텔 보통주]의 가격이 각각 80,000원, 40$일때 (기초자산
중 하락률이 가장 큰 인텔 보통주 기준)
→ 1억 + [1억 × (-60.00%)]= 4,000만원 상환
-60.00%
사례3
만기평가일에 [SK하이닉스 보통주], [인텔 보통주]의 가격이 각각 80,000원, 20$일때 (기초자산
중 하락률이 가장 큰 인텔 보통주 기준)
→ 1억 + [1억 × (-80.00%)]= 2,000만원 상환
-80.00%
사례4
만기평가일에 [SK하이닉스 보통주], [인텔 보통주]의 가격이 각각 80,000원, 0$일때 (기초자산 중
하락률이 가장 큰 인텔 보통주 기준)
→ 1억 + [1억 × (-100.00%)]= 0원 상환 (최대 손실)
-100.00%",ok,
products/fund/SUM_D3348.pdf,SUM_D3348.pdf,products/fund,16,"간 이 투 자 설 명 서
KB able ELS 제3348호
높은위험 / 2등급, 원금비보장형
정부가 본 간이투자설명서의 기재사항이 진실 또는 정확하다는 것을 인정하거나 그
 증권의 가치를 보증 또는 승인하지 아니함을 유의하시기 바랍니다. 또한 이 파생결
합증권은「예금자보호법」에 따라 예금보험공사가 보호하지 않는 금융투자상품으
로 투자원금의 손실이 발생할 수 있으므로 투자에 신중을 기하여 주시기 바랍니다.
                     
                    【 투자결정시 유의사항 】
※ 본 설명서는 법령 및 내부통제기준에 따른 절차를 거쳐 제공됩니다.
1. 투자판단시 일괄신고서, 일괄신고추가서류, 투자설명서 및 간이
투자설명서를 반드시 참고하시기 바랍니다.
2. 금융투자상품의 특성상 투자원금의 손실이 있을 수 있으며 예금자보
호법에 따라 보호되지 않는다는 점을 숙지하고 투자하시기 바랍니다. 
3. 미리 정한 조건을 충족하지 못하는 경우 약정 수익을 받지 못하거나
상품에 따라서는 원금손실이 발생될 수 있는 복잡한 구조이므로 관련 
투자 위험요소를 충분히 이해하고 투자하시기 바랍니다.
4. 기초자산의 가격에 연계하여 증권의 수익률이 결정되므로 투자결정시 기
초자산의 성격 및 과거 가격 추이, 기초자산 관련 경영환경 변화
 등에 따른 권리변경 가능성 등을 충분히 감안하시기 바랍니다.
(기초자산이 신용위험인 경우 신용사건 발생여부에 따라 수익률이 결정되므
로 신용사건 발생에 영향을 미칠 수 있는 다양한 요소를 숙지하고 투자하여
야 합니다.)
5. 발행인의 신용상태에 따라 투자원금이 보호되지 않을 수 있는 신용위험이
 있으므로 발행인의 재무현황 및 신용등급(KB증권, 발행사 신용등
급 : AA+ (한국신용평가 2023년 03월 28일), AA+ (한국기업평
가 2023년 04월 21일), AA+ (NICE신용평가 2023년 06월 13일))
- 1 -
 등을 파악하고 투자결정을 하시기 바랍니다.
6. 투자금은 법적으로 별도 예치의무가 없기 때문에 발행인의 고유
재산과 분리되어 보호되지 않는다는 점을 충분히 이해하고 투자하여
야 합니다.
7. 동 파생결합증권은 거래소에 상장되지 않아 만기 전 투자금 회수에 
어려움이 있거나 투자금 회수를 위하여 발행인에게 중도상환 요청시 
상환비용이 크게 발생하여 투자자에게 지급되는 금액은 원금에 미달할 
수 있으므로, 중도상환절차 및 상환가격 결정방법 등을 반드시 확인
하시기 바랍니다.
8. ELS,D LS,ELB,D LB에 대한 상품정보는 금융투자협회 전자공시서비스에서
 (http://dis.kofia.or.kr) 비교검색하실 수 있습니다.
9. 동 파생결합증권은 투자자가 이해하기 어려운 고난도금융투자상품으
로 손실이 발생할 가능성이 있으니 투자에 유의하시기 바랍니다.
10. 동 파생결합증권은 숙려제도 대상 투자자(개인 일반투자자)의 투
자유의 상품으로 지정된 금융상품 입니다. 특별히 더 유의하셔서 투자
결정 하시기 바랍니다. 숙려제도 대상 투자자가 본 상품에 투자하는 경우 청
약 마감(신탁계약의 경우 계약체결마감)(마감일 불포함) 2영업일
전까지 청약하고, 이후 숙려기간(2영업일) 동안 최종 투자여부를
 확정해야 합니다. 최종 투자 승낙의사 확인 시에만 발행 처리되고
, 미확인 시에는 청약이 자동 취소됩니다.
11. 동 파생결합증권은 녹취대상상품으로 일반투자자(투자성향 적합
한 법인 일반투자자는 제외)에게 상품판매 시 전 과정을 녹취 및
 보관하여야 하며, 해당 투자자의 요청이 있을 시 녹취된 파일을 제공하여
야 합니다. 따라서, 녹취를 거부하시는 경우에는 상품판매가 불가한
 점을 유의하시기 바랍니다.
※목표시장의 내용 및 설정근거
- KB able ELS 제3348호 파생결합증권(주가연계증권)
- 2 -
목표시장 해당요소
고객 유형
전체
√ 일반투자자
√ 전문투자자(개인 전문투자자 포함)
　 전문투자자(개인 전문투자자 제외)
지식과 경험
　 낮음
√ 중간
√ 높음
손실감내능력 　 원금대비 50% 까지 손실감내
√ 원금 100%  또는 원금 초과 손실 감내
위험추구성향
　 위험기피적
　 위험중립적
√ 위험선호적
투자목적을 
 고려한 
 투자기간
　 단기(1년 미만)
√ 중기(1년 이상 ~  3년 미만)
√ 장기( 3년 이상)
보유 가능기간 √ 중도환매가능
√ 만기 보유
설정근거
해당 상품은 K OSPI200 지수, S& P500 지수, EuroStoxx50 지수를 기초자산으로 하여, 3년 만
기, 6개월 단위 조기상환 조건이 포함된 주가연계 파생결합증권입니다.   
미리 정해진 조건을 충족하지 못 하는 경우 약정수익을 지급받지 못 하거나 원금의 최대 100
%  까지 손실 발생할 수 있습니다. 
또한, 해당 상품의 투자자는 발행회사인 K B증권으로 중도환매신청을 할 수 있으나 기초자산
의 가격, 시중금리, 만기까지 잔존기간 등 가격결정요인들을 고려하여 공정가액의 95%  이상
(단, 발행후 6개월 이내 중도환매신청인 경우는 공정가액의 90% 이상) 가격으로 중도상환되
며 이 경우 원금 손실이 발생할 수 있습니다. 
이에 따라 주가연계 파생결합증권에 대한 지식과 투자경험, 손실감내능력, 투자기간이 충족
되는 고객에 한해 상품 가입 가능합니다. 
1. 상품개요
항   목 내   용
K B able ELS 제3348호 파생결합증권(주가연계증권)
- 3 -
항   목 내   용
종목명 (높은위험 / 2등급, 원금비보장형)
기초자산 KOSPI200 지수/S&P500 지수/EuroStoxx50 지수
모 집 총 액 5,000,000,000원
1증권당 액면가액 100,000원
1증권당 발행가액 100,000원
발행 수량 50,000 증권
최소청약금액 1,000,000원
청약기간
청약시작일 2024년 02월 27일
청약종료일 2024년 03월 08일 (14:00까지)
(청약기간이후 청약취소 불가)
숙려기간 2024년 03월 06일~ 2024년 03월 07일
납  입  일 2024년 03월 08일
배 정 일 2024년 03월 08일
환 불 일 2024년 03월 08일(발행취소된 경우)
2024년 03월 08일(안분배정이 발생한 경우)
발  행  일 2024년 03월 08일
만  기  일 2027년 03월 11일
※ 본 증권은 자본시장법 시행령 제2조제7호에서 정하는 고난도금융투자상품에 해당하
며 만기 또는 자동조기상환시 기초자산 가격변동에 따라 원금의 20%를 초과하는 손
실이 발생할 수 있습니다. 또한 기초자산 가격변동 이외의 요인(투자자 요청에 따른 중도
상환, 발행인의 지급 불이행 등)으로 추가 손실이 발생할 수 있습니다.
※ 자본시장법 시행령에 따라 본 증권의 숙려제도 대상(개인 일반투자자)은 청약 마감(마
감일 불포함) 2영업일전까지 청약하고, 이후 숙려기간(2영업일) 후 청약 마감일에 최종 투
자여부를 확정해야 합니다. 다만, 일임계약 또는 신탁계약을 통하여 동 파생결합증권에 간
접적으로 투자하는 경우에는 숙려기간 및 청약의사확인기간이 달라질 수 있으니 자세한 
사항은 판매처(일임계약 또는 신탁계약의 경우 해당 금융기관)에 문의하시기 바랍니다.
※ 총 청약금액이 모집총액의 100%에 미달하는 경우는 부분납입으로 종결하고 해당 금액
만을 발행하고, 모집총액의 100%를 초과하는 경우는 안분배정합니다. 단, 총 청약금액이
 3억원에 미달되는 경우 본 증권이 취소될 수 있으며, 이 경우 환불일에 청약금액을 환
- 4 -
불하되 이자는 가산하지 않으니 이 점 유의하시기 바랍니다.
※ 본 증권의 공정가액은 공시 전일 현재 9,765.11원으로 추산됩니다.
＊ 이는 본 일괄신고추가서류 제출일 전일 기준으로 제3의 평가기관으로부터 제시받은 이
론상의 평가금액이며, 본 거래에 따른 위험회피거래에 소요되는 만기까지의 헤지비용은 
가산하지 않은 가격입니다. 이론가격 산출에 사용한 시장변수는 아래 표와 같습니다. 
항    목 내      용
기초자산가격 변동성
-  K OSPI200 지수 : 20.38%
-  S&P500 지수 : 22.35%
-  EuroStoxx50 지수 : 20.62%
기초자산 일별수익률
 간의 상관계수
-  K OSPI200 지수와 S&P500 지수 : 0.2733
-  K OSPI200 지수와 EuroStoxx50 지수 : 0.2924
-  S&P500 지수와 EuroStoxx50 지수 : 0.4545
[변동성 기준: Volatility Surface에 대하여 VIX방법론을 이용(Jiang and Tian(2005))하여 Volatility Ter
m Structure를 산출한 뒤 해당만기에 상응하는 변동성을 적용, 상관계수 기준: 180영업일 역사적 상관계
수]
※ 발행 이후 발행인의 홈페이지에 게시하는 공정가액(기준가)은 확정된 기초자산의 기준
가격과 당시 시장상황을 감안하여 추산한 헤지비용 등이 반영되므로 본 일괄신고추가서류
 제출일 현재 제시한 공정가액과 달라질 수 있습니다.
2. 권리의 내용
(1) 평가일, 관찰일 및 평가방법
ｏ 최초기준가격 : 최초기준가격평가일 각 기초자산 종가
ｏ 최초기준가격평가일 : 2024년 03월 08일
ｏ 자동조기상환평가가격 : 해당 자동조기상환평가일 각 기초자산 종가
ｏ 자동조기상환평가일 및 상환금액: 
- 5 -
차수 자동조기상환평가일 상환금액
1차 2024년 09월 06일 액면금액 × 100.00%
2차 2025년 03월 07일 액면금액 × 100.00%
3차 2025년 09월 08일 액면금액 × 100.00%
4차 2026년 03월 06일 액면금액 × 100.00%
5차 2026년 09월 08일 액면금액 × 100.00%
ｏ 자동조기상환일  : 해당 자동조기상환평가일(불포함) 후 3 영업일
ｏ 월수익지급평가일(1차~36차)
회차 평가일자 회차 평가일자 회차 평가일자
1회 2024년 04월 08일2회 2024년 05월 08일3회 2024년 06월 07일
4회 2024년 07월 08일5회 2024년 08월 08일6회 2024년 09월 06일
7회 2024년 10월 08일8회 2024년 11월 08일9회 2024년 12월 06일
10회 2025년 01월 08일11회 2025년 02월 07일12회 2025년 03월 07일
13회 2025년 04월 08일14회 2025년 05월 08일15회 2025년 06월 05일
16회 2025년 07월 08일17회 2025년 08월 08일18회 2025년 09월 08일
19회 2025년 10월 02일20회 2025년 11월 07일21회 2025년 12월 08일
22회 2026년 01월 08일23회 2026년 02월 06일24회 2026년 03월 06일
25회 2026년 04월 08일26회 2026년 05월 08일27회 2026년 06월 08일
28회 2026년 07월 08일29회 2026년 08월 07일30회 2026년 09월 08일
31회 2026년 10월 08일32회 2026년 11월 06일33회 2026년 12월 08일
34회 2027년 01월 08일35회 2027년 02월 05일36회 2027년 03월 08일
ｏ월수익 지급일 : 해당 차수 월수익지급평가일(불포함) 후 3 영업일
ｏ 만기평가가격 : 만기평가일 각  기초자산 종가
ｏ 만기평가일 : 2027년 03월 08일
ｏ 만기일 : 만기평가일(불포함) 후 3 영업일
※ 기준가격 결정일은 해당 거래소가 위치한 현지 시간 기준으로 결정됩니다.
※ 기준가격 결정일이 본 설명서상 정의된 거래소영업일이 아닌 경우 그 다음 거래소영업
일이 해당 기준가격 결정일로 됩니다.
- 6 -
※ 기준가격 결정일에 어떠한 기초자산가격이 발표되지 않는 경우 계산대리인은 기준가격
 결정일을 변경할 수 있으며 이 경우 기초자산 전부에 대한 기준가격 결정일이 변경될 수
도 있습니다.
(2) 손익구조
구 분 내 용 투자수익률(세전)
월수익
지급
조건
매월 월수익지급평가일에 세 기초자산 종가가 모두 최초기준가격의 6
0% 보다 크거나 같은 경우(단, 세 기초자산 중 어느 한 기초자산이라
도 최초기준가격의 60% 보다 작은 경우 월수익 지급을 하지 않음)
월 단위 지급수익률인
0.5675% (연 6.81% ) 지급
(만기까지 36번의 월수익 지급가
능)
자동
조기
상환
① 제1차 자동조기상환평가일에 기초자산의 자동조기상환평가가격이
 세 기초자산 모두 최초기준가격의 95% 보다 크거나 같은 경우
 = > 액면금액 × 100.00%지급
② 제2차 자동조기상환평가일에 기초자산의 자동조기상환평가가격이
 세 기초자산 모두 최초기준가격의 85% 보다 크거나 같은 경우
 = > 액면금액 × 100.00%지급
③ 제3차 자동조기상환평가일에 기초자산의 자동조기상환평가가격이
 세 기초자산 모두 최초기준가격의 85% 보다 크거나 같은 경우
 = > 액면금액 × 100.00%지급
④ 제4차 자동조기상환평가일에 기초자산의 자동조기상환평가가격이
 세 기초자산 모두 최초기준가격의 80% 보다 크거나 같은 경우
 = > 액면금액 × 100.00%지급
⑤ 제5차 자동조기상환평가일에 기초자산의 자동조기상환평가가격이
 세 기초자산 모두 최초기준가격의 75% 보다 크거나 같은 경우
 = > 액면금액 × 100.00%지급
* 상환 확정 시점까지 총 지급금액은 총 누적쿠폰의 합과 원금이 됨.
0.00%
(원금지급)
만기
상환
⑥ 만기평가일에 기초자산의 만기평가가격이 세 기초자산 모두 최
초기준가격의 70%  보다 크거나 같은 경우
0.00%
(원금지급)
⑦ 위 ⑥에 해당하지 않고, 최초기준가격평가일(불포함)로부터 만기
평가일(포함)까지 세 기초자산 중 어느 한 기초자산도 그 가격이 장 
종가에【최초기준가격의 50% 】미만으로 하락한 적이 없는 경우
(어느 한 기초자산의 종가만 발표되는 날도 포함)
0.00%
(원금지급)
⑧ 위 ⑥에 해당하지 않고, 최초기준가격평가일(불포함)로부터 만기
평가일(포함)까지 세 기초자산 중 어느 한 기초자산이라도 그 가격이 
장 종가에【최초기준가격의 50% 】미만으로 하락한 적이 있는 경우
(어느 한 기초자산의 종가만 발표되는 날도 포함)
= > 원금손실
{(기준종목의 만기평가가격 / 기준
종목의 최초기준가격) -1 } x 100
%
*기준종목:모든 기초자산 중 [만기평가가격/최초기준가격]의 비율이 낮은 기초자산
3. 손익구조 그래프
- 7 -
ELS 제3348호 수익률 그래프 (간투_1)
- 8 -
ELS 제3348호 수익률 그래프 (간투_2)
가. 손실구조 예시 (1억원 투자시)
- 기초자산 [KOSPI200], [S&P500], [EuroStoxx50]의 최초기준가격이 각각 300.00pt, 4,0
00.00pt, 4,000.00pt인 경우
나. 손실사례 (자동조기상환 되지 않고, 만기평가일에 만기 상환가격 미 충족, 단 만기까
지 월수익지급은 모두 수령 하지 않은 경우 가정)
- 만기평가일까지 [KOSPI200], [S&P500], [EuroStoxx50] 중 어느 하나라도 낙인구간 50
% (150.00pt, 2,000.00pt, 2,000.00pt) 미만으로 하락한 적이 있고, 기초자산 중 어느 하나
라도 각 만기종가가 최초기준가격 대비 70% 미만으로 하락한 경우(종가기준) 아래와 같이
 손실 실현
구분 내용 손실률
만기평가일에 [KOSPI200], [S&P500], [EuroStoxx50]의
 가격이 각각 240pt, 3,200pt, 1,600pt일때 (기초자산 중 
- 9 -
구분 내용 손실률
사례1 하락률이 가장 큰 EuroStoxx50 지수 기준)
→ 1억 + [1억 ×  (-60.00%)]= 4,000만원 상환
-60.00%
사례2
만기평가일에 [KOSPI200], [S&P500], [EuroStoxx50]의
 가격이 각각 240pt, 3,200pt, 1,200pt일때 (기초자산 중 
하락률이 가장 큰 EuroStoxx50 지수 기준)
→ 1억 + [1억 ×  (-70.00%)]= 3,000만원 상환
-70.00%
사례3
만기평가일에 [KOSPI200], [S&P500], [EuroStoxx50]의
 가격이 각각 240pt, 3,200pt, 800pt일때 (기초자산 중 하
락률이 가장 큰 EuroStoxx50 지수 기준)
→ 1억 + [1억 ×  (-80.00%)]= 2,000만원 상환
-80.00%
사례4
만기평가일에 [KOSPI200], [S&P500], [EuroStoxx50]의
 가격이 각각 240pt, 3,200pt, 0pt일때 (기초자산 중 하락
률이 가장 큰 EuroStoxx50 지수 기준)
→ 1억 + [1억 ×  (-100.00%)]= 0원 상환(전액손실)
-100.00%
4. 기초자산의 과거 데이터를 이용한 수익률 모의실험
ELS 제3348호 BACKTEST(간투)
- 10 -
상환구분 수익률 발생횟수 발생빈도
1차 조기상환 ~3.405% 3,066 64.1020%
2차 조기상환 ~6.81% 864 18.0640%
3차 조기상환 ~10.215% 198 4.1397%
4차 조기상환 ~13.62% 197 4.1188%
5차 조기상환 ~17.025% 82 1.7144%
만기상환 ~20.43% 123 2.5716%
손실 -10.00%~0.00% 0 0.0000%
손실 -20.00%~-10.00% 88 1.8398%
손실 -30.00%~-20.00% 151 3.1570%
손실 -40.00%~-30.00% 14 0.2927%
손실 -50.00%~-40.00% 0 0.0000%
손실 -50.00% 미만 0 0.0000%
Total 4,783 100.000%
주1) 위 그래프와 표는 투자시점이 2001년 01월 02일부터 2021년 02월 19일인 경우로 가
정하여 분석한  결과입니다.
주2) 분석시작일(2001년 01월 02일)로부터 분석기간동안 매 거래소영업일에 동일한 상품
이 신규발행되어 투자자가 이를 반복해서 매입하는 것을 가정하였으며 이 경우 각각의 만
기수익률을 표본으로 추출하였습니다. (총 4,783회)
주3) 자동조기상환금액의 재투자는 가정하지 않았으며, 자동조기상환이 발생한 경우에는 
자동조기상환시의 수익률을 만기수익률로 인식하였습니다.
주4) 위 그래프와 표는 과거 기초자산의 종가를 이용한 손익구조 예시에 불과하며, 
본 증권의 투자에 따른 미래의 만기상환수익률의 예측치가 아님을 주의하셔야 합니
다.
5. 최대이익액 및 최대손실액
- 11 -
구   분 내    용 투자수익률(세전)
최대손실액
- 매월 월수익지급평가일에 기초자산 모두 최초기준가격의 60
% 보다 크거나 같은 경우가 한번도 발생하지 않아 월수익지급
일에 월수익을 지급받은 적이 없고, 만기전 자동조기상환 사유
가 발생하지 아니하고, 최초기준가격평가일(불포함)로부터 만
기평가일(포함)까지 각 기초자산중 어느 한 기초자산이라도 장 
종가에 최초기준가격의 50% 미만으로 하락한 적이 한번이라도
 있고, 세 기초자산 중 [만기평가가격÷최초기준가격]의 값이 
가장 작은 기초자산(열위종목)을 기준으로 그 기초자산(열위종
목)의 만기평가가격이 최초기준가격의 70% 보다 작은 경우부
터 원금의 손실이 발생하며 이때 지급액은[액면금액×100% ×(
만기평가가격÷최초기준가격)]으로 결정됩니다.
- 따라서, 최대손실액은 투자금액 전액으로 모든 기초자산
의 만기평가가격 중 어느 하나라도 최초기준가격 대비 100
%  하락하여 0으로 결정되는 경우 발생할 수 있습니다.
-100.00%
최대이익액
-  만기 전 자동조기상환 사유가 발생하지 아니하고, 모든 월수
익 지급을 받고(총36회), 각 기초자산의 만기평가가격이 세 기
초자산 모두 최초기준가격의 70%  이상인 경우 또는 최초기준
가격평가일(불포함)로부터 만기평가일(포함)까지 기초자산 중 
어느 한 기초자산도 장 종가에 최초기준가격의 50%  미만으로 
하락한 적이 한번도 없는 경우, 본 증권의 보유자는 액면금액의
 120.43%를 지급 받습니다.(세전기준)
20.43%
(연 6.81% )
6. 중도상환에 대한 사항
ｏ 만기 또는 자동조기상환이 원칙이나 투자자가 원할 경우 중도상환을 신청하실 수 있습
니다. 단, KB증권은 중도상환금액 결정일에 시장이 열리지 않거나 시장교란사유 발
생 등으로 기초자산의 가격 평가가 곤란한 경우 중도상환에 응하지 않을 수 있으며,
 이 경우 발생하는 손실은 모두 투자자에게 귀속됩니다.
중도상환
신청방법
발행인을 통해 KB증권 신청양식에 의거하여 당일 오후 3시30분 이
전에 서면 또는 유선으로 신청
중도상환
신청가능일
발행일(불포함)이후부터 만기평가일(불포함) 이전 4영업일까지 중
도상환 신청불가능일을 제외한 매 영업일
중도상환
신청불가능일
다음 ①부터 ②까지의 해당 영업일
① 자동조기상환조건이 있는 경우, 자동조기상환평가일(불포함) 
이전 2영업일부터 자동조기상환평가일까지의 영업일
② 월수익지급조건이 있는 경우, 월수익지급평가일(불포함) 이전 2
- 12 -
영업일부터 월수익지급평가일까지의 영업일
중도상환요청
의 철회
신청일 당일 오후 3시30분까지 취소 가능
중도상환
금액 결정일
중도상환 신청일 익거래소영업일(단,기초자산이 2개이상의 거래소에서 
거래되는 경우, 중도상환가격 결정일은 중도상환 신청일 직후의 해당거
래소 모두의 거래소영업일로 한다.)
중도상환금액
지급일
중도상환 신청일 (불포함) 이후 3 영업일에 해당하는 날
중도상환
신청단위
100만원이상 10만원 단위
중도상환가격
중도상환금액 결정일 기준으로 해당 증권의 청산가치 및 공정가액(기준
가)를 기준으로 신의성실의 원칙에 따라 발행인이 산출한 금액입니다.
- 중도상환 가격 산정시 기준이 되는 공정가액(기준가)의 추이는 'KB증
권 홈페이지(http://www.kbsec.com)> 펀드마켓> ELS/DLS > 공정가액 
조회 '에서 검색가능하며, 추후 시스템변경에 따라 검색화면은 변경될 
수 있습니다.
- 단, 중도상환 가격 산정시 발행인이 해당 증권의 청산에 필요한 비용
등이 포함되므로 발행인은 공정가액(기준가)의 95% 이상(단, 발행후
 6개월까지는 90%이상) 가격으로 증권을 중도상환합니다. 따라서,
실제 중도상환가격과 공정가액(기준가)의 차이가 발생할 수 있습
니다.
-투자자의 요청이 있는 경우 중도상환금액 산정에 관한 세부내역(
공정가액(기준가), 실제 중도상환가격, 공정가액(기준가)대비 실제
중도상환가격의 비율)을 교부해 드립니다.
투자자
유의사항
- 중도상환금액은 본 거래의 위험회피(Hedge)등을 위하여 체결한 거래
의 청산비용 및 중도상환가격 결정일의 기초자산 가격의 변동 등으로 인
하여 중도상환신청일, 중도상환가격 결정일 및 중도상환금액 지급일 등
에 공시되는 공정가액(기준가)과 다를 수 있으며, 이 경우 원금의 손실
이 발생할 수 있으므로 중도상환 신청 시 유의하시기 바랍니다.
- 투자자의 중도상환요청이 있는 경우 그러한 중도상환 요청일에 그 효
력이 발생하며, 이에 따라 발행인은 중도상환금액 지급의무 외에 추가적
인 상환의무를 부담하지 않습니다. 만일 천재지변, 거래제한 등 불가피
- 13 -
한 사유가 발생한 경우에는 발행인의 합리적인 판단으로 중도상환금액 
결정일을 연기할 수 있으며 이에 따라 중도상환금액 지급일 또한 연기될
 수 있습니다.
7. 투자자 유의사항
일반적 투자위험
본 증권은 예금자보호법에 따라 예금보험공사가 보호하지 아
니하며, 기초자산의 가격변동에 따라 투자원금의 일부 또는 전
부에 대한 손실위험이 있습니다.
또한 본 증권은 복잡한 파생상품적 성격을 포함하고 있으므로 상
품에 대해 충분히 이해하신 후 투자하시기 바랍니다.
본 증권에 대한 투자시 투자자 자신의 판단과 책임에 따라 스
스로 투자에 관한 의사결정을 하여야 하며, 투자에 따른 이
익 또는 손실에 대한 책임은 투자자 본인에게 귀속됩니다.
파생상품적 성격에 따
른 위험
본 증권은 기초자산의 가격변동에 연동하여 수익구조가 결정되는
파생상품적 성격을 지니고 있으므로 기초자산의 가격이 투자자
에게 불리한 방향으로 움직이는 경우 투자자는 예상치 못한 
커다란 손실을 입게 될 수 있으며, 대상이 되는 기초자산에 직
접 투자했을 때 얻을 수 있는 수익률과 본 증권에 투자하여 
얻은 수익률이 전혀 다를 수 있습니다.
발행사의 신용과 관련
한 위험
본 증권은 발행인의 신용으로 발행되는 무보증 증권이므로 발
행인의 재무, 손익상황이 본 증권의 상환에 중대한 영향을 미칠 
수 있습니다. 
또한 발행인의 파산, 회생절차 개시 등의 사유가 발생하는 경우 
고객의 의사와 관계 없이 조기종결 될 수 있으며, 이 경우 원
금손실이 발생할 수 있습니다.
본 증권과 관련하여 KB증권이 부담하게 되는 채무는 다른 무
담보, 무보증 채권과 동일한 순위를 가집니다.
환금성 제약의 위험
본 증권은 상장하지 않을 예정이므로 증권 보유자는 장외매매
를 통하여 본 증권을 양도하거나, 투자자의 요청에 의한 중도상환
등 본 증권의 조건에 따라 본 증권보유자에게 부여된 발행회사의 
권리행사 가능 사유를 제외하고는 유동성 확보에 지장이 있을 
수 있다는 점을 고려하여야 할 것입니다.
과세 관련 위험
본 증권과 관련하여 투자자가 얻게 되는 발행가액 대비 초과소
득은 관련세법에 따라 배당소득으로 간주되어 발행인이 소득
세를 원천징수하게 됩니다.
또한 수익금액이 크게 발생하는 경우, 종합소득과세대상이 
될 수 있으므로 투자판단시 고려하시기 바랍니다.(단, 법인의 경
우 법인세법 등 관련세법이 정한 바에 따릅니다.)
- 14 -
권리내용의 변경 및 조
기종결 위험
본 증권의 기초자산의 가격이 산출되지 않거나 존속하지 않게 되
는 경우, 본 증권의 존속기간 동안 기초자산의 성격이 매우 이질
적으로 변경되어 본 증권 발행시의 기초자산과 동일한 것으로 보
기 어려워지는 경우, 기초자산 또는 기초자산 구성종목의 매매가 
불가능해지는 경우, 천재지변이 발생하는 경우 등에는 발행인은 
상환금액 산정방식 및 평가일을 포함한 본 증권의 발행조건 
및 권리내용을 합리적으로 조정할 수 있습니다. 또한 이러한 
조정에도 불구하고 본 증권을 유지하는 것이 어렵다고 발행인
이 판단하는 경우에는 선관주의에 입각하여 합리적인 방법으로 
본 증권을 조기종결할 수 있습니다. 
이 경우 고객의 의사와 관계없이 본 증권이 조기종결될 수 있
으며, 조기종결시 시장상황에 따라 원금손실이 발생할 수 있
습니다. 
고난도금융투자상품
투자에 따른 위험
-  본 증권은 고난도금융투자상품에 해당합니다. 본 증권의 예상
손익구조에 따르면 만기 또는 자동조기상환시 기초자산 가격변
동에 따라 발생 가능한 최대손실은 원금 100%로서, 원금의 20
% 를 초과하는 손실이 발생할 수 있습니다. 또한 기초자산 가격
변동 이외의 요인(투자자 요청에 따른 중도상환, 발행인의 지급 
불이행 등)으로 추가 손실이 발생할 수 있습니다.
8. 인수에 관한 사항
해당사항 없음
9. 자금의 사용목적
KB증권은 향후 발행조건에 의한 상환금의 안정적인 지급을 위하여, 당해 증권의 발행으로
 조달된 자금 일부 또는 전체를 기초자산 거래, 장내외 파생상품 거래 등의 위험회피거래(
헷지거래) 및 금융투자상품 투자에 사용할 계획입니다. 단, 본 증권에 따른 상환금액은 II. 
증권의 주요 권리내용의 상환조건에 의하여 결정되며 헷지자산의 운용실적과는 무관합니
다.
10. 발행인이 영위하는 사업목적
KB증권은 금융투자상품 관련 투자매매업, 투자중개업, 투자자문업, 투자일임업 및 신탁업
- 15 -
을 금융위원회로부터 인가받아 영위하고 있습니다.
11. 발행인의 요약 재무정보
- 발행인의 요약 재무정보에 관한 사항은 2023년 11월 14일 금융위원회에 제출한「
제63기 3분기 보고서」 및 그 첨부서류를 참조하시기 바랍니다.
12. 기타 사항
※ KB증권은 관련 상품특성과 위험요소에 대해 설명 의무가 있습니다. 그러나 충분히 설
명을 듣고 고객의 판단으로 투자한 상품의 손실에 대한 모든 책임은 고객에게 있습니다.
※ 상품가입 후 의문사항 또는 불만(민원)이 있을 경우 KB증권 고객센터(1588-6611) 
또는 인터넷 홈페이지(http://www.kbsec.com)에 문의할 수 있고, 분쟁이 발생한 경우
에는 금융감독원(국번없이 1332) 등의 도움을 요청할 수 있습니다.
□ 본 설명서는 이 상품의 중요내용만을 선별하여 요약한 것이므로 이 설명서에만 의존하지 
마시고 투자설명서 등 세부 설명자료를 반드시 확인하신 후 청약하시기 바랍니다.
[ 설명직원 확인 ] : 
K B증권 (      )지점 (      )        (은)는 위 내용에 대하여 고객        에게 설명하고, 이 설명
서를 교부하였습니다.(☎             , 홈페이지 http://w w w .kbsec.com ).
                                         년     월     일     설명직원성명 :            (서명 또는 인)
이 간이투자설명서는 투자설명서의 기재사항 중 중요한 사항만을 요약한 것입니다. 
증권의 모집(매출) 또는 발행인의 재무상황 등에 대하여 보다 자세하고 구체적인 정보
를 얻기 원하는 투자자들께서는 증권신고서 또는 투자설명서를 참조하시기 바랍니다.
※ 증권신고서 사본 등 열람장소:금융감독원 전자공시시스템(http://dart.fss.or.kr)
이 간이투자설명서의 증권신고서는 2024년 02월 22일자로 효력이 발생하였으나, 증
권신고서의 효력발생은 정부가 증권신고서의 기재사항이 진실 또는 정확하다는 것을 
인정하거나 이 증권의 가치를 보증 또는 승인한 것이 아닙니다. 또한 이 간이투자설명
서의 기재사항은 청약일 전에 정정될 수 있음을 유의하시기 바랍니다.
- 16 -",ok,
products/isa/「KB개인종합자산관리예금」_상품설명서(26.7.2회차) (1).pdf,「KB개인종합자산관리예금」_상품설명서(26.7.2회차) (1).pdf,products/isa,5,"「KB 개인종합자산관리예금」 상품설명서 
 
1  상품 개요 및 특징 
▪ 상 품 명 : KB개인종합자산관리예금 
▪ 상품특징 : 개인종합자산관리계좌(ISA)제도 시행에 따라 원금과 이자를 보장하는 유형의 재산으로 운용하기 
위한 정기예금 
 
2  거래 조건 
 
◈ 이 설명서는 금융소비자의 권익 보호 및 예금상품에 대한 이해 증진을 위하여 「금융소비자 보호에 관한 법률」 및 
관련 규정에 의거, 은행의 내부 통제절차를 거쳐 예금상품의 주요 내용을 쉽게 이해할 수 있도록 작성한 자료입니다. 
◈ 설명내용을 제대로 이해하지 못하였음에도 불구하고 설명을 이해했다는 서명을 하거나 녹취기록을 남기시는 경우,  
추후 해당 내용과 관련한 권리구제가 어려울 수 있습니다. 
◈ 전문 등 비대면채널을 통해 가입하거나 통장 미발행 요청 시에는 통장 또는 증서가 교부되지 않습니다. 
구 분 내 용 
가입자격 
▪ 「조세특례제한법」에서 정한 개인종합자산관리계좌(ISA) 판매 자격을 갖춘 
  신탁업자 및 금융투자업자 
상품유형 ▪ 정기예금 
가입기간 ▪ 3개월, 6개월, 1년, 2년, 3년 
가입금액 ▪ 제한 없음(원 단위) 
거래방법 ▪ 신규 및 해지 : 예금주와 은행간 전문(電文)을 통해 거래 
계약해지방법 
▪ 예금주와 은행간 전문(電文)을 통해 해지 가능 
▪ 만기 자동해지(舊. 만기예금 편리입금 서비스) 불가 
▪ 만기일이 토요일 또는 법정공휴일(일요일 포함)인 경우 직전 영업일에 해지 시  
해당일수만큼 약정이자를 차감하고 지급 
특별중도해지 
(분할해지) 
 사유 및 
적용이율 
(세금공제 전, 
2026.7.16기준) 
▪ 특별중도해지(분할해지) 사유 및 적용이율 
- 아래의 사유로 특별중도해지(분할해지)하는 경우에는 신규일(또는 재예치일)로 부터 
    지급일 전날까지의 기간에 대하여 특별중도해지(분할해지) 적용이율로 셈하여 이자를 지급 
사 유 적용이율 
ㅇ 가입자의 사망·해외이주 
ㅇ 개인종합자산관리계좌의 계약 해지 전 6개월 
이내에 대통령령으로 정한 아래의 사유가 
발생한 경우 
- 천재지변, 저축자의 퇴직, 사업장의 폐업 
- 저축자의 3개월 이상의 입원치료 또는 
요양을 요하는 상해·질병의 발생 
- 저축취급기관의 영업의 정지, 영업인가· 
ㅇ 경과기간(신규일 또는 재예치일부터  
지급일 전날까지)별 만기이율주) 
* 경과기간 6개월 미만 : 
이 예금 3개월제 만기이율 
* 경과기간 6개월 이상 ~ 1년 미만 : 
이 예금 6개월제 만기이율 
* 경과기간 1년 이상 ~ 2년 미만 : 
이 예금 1년제 만기이율 
KB국민은행 준법감시인 심의필 제2026-3174호 심의일: 2026.07.13) 
            [유효기간: 2026.07.16 ~ 2026.07.31] 
 
 
 
 
 
허가의 취소, 해산결의 또는 파산선고 
ㅇ 의무가입기간이 3년인 개인종합자산관리계좌를 
   의무가입기간 경과주) 후 해지 
주) 경과: (해당 시간을) 완전히 지나간 기간 
* (예시) 입금일부터 해지일까지 지나간 기간 
ㅇ 개인종합자산관리계좌 만기일 도래에 따른 해지 
* 경과기간 2년 이상 ~ 3년 미만 : 
이 예금 2년제 만기이율 
ㅇ 신탁보수 취득 
ㅇ 신규일(또는 재예치일)에 적용된 
계약기간별 만기이율 
※ 주) 신규일(또는 재예치일) 당시 고시한 계약기간별 만기이율 
▪ 분할해지는 만기(중도)해지를 포함하여 3회 이내에서 가능 
만기이율  
(세금공제 전, 
2026.7.16기준) 
▪ 신규일(또는 재예치일) 당시 고시한 계약기간별 만기이율 적용 
※ 만기이율은 변동될 수 있으니 가입 시 반드시 확인하시기 바랍니다. 
계약기간 이율 (연 %) 
3개월 2.50 
6개월 2.65 
1년 3.10 
2년 2.90 
3년 2.90   
최종이율 
(세금공제 전,  
2026.7.16 
기준) 
 
▪ 최저 연 2.50%(3개월)~ 최고 연 3.10%(1년) 
 
이자지급시기 
▪ 만기일시지급식 : 신규일(또는 재예치일) 당시 고시한 계약기간별 만기이율로 셈하여 
                   만기에 원금과 함께 지급 
이자계산방법 
(산출근거) 
[세전] 
▪ 신규일부터 만기일 전일까지의 기간에 대하여 약정이율로 계산 한 금액(원미만 절사) 
[이자계산 산식] 신규금액 X 약정이율 X 약정개월수 ÷ 12 
 
 
 
 
 
 상품신규일 만기일 전일   · · · 
신규금액 X 약정이율 X 약정개월수 ÷ 12 
중도해지이율 
(산출근거) 
(세금공제 전, 
2026.7.16 
기준) 
▪ 긴급 자금수요 등으로 중도해지할 경우 정기예금 중도해지이자율에 비해 회전식 정기예금이 
  유리할 수 있음 
[고정금리형] 
▪ 신규가입일 당시 영업점 및 인터넷 홈페이지(www.kbstar.com)에 고시한 예치기간별 
중도해지이율 적용                                                           (단위: 연%) 
예치기간 이율 
1개월미만 0.1 
1개월이상~3개월미만 만기이율 X 50% X 경과월수/계약월수(단, 최저금리는 0.1) 
3개월이상~6개월미만 만기이율 X 50% X 경과월수/계약월수(단, 최저금리는 0.1) 
6개월이상~8개월미만 만기이율 X 60% X 경과월수/계약월수(단, 최저금리는 0.2) 
8개월이상~10개월미만 만기이율 X 70% X 경과월수/계약월수(단, 최저금리는 0.2) 
10개월이상~11개월미만 만기이율 X 80% X 경과월수/계약월수(단, 최저금리는 0.2) 
11개월이상 만기이율 X 90% X 경과월수/계약월수(단, 최저금리는 0.2) 
1. 만기이율 : 신규일(또는 재예치일) 당시 고시한 계약기간별 만기이율 
2. 경과월수 : 신규일(또는 재예치일) 다음날로부터 해지월 신규(또는 재예치)해당일까지를 월수로 하고, 
1개월 미만은 절상 
3. 계약월수 : 신규일(또는 재예치일) 다음날로부터 만기월 신규(또는 재예치)해당일까지를 월수로 하고, 
1개월 미만은 절상. 단, 계약기간이 월단위인 경우 계약월수를 그대로 사용 
※ 경과월수는 계약월수를 초과할 수 없음 
4. 이율은 소수점 둘째자리까지 표시(소수점 셋째자리에서 절사) 
 
▪ 입금일부터 중도해지일 전일까지의 기간에 대하여 중도해지이율로 계산(원미만 절사) 
 
만기후이율 ▪ 예금만기 시 자동재예치 되므로 만기후이율은 없음 
세제 관련 ▪ 비과세종합저축으로 가입 불가 
추가입금 ▪ 불가 
재예치 
▪ 예금주의 별도 지시가 없는 한 만기에 해지한 원금과 이자를 최초 가입한 계약기간 및 
계약조건(단, 이율조건은 제외)과 동일하게 재예치합니다. 
구 분 월(년) 단위 계좌 
재예치기간 최초 가입한 계약기간과 동일 기간으로 재예치 
▪ 자동재예치 시 만기일을 재예치 신규일로 하며, 재예치 신규일이 없는 경우에는 그 달의 
말일을 재예치일로 합니다. 
▪ 자동재예치 시 적용이율은 자동재예치일 당시 고시한 계약기간별 만기이율을 적용합니다. 
▪ 이 예금은 예금주의 별도 지시가 없는 한 만기에 자동재예치하므로 예금주인 신탁업자 및 
(최저 0.1) (최저 0.1) 
(최저 0.2) 
(최저 0.2) 
(최저 0.2) 
(최저 0.2) 
금융투자업자에게 자동재예치에 대한 내용 통지는 생략합니다. 
※ 이 예금의 예금주인 신탁업자 및 금융투자업자는 이 예금을 편입상품으로 운용 지시한 
개인종합자산관리계좌(ISA) 가입고객에게 자동재예치에 대한 내용을 통지합니다. 
양도 및 
 담보제공 
▪ 양도 불가 
▪ 예금담보대출은 예금잔액 95% 이내로 가능 
원금 및 
이자지급 제한 
▪ 계좌에 압류주1), 가압류주2), 질권주3) 등이 등록될 경우 원금 및 이자 지급이 제한될 수 있음 
※ 민사집행법에 따라 최저생계비 이하 등 압류금지채권에 해당하는 경우에는 
법원에 압류금지채권 범위 변경 신청 등을 통해 압류를 취소할 수 있습니다. 
 
 주 1) 압류: 채무자의 특정한 재산에 대하여 처분(매매, 양도 등)을 금지하게 하는 법원의 조치로서,  
채권자가 채무자의 해당 재산을 금전화하여 채무 변제에 충당하려는 목적으로 이용됩니다. 
 주 2) 가압류: 법원이 채권자를 위하여 나중에 강제 집행을 할 목적으로 채무자의 재산을 임시로 
확보하는 행위입니다. 
 주 3) 질권설정: 채무자가 변제기일에 채무를 이행하지 않는 경우 설정자(담보물 소유자)가 제공한 
담보물에 대하여 채권자가 직접 청구하여 우선적으로 변제받을 수 있는 권리를 설정하는 
것으로써 일반적으로 담보물이 동산 또는 권리(예·적금, 채권 등)인 경우에 활용됩니다. 
▪ 예금잔액증명서 발급 당일에는 입금·출금·이체 등 잔액 변동 불가 
휴면예금 및 
출연 
▪ 예금 만기일 또는 이자지급을 포함한 최종거래일 이후 5 년 이내 계좌를 해지하지 않을 경우  
예금거래기본약관 제 9 조의 2 휴면예금 및 출연에 따라 휴면예금은 “서민금융진흥원 
(국번없이 1397)”에 출연주)될 수 있으며, 이 경우 서민금융진흥원을 통해 휴면예금을 
찾으실 수 있습니다. 
▪ 휴면예금은 휴면예금통합조회서비스(www.sleepmoney.or.kr)를 통해 조회 가능합니다. 
 
주) 출연: 어떤 사람이나 단체가 자기의 의사에 따라 돈을 내거나 의무를 부담함으로써 재산상의  
손실을 입고 남의 재산을 증가시키는 일을 말합니다. 일반적으로 기부행위를 일컫는 말로  
사용되나 법률적으로는 비영리재단법인에 재산을 무상으로 내는 행위를 뜻합니다. 
 
※ 계좌통합관리서비스 이용 시 사용하지 않는 소액계좌를 잔고 이전/해지 할 수 있으며, 
 휴면계좌통합조회서비스 이용 시 휴면계좌 현황을 파악할 수 있습니다. 
예금자 
보호여부 
해 당 
이 예금은 예금자보호법에 따라 원금과 소정의 이자를 합하여  
1 인당 “1 억원까지”(본 은행의 여타 보호상품과 합산) 보호됩니다.  
위법계약해지권 
▪ 금융소비자는 은행이 금융소비자보호법 판매원칙주 1)을 위반하여 해당 금융상품에 관한 계약을 
체결한 경우에는 법 위반사실을 안 날로부터 1 년 이내(해당 기간은 계약체결일로부터 5 년 
이내의 범위)에 해지요구서 주 2)와 위반사항을 증명하는 서류를 은행에 제출하여 해당 계약의 
해지를 요구할 수 있습니다. 만약, 금융소비자의 요구가 정당한 것으로 판단될 경우 수수료, 
위약금 등 계약의 해지와 관련된 비용 부담 없이 해당 계약을 해지할 수 있습니다. 
 
주 1) 금융소비자보호법 판매원칙: 부적합한 금융상품을 권유한 경우(제 17 조 제 3 항), 적정하지 않은 
금융상품에 대해 부적정하다는 사실을 알리지 않은 경우(제 18 조 제 2 항), 금융상품에 대해 거짓 
또는 왜곡하여 설명하거나 중요한 사항에 대한 설명을 누락한 경우(제 19 조 제 1,3 항), 
불공정영업행위의 금지(제 20 조 제 1 항), 부당권유행위의 금지(제 21 조) 
주 2) 해지요구서: 금융상품의 명칭, 법 위반사실을 포함하여 계약의 해지를 요구하기 위하여 작성한 문서 

 
3  유의 사항 
 
▪ 이 설명서는 「금융소비자 보호에 관한 법률」제19조제1항, 동 법 시행령 제14조제1항, 제3항에 따라 
금융상품에 관한 중요한 사항을 이해하기 쉽도록 설명하기 위해 설명을 하기 전에 제공되는 자료로써, 
상담일 이후 가입금액, 계약기간 등 변경에 의하여 일부 내용이 달라질 수 있습니다. 
▪ 본 설명서는 법령 및 내부통제기준에 따른 절차를 거쳐서 제공됩니다. 
 
이 상품은 KB 국민은행 수신상품부(P)에서 개발 및 관리하는 상품입니다. 
본 상품에 대한 문의사항 또는 민원 상담이 필요하시면 영업점, 고객센터(1588-9999) 또는 인터넷 홈페이지 
(www.kbstar.com), 금융감독원 민원상담센터(국번없이 1332) 또는 e-금융민원센터(www.fcsc.kr)을  
통해 문의주시기 바랍니다.  
영업점 등을 통해 은행에 접수된 민원은 특별한 사정이 없는 한 14 영업일 이내에 처리함을 원칙으로 하되, 
기한 연장시 이에 대해 안내드리도록 하겠습니다. 또한 요청이 있는 경우 민원처리진행상황을 안내 받으실 수 있습니다. 
또한 금융소비자는 본 상품에 대하여 당 은행과 분쟁이 있는 경우에는 금융소비자보호법 제 36 조 제 1 항에 따라 
금융감독원에 분쟁조정을 신청할 수 있습니다. 
 
자료열람요구권 
▪ 금융소비자는 분쟁조정 또는 소송의 수행 등 권리구제를 위한 목적으로 은행이 기록 및  
유지·관리하는 다음의 자료에 대한 열람(사본 및 청취 포함)을 요구할 수 있습니다. 
- 계약체결에 관한 자료, 계약의 이행에 관한 자료, 금융상품 등에 관한 광고 자료, 
금융소비자의 권리행사에 관한 자료, 내부통제기준의 제정 및 운영 등에 관한 자료,  
업무 위탁에 관한 자료 
▪ 은행은 법령, 제 3 자의 이익 침해, 영업비밀의 침해 등의 사유가 있는 경우 이를 
금융소비자에게 알리고 자료 열람을 제한하거나 거절할 수 있습니다. 
이용제한 사항 ▪ 이 예금은 개인종합자산관리계좌(ISA) 운용 관련 전용 상품입니다.",ok,
products/isa/「KB개인종합자산관리예금」_상품설명서(26.7.2회차).pdf,「KB개인종합자산관리예금」_상품설명서(26.7.2회차).pdf,products/isa,5,"「KB 개인종합자산관리예금」 상품설명서 
 
1  상품 개요 및 특징 
▪ 상 품 명 : KB개인종합자산관리예금 
▪ 상품특징 : 개인종합자산관리계좌(ISA)제도 시행에 따라 원금과 이자를 보장하는 유형의 재산으로 운용하기 
위한 정기예금 
 
2  거래 조건 
 
◈ 이 설명서는 금융소비자의 권익 보호 및 예금상품에 대한 이해 증진을 위하여 「금융소비자 보호에 관한 법률」 및 
관련 규정에 의거, 은행의 내부 통제절차를 거쳐 예금상품의 주요 내용을 쉽게 이해할 수 있도록 작성한 자료입니다. 
◈ 설명내용을 제대로 이해하지 못하였음에도 불구하고 설명을 이해했다는 서명을 하거나 녹취기록을 남기시는 경우,  
추후 해당 내용과 관련한 권리구제가 어려울 수 있습니다. 
◈ 전문 등 비대면채널을 통해 가입하거나 통장 미발행 요청 시에는 통장 또는 증서가 교부되지 않습니다. 
구 분 내 용 
가입자격 
▪ 「조세특례제한법」에서 정한 개인종합자산관리계좌(ISA) 판매 자격을 갖춘 
  신탁업자 및 금융투자업자 
상품유형 ▪ 정기예금 
가입기간 ▪ 3개월, 6개월, 1년, 2년, 3년 
가입금액 ▪ 제한 없음(원 단위) 
거래방법 ▪ 신규 및 해지 : 예금주와 은행간 전문(電文)을 통해 거래 
계약해지방법 
▪ 예금주와 은행간 전문(電文)을 통해 해지 가능 
▪ 만기 자동해지(舊. 만기예금 편리입금 서비스) 불가 
▪ 만기일이 토요일 또는 법정공휴일(일요일 포함)인 경우 직전 영업일에 해지 시  
해당일수만큼 약정이자를 차감하고 지급 
특별중도해지 
(분할해지) 
 사유 및 
적용이율 
(세금공제 전, 
2026.7.16기준) 
▪ 특별중도해지(분할해지) 사유 및 적용이율 
- 아래의 사유로 특별중도해지(분할해지)하는 경우에는 신규일(또는 재예치일)로 부터 
    지급일 전날까지의 기간에 대하여 특별중도해지(분할해지) 적용이율로 셈하여 이자를 지급 
사 유 적용이율 
ㅇ 가입자의 사망·해외이주 
ㅇ 개인종합자산관리계좌의 계약 해지 전 6개월 
이내에 대통령령으로 정한 아래의 사유가 
발생한 경우 
- 천재지변, 저축자의 퇴직, 사업장의 폐업 
- 저축자의 3개월 이상의 입원치료 또는 
요양을 요하는 상해·질병의 발생 
- 저축취급기관의 영업의 정지, 영업인가· 
ㅇ 경과기간(신규일 또는 재예치일부터  
지급일 전날까지)별 만기이율주) 
* 경과기간 6개월 미만 : 
이 예금 3개월제 만기이율 
* 경과기간 6개월 이상 ~ 1년 미만 : 
이 예금 6개월제 만기이율 
* 경과기간 1년 이상 ~ 2년 미만 : 
이 예금 1년제 만기이율 
KB국민은행 준법감시인 심의필 제2026-3174호 심의일: 2026.07.13) 
            [유효기간: 2026.07.16 ~ 2026.07.31] 
 
 
 
 
 
허가의 취소, 해산결의 또는 파산선고 
ㅇ 의무가입기간이 3년인 개인종합자산관리계좌를 
   의무가입기간 경과주) 후 해지 
주) 경과: (해당 시간을) 완전히 지나간 기간 
* (예시) 입금일부터 해지일까지 지나간 기간 
ㅇ 개인종합자산관리계좌 만기일 도래에 따른 해지 
* 경과기간 2년 이상 ~ 3년 미만 : 
이 예금 2년제 만기이율 
ㅇ 신탁보수 취득 
ㅇ 신규일(또는 재예치일)에 적용된 
계약기간별 만기이율 
※ 주) 신규일(또는 재예치일) 당시 고시한 계약기간별 만기이율 
▪ 분할해지는 만기(중도)해지를 포함하여 3회 이내에서 가능 
만기이율  
(세금공제 전, 
2026.7.16기준) 
▪ 신규일(또는 재예치일) 당시 고시한 계약기간별 만기이율 적용 
※ 만기이율은 변동될 수 있으니 가입 시 반드시 확인하시기 바랍니다. 
계약기간 이율 (연 %) 
3개월 2.50 
6개월 2.65 
1년 3.10 
2년 2.90 
3년 2.90   
최종이율 
(세금공제 전,  
2026.7.16 
기준) 
 
▪ 최저 연 2.50%(3개월)~ 최고 연 3.10%(1년) 
 
이자지급시기 
▪ 만기일시지급식 : 신규일(또는 재예치일) 당시 고시한 계약기간별 만기이율로 셈하여 
                   만기에 원금과 함께 지급 
이자계산방법 
(산출근거) 
[세전] 
▪ 신규일부터 만기일 전일까지의 기간에 대하여 약정이율로 계산 한 금액(원미만 절사) 
[이자계산 산식] 신규금액 X 약정이율 X 약정개월수 ÷ 12 
 
 
 
 
 
 상품신규일 만기일 전일   · · · 
신규금액 X 약정이율 X 약정개월수 ÷ 12 
중도해지이율 
(산출근거) 
(세금공제 전, 
2026.7.16 
기준) 
▪ 긴급 자금수요 등으로 중도해지할 경우 정기예금 중도해지이자율에 비해 회전식 정기예금이 
  유리할 수 있음 
[고정금리형] 
▪ 신규가입일 당시 영업점 및 인터넷 홈페이지(www.kbstar.com)에 고시한 예치기간별 
중도해지이율 적용                                                           (단위: 연%) 
예치기간 이율 
1개월미만 0.1 
1개월이상~3개월미만 만기이율 X 50% X 경과월수/계약월수(단, 최저금리는 0.1) 
3개월이상~6개월미만 만기이율 X 50% X 경과월수/계약월수(단, 최저금리는 0.1) 
6개월이상~8개월미만 만기이율 X 60% X 경과월수/계약월수(단, 최저금리는 0.2) 
8개월이상~10개월미만 만기이율 X 70% X 경과월수/계약월수(단, 최저금리는 0.2) 
10개월이상~11개월미만 만기이율 X 80% X 경과월수/계약월수(단, 최저금리는 0.2) 
11개월이상 만기이율 X 90% X 경과월수/계약월수(단, 최저금리는 0.2) 
1. 만기이율 : 신규일(또는 재예치일) 당시 고시한 계약기간별 만기이율 
2. 경과월수 : 신규일(또는 재예치일) 다음날로부터 해지월 신규(또는 재예치)해당일까지를 월수로 하고, 
1개월 미만은 절상 
3. 계약월수 : 신규일(또는 재예치일) 다음날로부터 만기월 신규(또는 재예치)해당일까지를 월수로 하고, 
1개월 미만은 절상. 단, 계약기간이 월단위인 경우 계약월수를 그대로 사용 
※ 경과월수는 계약월수를 초과할 수 없음 
4. 이율은 소수점 둘째자리까지 표시(소수점 셋째자리에서 절사) 
 
▪ 입금일부터 중도해지일 전일까지의 기간에 대하여 중도해지이율로 계산(원미만 절사) 
 
만기후이율 ▪ 예금만기 시 자동재예치 되므로 만기후이율은 없음 
세제 관련 ▪ 비과세종합저축으로 가입 불가 
추가입금 ▪ 불가 
재예치 
▪ 예금주의 별도 지시가 없는 한 만기에 해지한 원금과 이자를 최초 가입한 계약기간 및 
계약조건(단, 이율조건은 제외)과 동일하게 재예치합니다. 
구 분 월(년) 단위 계좌 
재예치기간 최초 가입한 계약기간과 동일 기간으로 재예치 
▪ 자동재예치 시 만기일을 재예치 신규일로 하며, 재예치 신규일이 없는 경우에는 그 달의 
말일을 재예치일로 합니다. 
▪ 자동재예치 시 적용이율은 자동재예치일 당시 고시한 계약기간별 만기이율을 적용합니다. 
▪ 이 예금은 예금주의 별도 지시가 없는 한 만기에 자동재예치하므로 예금주인 신탁업자 및 
(최저 0.1) (최저 0.1) 
(최저 0.2) 
(최저 0.2) 
(최저 0.2) 
(최저 0.2) 
금융투자업자에게 자동재예치에 대한 내용 통지는 생략합니다. 
※ 이 예금의 예금주인 신탁업자 및 금융투자업자는 이 예금을 편입상품으로 운용 지시한 
개인종합자산관리계좌(ISA) 가입고객에게 자동재예치에 대한 내용을 통지합니다. 
양도 및 
 담보제공 
▪ 양도 불가 
▪ 예금담보대출은 예금잔액 95% 이내로 가능 
원금 및 
이자지급 제한 
▪ 계좌에 압류주1), 가압류주2), 질권주3) 등이 등록될 경우 원금 및 이자 지급이 제한될 수 있음 
※ 민사집행법에 따라 최저생계비 이하 등 압류금지채권에 해당하는 경우에는 
법원에 압류금지채권 범위 변경 신청 등을 통해 압류를 취소할 수 있습니다. 
 
 주 1) 압류: 채무자의 특정한 재산에 대하여 처분(매매, 양도 등)을 금지하게 하는 법원의 조치로서,  
채권자가 채무자의 해당 재산을 금전화하여 채무 변제에 충당하려는 목적으로 이용됩니다. 
 주 2) 가압류: 법원이 채권자를 위하여 나중에 강제 집행을 할 목적으로 채무자의 재산을 임시로 
확보하는 행위입니다. 
 주 3) 질권설정: 채무자가 변제기일에 채무를 이행하지 않는 경우 설정자(담보물 소유자)가 제공한 
담보물에 대하여 채권자가 직접 청구하여 우선적으로 변제받을 수 있는 권리를 설정하는 
것으로써 일반적으로 담보물이 동산 또는 권리(예·적금, 채권 등)인 경우에 활용됩니다. 
▪ 예금잔액증명서 발급 당일에는 입금·출금·이체 등 잔액 변동 불가 
휴면예금 및 
출연 
▪ 예금 만기일 또는 이자지급을 포함한 최종거래일 이후 5 년 이내 계좌를 해지하지 않을 경우  
예금거래기본약관 제 9 조의 2 휴면예금 및 출연에 따라 휴면예금은 “서민금융진흥원 
(국번없이 1397)”에 출연주)될 수 있으며, 이 경우 서민금융진흥원을 통해 휴면예금을 
찾으실 수 있습니다. 
▪ 휴면예금은 휴면예금통합조회서비스(www.sleepmoney.or.kr)를 통해 조회 가능합니다. 
 
주) 출연: 어떤 사람이나 단체가 자기의 의사에 따라 돈을 내거나 의무를 부담함으로써 재산상의  
손실을 입고 남의 재산을 증가시키는 일을 말합니다. 일반적으로 기부행위를 일컫는 말로  
사용되나 법률적으로는 비영리재단법인에 재산을 무상으로 내는 행위를 뜻합니다. 
 
※ 계좌통합관리서비스 이용 시 사용하지 않는 소액계좌를 잔고 이전/해지 할 수 있으며, 
 휴면계좌통합조회서비스 이용 시 휴면계좌 현황을 파악할 수 있습니다. 
예금자 
보호여부 
해 당 
이 예금은 예금자보호법에 따라 원금과 소정의 이자를 합하여  
1 인당 “1 억원까지”(본 은행의 여타 보호상품과 합산) 보호됩니다.  
위법계약해지권 
▪ 금융소비자는 은행이 금융소비자보호법 판매원칙주 1)을 위반하여 해당 금융상품에 관한 계약을 
체결한 경우에는 법 위반사실을 안 날로부터 1 년 이내(해당 기간은 계약체결일로부터 5 년 
이내의 범위)에 해지요구서 주 2)와 위반사항을 증명하는 서류를 은행에 제출하여 해당 계약의 
해지를 요구할 수 있습니다. 만약, 금융소비자의 요구가 정당한 것으로 판단될 경우 수수료, 
위약금 등 계약의 해지와 관련된 비용 부담 없이 해당 계약을 해지할 수 있습니다. 
 
주 1) 금융소비자보호법 판매원칙: 부적합한 금융상품을 권유한 경우(제 17 조 제 3 항), 적정하지 않은 
금융상품에 대해 부적정하다는 사실을 알리지 않은 경우(제 18 조 제 2 항), 금융상품에 대해 거짓 
또는 왜곡하여 설명하거나 중요한 사항에 대한 설명을 누락한 경우(제 19 조 제 1,3 항), 
불공정영업행위의 금지(제 20 조 제 1 항), 부당권유행위의 금지(제 21 조) 
주 2) 해지요구서: 금융상품의 명칭, 법 위반사실을 포함하여 계약의 해지를 요구하기 위하여 작성한 문서 

 
3  유의 사항 
 
▪ 이 설명서는 「금융소비자 보호에 관한 법률」제19조제1항, 동 법 시행령 제14조제1항, 제3항에 따라 
금융상품에 관한 중요한 사항을 이해하기 쉽도록 설명하기 위해 설명을 하기 전에 제공되는 자료로써, 
상담일 이후 가입금액, 계약기간 등 변경에 의하여 일부 내용이 달라질 수 있습니다. 
▪ 본 설명서는 법령 및 내부통제기준에 따른 절차를 거쳐서 제공됩니다. 
 
이 상품은 KB 국민은행 수신상품부(P)에서 개발 및 관리하는 상품입니다. 
본 상품에 대한 문의사항 또는 민원 상담이 필요하시면 영업점, 고객센터(1588-9999) 또는 인터넷 홈페이지 
(www.kbstar.com), 금융감독원 민원상담센터(국번없이 1332) 또는 e-금융민원센터(www.fcsc.kr)을  
통해 문의주시기 바랍니다.  
영업점 등을 통해 은행에 접수된 민원은 특별한 사정이 없는 한 14 영업일 이내에 처리함을 원칙으로 하되, 
기한 연장시 이에 대해 안내드리도록 하겠습니다. 또한 요청이 있는 경우 민원처리진행상황을 안내 받으실 수 있습니다. 
또한 금융소비자는 본 상품에 대하여 당 은행과 분쟁이 있는 경우에는 금융소비자보호법 제 36 조 제 1 항에 따라 
금융감독원에 분쟁조정을 신청할 수 있습니다. 
 
자료열람요구권 
▪ 금융소비자는 분쟁조정 또는 소송의 수행 등 권리구제를 위한 목적으로 은행이 기록 및  
유지·관리하는 다음의 자료에 대한 열람(사본 및 청취 포함)을 요구할 수 있습니다. 
- 계약체결에 관한 자료, 계약의 이행에 관한 자료, 금융상품 등에 관한 광고 자료, 
금융소비자의 권리행사에 관한 자료, 내부통제기준의 제정 및 운영 등에 관한 자료,  
업무 위탁에 관한 자료 
▪ 은행은 법령, 제 3 자의 이익 침해, 영업비밀의 침해 등의 사유가 있는 경우 이를 
금융소비자에게 알리고 자료 열람을 제한하거나 거절할 수 있습니다. 
이용제한 사항 ▪ 이 예금은 개인종합자산관리계좌(ISA) 운용 관련 전용 상품입니다.",ok,
products/isa/「KB개인종합자산관리예금」_특약(2024.12.30)_(1) (1).pdf,「KB개인종합자산관리예금」_특약(2024.12.30)_(1) (1).pdf,products/isa,2,"「KB개인종합자산관리예금」특약 
제 1조 적용범위 
KB개인종합자산관리예금(이하‘이 예금’이라 합니다) 거래는 이 특약을 적용하며, 이 특약에서 
정하지 않은 사항은 예금거래기본약관 및 거치식예금약관을 적용합니다. 
 
제 2조 예금과목 
이 예금의 예금과목은 정기예금으로 합니다. 
 
제 3조 가입대상 
이 예금의 가입대상은 조세특례제한법에서 정한 개인종합자산관리계좌 판매 자격을 갖춘 신탁업자 
및 금융투자업자로 합니다. 
 
제 4조 가입금액 
이 예금의 가입금액은 제한이 없습니다. 
 
제 5조 상품유형 및 계약기간 
이 예금은 고정금리형으로 계약기간은 3개월, 6개월, 1년, 2년, 3년으로 합니다. 
 
제 6조 자동재예치 
① 예금주의 별도 지시가 없는 한 만기에 해지한 원금과 이자를 최초 가입한 계약기간 및 
계약조건(단, 이율조건은 제외)과 동일하게 재예치합니다. 
② 자동재예치 시 만기일을 재예치 신규일로 하며, 재예치 신규일이 없는 경우에는 그 달의 말일을 
재예치일로 합니다. 
③ 자동재예치 시 적용이율은 자동재예치일 당시 고시한 계약기간별 만기이율을 적용합니다. 
④ 이 예금은 예금주의 별도 지시가 없는 한 만기에 자동재예치 하므로 예금주인 신탁업자 및 
금융투자업자에게 자동재예치에 대한 내용 통지는 생략합니다. 
 
제 7조 분할해지 
이 예금의 분할해지는 만기(중도)해지를 포함하여 3회 이내에서 가능합니다. 
 
제 8조 이자 
① 이 예금을 만기해지 하는 경우, 신규일(이 예금이 재예치된 경우에는 재예치일) 당시 고시한 
계약기간별 만기이율로 원금에 셈한 이자를 원금에 더하여 지급합니다. 
② 이 예금을 만기일 전에 중도해지 하는 경우, 신규일(이 예금이 재예치된 경우에는 재예치일)로 
부터 중도해지일 전날까지의 기간에 대해, 신규일(이 예금이 재예치된 경우에는 재예치일) 당시 
고시한 중도해지이율로 원금에 셈한 이자를 원금에 더하여 지급합니다. 
③ 제②항에도 불구하고 아래의 사유로 이 예금을 특별중도해지(분할해지)하는 경우, 신규일 
(이 예금이 재예치된 경우에는 재예치일)로 부터 지급일 전날까지의 기간에 대하여, 
신규일(이 예금이 재예치된 경우에는 재예치일) 당시 고시한 특별중도해지(분할해지) 적용이율로 
원금에 셈한 이자를 원금에 더하여 지급합니다. 

■ 특별중도해지(분할해지) 사유 및 적용이율 
사 유 적용이율 
ㅇ 가입자의 사망·해외이주 
ㅇ 개인종합자산관리계좌의 계약 해지 전 6 개월 이내에 
대통령령으로 정한 아래의 사유가 발생한 경우 
   - 천재지변, 저축자의 퇴직, 사업장의 폐업 
   - 저축자의 3 개월 이상의 입원치료 또는 요양을 요하는 
상해·질병의 발생 
   - 저축취급기관의 영업의 정지, 영업인가·허가의 취소, 
해산결의 또는 파산선고 
ㅇ 의무가입기간이 3 년인 개인종합자산관리계좌를 
의무가입기간 경과 후 해지 
ㅇ 개인종합자산관리계좌 만기일 도래에 따른 해지 
ㅇ 경과 기 간(신규 일 또는 재예 치 일 부터 
지급 일 전 날까 지)별 만 기 이율주) 
   * 경 과기 간 6 개월 미만 
: 이 예금 3 개 월제 만기이율 
   * 경 과기 간 6 개월 이상 ~ 1년 미만 
: 이 예금 6 개 월제 만기이율 
   * 경 과기 간 1 년 이상 ~ 2년 미만 
: 이 예금 1 년제 만기 이 율 
   * 경 과기 간 2 년 이상 ~ 3년 미만 
: 이 예금 2 년제 만기 이 율 
ㅇ 신탁보수 취득 ㅇ 신규일(또는 재 예치 일)에 적용 된 
계약 기 간별 만 기 이율 
   ※ 주) 신규일(또는 재예치일) 당시 고시한 계약기간별 만기이율 
④ 이 예금은 만기에 자동재예치 하므로 만기후이율은 없습니다. 
 
제 9조 이자지급방법 
이 예금의 이자지급방법은 만기일시지급식으로 합니다. 
 
제 10조 세제혜택 
이 예금은 비과세종합저축으로 가입이 불가합니다. 
 
제 11조 거래방법 
이 예금은 예금주와 은행간 전문(電文)으로 거래하며, 통장은 발행하지 않습니다. 
 
 
 
부  칙 
이 약관은 2016.03.10 부터 시행합니다. 
부  칙 
이 약관은 2024.12.30 부터 시행합니다. 
 
 
본 특약은 법령 및 내부통제기준에 따른 절차를 거쳐서 제공됩니다.",ok,
products/isa/「KB개인종합자산관리예금」_특약(2024.12.30)_(1).pdf,「KB개인종합자산관리예금」_특약(2024.12.30)_(1).pdf,products/isa,2,"「KB개인종합자산관리예금」특약 
제 1조 적용범위 
KB개인종합자산관리예금(이하‘이 예금’이라 합니다) 거래는 이 특약을 적용하며, 이 특약에서 
정하지 않은 사항은 예금거래기본약관 및 거치식예금약관을 적용합니다. 
 
제 2조 예금과목 
이 예금의 예금과목은 정기예금으로 합니다. 
 
제 3조 가입대상 
이 예금의 가입대상은 조세특례제한법에서 정한 개인종합자산관리계좌 판매 자격을 갖춘 신탁업자 
및 금융투자업자로 합니다. 
 
제 4조 가입금액 
이 예금의 가입금액은 제한이 없습니다. 
 
제 5조 상품유형 및 계약기간 
이 예금은 고정금리형으로 계약기간은 3개월, 6개월, 1년, 2년, 3년으로 합니다. 
 
제 6조 자동재예치 
① 예금주의 별도 지시가 없는 한 만기에 해지한 원금과 이자를 최초 가입한 계약기간 및 
계약조건(단, 이율조건은 제외)과 동일하게 재예치합니다. 
② 자동재예치 시 만기일을 재예치 신규일로 하며, 재예치 신규일이 없는 경우에는 그 달의 말일을 
재예치일로 합니다. 
③ 자동재예치 시 적용이율은 자동재예치일 당시 고시한 계약기간별 만기이율을 적용합니다. 
④ 이 예금은 예금주의 별도 지시가 없는 한 만기에 자동재예치 하므로 예금주인 신탁업자 및 
금융투자업자에게 자동재예치에 대한 내용 통지는 생략합니다. 
 
제 7조 분할해지 
이 예금의 분할해지는 만기(중도)해지를 포함하여 3회 이내에서 가능합니다. 
 
제 8조 이자 
① 이 예금을 만기해지 하는 경우, 신규일(이 예금이 재예치된 경우에는 재예치일) 당시 고시한 
계약기간별 만기이율로 원금에 셈한 이자를 원금에 더하여 지급합니다. 
② 이 예금을 만기일 전에 중도해지 하는 경우, 신규일(이 예금이 재예치된 경우에는 재예치일)로 
부터 중도해지일 전날까지의 기간에 대해, 신규일(이 예금이 재예치된 경우에는 재예치일) 당시 
고시한 중도해지이율로 원금에 셈한 이자를 원금에 더하여 지급합니다. 
③ 제②항에도 불구하고 아래의 사유로 이 예금을 특별중도해지(분할해지)하는 경우, 신규일 
(이 예금이 재예치된 경우에는 재예치일)로 부터 지급일 전날까지의 기간에 대하여, 
신규일(이 예금이 재예치된 경우에는 재예치일) 당시 고시한 특별중도해지(분할해지) 적용이율로 
원금에 셈한 이자를 원금에 더하여 지급합니다. 

■ 특별중도해지(분할해지) 사유 및 적용이율 
사 유 적용이율 
ㅇ 가입자의 사망·해외이주 
ㅇ 개인종합자산관리계좌의 계약 해지 전 6 개월 이내에 
대통령령으로 정한 아래의 사유가 발생한 경우 
   - 천재지변, 저축자의 퇴직, 사업장의 폐업 
   - 저축자의 3 개월 이상의 입원치료 또는 요양을 요하는 
상해·질병의 발생 
   - 저축취급기관의 영업의 정지, 영업인가·허가의 취소, 
해산결의 또는 파산선고 
ㅇ 의무가입기간이 3 년인 개인종합자산관리계좌를 
의무가입기간 경과 후 해지 
ㅇ 개인종합자산관리계좌 만기일 도래에 따른 해지 
ㅇ 경과 기 간(신규 일 또는 재예 치 일 부터 
지급 일 전 날까 지)별 만 기 이율주) 
   * 경 과기 간 6 개월 미만 
: 이 예금 3 개 월제 만기이율 
   * 경 과기 간 6 개월 이상 ~ 1년 미만 
: 이 예금 6 개 월제 만기이율 
   * 경 과기 간 1 년 이상 ~ 2년 미만 
: 이 예금 1 년제 만기 이 율 
   * 경 과기 간 2 년 이상 ~ 3년 미만 
: 이 예금 2 년제 만기 이 율 
ㅇ 신탁보수 취득 ㅇ 신규일(또는 재 예치 일)에 적용 된 
계약 기 간별 만 기 이율 
   ※ 주) 신규일(또는 재예치일) 당시 고시한 계약기간별 만기이율 
④ 이 예금은 만기에 자동재예치 하므로 만기후이율은 없습니다. 
 
제 9조 이자지급방법 
이 예금의 이자지급방법은 만기일시지급식으로 합니다. 
 
제 10조 세제혜택 
이 예금은 비과세종합저축으로 가입이 불가합니다. 
 
제 11조 거래방법 
이 예금은 예금주와 은행간 전문(電文)으로 거래하며, 통장은 발행하지 않습니다. 
 
 
 
부  칙 
이 약관은 2016.03.10 부터 시행합니다. 
부  칙 
이 약관은 2024.12.30 부터 시행합니다. 
 
 
본 특약은 법령 및 내부통제기준에 따른 절차를 거쳐서 제공됩니다.",ok,
products/rates/조견표-13-12-KOSPI200상승낙23043904653736875.pdf,조견표-13-12-KOSPI200상승낙23043904653736875.pdf,products/rates,1,"안녕하십니까? 
KB국민은행을 이용하여 주셔서 대단히 감사합니다. 
지난 2013.7.9 ~ 2013.7.22까지 판매되었던「KB리더스정기예금」KOSPI 200 13-12호 
(상승낙아웃형2)의 기준지수가 확정되어 아래와 같이 안내 드립니다. 
 
█ 기준지수 : 246.63 (2013. 7. 23 일 KOSPI 200 종가) 
   ㅡ 지수 확인방법 : 한국거래소 홈페이지(http://krx.co.kr)  
█ 지급이자 결정방법 (세금공제 전 )  
   ㅡ 지급이자 = 판매기간  중 이자 + 지수연동수익  + 만기후이자  
      ( 1 )  판매기간  중 이자 : 예금가입일 ~ 2013. 7. 22 기간 중 연 2.20 %로 일수 계산 
   (2) 지수연동수익 결정방법 
 
 □ 기초자산 : KOSPI 200  
- 확인방법 : 한국거래소 홈페이지  
  ( http://krx.co.kr) > 지수 > 국내지수 
□ 지수연동수익 결정방법  
   -  관찰기간 중 KOSPI 200 지수가 283.63 초과 상승한 적이  
없는 경우 ( 장중 포함) 
     ㅇ 비교지수가 246.63 미만인 경우 : 연 0.0% 
     ㅇ 비교지수가 246.63 이상 2 83.63 이하인 경우 
: 지수상승률 ⅹ 102% ( 소수점 셋째 자리 이하 절사) 
   -  관찰기간 중 KOSPI 200 지수가 283.63 초과  상승한 적이
한번이라도 있는 경우 ( 장중 포함)  
: 이후 지수변동에 관계 없이 연 0.0%로 확정 
□ 지수결정일 
   -  기준지수 결정일: 2013. 7. 23 (종가) 
   -  비교지수 결정일: 2014. 7. 17 (종가) 
- 관찰기간: 2013. 7. 24 ~ 2014. 7. 17 (장중지속관찰) 
         ☞  주식시장의 휴업, 재난, 전산장애 등의 사유로 한국거래소가 업무를 하지 못한 
때에는 International Swaps and Derivatives Association, Inc.가 제정한 2002 ISDA Equity 
Derivatives Definitions 및 신의성실의 원칙에 따라 KB 국민은행이 지수결정일, 
금리지급시기 및 지급금리 등을 조정하기로 합니다. 
       ( 3 )  만기후이자  : 연 0.5%로 일수 계산 ( 예금만기일 : 2014. 7. 23) 
■ 중도해지 관련 안내 
   ㅡ 판매기간 종료 후 중도해지시 중도해지이율 없음(연 0.0%) 
   ㅡ 예치기간별 중도해지수수료율 
      ㅇ 3 개월 미만 : 가입금액 × 2.50%  
      ㅇ 3 개월 ~ 6 개월 미만 : 가입금액 × 2.20% 
      ㅇ 6 개월 ~ 9 개월 미만 : 가입금액 × 1.60% 
      ㅇ 9 개월 ~ 12 개월 미만 : 가입금액 × 1.10% 
      ※ 중도해지시 예치기간별 수수료가 부과되므로 원금 손실이 발생합니다.  
「「KKBB 리리더더스스정정기기예예금금」」  KKOOSSPPII  220000  1133--1122 호호  ((상상승승낙낙아아웃웃형형 22))  
지지급급금금리리  조조견견표표  
수익률(연,세금공제 전) 
 0 %       1 5 %    지수상승률 
연 0.
0% 
연 15.3% 
상승률 
×102% 연 0.0%",ok,
products/rates/조견표-13-12-KOSPI200안정3043671572697153.pdf,조견표-13-12-KOSPI200안정3043671572697153.pdf,products/rates,1,"안녕하십니까? 
KB국민은행을 이용하여 주셔서 대단히 감사합니다. 
지난 2013.7.9 ~ 2013.7.22 까지 판매되었던「KB리더스정기예금」KOSPI 200 13-12호 
(안정수익추구형)의 기준지수가 확정되어 아래와 같이 안내 드립니다. 
 
█ 기준지수 : 246.63 (2013. 7. 23 일 KOSPI 200 종가) 
   ㅡ 지수 확인방법 : 한국거래소 홈페이지(http://krx.co.kr)  
 
█ 지급이자 결정방법 (세금공제 전 )  
   ㅡ 지급이자 = 판매기간  중 이자 + 지수연동수익  + 만기후이자  
      ( 1 )  판매기간  중 이자 : 예금가입일 ~ 2013. 7. 22 기간 중 연 2.20 %로 일수 계산 
   (2) 지수연동수익 결정방법  
 □ 기초자산 : KOSPI 200  
- 확인방법 : 한국거래소 홈페이지  
  ( http://krx.co.kr) > 지수 > 국내지수 
□ 지수연동수익  
   - 비교지수가 25 8.97 이상인  경우 : 연4.9% 
- 비교지수가 258. 97 미만인 경우 : 연 0.0% 
□ 지수결정일 
   -  기준지수 결정일 : 2013. 7. 23 ( 종가) 
- 비교지수 결정일 : 2014. 7. 17 ( 종가) 
         ☞  주식시장의 휴업, 재난, 전산장애 등의 사유로 한국거래소가 업무를 하지 못한 
때에는 International Swaps and Derivatives Association, Inc.가 제정한 2002 ISDA Equity 
Derivatives Definitions 및 신의성실의 원칙에 따라 KB 국민은행이 지수결정일, 
금리지급시기 및 지급금리 등을 조정하기로 합니다. 
       ( 3 )  만기후이자  : 연 0.5%로 일수 계산 ( 예금만기일 : 2014. 7. 23) 
                      
■ 중도해지 관련 안내 
   ㅡ 판매기간 종료 후 중도해지시 중도해지이율 없음(연 0.0%) 
   ㅡ 예치기간별 중도해지수수료율 
      ㅇ 3 개월 미만 : 가입금액 × 2.50%  
      ㅇ 3 개월 ~ 6 개월 미만 : 가입금액 × 2.20% 
      ㅇ 6 개월 ~ 9 개월 미만 : 가입금액 × 1.60% 
      ㅇ 9 개월 ~ 12 개월 미만 : 가입금액 × 1.10% 
      ※ 중도해지시 예치기간별 수수료가 부과되므로 원금 손실이 발생합니다.  
「「KKBB 리리더더스스정정기기예예금금」」  KKOOSSPPII  220000  1133--1122 호호  ((안안정정수수익익추추구구형형))  
지지급급금금리리  조조견견표표  
수익률(연,세금공제 전) 
 0%   5% 지수상승률 
연 0.
0% 
연 4.9%",ok,
products/rates/조견표-13-13-KOSPI200범위수익4273839522295876.pdf,조견표-13-13-KOSPI200범위수익4273839522295876.pdf,products/rates,1,"안녕하십니까? 
KB국민은행을 이용하여 주셔서 대단히 감사합니다. 
지난 2013.7.23 ~ 2013.8.5까지 판매되었던「KB리더스정기예금」KOSPI 200 13-13호 
(범위수익추구형)의 기준지수가 확정되어 아래와 같이 안내 드립니다. 
 
█ 기준지수 : 246.80(2013. 8. 6 일 KOSPI 200 종가) 
   ㅡ 지수 확인방법 : 한국거래소 홈페이지(http://krx.co.kr)  
█ 지급이자 결정방법 (세금공제전)  
   ㅡ 지급이자 = 판매기간  중 이자 + 지수연동수익  + 만기후이자  
      ( 1 )  판매기간  중 이자 : 예금가입일 ~ 2013. 8. 5 기간 중 연 2.20 %로 일수 계산 
   (2) 지수연동수익 결정방법 
 □ 기초자산 : KOSPI 200  
- 확인방법 : 한국거래소 홈페이지  
  ( http://krx.co.kr) > 지수 > 국내지수 
□ 지수연동수익  
   - 비교지수가 26 6.55 초과인  경우 : 연0.0% 
   -  비교지수가 22 7.05 이상  266.55 이하인  경우 : 연4.5% 
- 비교지수가 227. 05 미만인 경우 : 연 0.0% 
□ 지수결정일 
   -  기준지수 결정일: 2013. 8. 6 (종가) 
- 비교지수 결정일: 2014. 7. 31 (종가) 
         ☞  주식시장의 휴업, 재난, 전산장애 등의 사유로 한국거래소가 업무를 하지 못한 
때에는 International Swaps and Derivatives Association, Inc.가 제정한 2002 ISDA Equity 
Derivatives Definitions 및 신의성실의 원칙에 따라 KB 국민은행이 지수결정일, 
금리지급시기 및 지급금리 등을 조정하기로 합니다. 
       ( 3 )  만기후이자  : 연 0.5%로 일수 계산 ( 예금만기일 : 2014. 8. 6) 
■ 중도해지 관련 안내 
   ㅡ 판매기간 종료 후 중도해지시 중도해지이율 없음(연 0.0%) 
   ㅡ 예치기간별 중도해지수수료율 
      ㅇ 3 개월 미만 : 가입금액 × 2.50%  
      ㅇ 3 개월 ~ 6 개월 미만 : 가입금액 × 2.10% 
      ㅇ 6 개월 ~ 9 개월 미만 : 가입금액 × 1.50% 
      ㅇ 9 개월 ~ 12 개월 미만 : 가입금액 × 1.00% 
      ※ 중도해지시 예치기간별 수수료가 부과되므로 원금 손실이 발생합니다.  
「「KKBB 리리더더스스정정기기예예금금」」  KKOOSSPPII  220000  1133--1133 호호  ((범범위위수수익익추추구구형형))  
지지급급금금리리  조조견견표표  
수익률(연,세금공제 전) 
연 4.
5% 
- 8 %   0 %   8 %  지수상승률 
연 0.
0% 연 0.0% 
1600536/김진덕/수신부/2013-08-07 18:01",ok,
products/rates/조견표-13-13-KOSPI200상승낙14273497821798492.pdf,조견표-13-13-KOSPI200상승낙14273497821798492.pdf,products/rates,1,"안녕하십니까? 
KB국민은행을 이용하여 주셔서 대단히 감사합니다. 
지난 2013.7.23 ~ 2013.8.5까지 판매되었던「KB리더스정기예금」KOSPI 200 13-13호 
(상승낙아웃형1)의 기준지수가 확정되어 아래와 같이 안내 드립니다. 
 
█ 기준지수 : 246.80 (2013. 8. 6 일 KOSPI 200 종가) 
   ㅡ 지수 확인방법 : 한국거래소 홈페이지(http://krx.co.kr)  
█ 지급이자 결정방법 (세금공제 전 )  
   ㅡ 지급이자 = 판매기간  중 이자 + 지수연동수익  + 만기후이자  
      ( 1 )  판매기간  중 이자 : 예금가입일 ~ 2013. 8. 5 기간 중 연 2.20 %로 일수 계산 
   (2) 지수연동수익 결정방법 
 
 □ 기초자산 : KOSPI 200  
- 확인방법 : 한국거래소 홈페이지  
  ( http://krx.co.kr) > 지수 > 국내지수 
□ 지수연동수익 결정방법  
   -  관찰기간 중 KOSPI 200 지수가 296.16 초과 상승한 적이  
없는 경우 ( 장중 포함) 
     ㅇ 비교지수가 246.80 미만인 경우 : 연 0.0% 
     ㅇ 비교지수가 246.80 이상 2 96.16 이하인 경우 
: 지수상승률 ⅹ 61% ( 소수점 셋째 자리 이하 절사) 
   -  관찰기간 중 KOSPI 200 지수가 296.16 초과  상승한 적이
한번이라도 있는 경우 ( 장중 포함)  
: 이후 지수변동에 관계 없이 연 2.0%로 확정 
□ 지수결정일 
   -  기준지수 결정일: 2013. 8. 6 (종가) 
   -  비교지수 결정일: 2014. 7. 31 (종가) 
- 관찰기간: 2013. 8. 7 ~ 2014. 7. 31 (장중지속관찰) 
         ☞  주식시장의 휴업, 재난, 전산장애 등의 사유로 한국거래소가 업무를 하지 못한 
때에는 International Swaps and Derivatives Association, Inc.가 제정한 2002 ISDA Equity 
Derivatives Definitions 및 신의성실의 원칙에 따라 KB 국민은행이 지수결정일, 
금리지급시기 및 지급금리 등을 조정하기로 합니다. 
       ( 3 )  만기후이자  : 연 0.5%로 일수 계산 ( 예금만기일 : 2014. 8. 6) 
■ 중도해지 관련 안내 
   ㅡ 판매기간 종료 후 중도해지시 중도해지이율 없음(연 0.0%) 
   ㅡ 예치기간별 중도해지수수료율 
      ㅇ 3 개월 미만 : 가입금액 × 2.50%  
      ㅇ 3 개월 ~ 6 개월 미만 : 가입금액 × 2.10% 
      ㅇ 6 개월 ~ 9 개월 미만 : 가입금액 × 1.50% 
      ㅇ 9 개월 ~ 12 개월 미만 : 가입금액 × 1.00% 
      ※ 중도해지시 예치기간별 수수료가 부과되므로 원금 손실이 발생합니다.  
「「KKBB 리리더더스스정정기기예예금금」」  KKOOSSPPII  220000  1133--1133 호호  ((상상승승낙낙아아웃웃형형 11))  
지지급급금금리리  조조견견표표  
수익률(연,세금공제 전) 
연 12
.2% 
 0 %       2 0 %    지수상승률 
연 0.
0% 
상승률 
×61% 
연 2.0% 
1600536/김진덕/수신부/2013-08-07 17:59",ok,
products/rates/조견표-13-13-KOSPI200상승낙24273654014928120.pdf,조견표-13-13-KOSPI200상승낙24273654014928120.pdf,products/rates,1,"안녕하십니까? 
KB국민은행을 이용하여 주셔서 대단히 감사합니다. 
지난 2013.7.23 ~ 2013.8.5까지 판매되었던「KB리더스정기예금」KOSPI 200 13-13호 
(상승낙아웃형2)의 기준지수가 확정되어 아래와 같이 안내 드립니다. 
 
█ 기준지수 : 246.80 (2013. 8. 6 일 KOSPI 200 종가) 
   ㅡ 지수 확인방법 : 한국거래소 홈페이지(http://krx.co.kr)  
█ 지급이자 결정방법 (세금공제 전 )  
   ㅡ 지급이자 = 판매기간  중 이자 + 지수연동수익  + 만기후이자  
      ( 1 )  판매기간  중 이자 : 예금가입일 ~ 2013. 8. 5 기간 중 연 2.20 %로 일수 계산 
   (2) 지수연동수익 결정방법 
 
 □ 기초자산 : KOSPI 200  
- 확인방법 : 한국거래소 홈페이지  
  ( http://krx.co.kr) > 지수 > 국내지수 
□ 지수연동수익 결정방법  
   -  관찰기간 중 KOSPI 200 지수가 283.82 초과 상승한 적이  
없는 경우 ( 장중 포함) 
     ㅇ 비교지수가 246.80 미만인 경우 : 연 0.0% 
     ㅇ 비교지수가 246.80 이상 2 83.82 이하인 경우 
: 지수상승률 ⅹ 100% ( 소수점 셋째 자리 이하 절사) 
   -  관찰기간 중 KOSPI 200 지수가 283.82 초과  상승한 적이
한번이라도 있는 경우 ( 장중 포함)  
: 이후 지수변동에 관계 없이 연 0.0%로 확정 
□ 지수결정일 
   -  기준지수 결정일: 2013. 8. 6 (종가) 
   -  비교지수 결정일: 2014. 7. 31 (종가) 
- 관찰기간: 2013. 8. 7 ~ 2014. 7. 31 (장중지속관찰) 
         ☞  주식시장의 휴업, 재난, 전산장애 등의 사유로 한국거래소가 업무를 하지 못한 
때에는 International Swaps and Derivatives Association, Inc.가 제정한 2002 ISDA Equity 
Derivatives Definitions 및 신의성실의 원칙에 따라 KB 국민은행이 지수결정일, 
금리지급시기 및 지급금리 등을 조정하기로 합니다. 
       ( 3 )  만기후이자  : 연 0.5%로 일수 계산 ( 예금만기일 : 2014. 8. 6) 
■ 중도해지 관련 안내 
   ㅡ 판매기간 종료 후 중도해지시 중도해지이율 없음(연 0.0%) 
   ㅡ 예치기간별 중도해지수수료율 
      ㅇ 3 개월 미만 : 가입금액 × 2.50%  
      ㅇ 3 개월 ~ 6 개월 미만 : 가입금액 × 2.10% 
      ㅇ 6 개월 ~ 9 개월 미만 : 가입금액 × 1.50% 
      ㅇ 9 개월 ~ 12 개월 미만 : 가입금액 × 1.00% 
      ※ 중도해지시 예치기간별 수수료가 부과되므로 원금 손실이 발생합니다.  
「「KKBB 리리더더스스정정기기예예금금」」  KKOOSSPPII  220000  1133--1133 호호  ((상상승승낙낙아아웃웃형형 22))  
지지급급금금리리  조조견견표표  
수익률(연,세금공제 전) 
연 15
.0% 
 0 %       1 5 %    지수상승률 
연 0.
0% 
상승률 
×100% 연 0.0% 
1600536/김진덕/수신부/2013-08-07 18:00",ok,
products/rates/조견표-13-13-KOSPI200안정4273366503779277.pdf,조견표-13-13-KOSPI200안정4273366503779277.pdf,products/rates,1,"「「KKBB 리리더더스스정정기기예예금금」」  KKOOSSPPII  220000  1133--1133 호호  ((안안정정수수익익추추구구형형))  
 
 
 
안녕하십니까? 
KB국민은행을 이용하여 주셔서 대단히 감사합니다. 
지난 2013.7.23 ~ 2013.8.5 까지 판매되었던「KB리더스정기예금」KOSPI 200 13-13호 
(안정수익추구형)의 기준지수가 확정되어 아래와 같이 안내 드립니다. 
 
█ 기준지수 : 246.80 (2013. 8. 6 일 KOSPI 200 종가) 
   ㅡ 지수 확인방법 : 한국거래소 홈페이지(http://krx.co.kr)  
 
█ 지급이자 결정방법 (세금공제 전 )  
   ㅡ 지급이자 = 판매기간  중 이자 + 지수연동수익  + 만기후이자  
      ( 1 )  판매기간  중 이자 : 예금가입일 ~ 2013. 8. 5 기간 중 연 2.20 %로 일수 계산 
   (2) 지수연동수익 결정방법  
 □ 기초자산 : KOSPI 200  
- 확인방법 : 한국거래소 홈페이지  
  ( http://krx.co.kr) > 지수 > 국내지수 
□ 지수연동수익  
   - 비교지수가 25 9.14 이상인  경우 : 연4.7% 
- 비교지수가 259. 14 미만인 경우 : 연 0.0% 
□ 지수결정일 
   -  기준지수 결정일 : 2013. 8. 6 ( 종가) 
- 비교지수 결정일 : 2014. 7. 31 ( 종가) 
         ☞  주식시장의 휴업, 재난, 전산장애 등의 사유로 한국거래소가 업무를 하지 못한 
때에는 International Swaps and Derivatives Association, Inc.가 제정한 2002 ISDA Equity 
Derivatives Definitions 및 신의성실의 원칙에 따라 KB 국민은행이 지수결정일, 
금리지급시기 및 지급금리 등을 조정하기로 합니다. 
       ( 3 )  만기후이자  : 연 0.5%로 일수 계산 ( 예금만기일 : 2014. 8. 6) 
                      
■ 중도해지 관련 안내 
   ㅡ 판매기간 종료 후 중도해지시 중도해지이율 없음(연 0.0%) 
   ㅡ 예치기간별 중도해지수수료율 
      ㅇ 3 개월 미만 : 가입금액 × 2.50%  
      ㅇ 3 개월 ~ 6 개월 미만 : 가입금액 × 2.10% 
      ㅇ 6 개월 ~ 9 개월 미만 : 가입금액 × 1.50% 
      ㅇ 9 개월 ~ 12 개월 미만 : 가입금액 × 1.00% 
      ※ 중도해지시 예치기간별 수수료가 부과되므로 원금 손실이 발생합니다.  
지지급급금금리리  조조견견표표  
수익률(연,세금공제 전) 
 0%   5% 지수상승률 
연 0.
0% 
연 4.7% 
1600536/김진덕/수신부/2013-08-07 17:56",ok,
products/rates/조견표-15-8-하락낙14380641263158720.pdf,조견표-15-8-하락낙14380641263158720.pdf,products/rates,1,"안녕하십니까? KB국민은행을 이용하여 주셔서 대단히 감사합니다. 지난 2015.08.12 ~ 2015.08.25 까지 판매되었던「KB리더스정기예금」KOSPI 200 15-8호 (하락낙아웃형)의 기준지수가 확정되어 아래와 같이 안내 드립니다. █ 기준지수 : 227.71 (2015.08.26일 KOSPI 200 종가)    ㅡ 지수 확인방법 : 한국거래소 홈페이지(http://krx.co.kr) > 지수 > 국내지수 █ 지급이자 결정방법 (세금공제 전)     ㅡ 지급이자 = 판매기간 중 이자 + 지수연동수익 + 만기후이자       (1) 판매기간 중 이자 : 예금가입일 ~ 2015.08.25기간 중 연1.3 %로 일수 계산    (2) 지수연동수익 결정방법   □ 기초자산 : KOSPI 200  □ 지수연동수익     - 관찰기간 중 KOSPI 200 지수가 193.54초과 하락한 적이  없는 경우(장중 포함)      ㅇ 비교지수가 227.71 초과인 경우 : 연0.0%      ㅇ 비교지수가 193.54 이상 227.71이하인 경우 : 지수하락률 ⅹ 40%  - 관찰기간 중 KOSPI 200 지수가 193.54 초과 하락한 적이  한번이라도 있는 경우(장중 포함)  : 이후 지수변동에 관계 없이 연1.0%로 확정 □ 지수결정일    - 기준지수 결정일: 2015.08.26(종가)    - 비교지수 결정일: 2016.08.22(종가) - 관찰기간: 2015.08.27 ~ 2016.08.22(장중지속관찰)          ※ 지수상승률 및 금리 산출 시 소수점 셋째 자리 이하에서 절사합니다. ☞ 주식시장의 휴업, 재난, 전산장애 등의 사유로 한국거래소가 업무를 하지 못한  때에는 International Swaps and Derivatives Association, Inc.가 제정한 2002 ISDA Equity Derivatives Definitions 및 신의성실의 원칙에 따라 KB국민은행이 지수결정일,  금리지급시기 및 지급금리 등을 조정하기로 합니다.        (3) 만기후이자 : 연0.5%로 일수 계산(예금만기일 : 2016.08.26) ■ 중도해지 관련 안내    ㅡ 판매기간 종료 후 중도해지시 중도해지이율 없음(연0.0%) ㅡ 예치기간별 중도해지수수료율 ㅇ 3개월 미만 : 가입금액 × 1.40%       ㅇ 3개월 ~ 6개월 미만 : 가입금액 × 1.20%       ㅇ 6개월 ~ 9개월 미만 : 가입금액 × 0.90%       ㅇ 9개월 ~ 12개월 미만 : 가입금액 × 0.60%       ※ 중도해지 시 예치기간별 수수료가 부과되므로 원금 손실이 발생합니다.  
「「KKBB리리더더스스정정기기예예금금」」  KKOOSSPPII  220000  1155--88호호  ((하하락락낙낙아아웃웃형형))  지지급급금금리리  조조견견표표  
-15%        0% 지수상승률 
수익률(연,세금공제 전) 
연1.0% 연6.0% 하락률 ×40% 연0.0%",ok,
products/rates/지급금리조견표-11-8-안정수익추구형16649947575331386.pdf,지급금리조견표-11-8-안정수익추구형16649947575331386.pdf,products/rates,1,"안녕하십니까? 
KB국민은행을 이용하여 주셔서 대단히 감사합니다. 
지난 2011. 5. 17 ~ 2011. 5. 30 까지 판매되었던「KB리더스정기예금」 KOSPI 200 11-8호 
(안정수익추구형)의 기준지수가 확정되어 아래와 같이 안내 드립니다. 
 
█ 기준지수 : 282.76(2011. 5. 31 일 KOSPI 200 종가) 
   ㅡ 지수 확인방법 : 한국거래소 홈페이지(http://krx.co.kr)  
 
█ 지급이자 결정방법 (세금공제전)  
   ㅡ 지급이자 = 판매기간  중 이자 + 지수연동수익  + 만기후이자  
      ( 1 )  판매기간  중 이자 : 예금가입일 ~ 2011. 5. 30 기간 중 연 2.80 %로 일수 계산 
   (2) 지수연동수익 결정방법 
 □ 기초자산 : KOSPI 200 ( 종가 기준) 
- 확인방법 : 한국거래소 홈페이지  
  ( http://krx.co.kr/index.html) > 시장정보 > 지수  
□ 지수연동수익  
   - 비교지수가 28 2.76 이상인  경우 : 연6.35% 
- 비교지수가 282. 76 미만인 경우 : 연 0.0% 
□ 지수결정일 
   -  기준지수 결정일 : 2011. 5. 31 
- 비교지수 결정일 : 2012. 5. 24  
         ☞  주식시장의 휴업, 재난, 전산장애 등의 사유로 한국거래소가 업무를 하지 못한 
때에는 International Swaps and Derivatives Association, Inc.가 제정한 2002 ISDA Equity 
Derivatives Definitions 및 신의성실의 원칙에 따라 KB 국민은행이 지수결정일, 
금리지급시기 및 지급금리 등을 조정하기로 합니다. 
       ( 3 )  만기후이자  : 연 0.5%로 일수 계산 
 
■ 중도해지 관련 안내 
   ㅡ 판매기간 종료 후 중도해지시 중도해지이율 없음(연 0.0%) 
   ㅡ 예치기간별 중도해지수수료율 
      ㅇ  3 개월 미만 : 가입금액 × 3.90%  
      ㅇ 3 개월 ~ 6 개월 미만 : 가입금액 × 3.40% 
      ㅇ 6 개월 ~ 9 개월 미만 : 가입금액 × 2.60% 
      ㅇ 9 개월 ~ 12 개월 미만 : 가입금액 × 2.00% 
      ※ 중도해지시 예치기간별 수수료가 부과되므로 원금 손실이 발생합니다.  
「「KKBB 리리더더스스정정기기예예금금」」  KKOOSSPPII  220000  1111--88 호호  ((안안정정수수익익추추구구형형))  
지지급급금금리리  조조견견표표  
수익률(연,세전) 
연 6.35% 
 0 %       지수상승률 
연 0.
0%",ok,
products/rates/지급금리조견표-12-10-고수익추구형6284530246646110.pdf,지급금리조견표-12-10-고수익추구형6284530246646110.pdf,products/rates,1,"안녕하십니까? 
KB국민은행을 이용하여 주셔서 대단히 감사합니다. 
지난 2012. 5.10 ~ 2012. 5.23까지 판매되었던「KB리더스정기예금」KOSPI 200 12-10호 
(고수익추구형)의 기준지수가 확정되어 아래와 같이 안내 드립니다. 
 
█ 기준지수 : 240.51(2012. 5. 24 일 KOSPI 200 종가) 
   ㅡ 지수 확인방법 : 한국거래소 홈페이지(http://krx.co.kr)  
█ 지급이자 결정방법 (세금공제전)  
   ㅡ 지급이자 = 판매기간  중 이자 + 지수연동수익  + 만기후이자  
      ( 1 )  판매기간  중 이자 : 예금가입일 ~ 2012. 5. 23 기간 중 연 2.80 %로 일수 계산 
   (2) 지수연동수익 결정방법 
 □ 기초자산 : KOSPI 200  
- 확인방법 : 한국거래소 홈페이지  
  ( http://krx.co.kr) > 지수 > 국내지수 
□ 지수연동수익  
   - 비교지수가 28 8.62 이상인  경우 : 연10.6% 
   -  비교지수가 24 0.51 이상  288.62 미만인경우  
     : 지수상승률 × 53% ( 소수점 셋째 자리 이하 절사) 
- 비교지수가 240. 51 미만인 경우 : 연 0.0% 
□ 지수결정일 
   -  기준지수 결정일: 2012. 5. 24 (종가) 
- 비교지수 결정일: 2013. 5. 20 (종가) 
         ☞  주식시장의 휴업, 재난, 전산장애 등의 사유로 한국거래소가 업무를 하지 못한 
때에는 International Swaps and Derivatives Association, Inc.가 제정한 2002 ISDA Equity 
Derivatives Definitions 및 신의성실의 원칙에 따라 KB 국민은행이 지수결정일, 
금리지급시기 및 지급금리 등을 조정하기로 합니다. 
       ( 3 )  만기후이자  : 연 0.5%로 일수 계산 ( 예금만기일 : 2013. 5. 24) 
■ 중도해지 관련 안내 
   ㅡ 판매기간 종료 후 중도해지시 중도해지이율 없음(연 0.0%) 
   ㅡ 예치기간별 중도해지수수료율 
      ㅇ 3 개월 미만 : 가입금액 × 3.60%  
      ㅇ 3 개월 ~ 6 개월 미만 : 가입금액 × 3.10% 
      ㅇ 6 개월 ~ 9 개월 미만 : 가입금액 × 2.40% 
      ㅇ 9 개월 ~ 12 개월 미만 : 가입금액 × 1.80% 
      ※ 중도해지시 예치기간별 수수료가 부과되므로 원금 손실이 발생합니다.  
「「KKBB 리리더더스스정정기기예예금금」」  KKOOSSPPII  220000  1122--1100 호호  ((고고수수익익추추구구형형))  
지지급급금금리리  조조견견표표  
수익률(연,세전) 
 0 %       2 0 %  지수상승률 
연 0.
0% 
연 10.6% 
상승률 
×53%",ok,
products/rates/지급금리조견표-12-10-범위수익추구형6284684693978098.pdf,지급금리조견표-12-10-범위수익추구형6284684693978098.pdf,products/rates,1,"안녕하십니까? 
KB국민은행을 이용하여 주셔서 대단히 감사합니다. 
지난 2012.5.10 ~ 2012.5.23까지 판매되었던「KB리더스정기예금」KOSPI 200 12-10호 
(범위수익추구형)의 기준지수가 확정되어 아래와 같이 안내 드립니다. 
 
█ 기준지수 : 240.51(2012. 5. 24 일 KOSPI 200 종가) 
   ㅡ 지수 확인방법 : 한국거래소 홈페이지(http://krx.co.kr)  
█ 지급이자 결정방법 (세금공제전)  
   ㅡ 지급이자 = 판매기간  중 이자 + 지수연동수익  + 만기후이자  
      ( 1 )  판매기간  중 이자 : 예금가입일 ~ 2012. 5. 23 기간 중 연 2.80 %로 일수 계산 
   (2) 지수연동수익 결정방법 
 □ 기초자산 : KOSPI 200  
- 확인방법 : 한국거래소 홈페이지  
  ( http://krx.co.kr) > 지수 > 국내지수 
□ 지수연동수익  
   - 비교지수가 28 8.62 초과인  경우 : 연0.0% 
   -  비교지수가 21 6.45 이상  288.62 이하인  경우 : 연6.0% 
- 비교지수가 216. 45 미만인 경우 : 연 0.0% 
□ 지수결정일 
   -  기준지수 결정일: 2012. 5. 24 (종가) 
- 비교지수 결정일: 2013. 5. 20 (종가) 
         ☞  주식시장의 휴업, 재난, 전산장애 등의 사유로 한국거래소가 업무를 하지 못한 
때에는 International Swaps and Derivatives Association, Inc.가 제정한 2002 ISDA Equity 
Derivatives Definitions 및 신의성실의 원칙에 따라 KB 국민은행이 지수결정일, 
금리지급시기 및 지급금리 등을 조정하기로 합니다. 
       ( 3 )  만기후이자  : 연 0.5%로 일수 계산 ( 예금만기일 : 2013. 5. 24) 
■ 중도해지 관련 안내 
   ㅡ 판매기간 종료 후 중도해지시 중도해지이율 없음(연 0.0%) 
   ㅡ 예치기간별 중도해지수수료율 
      ㅇ 3 개월 미만 : 가입금액 × 3.60%  
      ㅇ 3 개월 ~ 6 개월 미만 : 가입금액 × 3.10% 
      ㅇ 6 개월 ~ 9 개월 미만 : 가입금액 × 2.40% 
      ㅇ 9 개월 ~ 12 개월 미만 : 가입금액 × 1.80% 
      ※ 중도해지시 예치기간별 수수료가 부과되므로 원금 손실이 발생합니다.  
「「KKBB 리리더더스스정정기기예예금금」」  KKOOSSPPII  220000  1122--1100 호호  ((범범위위수수익익추추구구형형))  
지지급급금금리리  조조견견표표  
수익률(연,세전) 
-10%  0%  20% 지수상승률 
연 0.
0% 
연 6.0% 
연 0.0%",ok,
products/rates/지급금리조견표-12-10-상승낙아웃형6284614244806891.pdf,지급금리조견표-12-10-상승낙아웃형6284614244806891.pdf,products/rates,1,"안녕하십니까? 
KB국민은행을 이용하여 주셔서 대단히 감사합니다. 
지난 2012.5.10 ~ 2012.5.23 까지 판매되었던「KB리더스정기예금」KOSPI 200 12-10호 
(상승낙아웃형)의 기준지수가 확정되어 아래와 같이 안내 드립니다. 
 
█ 기준지수 : 240.51(2012. 5. 24 일 KOSPI 200 종가) 
   ㅡ 지수 확인방법 : 한국거래소 홈페이지(http://krx.co.kr)  
█ 지급이자 결정방법 (세금공제전)  
   ㅡ 지급이자 = 판매기간  중 이자 + 지수연동수익  + 만기후이자  
      ( 1 )  판매기간  중 이자 : 예금가입일 ~ 2012. 5. 23 기간 중 연 2.80 %로 일수 계산 
   (2) 지수연동수익 결정방법 
 
 □ 기초자산 : KOSPI 200  
- 확인방법 : 한국거래소 홈페이지  
  ( http://krx.co.kr) > 지수 > 국내지수 
□ 지수연동수익 결정방법  
   -  관찰기간 중 KOSPI 200 지수가 288.62 초과 상승한 적이  
없는 경우 ( 장중 포함) 
     ㅇ 비교지수가 240.51 미만인 경우 : 연 0.0% 
     ㅇ 비교지수가 240.51 이상 2 88.62 이하인 경우 
: 지수상승률 ⅹ 88% ( 소수점 셋째 자리 이하 절사) 
   -  관찰기간 중 KOSPI 200 지수가 288.62 초과  상승한 적이
한번이라도 있는 경우 ( 장중 포함)  
: 이후 지수변동에 관계 없이 연 4.0%로 확정 
□ 지수결정일 
   -  기준지수 결정일: 2012. 5. 24(종가) 
   -  비교지수 결정일: 2013. 5. 20(종가) 
- 관찰기간: 2012. 5. 25 ~ 2013. 5. 20(장중지속관찰) 
         ☞  주식시장의 휴업, 재난, 전산장애 등의 사유로 한국거래소가 업무를 하지 못한 
때에는 International Swaps and Derivatives Association, Inc.가 제정한 2002 ISDA Equity 
Derivatives Definitions 및 신의성실의 원칙에 따라 KB 국민은행이 지수결정일, 
금리지급시기 및 지급금리 등을 조정하기로 합니다. 
       ( 3 )  만기후이자  : 연 0.5%로 일수 계산 ( 예금만기일 : 2013. 5. 24) 
■ 중도해지 관련 안내 
   ㅡ 판매기간 종료 후 중도해지시 중도해지이율 없음(연 0.0%) 
   ㅡ 예치기간별 중도해지수수료율 
      ㅇ 3 개월 미만 : 가입금액 × 3.60%  
      ㅇ 3 개월 ~ 6 개월 미만 : 가입금액 × 3.10% 
      ㅇ 6 개월 ~ 9 개월 미만 : 가입금액 × 2.40% 
      ㅇ 9 개월 ~ 12 개월 미만 : 가입금액 × 1.80% 
      ※ 중도해지시 예치기간별 수수료가 부과되므로 원금 손실이 발생합니다.  
「「KKBB 리리더더스스정정기기예예금금」」  KKOOSSPPII  220000  1122--1100 호호  ((상상승승낙낙아아웃웃형형))  
지지급급금금리리  조조견견표표  
수익률(연,세전) 
 0 %       2 0 %    지수상승률 
연 0.
0% 
연 17.6% 
상승률 
×88% 
연 4.0%",ok,
products/rates/지급금리조견표-12-10-안정수익추구형6861648742729843.pdf,지급금리조견표-12-10-안정수익추구형6861648742729843.pdf,products/rates,1,"안녕하십니까? 
KB국민은행을 이용하여 주셔서 대단히 감사합니다. 
지난 2012. 5. 10 ~ 2012. 5.23 까지 판매되었던「KB리더스정기예금」KOSPI 200 12-10호 
(안정수익추구형)의 기준지수가 확정되어 아래와 같이 안내 드립니다. 
 
█ 기준지수 : 240.51(2012. 5. 24 일 KOSPI 200 종가) 
   ㅡ 지수 확인방법 : 한국거래소 홈페이지(http://krx.co.kr)  
 
█ 지급이자 결정방법 (세금공제전)  
   ㅡ 지급이자 = 판매기간  중 이자 + 지수연동수익  + 만기후이자  
      ( 1 )  판매기간  중 이자 : 예금가입일 ~ 2012. 5. 23 기간 중 연 2.80 %로 일수 계산 
   (2) 지수연동수익 결정방법  
 □ 기초자산 : KOSPI 200  
- 확인방법 : 한국거래소 홈페이지  
  ( http://krx.co.kr) > 지수 > 국내지수 
□ 지수연동수익  
   - 비교지수가 24 0.51 이상인  경우 : 연5.8% 
- 비교지수가 240. 51 미만인 경우 : 연 0.0% 
□ 지수결정일 
   -  기준지수 결정일 : 2012. 5. 24 ( 종가) 
- 비교지수 결정일 : 2013. 5. 20 ( 종가) 
         ☞  주식시장의 휴업, 재난, 전산장애 등의 사유로 한국거래소가 업무를 하지 못한 
때에는 International Swaps and Derivatives Association, Inc.가 제정한 2002 ISDA Equity 
Derivatives Definitions 및 신의성실의 원칙에 따라 KB 국민은행이 지수결정일, 
금리지급시기 및 지급금리 등을 조정하기로 합니다. 
       ( 3 )  만기후이자  : 연 0.5%로 일수 계산 ( 예금만기일 : 2013. 5. 24) 
                      
■ 중도해지 관련 안내 
   ㅡ 판매기간 종료 후 중도해지시 중도해지이율 없음(연 0.0%) 
   ㅡ 예치기간별 중도해지수수료율 
      ㅇ 3 개월 미만 : 가입금액 × 3.60%  
      ㅇ 3 개월 ~ 6 개월 미만 : 가입금액 × 3.10% 
      ㅇ 6 개월 ~ 9 개월 미만 : 가입금액 × 2.40% 
      ㅇ 9 개월 ~ 12 개월 미만 : 가입금액 × 1.80% 
      ※ 중도해지시 예치기간별 수수료가 부과되므로 원금 손실이 발생합니다.  
「「KKBB 리리더더스스정정기기예예금금」」  KKOOSSPPII  220000  1122--1100 호호  ((안안정정수수익익추추구구형형))  
지지급급금금리리  조조견견표표  
수익률(연,세전) 
연 5.8% 
 0 %       지수상승률 
연 0.
0%",ok,
products/rates/지급금리조견표-12-11-범위수익추구형8007175022179201.pdf,지급금리조견표-12-11-범위수익추구형8007175022179201.pdf,products/rates,1,"안녕하십니까? 
KB국민은행을 이용하여 주셔서 대단히 감사합니다. 
지난 2012.5.30 ~ 2012.6.13까지 판매되었던「KB리더스정기예금」KOSPI 200 12-11호 
(범위수익추구형)의 기준지수가 확정되어 아래와 같이 안내 드립니다. 
 
█ 기준지수 : 248.62(2012. 6. 14 일 KOSPI 200 종가) 
   ㅡ 지수 확인방법 : 한국거래소 홈페이지(http://krx.co.kr)  
█ 지급이자 결정방법 (세금공제전)  
   ㅡ 지급이자 = 판매기간  중 이자 + 지수연동수익  + 만기후이자  
      ( 1 )  판매기간  중 이자 : 예금가입일 ~ 2012. 6. 13 기간 중 연 2.80 %로 일수 계산 
   (2) 지수연동수익 결정방법 
 □ 기초자산 : KOSPI 200  
- 확인방법 : 한국거래소 홈페이지  
  ( http://krx.co.kr) > 지수 > 국내지수 
□ 지수연동수익  
   - 비교지수가 29 8.35 초과인  경우 : 연0.0% 
   -  비교지수가 22 3.75 이상  298.35 이하인  경우 : 연6.0% 
- 비교지수가 223. 75 미만인 경우 : 연 0.0% 
□ 지수결정일 
   -  기준지수 결정일: 2012. 6. 14 (종가) 
- 비교지수 결정일: 2013. 6. 10 (종가) 
         ☞  주식시장의 휴업, 재난, 전산장애 등의 사유로 한국거래소가 업무를 하지 못한 
때에는 International Swaps and Derivatives Association, Inc.가 제정한 2002 ISDA Equity 
Derivatives Definitions 및 신의성실의 원칙에 따라 KB 국민은행이 지수결정일, 
금리지급시기 및 지급금리 등을 조정하기로 합니다. 
       ( 3 )  만기후이자  : 연 0.5%로 일수 계산 ( 예금만기일 : 2013. 6. 14) 
■ 중도해지 관련 안내 
   ㅡ 판매기간 종료 후 중도해지시 중도해지이율 없음(연 0.0%) 
   ㅡ 예치기간별 중도해지수수료율 
      ㅇ 3 개월 미만 : 가입금액 × 3.60%  
      ㅇ 3 개월 ~ 6 개월 미만 : 가입금액 × 3.10% 
      ㅇ 6 개월 ~ 9 개월 미만 : 가입금액 × 2.40% 
      ㅇ 9 개월 ~ 12 개월 미만 : 가입금액 × 1.80% 
      ※ 중도해지시 예치기간별 수수료가 부과되므로 원금 손실이 발생합니다.  
「「KKBB 리리더더스스정정기기예예금금」」  KKOOSSPPII  220000  1122--1111 호호  ((범범위위수수익익추추구구형형))  
지지급급금금리리  조조견견표표  
수익률(연,세전) 
-10%  0%  20% 지수상승률 
연 0.
0% 
연 6.0% 
연 0.0%",ok,
products/rates/지급금리조견표-12-18-범위수익추구형17335672163639642.pdf,지급금리조견표-12-18-범위수익추구형17335672163639642.pdf,products/rates,1,"안녕하십니까? 
KB국민은행을 이용하여 주셔서 대단히 감사합니다. 
지난 2012.9.10 ~ 2012.9.24까지 판매되었던「KB리더스정기예금」KOSPI 200 12-18호 
(범위수익추구형)의 기준지수가 확정되어 아래와 같이 안내 드립니다. 
 
█ 기준지수 : 262.03(2012. 9. 25 일 KOSPI 200 종가) 
   ㅡ 지수 확인방법 : 한국거래소 홈페이지(http://krx.co.kr)  
█ 지급이자 결정방법 (세금공제전)  
   ㅡ 지급이자 = 판매기간  중 이자 + 지수연동수익  + 만기후이자  
      ( 1 )  판매기간  중 이자 : 예금가입일 ~ 2012. 9. 24 기간 중 연 2.60 %로 일수 계산 
   (2) 지수연동수익 결정방법 
 □ 기초자산 : KOSPI 200  
- 확인방법 : 한국거래소 홈페이지  
  ( http://krx.co.kr) > 지수 > 국내지수 
□ 지수연동수익  
   - 비교지수가 28 8.24 초과인  경우 : 연0.0% 
   -  비교지수가 20 9.62 이상  288.24 이하인  경우 : 연4.8% 
- 비교지수가 209. 62 미만인 경우 : 연 0.0% 
□ 지수결정일 
   -  기준지수 결정일: 2012. 9. 25 (종가) 
- 비교지수 결정일: 2013. 9. 16 (종가) 
         ☞  주식시장의 휴업, 재난, 전산장애 등의 사유로 한국거래소가 업무를 하지 못한 
때에는 International Swaps and Derivatives Association, Inc.가 제정한 2002 ISDA Equity 
Derivatives Definitions 및 신의성실의 원칙에 따라 KB 국민은행이 지수결정일, 
금리지급시기 및 지급금리 등을 조정하기로 합니다. 
       ( 3 )  만기후이자  : 연 0.5%로 일수 계산 ( 예금만기일 : 2013. 9. 25) 
■ 중도해지 관련 안내 
   ㅡ 판매기간 종료 후 중도해지시 중도해지이율 없음(연 0.0%) 
   ㅡ 예치기간별 중도해지수수료율 
      ㅇ 3 개월 미만 : 가입금액 × 3.00%  
      ㅇ 3 개월 ~ 6 개월 미만 : 가입금액 × 2.50% 
      ㅇ 6 개월 ~ 9 개월 미만 : 가입금액 × 1.80% 
      ㅇ 9 개월 ~ 12 개월 미만 : 가입금액 × 1.30% 
      ※ 중도해지시 예치기간별 수수료가 부과되므로 원금 손실이 발생합니다.  
「「KKBB 리리더더스스정정기기예예금금」」  KKOOSSPPII  220000  1122--1188 호호  ((범범위위수수익익추추구구형형))  
지지급급금금리리  조조견견표표  
수익률(연,세전) 
-20%    0%  10% 지수상승
연 0.
0% 
연 4.8% 
연 0.0%",ok,
products/rates/지급금리조견표-12-3-범위수익추구형10692722799878072.pdf,지급금리조견표-12-3-범위수익추구형10692722799878072.pdf,products/rates,1,"안녕하십니까? 
KB국민은행을 이용하여 주셔서 대단히 감사합니다. 
지난 2012. 2. 1 ~ 2012. 2.14 까지 판매되었던「KB리더스정기예금」KOSPI 200 12-3호 
(범위수익추구형)의 기준지수가 확정되어 아래와 같이 안내 드립니다. 
 
█ 기준지수 : 265.88(2012. 2. 15 일 KOSPI 200 종가) 
   ㅡ 지수 확인방법 : 한국거래소 홈페이지(http://krx.co.kr)  
█ 지급이자 결정방법 (세금공제전)  
   ㅡ 지급이자 = 판매기간  중 이자 + 지수연동수익  + 만기후이자  
      ( 1 )  판매기간  중 이자 : 예금가입일 ~ 2012. 2.14 기간 중 연 2.80 %로 일수 계산 
   (2) 지수연동수익 결정방법 
 □ 기초자산 : KOSPI 200  
- 확인방법 : 한국거래소 홈페이지  
  ( http://krx.co.kr) > 지수 > 국내지수 
□ 지수연동수익  
   - 비교지수가 31 9.06 초과인  경우 : 연0.0% 
   -  비교지수가 23 9.29 이상  319.06 이하인  경우 : 연6.0% 
- 비교지수가 239. 29 미만인 경우 : 연 0.0% 
□ 지수결정일 
   -  기준지수 결정일: 2012. 2.15 (종가) 
- 비교지수 결정일: 2013. 2. 8 (종가) 
         ☞  주식시장의 휴업, 재난, 전산장애 등의 사유로 한국거래소가 업무를 하지 못한 
때에는 International Swaps and Derivatives Association, Inc.가 제정한 2002 ISDA Equity 
Derivatives Definitions 및 신의성실의 원칙에 따라 KB 국민은행이 지수결정일, 
금리지급시기 및 지급금리 등을 조정하기로 합니다. 
       ( 3 )  만기후이자  : 연 0.5%로 일수 계산 ( 예금만기일 : 2013. 2. 15) 
■ 중도해지 관련 안내 
   ㅡ 판매기간 종료 후 중도해지시 중도해지이율 없음(연 0.0%) 
   ㅡ 예치기간별 중도해지수수료율 
      ㅇ 3 개월 미만 : 가입금액 × 3.60%  
      ㅇ 3 개월 ~ 6 개월 미만 : 가입금액 × 3.10% 
      ㅇ 6 개월 ~ 9 개월 미만 : 가입금액 × 2.40% 
      ㅇ 9 개월 ~ 12 개월 미만 : 가입금액 × 1.80% 
      ※ 중도해지시 예치기간별 수수료가 부과되므로 원금 손실이 발생합니다.  
「「KKBB 리리더더스스정정기기예예금금」」  KKOOSSPPII  220000  1122--33 호호  ((범범위위수수익익추추구구형형))  
지지급급금금리리  조조견견표표  
수익률(연,세전) 
-10%  0%  20% 지수상승률 
연 0.
0% 
연 6.0% 
연 0.0%",ok,
products/rates/지급금리조견표-12-3-상승낙아웃형10693409280665604.pdf,지급금리조견표-12-3-상승낙아웃형10693409280665604.pdf,products/rates,1,"안녕하십니까? 
KB국민은행을 이용하여 주셔서 대단히 감사합니다. 
지난 2012.2. 1 ~ 2012.2.14 까지 판매되었던「KB리더스정기예금」KOSPI 200 12-3호 
(상승낙아웃형)의 기준지수가 확정되어 아래와 같이 안내 드립니다. 
 
█ 기준지수 : 265.88(2012. 2. 15 일 KOSPI 200 종가) 
   ㅡ 지수 확인방법 : 한국거래소 홈페이지(http://krx.co.kr)  
█ 지급이자 결정방법 (세금공제전)  
   ㅡ 지급이자 = 판매기간  중 이자 + 지수연동수익  + 만기후이자  
      ( 1 )  판매기간  중 이자 : 예금가입일 ~ 2012. 2. 14 기간 중 연 2.80 %로 일수 계산 
   (2) 지수연동수익 결정방법 
 
 □ 기초자산 : KOSPI 200  
- 확인방법 : 한국거래소 홈페이지  
  ( http://krx.co.kr) > 지수 > 국내지수 
□ 지수연동수익 결정방법  
   -  관찰기간 중 KOSPI 200 지수가 345.65 초과 상승한 적이  
없는 경우 ( 장중 포함) 
     ㅇ 비교지수가 265.88 미만인 경우 : 연 0.0% 
     ㅇ 비교지수가 265.88 이상 3 45.65 이하인 경우 
: 지수상승률 ⅹ 52% ( 소수점 셋째 자리 이하 절사) 
   -  관찰기간 중 KOSPI 200 지수가 345.65 초과  상승한 적이
한번이라도 있는 경우 ( 장중 포함)  
: 이후 지수변동에 관계 없이 연 5.0%로 확정 
□ 지수결정일 
   -  기준지수 결정일: 2012. 2.15(종가) 
   -  비교지수 결정일: 2013. 2. 8(종가) 
- 관찰기간: 2012. 2.16 ~ 2013. 2. 8 (장중지속관찰) 
         ☞  주식시장의 휴업, 재난, 전산장애 등의 사유로 한국거래소가 업무를 하지 못한 
때에는 International Swaps and Derivatives Association, Inc.가 제정한 2002 ISDA Equity 
Derivatives Definitions 및 신의성실의 원칙에 따라 KB 국민은행이 지수결정일, 
금리지급시기 및 지급금리 등을 조정하기로 합니다. 
       ( 3 )  만기후이자  : 연 0.5%로 일수 계산 ( 예금만기일 : 2013. 2. 15) 
■ 중도해지 관련 안내 
   ㅡ 판매기간 종료 후 중도해지시 중도해지이율 없음(연 0.0%) 
   ㅡ 예치기간별 중도해지수수료율 
      ㅇ 3 개월 미만 : 가입금액 × 3.60%  
      ㅇ 3 개월 ~ 6 개월 미만 : 가입금액 × 3.10% 
      ㅇ 6 개월 ~ 9 개월 미만 : 가입금액 × 2.40% 
      ㅇ 9 개월 ~ 12 개월 미만 : 가입금액 × 1.80% 
      ※ 중도해지시 예치기간별 수수료가 부과되므로 원금 손실이 발생합니다.  
「「KKBB 리리더더스스정정기기예예금금」」  KKOOSSPPII  220000  1122--33 호호  ((상상승승낙낙아아웃웃형형))  
지지급급금금리리  조조견견표표  
수익률(연,세전) 
 0 %       3 0 %    지수상승률 
연 0.
0% 
연 15.6% 
상승률 
×52% 
연 5.0%",ok,
products/rates/지급금리조견표-12-3-상승수익추구형10692331100453264.pdf,지급금리조견표-12-3-상승수익추구형10692331100453264.pdf,products/rates,1,"안녕하십니까? 
KB국민은행을 이용하여 주셔서 대단히 감사합니다. 
지난 2012. 2. 1 ~ 2012. 2.14 까지 판매되었던「KB리더스정기예금」KOSPI 200 12-3호 
(상승수익추구형)의 기준지수가 확정되어 아래와 같이 안내 드립니다. 
 
█ 기준지수 : 265.88(2012. 2. 15 일 KOSPI 200 종가) 
   ㅡ 지수 확인방법 : 한국거래소 홈페이지(http://krx.co.kr)  
█ 지급이자 결정방법 (세금공제전)  
   ㅡ 지급이자 = 판매기간  중 이자 + 지수연동수익  + 만기후이자  
      ( 1 )  판매기간  중 이자 : 예금가입일 ~ 2012. 2. 14 기간 중 연 2.80 %로 일수 계산 
   (2) 지수연동수익 결정방법 
 □ 기초자산 : KOSPI 200  
- 확인방법 : 한국거래소 홈페이지  
  ( http://krx.co.kr) > 지수 > 국내지수 
□ 지수연동수익  
   - 비교지수가 29 2.47 이상인  경우 : 연7.1% 
   -  비교지수가 26 5.88 이상  292.47 미만인경우  
     : 지수상승률 × 71% ( 소수점 셋째 자리 이하 절사) 
- 비교지수가 265. 88 미만인 경우 : 연 0.0% 
□ 지수결정일 
   -  기준지수 결정일: 2012. 2.15 (종가) 
- 비교지수 결정일: 2013. 2. 8 (종가) 
         ☞  주식시장의 휴업, 재난, 전산장애 등의 사유로 한국거래소가 업무를 하지 못한 
때에는 International Swaps and Derivatives Association, Inc.가 제정한 2002 ISDA Equity 
Derivatives Definitions 및 신의성실의 원칙에 따라 KB 국민은행이 지수결정일, 
금리지급시기 및 지급금리 등을 조정하기로 합니다. 
       ( 3 )  만기후이자  : 연 0.5%로 일수 계산 ( 예금만기일 : 2013. 2. 15) 
■ 중도해지 관련 안내 
   ㅡ 판매기간 종료 후 중도해지시 중도해지이율 없음(연 0.0%) 
   ㅡ 예치기간별 중도해지수수료율 
      ㅇ 3 개월 미만 : 가입금액 × 3.60%  
      ㅇ 3 개월 ~ 6 개월 미만 : 가입금액 × 3.10% 
      ㅇ 6 개월 ~ 9 개월 미만 : 가입금액 × 2.40% 
      ㅇ 9 개월 ~ 12 개월 미만 : 가입금액 × 1.80% 
      ※ 중도해지시 예치기간별 수수료가 부과되므로 원금 손실이 발생합니다.  
「「KKBB 리리더더스스정정기기예예금금」」  KKOOSSPPII  220000  1122--33 호호  ((상상승승수수익익추추구구형형))  
지지급급금금리리  조조견견표표  
수익률(연,세전) 
 0%  10%   지수상승률 
연 0.
0% 
연 7.1% 
상승률 
×71%",ok,
products/rates/지급금리조견표-12-7-상승낙아웃형2232754850139888.pdf,지급금리조견표-12-7-상승낙아웃형2232754850139888.pdf,products/rates,1,"안녕하십니까? 
KB국민은행을 이용하여 주셔서 대단히 감사합니다. 
지난 2012.3.29 ~ 2012.4.9 까지 판매되었던「KB리더스정기예금」KOSPI 200 12-7호 
(상승낙아웃형)의 기준지수가 확정되어 아래와 같이 안내 드립니다. 
 
█ 기준지수 : 265.38(2012. 4. 10 일 KOSPI 200 종가) 
   ㅡ 지수 확인방법 : 한국거래소 홈페이지(http://krx.co.kr)  
█ 지급이자 결정방법 (세금공제전)  
   ㅡ 지급이자 = 판매기간  중 이자 + 지수연동수익  + 만기후이자  
      ( 1 )  판매기간  중 이자 : 예금가입일 ~ 2012. 4. 9 기간 중 연 2.80 %로 일수 계산 
   (2) 지수연동수익 결정방법 
 
 □ 기초자산 : KOSPI 200  
- 확인방법 : 한국거래소 홈페이지  
  ( http://krx.co.kr) > 지수 > 국내지수 
□ 지수연동수익 결정방법  
   -  관찰기간 중 KOSPI 200 지수가 318.46 초과 상승한 적이  
없는 경우 ( 장중 포함) 
     ㅇ 비교지수가 265.38 미만인 경우 : 연 0.0% 
     ㅇ 비교지수가 265.38 이상 3 18.46 이하인 경우 
: 지수상승률 ⅹ 66% ( 소수점 셋째 자리 이하 절사) 
   -  관찰기간 중 KOSPI 200 지수가 318.46 초과  상승한 적이
한번이라도 있는 경우 ( 장중 포함)  
: 이후 지수변동에 관계 없이 연 5.0%로 확정 
□ 지수결정일 
   -  기준지수 결정일: 2012. 4.10(종가) 
   -  비교지수 결정일: 2013. 4. 4(종가) 
- 관찰기간: 2012. 4. 12 ~ 2013. 4. 4 (장중지속관찰) 
         ☞  주식시장의 휴업, 재난, 전산장애 등의 사유로 한국거래소가 업무를 하지 못한 
때에는 International Swaps and Derivatives Association, Inc.가 제정한 2002 ISDA Equity 
Derivatives Definitions 및 신의성실의 원칙에 따라 KB 국민은행이 지수결정일, 
금리지급시기 및 지급금리 등을 조정하기로 합니다. 
       ( 3 )  만기후이자  : 연 0.5%로 일수 계산 ( 예금만기일 : 2013. 4. 10) 
■ 중도해지 관련 안내 
   ㅡ 판매기간 종료 후 중도해지시 중도해지이율 없음(연 0.0%) 
   ㅡ 예치기간별 중도해지수수료율 
      ㅇ 3 개월 미만 : 가입금액 × 3.60%  
      ㅇ 3 개월 ~ 6 개월 미만 : 가입금액 × 3.10% 
      ㅇ 6 개월 ~ 9 개월 미만 : 가입금액 × 2.40% 
      ㅇ 9 개월 ~ 12 개월 미만 : 가입금액 × 1.80% 
      ※ 중도해지시 예치기간별 수수료가 부과되므로 원금 손실이 발생합니다.  
「「KKBB 리리더더스스정정기기예예금금」」  KKOOSSPPII  220000  1122--77 호호  ((상상승승낙낙아아웃웃형형))  
지지급급금금리리  조조견견표표  
수익률(연,세전) 
 0 %       2 0 %    지수상승률 
연 0.
0% 
연 13.2% 
상승률 
×66% 
연 5.0%",ok,
products/savings/KBYoungYouth적금특약(250529).pdf,KBYoungYouth적금특약(250529).pdf,products/savings,4,"「KB Young Youth 적금」 특약 
 
제 1 조  적용범위 
① “KB Young Youth 적금(이하 ‘이 적금’이라 합니다)” 거래는 이 특약을 적용하며, 이 특약에서 정하지 않은 
사항은 예금거래기본약관 및 적립식예금약관을 적용합니다. 
② 이 적금의 거래에 있어서 발생하는 전자금융거래에 관한 사항은 「전자금융거래기본약관」을 적용합니다. 
 
제 2 조  가입대상 
① 이 적금의 가입대상은 만 19세 미만 실명의 개인으로 합니다.  
② 이 통장은 공동명의로 가입이 불가하며, 1인 1계좌만 가입 가능합니다.  
 
제 3 조  예금과목 및 계약기간 
이 적금의 예금과목은 정기적금으로 하며, 계약기간은 1년으로 합니다.  
 
제 4 조  저축방법 및 저축한도  
이 적금의 저축금은 초회 1만원 이상, 2회차 이후 회차별 1천원 이상 원단위로 매월(해당월의 초일부터 
말일까지) 300만원 이하 금액을 만기 전일까지 자유롭게 저축할 수 있습니다.  
 
제 5 조  이율의 적용  
① 이 적금의 만기이율은 기본이율과 우대이율을 합하여 계약기간 동안 적용합니다. 
② 이 적금의 이율은 신규가입일 또는 재예치일 당시 영업점 및 KB국민은행 홈페이지에 게시한 이율을 적용하며,  
우대이율은 제6조에서 정하는 조건을 충족하는 경우 적용합니다. 
 
제 6 조  우대이율 
이 적금은 아래의 항목에 해당하는 실적을 충족하는 경우 신규가입일 또는 재예치일 당시 영업점 및 KB 국민은행 
홈페이지에 게시한 우대이율을 제공합니다. 단, 모든 우대이율은 만기해지시에만 계약기간동안 적용합니다. 
우대이율 적용조건 
가족사랑 우대이율 
신규(또는 재예치) 시 가입고객을 포함하여 KB국민은행에 가족고객으로 
등록된 가족수가 3인 이상인 경우 
자동이체 우대이율 
계약기간 중 KB국민은행 계좌간 자동이체로 이 적금에 입금된 입금건수가 
8회 이상인 경우 
아동수당 우대이율 
계약기간 중 본인명의의 KB Young Youth 통장으로 아동수당을 3회 이상 
수령한 경우 
주택청약종합저축 우대이율 
계약기간 중 KB 국민은행에서 주택청약종합저축(청년 주택드림 청약통장 포함) 
을 신규 가입한 경우  
만기일 기준으로 KB 국민은행의 주택청약종합저축(청년 주택드림 청약통장 포함) 
을 보유하고 있는 경우 
우리아이 성장축하 및  
지문등록 우대이율  
① 신규(또는 재예치) 시 고객 연령이 만 0 세, 7 세, 13 세, 16세, 19 세인 경우  
(해당 연령이 속한 계약기간에 대하여 우대이율 제공) 또는 
② 계약기간 중 지문등록 후 경찰서장 발급의 [아동 등 사전신고증]을 계약기간 

의 만기일 전일까지 제출하는 경우 (단, 지문등록 우대이율은 계약기간 중 
1 회 등록 가능) 
※①과 ②모두 충족시에도 ①만 제공됨 
 
제 7 조  적금의 운용 
① 이 적금은 만기 재예치를 신청하는 경우에만 만기일에 해지 원금 및 세금을 공제한 이자를 이 적금 초회 
저축금으로 하여 1 년 단위로 자동 재예치합니다. 단, 만기일이 영업일이 아닌 경우 만기일 후 첫 영업일에 
재예치됩니다.   
② 자동재예치시 재예치 통지를 요청한 고객에게만 고객이 신청한 방법(SMS 또는 이메일)으로 통지합니다. 
③ 이 적금은 최초 가입 후 또는 재예치 후 추가 저축이 없는 계좌, 조세특례제한법에 의해 가입한 
비과세종합저축 계좌가 저축한도를 초과하는 경우 및 압류 등 사고신고 계좌, 만 20 세가 되는 해에 계약기간 
만기일이 도래하는 계좌는 재예치 대상에서 제외되며, 재예치되지 않은 경우 제 9 조 ①항 2 에 따라 
제 9 조의 서비스도 제공되지 않습니다. 
④ 재예치된 계좌의 이율은 재예치된 날을 가입일로 하여 제 5 조 및 제 6 조에 따라 적용이율을 정합니다. 
⑤ 이 적금은 은행의 사정에 의해 판매 중단될 경우 판매중단일 이후 만기 도래되는 계좌에 대해서는 자동 
재예치하지 않습니다. 
 
제 8 조  예금의 일부인출 
① 이 적금은 재예치된 계좌의 재예치금(해지 원금 및 세금을 공제한 이자) 중 일십만원을 제외한 금액 
범위내에서 계약기간 중 1 만원 단위로 총 2 회까지 일부인출 할 수 있습니다. 
② 재예치일부터 일부인출일 전날까지의 기간에 대해 재예치일 당시 영업점에 게시한 중도해지 이율로 셈한 
이자를 일부 인출금액에 더하여 지급합니다. 
 
제 9 조  자녀안심보험 가입서비스 
이 적금 가입자는 다음과 같이 은행에서 정한 방법에 따라 보험가입서비스를 받을 수 있습니다. 
① 보험 가입 대상  
1. 최초 가입계좌 : 신규 시 보험가입 및 개인(신용)정보의 제 3 자 제공에 동의한 고객 
2. 재예치 계좌 : 제①항 제 1 호에 의한 보험 가입계좌 중 재예치일 현재 잔액이 100 만원 이상인 계좌  
※ 최초 가입 시 보험가입에 동의하지 않는 경우 재예치 시에도 보험서비스가 제공되지 않음 
※ 7 조 ③항 및 ⑤항에 따라 재예치 되지 않은 계좌는 보험서비스가 적용되지 않음 
② 보험 서비스 내용  
A. 미취학 (만0~6세 이하) B. 취학 (만7세~ 19세 이하) 
담보위험 보장금액 담보위험 보장금액 
24시간상해후유장해 8,000,000원 24시간상해후유장해 8,000,000원 
소아3대암진단비 5,000,000원 학생개인배상책임 5,000,000원 
화상수술비 5,000,000원  골절수술비 300,000원  
의료사고법률비용 10,000,000원 의료사고법률비용 10,000,000원 
청소년유괴납치인질일당 500,000원 각막이식수술비 10,000,000원 
미아찾기지원금 500,000원 식중독 1,000,000원 
충수염수술비 500,000원 자전거사고상해입원비용 50,000원 

각막이식수술비 10,000,000원 자전거사고 처리지원금 (동승자포함) 30,000,000원 
 
③ 보장 기간 : 보험 개시일은 적금 신규 다음 날로 하며, 보험개시일로부터 1 년(자동 재예치 시 1 년 단위 
갱신)으로 합니다. 단, 보장기간은 적금 계약기간을 초과할 수 없으며, 적금의 중도해지 시에는 보험가입 
서비스 제공이 중단됩니다.  
④ 유의사항  
보험담보위험, 보험금지급 등 위 보험가입서비스 제공과 관련된 사항은 해당 보험약관에서 정하는 바에 
따르며, 보험약관은 '㈜DB 손해보험 홈페이지(www.idbins.com) > 보험상품 > 제휴보험 > 국민은행 KB 
Young Youth 적금'에서 확인하실 수 있습니다. 또한 가입자 본인의 보험 관련 상담은 보험가입 다음달 21 일 
이후 ㈜DB 손해보험 고객상담센터(일반 및 보상문의 ☎1588-0100)에서 문의 가능합니다.  
 
제 10 조  명의변경 
이 예금은 양도에 의한 명의변경이 불가합니다. 
 
제 11 조  거래방법 
이 적금의 신규 및 해지는 영업점 및 KB 스타뱅킹을 통해 가능합니다. 단, 영업점 신규 및 법정대리인의 
KB 스타뱅킹에서 신규 시에는 영업점 방문을 통한 해지만 가능합니다. 
부 칙 
이 약관은 2018.09.14 부터 시행합니다. 
부 칙 
이 약관은 2019.09.16 부터 시행합니다. 
부 칙 
이 약관은 2020.10.12 부터 시행하며 신규가입고객에 한하여 적용됩니다. 
부 칙 
이 약관은 2024.03.08 부터 시행합니다. 
부 칙 
이 약관은 2024.09.11 부터 시행합니다. 
부 칙 
이 약관은 2025.05.29 부터 시행하며 신규가입고객에 한하여 적용됩니다. 
 

 
본 특약은 법령 및 내부통제기준에 따른 절차를 거쳐서 제공됩니다.",ok,
products/savings/KB가맹점우대적금특약240119개정.pdf,KB가맹점우대적금특약240119개정.pdf,products/savings,2,"「KB 가맹점우대적금」특약 
 
 
제1조  적용범위 
KB가맹점우대적금(이하 '이 적금'이라 함)거래는 이 특약을 적용하며 이 특약에서 정하지 아니한 
사항은 예금거래기본약관 및 적립식예금약관을 적용합니다. 
 
제2조  가입대상 
① 이 적금의 가입대상은 만 14세 이상의 실명의 개인(개인사업자 포함), 법인, 임의단체로 합니다. 
(단, 금융기관은 제외) 
② 이 적금은 1 인(업체) 당 최대 5 계좌까지 가입 가능합니다.  
 
제3조  예금과목 및 계약기간 
이 적금의 예금과목은 정기적금으로 하며 계약기간은 6개월 이상 ~ 36개월 이내 월 단위 또는 일 
단위로 합니다. 
 
제4조  저축방법 및 저축한도 
이 적금은 초회 1만원 이상 2회차 이후 1천원이상 원단위로 월 1천만원이내에서 만기일 1개월 
전까지 저축할 수 있습니다. 단, 계약기간의 2/3가 경과한 이후에는 이미 적립한 금액의 2/3를 
초과하여 입금은 할 수 없습니다. 
 
제5조  이  자   
① 이 적금의 이자는 저축금마다 입금일부터 만기일 전(前)일까지의 기간에 대해 가입일 당시 
영업점 및 KB국민은행 홈페이지에 게시한 이율 (이하 ‘기본이율’이라 합니다) 로 셈하여 원금과 
함께 지급합니다. 
② 거래처가 만기일 전에 지급 청구한 때에는 저축금마다 입금일부터 지급일 전날까지의 기간에 
   대해 가입일 당시 영업점에 게시한 중도해지이율로 셈한 이자를 원금에 더하여 지급합니다.  
③ 거래처가 만기일 후 지급 청구한 때에는 만기지급액에 만기일부터 지급일 전날까지 기간에 
대해 가입일 당시 영업점에 게시한 만기 후 이율로 셈한 이자를 더하여 지급합니다. 
 
제6조 우대이율 
이 적금은 가맹점결제계좌, KB국민카드, 사업성공 우대이율을 제공합니다. 단, 모든 우대이율은  
만기해지 계좌에 대하여 계약기간 동안 신규가입일 당시 영업점 및 KB 국민은행 홈페이지에  
게시한 이율을 적용합니다. 
구    분 내    용 
가맹점결제계좌 
우대이율 
신규일로부터 3개월이 되는 날이 속한 달에 KB국민은행 
계좌로 KB국민카드(KB국민비씨카드 포함) 가맹점 대금 
이체실적(공동망 가맹점 매입분 포함)이 있는 경우 
KB국민카드 
우대이율 
신규일로부터 3개월이 되는 날이 속한 달에 30만원 이상의 
KB국민카드(신용/체크, 개인/기업, KB국민비씨카드 포함) 이용실적주 
(매입전표만 인정)이 있는 경우 
사업성공 우대이율 만기해지시 적립금액(이자금액은 제외)이 1천만원 이상인 경우  
주. 가족카드 이용실적은 본인회원의 실적에 합하여 계산하고, 본인회원 적금 가입시만 우대이율을 적용 함 

 
 
 
 
제7조 특별중도해지 
① 계약기간을 12개월 이상으로 가입하고 계약기간의 2/3이상 경과 한 날로부터 만기일 전일 
까지의 기간 중에 이 적금 가입자의 명의로 사업장 구입·임차, 창업을 할 경우 특별중도 
해지가 가능합니다. 
② 특별중도해지 시에는 기본이율을 적용하며 제6조에서 정하는 우대이율은 적용하지 않습니다. 
 
    제8조 부가 서 비스 (내맘대로 자동이체 서비스) 
아래 ① 과 ② 중 선택하여 자동이체 신청이 가능하며, ①과 ②를 중복하여 신청은 할 수  
없습니다.  
① 매영업일 이체 
② 최대 6개(예:5일,10일,15일,20일,25일,30일)까지 개별일 이체 
③ ① 을 신청한 계좌만 KB국민은행 결제계좌로 당일 영업시간내에 입금된 KB국민카드 가맹점 
대금 중 고객이 신청한 비율에 해당되는 금액으로 이체가 가능합니다. 
④ 이 약관에서 정하지 아니한 사항은 계좌간 자동이체 약관 (KB국민은행 홈페이지에서 확인할 
수 있습니다.) 에서 정하는 바에 따릅니다. 
 
부 칙 
이 약관은 2020.10.12부터 신규가입고객에 한하여 적용합니다.  
부 칙 
이 약관은 2024.1.19부터 시행하며 신규가입 계좌에 한하여 적용합니다.  
 
본 특약은 법령 및 내부통제기준에 따른 절차를 거쳐서 제공됩니다.",ok,
products/savings/KB국민행복적금특약241220.pdf,KB국민행복적금특약241220.pdf,products/savings,2,"1 
 
「KB국민행복적금」 특약 
 
제 1조 적용범위 
“KB국민행복적금(이하 ‘이 적금’이라 합니다)” 거래는 이 특약을 적용하며, 이 특약에서 정하지 않은 사항은 
예금거래기본약관 및 적립식예금약관을 적용합니다. 
 
제 2조 가입대상 및 용어정의 
① 가입대상 : 기초생활수급자(소년소녀가장 포함) , 북한이탈주민, 결혼이민자, 근로장려금수급자, 한부모가족지원 
보호대상자, 만65세 이상 차상위계층, 생계곤란 보훈대상자(생활조정수당, 생활지원금, 생계지원금 
수급자)로 제한되며 1인 1 계좌만 가입이 가능합니다. 
② 용어정의 
이 특약에서 사용하는 용어의 뜻은 다음과 같습니다. 
가. 기초생활수급자 : 국민기초생활보장법에 의해 급여를 받는 사람 
나. 소년소녀가장 : 국민기초생활보장법에 의한 수급자 가구 중 만18세미만의 아동이 실질적으로 가정을 
이끌어 가고 있는 세대의 가장 
다. 북한이탈주민 : 군사분계선 이북지역에 주소, 직계가족, 배우자, 직장 등을 두고 있는 사람으로서 북한을 
벗어난 후 외국국적을 취득하지 아니한 사람 
라. 결혼이민자 : 결혼이전에 대한민국국적이 아닌 외국국적을 가진 사람으로서 대한민국국적을 가진자와 
결혼한 사람(결혼 이후 대한민국국적 취득자 포함) 
마. 근로장려금수급자 : 조세특례제한법에 의해 근로장려금을 받는 사람 
바. 한부모가족지원 보호대상자 : 한부모가족지원법에서 정하는 보호대상자 
사. 만65세 이상 차상위계층 : 국민기초생활보장법, 국민건강보험법, 장애인복지법에 의한 차상위계층 중 
만65세 이상인 사람 
아. 생계곤란 보훈대상자: 보훈대상자 중 생활조정수당, 생활지원금, 생계지원금을 받는 사람 
 
제 3조 예금과목 
이 적금의 예금과목은 정기적금으로 합니다. 
 
제 4조 상품유형 
이 적금의 상품유형은 정액적립식과 자유적립식으로 구분합니다. 
 
제 5조 계약기간 
이 적금의 계약기간은 1년으로 합니다. 
 
제 6조 저축방법 
① 이 적금의 정액적립식은 월 1만원 이상 30만원 이하 원단위로 매월 약정한 날짜에 동일한 금액을 저축하여야 
합니다. 
② 이 적금의 자유적립식은 납입회차당 1천원 이상 원단위로 월 30만원까지 자유롭게 저축할 수 있습니다. 단 
만기1개월 전까지만 저축이 가능합니다. 
 

 2 
 
 
 
제 7조 이    자 
이 적금의 이자는 신규가입일 당시 영업점 및 KB국민은행 홈페이지에 게시된 이율(이하 ‘기본이율’ 이라 합니다.)로 
셈하여 원금과 함께 만기해지시 지급합니다. 
 
제 8조 우대이율 
이 적금의 가입자가 월저축금을 전회차 납입하고 만기해지하는 경우 기본이율에 신규가입일 당시 영업점 및 
KB국민은행 홈페이지에 게시된 우대이율을 가산하여 지급합니다. 단, 우대이율은 계약기간 동안 적용합니다. 
 
제 9조 특별중도해지 
① 가입일로부터 6개월 이상 경과한 계좌로 계약기간 중에 이 적금의 가입자 본인(배우자포함) 또는 
본인(배우자포함)의 직계존비속이 주택임차 또는 구입, 결혼, 출산, 입원, 입학, 사망 시 증빙서류 제출 후 
특별중도해지가 가능합니다. 
② 특별중도해지 시에는 기본이율을 적용하며 제 8조에서 정하는 우대이율은 가산하지 않습니다. 
 (단, 특별중도해지 사유가 예금주본인 사망인 경우 가입일로부터 6개월 이상 경과여부를 불문하고 해지시까지 
확정된 우대이율을 가산하여 적용합니다.) 
 
부  칙 
이 약관은 2015.08.03부터 시행합니다. 
부  칙 
이 약관은 2015.08.11부터 시행합니다. 
부  칙 
이 약관은 2020.10.12부터 시행하고 신규가입고객에 한하여 적용됩니다. 
부  칙 
이 약관은 2022.02.03부터 시행하고 신규가입고객에 한하여 적용됩니다. 
부  칙 
이 약관은 2024.12.20부터 시행하고 신규가입고객에 한하여 적용됩니다. 
 
 
본 특약은 법령 및 내부통제기준에 따른 절차를 거쳐서 제공됩니다.",ok,
products/savings/KB나만의적금상품설명서(260126)_3188006873852272.pdf,KB나만의적금상품설명서(260126)_3188006873852272.pdf,products/savings,7,"1 
 
0 
 
 
「KB 나만의 적금」 상품설명서 
 
1  상품명 및 특징 
▪ 상품명: KB 나만의 적금 
▪ 상품특징: 나에게 가장 유리한 조건을 직접 선택해서 완성하는 패키지형 적금  
 
 
 
 
 
 
 
 
 
 
 
2  거래 조건 
 
구 분 내 용 
가입대상 
- 실명의 개인(1 인 2 계좌 限) 
ㅇ 개인사업자 및 서류 미제출 임의단체 가입 가능 
ㅇ 공동명의 가입 불가 
상품유형 - 자유적립식 예금  
계약기간 - 3 개월 이상 12 개월 이하(월 단위, 일 단위) 
저축금액  
- 월 1 만원 이상 100 만원 이하(원 단위) 
ㅇ 매월 1 일부터 마지막 날까지 자유롭게 저축(만기일 전날까지 입금 가능) 
가입방법 - KB 스타뱅킹, 영업점 
이자지급방법 - 만기일시지급식: 만기(후)해지 또는 중도해지 시 이자 지급 
▣ 이 설명서는 금융소비자의 권익 보호 및 예금상품에 대한 이해 증진을 위하여 「금융소비자 보호에 관한  
법률」 및 관련 규정에 의거, 은행의 내부 통제절차를 거쳐 예금상품의 주요 내용을 쉽게 이해할 수  
있도록 작성한 자료입니다. 
▣ 설명 내용을 제대로 이해하지 못하였음에도 불구하고 설명을 이해했다는 서명을 하거나 녹취기록을  
남기시는 경우, 추후 해당 내용과 관련한 권리구제가 어려울 수 있습니다. 
▣ 이 적금은 선택 항목에 따라 거래 조건 및 혜택이 다를 수 있습니다. 
준법감시인 심의필 제2026-0276-2호(2026.01.26) 
(유효기간: 2026.01.26~2027.12.31) 
 
2 
 
기본금리 
(세금공제 전, 
2026.1.26.기준) 
 
- 가입일 당시 영업점 및 KB 국민은행 홈페이지에 게시한 계약기간별 기본금리 적용 
계약기간 3 개월 이상~12 개월 미만 12 개월  
금리 연 1.0% 연 2.0% 
 
 
 
 
 
 
 
 
 
 
 
우대금리 
(세금공제 전, 
2026.1.26.기준) 
 
 
 
 
 
 
 
 
 
 
 
 
 
 
 
 
 
 
 
 
 
 
 
 
 
 
 
- 최고 연 2.0%p 
ㅇ 아래의 패키지 우대금리 항목 중 1 가지와 선택 우대금리 항목 중 2 가지를 자유롭게  
선택하여 그 제공조건을 충족하는 경우 가입일 당시 영업점 및 KB 국민은행 홈페이지에 
게시한 조건별 우대금리 적용 
ㅇ 모든 우대금리는 제공조건을 달성한 만기해지 계좌에 계약기간 동안 적용하며, 중도해지 
  계좌에 적용하지 않음 
ㅇ 첫거래 우대금리 외 우대금리 제공을 위한 실적 산정기간은 가입월부터 만기 전전월 
말일까지로 한정 
종류 항목 금리 제공조건 
패키지 
우대금리 
(택 1) 
 
최고 
연 1.0%p  
웰컴 패키지 
연 1.0%p 
최근 1 년주1)  동안 KB 국민은행 예적금 및 청약상품을 
보유하지 않았거나 ‘입출금이 자유로운 예금’만 보유한 경우  첫거래 우대금리 
직장인 패키지  
연 1.0%p 
최근 1년주1) 동안 급여주2) 입금 실적이 없는 고객이 
KB국민은행으로 급여주2)를 받기 시작한 경우 
※ 적금 가입월에 입금된 급여는 실적으로 인정  급여시작 우대금리 
주거래 패키지  최고 
연 1.0%p 
신규금액 출금계좌주3)의 월 평균잔액주4)이  
- 100만원 이상인 월이 있는 경우 연 0.5%p  
- 300만원 이상인 월이 있는 경우 연 1.0%p 평균잔액 우대금리 
선택 
우대금리 
(택 2) 
 
최고 
연 1.0%p 
자동납부 우대금리 연 0.5%p 아파트 관리비, 지로, CMS, FBS로 자동납부주5)한 실적이 
있는 경우  
급여이체 우대금리 연 0.5%p 급여주2) 입금 실적이 있는 경우  
KB 카드 우대금리 연 0.5%p 신규금액 출금계좌주3)에서 KB 국민카드 결제대금 
출금실적주6)이 있는 경우  
마이데이터 우대금리 연 0.5%p 매월 마지막 날 기준으로 「KB마이데이터」 서비스에 
자산등록주7)이 되어있는 월이 있는 경우  
주1) 최근 1 년: 1 년 전 적금 가입 해당일부터 가입 전날까지  
 · 예시1) 2025.11.11.에 가입할 경우 최근 1년 ⇒ 2024.11.11.(1년 전 가입 해당일)~2025.11.10.(가입 전날) 
· 예시2) 2028.2.29.에 가입할 경우 최근 1년 ⇒ 2027.2.28.(1년 전 가입 해당월의 말일)~2028.2.28.(가입 전날) 
→ 2027년 2월은 29일(1년 전 가입 해당일)이 없는 달이므로 1년 전 가입 해당월의 말일인 28일로 적용 
주2) 급여: 아래 ①~⑤ 조건 중 하나에 해당하는 소득 
① 급여이체일이 등록된 계좌의 지정된 급여일(전후 1 영업일 포함 3 영업일)에 입금된 건별 50 만원 
이상의 금액 
 ② 급여이체일이 등록된 계좌에 급여성 단어(월급/급여/수당/급료/상여/보너스/봉급/연금/성과급/ 
보로금/임금/Salary/bonus/pay 에 한함)를 포함하여 입금된 건별 50 만원 이상의 금액 
 ③ 급여이체 계약(신청)에 의해 KB 국민은행 급여이체 전산(급여성 선일자, 급여성 탑라인, 기업인터넷 
뱅킹 급여이체)을 통해 입금된 건별 20 만원 이상의 금액 
 ④ 국군재정관리단에서 이체된 급여 
⑤ 국민연금, 공무원연금, 사립학교교직원연금, 군인연금 
※ KB 국민은행 본인 계좌에서 이체한 건, 보낸계좌 정보가 없는 건, KB 국민은행 영업점 및 자동화 
기기에서 이체된 건 제외  
 
3 
 
 
 
 
 
 
 
 
 
 
우대금리 
(계속) 
(세금공제 전, 
2026.1.26.기준) 
 
주3) 신규금액 출금계좌: 적금 가입 시 신규금액을 출금한 ‘입출금이 자유로운 예금’으로, 이 계좌(이하 
                         ‘실적기준계좌’)의 거래실적을 기준으로 「평균잔액 우대금리」 및 「KB카드 우대 
금리」 제공  
주4) 월 평균잔액: 해당월 1일부터 마지막 날까지 매일 통장의 최종 잔액을 합산하여 해당월의 일수로 
 나눈 금액 
주 5) 자동납부: 거래내역 확인 시 거래유형(거래구분)이 ‘아파트관리비’, ‘지로’, ‘CMS’, ‘FBS’인 자동출금에 
한하여 인정하며, 거래유형(거래구분)이 이와 다르게 기재된 이체 건(예: 국민카드, 공과금, 
기일출금 등)은 제외 
주6) KB 국민카드 결제대금 출금실적: 계좌에서 출금된 신용카드 결제일 출금 또는 체크카드 즉시 결제 
※ 오픈뱅킹을 통한 결제 건, 기업카드 및 선불카드 결제 건 등 제외 
주7) 자산등록: 「KB스타뱅킹 > 전체메뉴(≡) > 자산관리 > 마이데이터 설정」  경로에서 가능 
【우대금리 유의사항】 
 
최종금리 
(세금공제 전, 
2026.1.26.기준) 
- 최저 연 1.0%~최고 연 4.0% 
ㅇ 최고금리는 가입일 당시 영업점 및 KB 국민은행 홈페이지에 게시한 우대금리를 모두 포함 
- 금리우대쿠폰 
ㅇ 가입 시 금리우대쿠폰을 적용한 경우 최종금리에 쿠폰의 우대금리를 더함 
ㅇ 금리우대쿠폰의 적용방법 및 유의사항은 해당 금리우대쿠폰에서 확인 가능  
ㅇ 중도해지 시 쿠폰의 우대금리가 적용되지 않음 
계약기간 3 개월 이상~12 개월 미만 12 개월  
금리 최저 연 1.0%~최고 연 3.0% 최저 연 2.0%~최고 연 4.0% 
• 가입 시 선택한 패키지 및 우대금리 항목은 변경할 수 없습니다.  
• 이번 달에 달성한 실적은 다음 달에 반영됩니다.(단, 만기 전전월까지의 실적만 반영)  
   ※ 실적 반영 결과 확인: KB스타뱅킹 > 전체계좌 보기 > KB나만의 적금 전용화면 
• 「첫거래 우대금리」 제공대상은 가입시점에 확정되며, 나머지 우대금리는 가입월부터 
 만기 전전월 말일까지 우대금리 제공조건을 달성한 경우 받을 수 있습니다. 
• 「평균잔액 우대금리」와 「KB카드 우대금리」는 적금 신규금액 출금계좌를 우대금리  
제공을 위한 ‘실적기준계좌’로 합니다.  
• 「급여시작 우대금리」, 「자동납부 우대금리」 및 「급여이체 우대금리」는 예금주 명의  
  KB국민은행 입출금이 자유로운 예금에서 우대금리 제공조건 달성 여부를 확인합니다. 
• 「마이데이터 우대금리」는 마이데이터 서비스 대상 연령 제한에 따라 우대금리의 적용이  
제한될 수 있습니다. 
• 「급여시작 우대금리」 또는 「급여이체 우대금리」를 선택한 경우 급여 수령계좌에  
급여일이 정상적으로 등록되어 있는지 확인하시기 바랍니다. 
※ 급여일 등록 및 변경 방법 안내 
  ‧ 영업점 방문 또는 고객센터(☎ 1588-9999) 연락 
‧ KB스타뱅킹: 급여일 지정을 원하는 계좌의 거래내역 조회 > 우측 상단 톱니바퀴(⚙)선택 >  
상세정보 화면 > ‘급여일’ 선택 (※ 상세정보 화면에서 ‘급여일’ 변경이 가능한  
상품에 한함)  
 
4 
 
만기이자 
계산방법 
(산출근거) 
- 입금금액마다 입금일부터 만기일 전날까지 기간에 대하여 약정금리로 계산한 이자를 
합계(원 미만 버림)  
- [입금 건별 만기이자 계산식]  
입금금액 X 약정금리 X 일수(입금일~만기일 전날)/365 
만기후금리 
(세금공제 전, 
2026.1.26.기준) 
- 가입일 당시 영업점 및 KB 국민은행 홈페이지에 게시한 경과기간별 만기후금리 적용 
                                                                                                             (단위: 연 %)   
경과주)기간 금리 
만기후 1개월 이내 기본금리 X 50% 
만기후 1개월 초과 3개월 이내 기본금리 X 30% 
만기후 3개월 초과 0.1 
주) 경과: (해당 시간을) 완전히 지나간 기간  
※ 기본금리: 가입일 당시 영업점 및 KB국민은행 홈페이지에 게시한 기본금리 
※ 금리는 소수점 둘째 자리까지 표시(소수점 셋째 자리 이하는 버림) 
중도해지금리 
(세금공제 전, 
2026.1.26.기준) 
- 가입일 당시 영업점 및 KB국민은행 홈페이지에 게시한 예치기간별 중도해지금리 적용 
(단위: 연 %) 
예치기간 금리 
1개월 미만 0.1 
1개월 이상~3개월 미만 기본금리 X 50% X 경과월수주)/계약월수(단, 최저금리는 0.1) 
3개월 이상~6개월 미만 기본금리 X 50% X 경과월수/계약월수(단, 최저금리는 0.1) 
6개월 이상~8개월 미만 기본금리 X 60% X 경과월수/계약월수(단, 최저금리는 0.2) 
8개월 이상~10개월 미만 기본금리 X 70% X 경과월수/계약월수(단, 최저금리는 0.2) 
10개월 이상~11개월 미만 기본금리 X 80% X 경과월수/계약월수(단, 최저금리는 0.2) 
11개월 이상 기본금리 X 90% X 경과월수/계약월수(단, 최저금리는 0.2) 
주) 경과월수: 입금일 다음 날부터 해지월 입금해당일까지를 월수로 하고, 1 개월 미만은 올림 
              (단, 경과월수는 계약월수를 초과할 수 없음)  
※ 금리는 소수점 둘째 자리까지 표시(소수점 셋째 자리 이하는 버림) 

 
5 
 
중도해지이자 
계산방법 
(산출근거) 
- 입금금액마다 입금일부터 중도해지일 전날까지의 기간에 대하여 예치기간별 중도해지 
금리로 계산한 이자를 합산(원 미만 버림) 
- [입금 건별 중도해지이자 계산식] 
 입금금액 X 기본금리 X 예치기간별 적용률(50~90%) X 경과월수/계약월수 
 
 
 
 
   
   
   
   
   
     
예금자보호 
여부 
해 당 
 
 
이 예금은 예금자보호법에 따라 원금과 소정의 이자를 합하여 
1인당 “1억원까지”(본 은행의 여타 보호상품과 합산) 보호됩니다. 
세제혜택 
- 비과세종합저축으로 가입 가능 
※ 관련 세법이 개정될 경우 세율이 변경되거나 세금이 부과될 수 있음 
※ 계약기간 만료일 이후의 이자는 과세됨 
만기앞당김지급 - 불가 
양도‧질권설정 - 가능 
담보제공 - 가능(예금담보대출은 납입금액의 95%까지 가능) 
계약해지방법 
- KB스타뱅킹, 인터넷뱅킹, 영업점 및 고객센터에서 해지 가능 
※ 고객센터에서 해지할 때는 만기해지만 가능하며 미성년자 명의 적금은 해지할 수 없음 
- 만기 자동해지 신청 가능  
- KB스타뱅킹에서 가입한 계좌는 별도 신청 없이 만기일에 자동 해지되어 가입 당시 출금 
계좌로 입금(단, 계좌에 법적지급제한 등 해지 제한 사유가 있으면 자동 해지되지 않음) 
원금 및 이자 
지급 제한 
- 계좌에 압류주1), 가압류주2), 질권주3) 등이 등록될 경우 원금 및 이자 지급이 제한될 수  
있습니다. 
※ 민사집행법에 따라 최저생계비 이하 등 압류금지채권에 해당하는 경우에는 법원에 압류금지 
채권 범위 변경 신청 등을 통해 압류를 취소할 수 있습니다. 
주1) 압류: 채무자의 특정한 재산에 대하여 처분(매매, 양도 등)을 금지하게 하는 법원의 조치로서,  
채권자가 채무자의 해당 재산을 금전화하여 채무 변제에 충당하려는 목적으로 이용됩니다. 
주2) 가압류: 법원이 채권자를 위하여 나중에 강제 집행을 할 목적으로 채무자의 재산을 임시로  
확보하는 행위입니다. 
주3) 질권설정: 채무자가 변제기일에 채무를 이행하지 않는 경우 설정자(담보물 소유자)가 제공한  

 
6 
 
담보물에 대하여 채권자가 직접 청구하여 우선적으로 변제받을 수 있는 권리를  
설정하는 것으로서 일반적으로 담보물이 동산 또는 권리(예적금, 채권 등)인 경우에  
활용됩니다. 
- 예금잔액증명서 발급 당일에는 입금·출금·이체 등 잔액 변동이 불가합니다. 
자동이체 
- 자동이체는 다른 금융회사 계좌에서도 가능하며 이 경우 해당 금융회사에서 신청해야  
합니다. 
- 자동이체는 1만원 이상 100만원 이하 금액으로 가능합니다. 
- [KB국민은행 계좌간자동이체] 
ㅇ 만기일 전영업일까지 자동이체가 가능하며, 그 이후에는 이체되지 않습니다. 
ㅇ 이체일이 영업일이 아닌 경우 그 다음 영업일에 이체하고, 이체일이 달력에 없으면 
해당월의 마지막 날 이체합니다. 
휴면예금 및 
출연 
- 예금 만기일 또는 이자지급을 포함한 최종거래일 이후 5년 이내 계좌를 해지하지 않을 
경우 예금거래기본약관 제9조의2 휴면예금 및 출연에 따라 휴면예금은 “서민금융진흥원 
(국번없이 1397)”에 출연주)될 수 있으며, 이 경우 서민금융진흥원을 통해 휴면예금을 
찾으실 수 있습니다. 
주) 출연: 어떤 사람이나 단체가 자기의 의사에 따라 돈을 내거나 의무를 부담함으로써 재산상의  
손실을 입고 남의 재산을 증가시키는 일을 말합니다. 일반적으로 기부 행위를 일컫는 말로 사용 
되나 법률적으로는 비영리재단법인에 재산을 무상으로 내는 행위를 뜻합니다. 
- 휴면예금은 휴면예금통합조회서비스(www.sleepmoney.or.kr)에서 조회할 수 있습니다. 
- 계좌통합관리서비스 이용 시 사용하지 않는 소액계좌의 잔액을 이전하거나 계좌를 해지  
할 수 있으며, 휴면계좌통합조회서비스 이용 시 휴면계좌 현황을 파악할 수 있습니다. 
자료열람 
요구권 
- 금융소비자는 분쟁조정 또는 소송의 수행 등 권리구제를 위한 목적으로 은행이 기록 및 
유지·관리하는 다음의 자료에 대한 열람(사본 및 청취 포함)을 요구할 수 있습니다. 
ㅇ 계약체결에 관한 자료, 계약의 이행에 관한 자료, 금융상품 등에 관한 광고 자료, 금융소비자의  
권리행사에 관한 자료, 내부통제기준의 제정 및 운영 등에 관한 자료, 업무 위탁에 관한 자료 
- 은행은 법령, 제 3 자의 이익 침해, 영업비밀의 침해 등의 사유가 있는 경우 이를 금융 
소비자에게 알리고 자료 열람을 제한하거나 거절할 수 있습니다. 
위법계약 
해지권 
- 금융소비자는 은행이 금융소비자보호법 판매원칙주1)을 위반하여 해당 금융상품에 관한  
계약을 체결한 경우에는 법 위반사실을 안 날로부터 1년이내 (해당 기간은 계약체결일 
부터 5년이내의 범위)에 해지요구서주2) 와 위반사항을 증명하는 서류를 은행에 제출하여  
해당 계약의 해지를 요구할 수 있습니다. 만약, 금융 소비자의 요구가 정당한 것으로 판단될 
경우 수수료, 위약금 등 계약의 해지와 관련된 비용 부담 없이 해당 계약을 해지할 수 
있습니다. 
주1) 금융소비자보호법 판매원칙: 부적합한 금융상품을 권유한 경우(제17조 제3항), 적정하지 않은 금융 
상품에 대해 부적정하다는 사실을 알리지 않은 경우(제18조 제2항), 금융상품에 대해 거짓 또는 왜곡 
하여 설명하거나 중요한 사항에 대한 설명을 누락한 경우(제19조 제1,3항), 불공정영업행위의 금지 
(제20조 제1항), 부당권유행위의 금지(제21조) 
주2) 해지요구서: 금융상품의 명칭, 법 위반사실을 포함하여 계약의 해지를 요구하기 위하여 작성한 문서 
 
7 
 
이용 제한 사항 
 KB 스타뱅킹 등 비대면으로 가입한 계좌의 당일 해지는 영업점에서만 가능하며, 비대면 
해지는 가입 다음 날부터 할 수 있습니다.   
 이 상품은 환경보호를 위해 종이통장을 발행하지 않습니다.  
 이 상품은 공동명의로 가입할 수 없습니다. 
 이 상품은 대리인을 통한 가입이 불가합니다. 
 통장이 ‘전기통신금융사기 피해 방지 및 피해금 환급에 관한 특별법’ 에서 정의한 피해 의심 
거래계좌 및 사기이용 계좌로 이용될 경우 이체, 송금지연, 지급정지 등의 금융거래 제한 
조치를 받을 수 있습니다. 
 
3  유의 사항 
 
 비대면으로 가입한 계좌는 가입 당일 비대면으로 해지할 수 없습니다.   
 이 설명서는 「금융소비자 보호에 관한 법률」 제19조제1항, 동 법 시행령 제14조제1항, 제3항에 따라  
금융상품에 관한 중요한 사항을 이해하기 쉽도록 설명하기 위해 설명을 하기 전에 제공되는 자료로서 
 상담일 이후 가입금액, 계약기간 등 변경에 의하여 일부 내용이 달라질 수 있습니다. 
 계약기간 만료 전 해지 시 계약에서 정한 금리보다 낮은 중도해지금리가 적용됩니다. 
 이 설명서는 법령 및 내부통제기준에 따른 절차를 거쳐 제공됩니다. 
이 상품은 KB 국민은행 수신상품부(P)에서 개발하고 관리하는 상품입니다. 이 상품에 대한 문의사항 또는 민원상담이 
필요하시면 KB 국민은행 영업점, 고객센터(1588-9999) 또는 인터넷 홈페이지(www.kbstar.com)와 금융감독원 
민원상담센터(국번없이 1332) 또는 e-금융민원센터(www.fcsc.kr)를 통해 문의하시기 바랍니다. 영업점 등을 통해 
은행에 접수된 민원은 특별한 사정이 없는 한 14 영업일 이내 처리함을 원칙으로 하되, 기한연장 시 이에 대해 
안내드리겠습니다. 또한 요청이 있는 경우 민원처리 진행 상황을 안내받으실 수 있습니다. 금융소비자는 이 상품에 
대하여 KB 국민은행과 분쟁이 있는 경우 금융소비자보호법 제 36 조 제 1 항에 따라 금융감독원에 분쟁조정을 
신청할 수 있습니다.",ok,
products/savings/KB내맘대로적금_250901.pdf,KB내맘대로적금_250901.pdf,products/savings,8,"「KB 내맘대로적금」 상품설명서 
 
 
 
 
 
 
 
 
 
 
 
1  상품명 및 특징 
▪ 상 품 명:  KB내맘대로적금 
▪ 상품특징:  상품에 관한 다양한 옵션(우대이율, 부가서비스 등)을 제공함으로써 고객이 직접 상품 요건을 
설계하여 가입할 수 있는 비대면채널 전용 DIY(Do-It-Yourself)형 상품 
 
2  거래 조건 
 
구 분 내 용 
가입대상 
▪ 만 14 세 이상의 실명의 개인 (공동명의 불가) 
  ※ 자유적립식 예금은 1 인 최대 5 계좌까지 가입 가능합니다. 
상품유형 ▪ 정액적립식/자유적립식 예금 
거래방법 
▪ 신규: 인터넷뱅킹, KB 스타뱅킹 
▪ 해지: 영업점, 인터넷뱅킹, KB 스타뱅킹, 고객센터 
가입금액 
및 저축방법 
▪ 정액적립식 예금: 신규 시 약정한 월 1 만원 이상의 저축금액을 매월 약정한 날짜에 동일하게 저축 
▪ 자유적립식 예금: 매월(해당월의 초일부터 말일까지) 1만원 이상 3백만원 이하 금액을 자유롭게 저축 
계약기간 
▪ 6개월 이상 36개월 이하 (월단위/일단위)  
※ 일단위 계약기간은 자유적립식 예금인 경우에만 가능 
이자지급시기 ▪ 만기일시지급식: 만기(후) 또는 중도해지 요청 시 이자를 지급 
기본이율  
(세금공제 전, 
2024.12.30 
기준) 
▪ 기본이율: 신규가입일 당시 영업점 및 KB국민은행 홈페이지에 게시한 계약기간별 기본이율 
적용 
 
계약기간 
6개월 이상 
12개월 미만 
12개월 이상 
24개월 미만 
24개월 이상 
36개월 미만 
36개월 
자유적립식 연 2.25% 연 2.50% 연 2.70% 연 2.90% 
정액적립식 연 2.30% 연 2.55% 연 2.75% 연 2.95% 
◈ 이 설명서는 금융소비자의 권익 보호 및 예금상품에 대한 이해 증진을 위하여 「금융소비자 보호에 관한 법률」 및 
관련 규정에 의거, 은행의 내부 통제절차를 거쳐 예금상품의 주요 내용을 쉽게 이해할 수 있도록 작성한 자료입니다. 
◈ 설명내용을 제대로 이해하지 못하였음에도 불구하고 설명을 이해했다는 서명을 하거나 녹취기록을 남기시는 경우, 
추후 해당 내용과 관련한 권리구제가 어려울 수 있습니다. 
◈ 인터넷뱅킹 등 비대면채널을 통해 가입하거나 통장 미발행 요청 시에는 통장 또는 증서가 교부되지 않습니다. 
준법감시인 심의필 제2024-5992-7호(심의일: 2024.12.27) 
 (유효기간: 2024.12.30 ~ 2026.10.31) 
 
KB국민은행 
우대이율 
(세금공제 전, 
2024.12.30 
기준) 
▪ 신규가입일 당시 영업점 및 KB국민은행 홈페이지에 게시한 우대이율 적용 
▪ 신규 시 다음의 9가지 우대이율 항목 중 6가지를 자유롭게 선택하고, 아래 우대이율 
적용조건을 충족하는 경우 충족 항목 당 각 연0.1%p의 우대이율 적용(최고 연0.6%p)  
※ 단, 모든 우대이율은 만기 해지 계좌에 대하여 계약기간 동안 적용 
주 1) KB 국민은행과 급여이체 또는 대량이체 계약에 따른 급여성 선일자, 탑라인, 
기업인터넷뱅킹 등에 의한 급여이체 (단, 급여이체 인정금액은 건별 20 만원 이상인 
경우에 한함)  
주 2) KB 국민은행과 계약된 아파트관리비 자동이체 신청분에 한하며, 실제 출금이 발생한 
날이 속한 달의 실적으로 산정(이체일이 비영업일인 이유로 차기월에 출금되는 
경우라도 실제 출금일이 속한 달의 실적으로 산정) 
주 3) KB 국민은행 입출금이자유로운예금에서 출금하여 KB 국민은행 
입출금이자유로운예금/적립식예금 또는 다른 은행 계좌로 이체한 경우만 해당 
▪ 금리우대쿠폰 : 이 적금의 신규 시 금리우대쿠폰을 적용한 경우 쿠폰 우대금리를  
기본이율에 가산 
※ 금리우대쿠폰 우대금리는 신규 당시 적용한 쿠폰의 우대금리를 따르며, 세부 사항 
(적용방법, 유의사항 등)은 금리우대쿠폰에서 확인 가능 
※ 금리우대쿠폰은 신규 시에만 사용 가능하며 재예치 또는 중도해지시 미적용 
구분 우대이율 적용조건 
1 급여이체 
이 적금의 신규일이 포함된 달부터 3개월이 경과한 달까지 50만원 
이상 급여이체 실적주1)이 발생한 월수가 1개월 이상인 경우  
2 카드결제계좌 
이 적금의 신규일로부터 3개월이 속한 달의 말일 기준으로 
KB국민카드 결제계좌가 KB국민은행 입출금이자유로운예금인 경우 
3 
자동이체 
저축 
이 적금의 계약기간에 해당하는 개월 수 이상 회차를 납입한 
계좌 중 총 납입 회차의 2/3 이상을 자동이체 등 창구 이외의 
채널을 이용하여 입금한 경우 
4 
아파트관리비 
이체 
이 적금의 신규일이 포함된 달부터 3개월이 경과한 달까지 
KB국민은행 입출금이자유로운예금을 통한 아파트관리비 
자동이체 실적주2)이 있는 경우  
5 
KB스타뱅킹 
이체 
이 적금의 신규일로부터 3개월이 속한 달까지 KB스타뱅킹을 
통한 이체 거래주3) 실적이 있는 경우 
6 장기거래 
이 적금의 신규 시에 예금주의 KB국민은행 거래기간이 5년 
이상인 경우 
7 첫 거래 
이 적금의 신규 시에 예∙적금(청약 관련상품 제외) 상품을 
보유하지 않은 경우 
8 
주택청약 
종합저축 
이 적금의 신규일로부터 3개월이 속한 달의 말일을 기준으로 
주택청약종합저축을 보유한 경우  
※청년 주택드림 청약통장 포함 
9 소중한 날 
이 적금의 신규 시에 본인에게 의미 있는 날을 입력하고, 
해당일이 적금 계약기간 이내인 경우 
최종이율 
(세금공제 전, 
2024.12.30 
기준) 
※ 최고이율은 신규가입일 당시 영업점 및 KB국민은행 홈페이지에 게시한 우대이율 중 
   고객이 선택한 6가지 항목 모두 적용 시 
※ 신규 가입 시 금리우대쿠폰을 적용한 경우 쿠폰 금리가 최종 이율에 가산됨 
계약기간 
6개월 이상 
12개월 미만 
12개월 이상 
24개월 미만 
24개월 이상 
36개월 미만 
36개월 
자유적립식 
최저 연 2.25%~ 
최고 연 2.85% 
최저 연2.50%~ 
최고 연3.10% 
최저 연2.70%~ 
최고 연3.30% 
최저 연2.90%~ 
최고 연3.50% 
정액적립식 
최저 연 2.30%~ 
최고 연 2.90% 
최저 연2.55%~ 
최고 연3.15% 
최저 연2.75%~ 
최고 연3.35% 
최저 연2.95%~ 
최고 연3.55% 
만기이자 
계산방법 
(산출근거) 
▪ 자유적립식: 입금금액 × 약정이율 × 일수(입금일~만기일 전일)/365 
  ※ 입금금액마다 입금일부터 만기일 전일까지의 기간에 대하여 약정이율로 계산한 이자를 
합계(원미만 절사) 
▪ 정액적립식: {월저축금 × 계약월수 × (계약월수+1)/2} × (연이율/12) 
 
 
 
 
 
 
 
중도해지이율 
(세금공제 전, 
2024.12.30 
기준) 
▪ 신규가입일 당시 영업점 및 KB국민은행 홈페이지에 게시한 예치기간별 중도해지이율 적용 
                                                          (단위: 연 %) 
예치기간 이율 
1개월미만 0.1 
1개월이상 ~ 3개월미만 기본이율 X 50% X 경과월수/계약월수 (단, 최저금리는 0.1) 
3개월이상 ~ 6개월미만 기본이율 X 50% X 경과월수/계약월수 (단, 최저금리는 0.1) 
6개월이상 ~ 8개월미만 기본이율 X 60% X 경과월수/계약월수 (단, 최저금리는 0.2) 
8개월이상 ~ 10개월미만 기본이율 X 70% X 경과월수/계약월수 (단, 최저금리는 0.2) 
10개월이상 ~ 11개월미만 기본이율 X 80% X 경과월수/계약월수 (단, 최저금리는 0.2) 
11개월이상 기본이율 X 90% X 경과월수/계약월수 (단, 최저금리는 0.2) 
1. 경과월수: 입금일 다음날로부터 해지월 입금해당일까지를 월수로 하고, 1개월 미만은 절상  
2. 계약월수: 신규일 다음날로부터 만기월 신규해당일까지를 월수로 하고, 1개월미만은 절상 
※ 단, 계약기간이 월단위인 경우 계약월수를 그대로 사용하며, 경과월수는 계약월수를 초과할 수 없음 
3. 이율은 소수점 둘째 자리까지 표시(소수점 셋째 자리에서 절사) 

중도해지이자 
계산방법 
(산출근거) 
▪ 입금금액마다 입금일부터 중도해지일 전일까지의 기간에 대하여 예치기간별 중도해지이율로 
계산한 이자를 합계(원미만 절사) 
[입금건별 중도해지이율 계산 산식] 기본이율 X 예치기간별 적용률(50~90%) X 경과월수/계약월수 
 
만기후이율 
(세금공제 전, 
2024.12.30 
기준) 
▪ 신규가입일 당시 영업점 및 KB국민은행 홈페이지에 게시한 경과기간별 만기후이율 적용 
                                                          (단위: 연 %) 
경과기간 이율 
만기후 1개월이내 기본이율 X 50% 
만기후 1개월초과 ~ 3개월이내 기본이율 X 30% 
만기후 3개월초과 0.1 
※ 이율은 소수점 둘째 자리까지 표시(소수점 셋째 자리에서 절사) 
세제혜택 
▪ 비과세종합저축으로 가입 가능 
※ 관련세법이 개정될 경우 세율이 변경되거나 세금이 부과될 수 있음 
※ 계약기간 만료일 이후의 이자는 과세됨 
계약해지방법 
▪ 영업점 방문, 인터넷뱅킹, KB 스타뱅킹, 고객센터를 통해 해지 가능 
※ 고객센터 통한 해지 시 만기해지만 가능하며 미성년자 예금 해지 불가 
▪ 만기예금 자동해지 가능 
※ 만기 자동해지를 신청하는 경우 만기자동 해지 및 지정계좌로 입금 가능 
▪ 만기일이 토요일 또는 법정공휴일(일요일 포함)인 경우 직전 영업일에 해지 시  
해당일수만큼 약정이자를 차감하고 지급 
재예치 
▪ 비대면채널(인터넷뱅킹, KB스타뱅킹)을 통해 자유적립식예금만 신청 가능하며, 
만기일에 제세금을 공제한 해지 원금과 이자를 3회(최초계약기간 포함)까지 재예치합니다. 
▪ 재예치 당시 인터넷 홈페이지 및 영업점에 게시된 이율이 적용되며, 금리를 제외한 
계약조건은 최초의 계약조건과 동일하게 적용됩니다. 
※ 재예치 시 유의사항 
① 첫거래우대이율 미적용 
② 자동이체 출금계좌가 타행인 경우 재예치시 자동이체 해제 
※ 재예치 불가사유 
① 재예치 대상 계좌 및 출금계좌에 법적지급제한, 지급 및 해지제한 
② 출금계좌 해지 
③ 상품판매가 중단된 경우 판매 중단일 이후 만기도래 계좌  
일부인출 ▪ 불가 
기본이율x90%x 
경과월수/계약월수
(최저 0.2)
기본이율x80%x 
경과월수/계약월수
(최저 0.2)
기본이율x70%x 
경과월수/계약월수
(최저 0.2)
기본이율x60%x 
경과월수/계약월수
(최저 0.2)
기본이율x 50% x
경과월수/계약월수
(최저 0.1)
기본이율x 50% x
경과월수/계약월수
(최저 0.1)0.1
[예치기간] 1개월 3개월 6개월 8개월 10 개월 11 개월 
만기앞당김 지급 
▪ 정액적립식: 가능 
▪ 자유적립식: 불가 
질권설정 ▪ 가능 
양도 및  
담보제공 
▪ 양도 가능 
▪ 예금담보대출은 계좌잔액의 95%까지 가능 
원금 및 
이자지급 제한 
▪ 계좌에 압류주1), 가압류주2), 질권주3) 등이 등록될 경우 원금 및 이자 지급이 제한될 수 있음. 
※ 민사집행법에 따라 최저생계비 이하 등 압류금지채권에 해당하는 경우에는 
법원에 압류금지채권 범위 변경 신청 등을 통해 압류를 취소할 수 있습니다. 
 
 주 1) 압류: 채무자의 특정한 재산에 대하여 처분(매매, 양도 등)을 금지하게 하는 법원의 조치로서,  
채권자가 채무자의 해당 재산을 금전화하여 채무 변제에 충당하려는 목적으로 이용됩니다. 
 주 2) 가압류: 법원이 채권자를 위하여 나중에 강제 집행을 할 목적으로 채무자의 재산을 임시로 
확보하는 행위입니다. 
 주 3) 질권설정: 채무자가 변제기일에 채무를 이행하지 않는 경우 설정자(담보물 소유자)가 제공한 
담보물에 대하여 채권자가 직접 청구하여 우선적으로 변제받을 수 있는 권리를 설정하는 
것으로써 일반적으로 담보물이 동산 또는 권리(예·적금, 채권 등)인 경우에 활용됩니다. 
▪ 예금잔액증명서 발급 당일에는 입금·출금·이체 등 잔액 변동 불가. 
자동이체 ▪ KB 국민은행 계좌뿐만 아니라 다른 금융회사 계좌에서도 가능하나, 자동이체 신청은 
해당 금융회사에서 신청하여야 합니다. 
휴면예금  
및 출연 
▪ 예금 만기일 또는 이자지급을 포함한 최종거래일 이후 5 년 이내 계좌를 해지하지 않을 경우  
예금거래기본약관 제 9 조의 2 휴면예금 및 출연에 따라 휴면예금은 “서민금융진흥원 
(국번없이 1397)”에 출연주)될 수 있으며, 이 경우 서민금융진흥원을 통해 휴면예금을 
찾으실 수 있습니다. 
▪ 휴면예금은 휴면예금통합조회서비스(www.sleepmoney.or.kr)를 통해 조회 가능합니다. 
 
주) 출연: 어떤 사람이나 단체가 자기의 의사에 따라 돈을 내거나 의무를 부담함으로써 재산상의  
손실을 입고 남의 재산을 증가시키는 일을 말합니다. 일반적으로 기부행위를 일컫는 말로  
사용되나 법률적으로는 비영리재단법인에 재산을 무상으로 내는 행위를 뜻합니다. 
※ 계좌통합관리서비스 이용 시 사용하지 않는 소액계좌를 잔고 이전/해지 할 수 있으며, 
 휴면계좌통합조회서비스 이용 시 휴면계좌 현황을 파악할 수 있습니다. 
예금자 
보호여부 
해 당 
 
이 예금은 예금자보호법에 따라 원금과 소정의 이자를 합하여 1 인당 
“1 억원까지”(본 은행의 여타 보호상품과 합산) 보호됩니다. 
위법계약해지권 
▪ 금융소비자는 은행이 금융소비자보호법 판매원칙주 1)을 위반하여 해당 금융상품에 관한 
계약을 체결한 경우에는 법 위반사실을 안 날로부터 1 년이내(해당 기간은 계약체결일로부터 
5 년 이내의 범위)에 해지요구서주 2) 와 위반사항을 증명하는 서류를 은행에 제출하여 해당 
계약의 해지를 요구할 수 있습니다. 만약, 금융소비자의 요구가 정당한 것으로 판단될 경우 
수수료, 위약금 등 계약의 해지와 관련된 비용 부담 없이 해당 계약을 해지할 수 있습니다. 
주1) 금융소비자보호법 판매원칙: 부적합한 금융상품을 권유한 경우(제17조 제3항), 적정하지 않은 금 융 상 품 에 대해 부
적정하다는 사실을 알리지 않은 경우(제18조 제2항), 금융상품에 대해 거짓 또는 왜곡하여 설명하거나 중 요 한 사항에 
대한 설명을 누락한 경우(제19조 제1,3항), 불공정영업행위의 금지(제20조 제1항), 부당권유행위의 금지(제21조) 
주2) 해지요구서: 금융상품의 명칭, 법 위반사실을 포함하여 계약의 해지를 요구하기 위하여 작성한 문서 

자료열람요구권 
▪ 금융소비자는 분쟁조정 또는 소송의 수행 등 권리구제를 위한 목적으로 은행이 기록 및  
유지·관리하는 다음의 자료에 대한 열람(사본 및 청취 포함)을 요구할 수 있습니다. 
- 계약체결에 관한 자료, 계약의 이행에 관한 자료, 금융상품 등에 관한 광고 자료, 
금융소비자의 권리행사에 관한 자료, 내부통제기준의 제정 및 운영 등에 관한 자료,  
업무 위탁에 관한 자료 
▪ 은행은 법령, 제 3 자의 이익 침해, 영업비밀의 침해 등의 사유가 있는 경우 이를 
금융소비자에게 알리고 자료 열람을 제한하거나 거절할 수 있습니다. 
이용제한 사항 
▪ 이 상품은 공동명의로 가입할 수 없습니다. 
▪ 이 상품은 전자금융거래 제한계좌 등록 불가하며, 원칙적으로 통장발행이 되지 않습니다.   
통장발행을 원하는 경우 영업점에 방문하셔야 하며 수수료가 부과됩니다. 
▪ 급여이체 계약에 의하지 않은 일반 이체거래에 의한 입금 건은 급여이체실적으로 
인정되지 않으니 유의하시기 바랍니다.  
 
3  유의 사항 
▪ 이 설명서는 「금융소비자 보호에 관한 법률」제19조제1항, 동 법 시행령 제14조제1항, 제3항에 따라 
금융상품에 관한 중요한 사항을 이해하기 쉽도록 설명하기 위해 설명을 하기 전에 제공되는 자료로써, 
상담일 이후 가입금액, 계약기간 등 변경에 의하여 일부 내용이 달라질 수 있습니다. 
▪ 본 설명서는 법령 및 내부통제기준에 따른 절차를 거쳐서 제공됩니다. 
 
이 상품은 KB 국민은행 수신상품부(P)에서 개발 및 관리하는 상품입니다.  
본 상품에 대한 문의사항 또는 민원 상담이 필요하시면 영업점, 고객센터(1588-9999) 또는 인터넷 홈페이지 
(www.kbstar.com), 금융감독원 민원상담센터(국번없이 1332) 또는 e-금융민원센터(www.fcsc.kr)를 통해 
문의주시기 바랍니다. 영업점 등을 통해 은행에 접수된 민원은 특별한 사정이 없는 한 14 영업일 이내에 
처리함을 원칙으로 하되, 기한 연장시 이에 대해 안내드리도록 하겠습니다. 또한 요청이 있는 경우 
민원처리진행상황을 안내받으실 수 있습니다. 
또한 금융소비자는 본 상품에 대하여 당 은행과 분쟁이 있는 경우에는 금융소비자보호법 제 36 조 제 1 항에 따라  
금융감독원에 분쟁조정을 신청할 수 있습니다. 
 
 
 
 
 
 
 
 
 
 
 
 
4  연계·제휴서비스 
 
구  분 내    용 
연계·제휴서비스 
내용 
▪ 보험내용: 다음의 4가지 플랜 중 신규 시 선택한 1가지 제공 
 
구분 담보위험 보장금액 보상내용 
플랜A 
[휴대폰] 
휴대폰수리비용 
보상보험 
최대 30만원 
(1인당/사고당) 
피보험자 명의의 단말기 
고장(전기적/기계적 원인에 한하며, 
액정 파손 등 제외)으로 발생하는 
수리비용(자기부담금 3만원 제외) 
플랜B 
[피싱] 
보이스피싱 최대 1천만원 
피보험자가 전화금융사기로 금전상의 
피해를 입은 경우 피해액의 70% 
해당액 
메신저피싱 최대 1천만원 
피보험자가 메신저금융사기로 
금전상의 피해를 입은 경우 
피해액의 70% 해당액 
플랜C 
[교통] 
교통상해사망 
후유장해 
최대 3천만원 
교통사고로 인한 상해로 사망 또는 
후유장해가 발생한 경우 
뺑소니 및  
무보험차  
상해사망후유장해 
최대 2천만원 
뺑소니사고 또는 무보험자동차에의한 
사고로 발생한 상해로 사망 또는 
후유장해가 발생한 경우 
플랜D 
[여행] 
휴일상해사망 
후유장해 
최대 3천만원 
토요일과 법정공휴일(일요일 포함) 또는 
근로자의 날에 발생한 상해로 사망 또는 
후유장해가 발생한 경우 
해외여행 중 
상해사망 
후유장해 
최대 1억원 
해외여행(최대 90일) 도중 발생한 
상해로 사망 또는 후유장해가 발생한 
경우 
해외여행중 
특별비용 
최대 1천만원 
해외여행(최대 90일) 도중 발생한 
항공기/선박의 행방불명/조난, 
긴급수색구조, 상해 또는 질병으로 인한 
사망 등 발생시 수색구조비용, 이송비용, 
제잡비 등 보상 
연계·제휴서비스 
이행책임 
▪ KB 국민은행은 연계·제휴서비스를 부당하게 축소·변경하지 않으며, 불가피하게 축소하거나 
변경하는 경우 그에 상응하는 다른 연계·제휴서비스를 제공 
연계·제휴서비스 
제공기간 
▪ 제공기간: 보험 개시일은 적금 신규 다음 날로 하며, 보험개시일로부터 1 년(1 년 단위 
갱신). 단, 보장기간은 적금 계약기간을 초과할 수 없으며, 적금의 중도해지 시에는 보험가입 
서비스 제공 중단 
연계·제휴서비스 
변경·종료에 대한 
사전통지 
▪ 서면, 우편, 전자우편, 전화, 팩스, 휴대전화 문자메시지 또는 이에 준하는 전자적 
의사표시 중 2 개 이상의 방법으로 축소·변경 6 개월 전부터 매월 고지 
※ 단, 금융회사의 휴업ㆍ파산, 경영상의 위기 또는 연계·제휴서비스등을 제공하는 자의 
일방적인 연계·제휴서비스 등 제공 중단 등 6 개월 전부터 고지하기 어려운 불가피한 
사유가 있는 경우에는 해당 상황이 발생하는 즉시 고지 
연계·제휴서비스 
제공조건 
▪ 보험가입대상: 신규 시 보험가입 및 개인(신용)정보의 제3자 제공에 동의한 고객 
▪ 기타 유의사항 
- 플랜A는 전기적/기계적 원인에 의한 단말기 고장만을 보상하며, 물리적 충격에 의한 
파손 및 침수 화재 등으로 인한 고장은 제외됩니다. 
-「KB내맘대로적금」을 여러 계좌 가입하면서 동일한 플랜을 선택한 경우, 동일 사고에 
대해 중복 보상하지 않습니다. 
- 명의변경으로 인한 예금주 변경 시 보험가입서비스가 제공되지 않습니다.  
- 보험담보위험, 보험금지급 등 위 보험가입서비스 제공과 관련된 사항은 해당 
보험약관에서 정하는 바에 따르며, 가입자 본인의 보험 관련 상담은 보험가입 다음달 
11일 이후 ㈜케이비손해보험 고객상담센터에서 문의 가능합니다.  
㈜케이비손해보험 고객상담센터 일반 및 보상문의: 플랜A(휴대폰) ☎02)6390-0855 /  
플랜 B, C, D(피싱, 교통, 여행) ☎02)6900-3463,3570",ok,
products/savings/KB내맘대로적금특약20240119개정.pdf,KB내맘대로적금특약20240119개정.pdf,products/savings,4,"「KB내맘대로적금」특약 
제 1 조  적용범위 
① “KB내맘대로적금(이하 ‘이 적금’이라 합니다)” 거래는 이 특약을 적용하며, 이 특약에서 정하
지 않은 사항은 예금거래기본약관 및 적립식예금약관을 적용합니다.  
② 이 적금의 거래에 있어서 발생하는 전자금융거래에 관한 사항은 전자금융거래기본약관을 적용
합니다. 
제 2 조  가입대상 
① 이 적금의 가입대상은 만14세 이상의 실명의 개인으로 하며, 공동명의로는 가입이 불가합니다. 
② 자유적립식 예금은 1인 최대 5계좌까지 가입 가능합니다.  
제 3 조  거래방법 
이 적금은 KB스타뱅킹 및 개인인터넷뱅킹을 통해서만 신규 가입이 가능합니다.  
제 4 조  예금과목 및 계약기간   
① 이 적금의 예금과목은 정기적금으로 하며, 계약기간은 6개월 이상 36개월 이하로 합니다. 
② 자유적립식 예금은 일 단위 또는 월 단위로 신규 가능하며, 정액적립식 예금은 월 단위로만 
신규 가능합니다.  
제 5 조  저축금액 및 저축방법 
① 자유적립식 예금은 매월(해당월의 초일부터 말일까지) 1만원 이상 3백만원 이하 금액을 자유롭
게 저축할 수 있습니다.  
② 정액적립식 예금은 신규 시 약정한 월 1만원 이상의 저축금액을 매월 약정한 날짜에 동일하게 
저축하여야 합니다.  
제 6 조  이율의 적용 
① 이 적금의 만기이율은 기본이율과 우대이율을 합하여 계약기간 동안 적용합니다. 
② 기본이율은 신규가입일 당시 영업점 및 KB국민은행 홈페이지에 게시한 계약기간별 이율을 적
용하며, 우대이율은 제7조에서 정하는 조건을 충족하는 경우 적용합니다. 
제 7 조  우대이율 
①  이 적금은 신규 시 다음의 9가지 우대이율 항목 중 6가지를 자유롭게 선택하고, 아래  
우대이율 적용조건을 충족하는 경우 신규가입일 당시 영업점 및 KB국민은행 홈페이지에 
게시한 우대이율을 적용합니다. 모든 우대이율은 만기 해지하는 경우에만 적용합니다. 
구분 우대이율 적용조건 
1 급여이체 이 적금의 신규일이 포함된 달부터 3개월이 경과한 달까지 50만
원 이상 급여이체 실적주1)이 발생한 월수가 1개월 이상인 경우  
2 카드결제계좌 이 적금의 신규일로부터 3개월이 속한 달의 말일 기준으로 KB국
민카드 결제계좌가 KB국민은행 입출금이자유로운예금인 경우 

3 자동이체 
저축 
이 적금의 계약기간에 해당하는 개월 수 이상 회차를 납입한 계
좌 중 총 납입 회차의 2/3 이상을 자동이체 등 창구 이외의 채널
을 이용하여 입금한 경우 
4 아파트관리비 
이체 
이 적금의 신규일이 포함된 달부터 3개월이 경과한 달까지 KB국
민은행 입출금이자유로운예금을 통한 아파트관리비 자동이체 실
적주2)이 있는 경우  
5 KB스타뱅킹 
이체 
이 적금의 신규일로부터 3개월이 속한 달까지 KB스타뱅킹을 통
한 이체 거래주3) 실적이 있는 경우 
6 장기거래 이 적금의 신규 시에 예금주의 KB국민은행 거래기간이 5년 이상
인 경우 
7 첫 거래 이 적금의 신규 시에 예∙적금(청약 관련상품 제외) 상품을 보유하
지 않은 경우 
8 주택청약 
종합저축 
이 적금의 신규일로부터 3개월이 속한 달의 말일을 기준으로 주
택청약종합저축을 보유한 경우  
9 소중한 날 이 적금의 신규 시에 본인에게 의미 있는 날을 입력하고, 해당일
이 적금 계약기간 이내인 경우 
주1) KB국민은행과 급여이체 또는 대량이체 계약에 따른 급여성 선일자, 탑라인, 기업인터넷
뱅킹 등에 의한 급여이체 (단, 급여이체 인정금액은 건별 20만원 이상인 경우에 한함) 
주2) KB국민은행과 계약된 아파트관리비 자동이체 신청분에 한하며, 실제 출금이 발생한 날이 
속한 달의 실적으로 산정(이체일이 비영업일인 이유로 차기월에 출금되는 경우라도 실제 
출금일이 속한 달의 실적으로 산정) 
주3) KB국민은행 입출금이자유로운예금에서 출금하여 KB국민은행 입출금이자유로운예금/적립
식예금 또는 다른 은행 계좌로 이체한 경우만 해당 
② 이 적금의 신규 시 금리우대쿠폰을 적용한 경우 쿠폰 우대금리를 기본이율에 가산합니다.  
가. 금리우대쿠폰 우대금리는 신규 당시 적용한 쿠폰의 우대금리를 따르며, 세부 사항은  
금리우대쿠폰에서 확인 가능합니다. 
나. 금리우대쿠폰은 신규 시에만 사용 가능하며 중도해지시에는 적용되지 않습니다. 
 
제 8 조  보험가입서비스  
이 적금 가입자는 다음과 같이 은행에서 정한 방법에 따라 보험가입서비스를 받을 수 있습니다.  
① 보험가입대상: 신규 시 보험가입 및 개인(신용)정보의 제3자 제공에 동의한 고객 
② 보험내용: 다음의 4가지 플랜 중 신규 시 선택한 1가지 제공 
구분 담보위험 보장금액 보상내용 
플랜A 
[휴대폰] 
휴대폰수리비용 
보상보험 
최대 30만원 
(1인당/사고당) 
피보험자 명의의 단말기 고장(전기적/기계적 
원인에 한하며, 액정 파손 등 제외)으로 발생
하는 수리비용(자기부담금 3만원 제외) 
플랜B 
[피싱] 
보이스피싱 최대 1천만원 피보험자가 전화금융사기로 금전상의 피해를 
입은 경우 피해액의 70% 해당액 
메신저피싱 최대 1천만원 피보험자가 메신저금융사기로 금전상의 피해
를 입은 경우 피해액의 70% 해당액 
플랜C 교통상해사망 최대 3천만원 교통사고로 인한 상해로 사망 또는 후유장해 

[교통] 후유장해 가 발생한 경우 
뺑소니 및 무보험차  
상해사망후유장해 최대 2천만원 뺑소니사고 또는 무보험자동차에 의한 사고로 
발생한 상해로 사망 또는 후유장해가 발생한 경우 
플랜D 
[여행] 
휴일상해사망 
후유장해 최대 3천만원 
토요일과 법정공휴일(일요일 포함) 또는 근로
자의 날에 발생한 상해로 사망 또는 후유장해 
가 발생한 경우 
해외여행 중 
상해사망후유장해 최대 1억원 해외여행(최대 90일) 도중 발생한 상해로 사
망 또는 후유장해가 발생한 경우 
해외여행중 
특별비용 최대 1천만원 
해외여행(최대 90일) 도중 발생한 항공기/선
박의 행방불명/조난, 긴급수색구조, 상해 또는 
질병으로 인한 사망 또는 14일 이상 입원 시 
발생 비용(수색구조비용, 이송비용, 제잡비 등) 
③ 보장기간: 보험 개시일은 적금 신규 다음 날로 하며, 보험개시일로부터 1년(1년 단위 갱신). 
단, 보장기간은 적금 계약기간을 초과할 수 없으며, 적금의 중도해지 시에는 보험가
입 서비스 제공 중단 
④ 유의사항 
- 이 적금을 여러 계좌 가입하면서 동일한 플랜을 선택한 경우, 동일 사고에 대해 중복 보상하
지 않습니다.  
- 명의변경으로 인한 예금주 변경 시 보험가입서비스가 제공되지 않습니다.  
- 보험담보위험, 보험금지급 등 위 보험가입서비스 제공과 관련된 사항은 해당 보험약관에서 
정하는 바에 따르며, 가입자 본인의 보험 관련 상담은 보험가입 다음달 11일 이후 ㈜케이비
손해보험 고객상담센터(일반 및 보상문의 ☎02)6900-3463,3460)에서 문의 가능합니다. 
 
부 칙 
이 약관은 2015.11.11부터 시행합니다. 
부 칙 
이 약관은 2017.02.16부터 시행합니다. 
부 칙 
이 약관은 2020.10.12부터 시행하며 신규가입고객에 한하여 적용됩니다. 
부 칙 
이 약관은 2022.03.08부터 시행합니다. 
부 칙 
이 약관은 2022.11.11부터 시행하며 신규가입고객에 한하여 적용됩니다. 

부 칙 
이 약관은 2024.1.19부터 시행하며 신규가입 계좌에 한하여 적용됩니다. 
 
본 특약은 법령 및 내부통제기준에 따른 절차를 거쳐서 제공됩니다.",ok,
products/savings/KB달리자적금특약(260428).pdf,KB달리자적금특약(260428).pdf,products/savings,4,"「KB 달리자적금」 특약 
 
제 1 조 적용범위 
① 「KB달리자적금」(이하 ‘이 적금’이라 합니다)의 거래에는 이 특약을 적용하며, 이 특약에서 정하지 
않은 사항에는 「예금거래기본약관」 및 「적립식예금약관」을 적용합니다. 
② 이 적금의 거래에서 발생하는 전자금융거래에 관한 사항은 「전자금융거래기본약관」을 적용합니다.  
   ③ KB국민은행 ‘계좌간자동이체’를 신청하여 이 적금에 저축하는 경우 「계좌간자동이체 약관」을 적용 
합니다.(단, 다른 금융회사를 통해 자동이체하는 경우 해당 금융회사가 정한 내용에 따릅니다.) 
 
제 2 조 가입대상 
이 적금의 가입대상은 만 14세 이상 실명의 개인으로 한 사람이 한 개의 계좌만 보유할 수 있으며 
개인사업자, 임의단체 및 공동명의로는 가입할 수 없습니다. 
 
제 3 조 예금과목 및 상품유형 
이 적금의 예금과목은 정기적금이며, 상품유형은 자유적립식 예금입니다. 
 
제 4 조 계약기간 
이 적금의 계약기간은 6개월입니다. 
 
제 5 조 판매한도 
   이 적금은 판매한도를 정하여 판매하며 KB국민은행 홈페이지, KB스타뱅킹, 지점에서 판매한도 
 확인이 가능하고, 정해진 한도가 소진되면 별도의 안내 없이 판매를 종료합니다. 
 
제 6 조 저축방법 및 저축한도 
매월 첫 날부터 마지막 날까지 1만원 이상 30만원 이하(원 단위) 금액을 만기일 전날까지 자유롭게 
저축할 수 있습니다. 
 
제 7 조 이율 적용 
① 기본이율은 가입일 당시 지점 및 KB 국민은행 홈페이지에 게시한 이율을 적용하며, 우대이율은 
제 8 조에서 정한 제공 조건을 충족한 경우 적용합니다.  
② 만기이율은 기본이율과 우대이율을 합하여 가입일부터 만기일 전날까지 적용하며, 입금금액별로  
입금일부터 만기일 전날까지의 기간에 대하여 계산한 이자를 합산하여 지급합니다. 
③ 만기일 전에 지급을 청구하는 경우 입금금액별로 입금일부터 지급일 전날까지 기간에 대하여  
가입일 당시 지점 및 KB국민은행 홈페이지에 게시한 중도해지이율로 계산한 이자를 합산하여  
지급합니다. 

④ 만기일 이후에 지급을 청구하는 경우 만기일부터 지급일 전날까지의 기간에 대하여 가입일 당시  
지점 및 KB국민은행 홈페이지에 게시한 만기후이율로 계산한 이자를 제7조 제②항의 만기이율로  
계산한 이자에 더하여 지급합니다. 
⑤ 가입 시 금리우대쿠폰을 적용한 경우 만기해지 시 적용되는 최종이율에 쿠폰의 우대이율을 더하여  
계산하며 자세한 내용은 해당 금리우대쿠폰에서 확인 가능합니다. 
 
제 8 조 우대이율 
① 만기해지 계좌가 다음의 우대이율 제공 조건을 충족한 경우 가입일 당시 지점 및 KB국민은행  
홈페이지에 게시한 우대이율을 적용합니다. 
② 모든 우대이율은 제공조건을 달성한 만기해지 계좌에 계약기간 동안 적용하며, 중도해지 계좌에는 
적용하지 않습니다. 
주) 이달 가입일부터 다음달 가입일 전날까지이며, 가입일에 해당하는 날짜가 없는 경우 해당월 마지막 
날짜를 가입일로 적용 
 
제 9 조 거래방법 
① 가입은 KB 스타뱅킹에서 할 수 있습니다. 
② 해지는 KB 스타뱅킹, 인터넷뱅킹, 지점 및 고객센터를 통해 할 수 있습니다. 고객센터에서 해지할 때는  
미성년자 명의 적금은 해지할 수 없습니다. 
구분 제공 조건 
모임통장 
우대이율 
(연 2.0%p) 
적금 만기 전전월 말일 기준 예금주가 KB 모임통장 서비스에 가입(총무)되어 있고, 
해당 모임서비스에 참여한 모임원이 총무 포함 3 명 이상인 경우 
달리자 
우대이율 
(최고 
연 4.2%p) 
❶, ❷ 모두 충족 시 [금리확인] 화면에서 매월주) 최종 확인된 우대이율을 합산하여 적용 
 
 
 
 
 
 
 
 
 
 
※ [금리확인] 화면에서 대상 월별 기간동안 최종 확인된 달린 거리를 기준으로 
적용되며, 기간 내 미확인시 기간 종료 후 우대이율 소급 적용 불가 
※ 고객별 달리자 우대이율 산정 기간은 KB 달리자적금 [금리확인] 화면에서 확인 가능 
❶ 본인명의 KB 국민은행 입출금통장에서 KB 달리자적금으로 자동이체 등록 
❷ KB 스타뱅킹 「달리자」서비스의 달린 거리를 기준으로 매월주) 달린 거리(km) 
구간에 따른 우대이율을 적용 
 
 
 
 
 
 
① 10km 코스 우대이율(연 0.3%p) 
∙ 월 기준 누적거리 10km 이상~21km 미만 달성 시 제공 
② 하프코스 우대이율(연 0.5%p) 
∙ 월 기준 누적거리 21km 이상~42km 미만 달성 시 제공 
③ 풀코스 우대이율(연 0.7%p) 
∙ 월 기준 누적거리 42km 이상 달성 시 제공 
 

③ KB 스타뱅킹에서 가입한 계좌는 별도 신청 없이 만기일에 자동 해지되어 가입 당시 출금계좌로  
입금됩니다.(단, 계좌에 법적지급제한 등 해지 제한 사유가 있으면 자동 해지되지 않습니다.) 
 
제 10 조 연계∙제휴서비스  
① 제공 내용 
  - 이 적금 가입고객은 KB라이프생명의 「KB 지켜주는 대중교통안심보험 무배당」(이하 ‘이 보험’이라 
 합니다)을 무료로 가입할 수 있습니다. 
* 보험보장내용 (보험기간 1년, 보험가입금액 5,000만원 기준) 
 
 
 
 
 
 
 
   ② 이행책임 
     - KB국민은행은 연계·제휴서비스를 부당하게 축소하거나 변경하지 않으며, 불가피하게 축소하거나 
       변경하는 경우 그에 상응하는 다른 연계·제휴서비스를 제공합니다. 
   ③ 제공기간 
     - 본 연계·제휴서비스의 제공기간은 2026년 4월 28일로부터 2026년 10월 16일까지로 합니다. 
   ④ 연계·제휴서비스 변경 내용 사전 통지 
     - 연계·제휴서비스의 변경·종료 시 서면, 우편, 전자우편, 전화, 팩스, 휴대전화 문자메시지 또는 
이에 준하는 전자적 의사표시 중 2개 이상의 방법으로 축소·변경 6개월 전부터 매월 안내합니다. 
 단, 그에 상응하는 다른 연계·제휴서비스를 제공하거나 KB국민은행의 휴업·파산·경영상의 위기 
또는 연계·제휴서비스 등을 제공하는 자의 일방적인 제공 중단 등 6개월 전부터 안내하기 어려운 
불가피한 사유가 있는 경우는 해당 상황이 발생하는 즉시 고지합니다. 
   ⑤ 연계·제휴서비스 제공 요건 
     - 이 적금을 가입하고 활동계좌를 보유한 고객 중 이 보험의 가입대상 조건을 충족하며, 적금 
       [가입완료] 또는 [금리확인] 화면의 “적금 제휴 혜택 받기”를 통해 보험에 직접 가입한 경우 
 제공합니다. 
⑥ 보장내용 및 보험금 지급 조건은 이 보험의 보험약관에서 정하는 바에 따릅니다. 
 
 
 
 
급부명 지급사유 지급금액 
대중교통재해 
사망보험금 
피보험자가 보험기간 중 “대중교통 이용 중 교통사고”로 
인하여 사망하였을 때 5,000만원 
대중교통재해 
장해급여금 
피보험자가 보험기간 중 “대중교통 이용 중 교통사고”로 
인하여 장해분류표에서 정한 각 장해지급률 중 3% 이상 
100% 이하에 해당하는 장해상태가 되었을 때 
1,500만원 
x 해당 장해지급률 

제 11 조 기타 
① 이 적금은 만기 전 일부 금액만 해지할 수 없습니다. 
② 이 적금은 만기앞당김 지급이 불가합니다. 
 
부 칙 
이 약관은 2026 년 04 월 28 일부터 시행합니다. 
 
본 특약은 법령 및 내부통제기준에 따른 절차를 거쳐서 제공됩니다.",ok,
products/savings/KB두근두근여행적금특약260526.pdf,KB두근두근여행적금특약260526.pdf,products/savings,5,"「KB 두근두근여행적금」 특약 
 
제 1조 적용범위 
① KB 두근두근여행적금(이하 ‘이 적금’이라 합니다) 거래는 이 특약을 적용하며, 이 특약에서 정하지 
않은 사항은 예금거래기본약관 및 적립식예금약관을 적용합니다. 
② 이 적금의 거래에 있어서 발생하는 전자금융거래에 관한 사항은 전자금융거래기본약관을 적용합니다. 
 
제 2조 가입대상 
이 적금의 가입대상은 실명의 개인으로 1인 1계좌에 한하여 가입 가능하며, 개인사업자, 임의단체 및 
공동명의로는 가입이 불가합니다.  
 
제 3조 예금과목 및 계약기간 
이 적금의 예금과목은 정기적금으로 하며, 계약기간은 6개월로 합니다.  
 
제 4조 저축방법 및 저축한도  
이 적금은 정액적립을 원칙으로 하며, 신규 시 약정한 월 5만원 이상 100만원 이하 만원 단위의 
저축금액을 매월 약정한 날짜에 동일하게 저축하여야 합니다. 
 
제 5조 이율의 적용  
① 이 적금의 만기이율은 기본이율과 우대이율을 합하여 계약기간 동안 적용합니다. 
② 이 적금의 이율은 신규가입일 당시 지점 및 KB 국민은행 홈페이지에 게시한 이율을 적용하며, 
우대이율은 제6조에서 정하는 조건을 충족하는 경우 적용합니다. 
 
제 6조 우대이율 
이 적금의 우대이율은 최고 연 1.0%p 이며, 다음 각 호에 해당하는 우대이율 적용조건을 충족한 경우 
신규가입일 당시 지점 및 KB 국민은행 홈페이지에 게시한 조건별 우대이율을 적용합니다. 모든 
우대이율은 만기해지하는 계좌에 대하여 계약기간 동안 적용합니다. 
구분 적용조건 
여행친구 
우대이율 
(최고 연 0.6%p) 
적금 가입 시 생성되는 친구인증번호를 다른 사람에게 제공하고, 만기해지 
전까지 다른 사람이 내 계좌의 친구인증번호를 입력해 적금을 가입한 경우 
친구인증번호 제공 계좌 연 0.6%p, 입력 계좌 연 0.4%p 우대이율 적용  
※ 여행친구 우대이율은 신규가입일 당시 게시한 최고이율을 한도로 적용 
※ 여러 명의 사람들이 내 계좌의 친구인증번호를 입력해 적금을 가입한 경우에도 
 친구인증번호 제공 계좌 우대이율은 1 회에 한하여 적용(최고 연 0.6%p) 
※ 내 계좌가 친구인증번호 입력 계좌와 제공 계좌 둘 다 해당하는 경우에도 
최고 연 0.6%p 적용 

오픈뱅킹 
우대이율 
(연 0.3%p) 
적금 신규월의 다음달 말일 기준 아래 2 가지 조건을 모두 충족한 경우 
ㅇ [은행] 개인(신용)정보 수집·이용(상품서비스 안내 등 및 오픈뱅킹 활용 
 상품서비스 안내 등) 동의 
ㅇ KB 오픈뱅킹 다른금융(은행/증권) 계좌 등록 
자동이체저축 
우대이율 
(연 0.1%p) 
만기해지 전까지 KB 국민은행 입출금통장에서 이 적금으로 자동이체를 통해 
3 회차 이상 납입한 경우 
 
제 7조 연계·제휴서비스 
①  이 적금 가입자에게는 다음과 같이 적금 납입 회차에 따라 노랑풍선 최대 3.5만원 & 4% 할인 
쿠폰번호가 제공됩니다. 쿠폰별로 사용가능 대상 여행상품이 정해져 있으며, 사용을 위한 최소 
구매금액 조건 등이 있습니다. 
구분 내용 
내용 및 
제공요건 
주요내용 
• 적금 가입(1 회차 납입) 시 노랑풍선 패키지여행 1 만원 할인 쿠폰번호 제공 
패키지여행 1 만원 할인쿠폰 
패키지여행 상품(국내여행, 해외패키지, 에어텔 등) 구매 시 사용 가능 
※ 20 만원 이상 구매 시 사용 가능 
※ 본 적금에서 제공한 쿠폰 또는 노랑풍선의 다른 쿠폰 1 장과 중복사용 가능 
• 적금 4 회차 납입 시 노랑풍선 4 종 할인쿠폰팩(총 4% & 2.5 만원)* 쿠폰번호 제공 
(* 패키지여행 4%, 자유여행 호텔 1 만원, 자유여행 항공 5 천원 할인쿠폰 각 1 장 및    
자유여행 렌터카 5 천원 할인쿠폰 2 장으로 구성) 
패키지여행 4% 할인쿠폰 
패키지여행 상품(국내여행, 해외패키지, 에어텔 등) 구매 시 사용 가능 
※ 최소 구매금액 및 최대 할인금액 제한 없이 사용 가능 
※ 본 적금에서 제공한 패키지여행 1 만원 할인쿠폰에 한하여 중복사용 가능 
자유여행 호텔 1 만원 할인쿠폰 
자유여행 호텔 상품 구매 시 사용 가능(국내/해외) 
※ 건당 15 만원 이상 구매 시 사용 가능 
※ 본 적금에서 제공한 다른 자유여행 할인쿠폰에 한하여 중복사용 가능 
자유여행 항공 5 천원 할인쿠폰 
자유여행 항공 상품 구매 시 사용 가능(국내선을 제외한 전 항공사/노선) 
※ 건당 20 만원 이상 구매 시 사용 가능 
※ 본 적금에서 제공한 다른 자유여행 할인쿠폰에 한하여 중복사용 가능 

자유여행 렌터카 5 천원 할인쿠폰(2 매) 
자유여행 렌터카 상품 구매 시 사용 가능(국내/해외) 
※ 건당 10 만원 이상 구매 시 사용 가능 
※ 본 적금에서 제공한 다른 자유여행 할인쿠폰에 한하여 중복사용 가능 
제공요건 및 제공일 
• 패키지여행 1 만원 할인 쿠폰번호 
제공요건 제공일 
적금을 가입(1 회차 납입)한 경우 적금 가입 즉시 
• 4 종 할인쿠폰팩 쿠폰번호 
제공요건 제공일 
적금 가입 월로부터 4 개월이 경과한 월의 말일에 납입 
횟수를 확인하여 4 회차 이상 납입한 경우 
적금 가입 월로부터 
5 개월이 경과한 월의 1 일 
※ 선납, 납입 지연 등으로 매월 연속하여 납입하지 않은 경우에도 제공 
쿠폰번호 등록기간: 쿠폰번호 제공일로부터 1 개월 
쿠폰 사용기간: 쿠폰번호 등록일로부터 2 년 
확인사항 
• 쿠폰번호는 쿠폰번호 제공일에 계좌를 유지한 경우에 한하여 제공됩니다. 
• 쿠폰번호는 KB 스타뱅킹의 노랑풍선 혜택보기 페이지에서 확인할 수 있습니다. 
• 쿠폰 사용 방법 
❶ KB 스타뱅킹의 노랑풍선 혜택보기 페이지에서 쿠폰번호 복사하기 
❷ 쿠폰번호 등록하러 가기 선택 
❸ 노랑풍선 쿠폰번호등록 페이지에서 쿠폰번호 등록 (회원가입/로그인 필수) 
❹ 노랑풍선 여행상품 결제 시 쿠폰 사용 
• 쿠폰은 정해진 기간 동안만 등록 및 사용이 가능합니다. 쿠폰별 등록기간 및 
사용기간을 반드시 확인해 주세요. 
• 본 적금에서 제공한 쿠폰들간 중복사용이 가능합니다. 다만 적금 해지 후 재가입 등의 
사유로 동일한 쿠폰을 여러 장 보유하게 된 경우 동일 쿠폰간 중복사용은 불가합니다. 
※ 예외적으로 패키지여행 1 만원 할인쿠폰에 한하여 동일한 쿠폰(패키지여행 1 만원 
할인쿠폰) 1 장과 중복사용 가능 
• 본 적금에서 제공한 쿠폰과 노랑풍선의 다른 쿠폰은 중복사용이 불가합니다. 
   ※ 예외적으로 패키지여행 1 만원 할인쿠폰(1 장)에 한하여 노랑풍선의 다른 할인쿠폰 
      (1 장)과 중복사용 가능 
• 한 번 사용한 쿠폰은 결제 취소 시 재발급 되지 않으며, 자동 소멸됩니다. 
 

• 본 쿠폰은 다른 사람에게 양도할 수 없으며, 노랑풍선에서 상황에 따라 고객님의 
KB 두근두근여행적금 가입 여부를 확인할 수 있습니다. 
• 쿠폰 등록 및 사용 관련 문의 : 노랑풍선 고객센터 ※ 전화번호 상품설명서 참조 
② 제공기간 
본 연계·제휴서비스는 ㈜노랑풍선과 KB 국민은행 양사의 계약기간 동안 가입한 계좌에 제공합니다. 
③ 이행책임 
    KB 국민은행은 연계·제휴서비스등을 부당하게 축소하거나 변경하지 않으며, 불가피하게 축소하거나  
변경하는 경우 그에 상응하는 다른 연계·제휴서비스를 제공합니다. 
  ④ 변경·종료에 대한 사전통지 
서면, 우편, 전자우편, 전화, 팩스, 휴대전화 문자메시지 또는 이에 준하는 전자적 의사표시 중 
2 개 이상의 방법으로 축소·변경 6 개월 전부터 매월 고지합니다. 
※ 단, 금융회사의 휴업·파산·경영상의 위기 또는 연계·제휴서비스등을 제공하는 자의 일방적인 
제공 중단 등 6 개월 전부터 고지하기 어려운 불가피한 경우에는 해당 상황이 발생하는 즉시 
고지  
 
제 8조 거래방법 
① 이 적금은 KB스타뱅킹을 통해 가입이 가능합니다. 
② 이 적금은 KB스타뱅킹, 인터넷뱅킹, 지점 및 고객센터를 통해 해지할 수 있습니다.  
※ 고객센터 해지 시 만기해지만 가능하며, 미성년자 명의 적금은 해지할 수 없음 
③ KB스타뱅킹을 통해 가입한 계좌는 별도의 신청 없이 만기일에 자동해지되며 가입 당시 출금계좌로  
 만기해지 지급금이 입금됩니다.(단, 만기 자동해지 대상 계좌에 법적 지급제한 등 해지 제한 사유가  
등록되어 있는 경우 자동해지되지 않습니다.) 
 
제 9조 기타 
① 이 적금은 만기 전 일부 금액만 해지할 수 없습니다. 
② 이 적금은 만기앞당김 지급이 불가합니다. 
 
 
부 칙 
이 약관은 2021.07.15 부터 시행합니다. 
 
부 칙 
이 약관은 2021.09.25 부터 시행합니다. 
 
부 칙 
이 약관은 2022.05.27 부터 시행합니다. 

 
부 칙 
이 약관은 2022.11.04 부터 시행합니다. 
 
부 칙 
이 약관은 2024.07.15 부터 시행합니다. 
 
부 칙 
이 약관은 2026.05.26 부터 시행하며 기존 및 신규가입고객 모두 적용됩니다. 
 
 
 
 
 
 
 
 
 
 
 
 
 
 
 
 
 
 
본 특약은 법령 및 내부통제기준에 따른 절차를 거쳐서 제공됩니다.",ok,
products/savings/KB맑은하늘적금특약.pdf,KB맑은하늘적금특약.pdf,products/savings,3,"「KB 맑은하늘적금」 특약 
 
제 1 조  적용범위 
① “KB맑은하늘적금(이하 ‘이 적금’이라 합니다)” 거래는 이 특약을 적용하며, 이 특약에서 정하지 않은  
사항은 예금거래기본약관 및 적립식예금약관을 적용합니다.  
② 이 적금의 거래에 있어서 발생하는 전자금융거래에 관한 사항은 전자금융거래기본약관을 적용합니다. 
 
제 2 조  가입대상 
이 적금의 가입대상은 실명의 개인으로 1인 최대 3계좌까지 가입 가능하며, 공동명의로는 가입이 불가합니다.  
 
제 3 조  예금과목 및 계약기간 
이 적금의 예금과목은 정기적금으로 하며, 계약기간은 1년, 2년, 3년으로 합니다.  
 
제 4 조  저축방법 및 저축한도  
이 적금은 매월(해당월의 초일부터 말일까지) 1만원 이상 100만원 이하 원 단위 금액을 만기 전일까지 
자유롭게 저축할 수 있습니다.  
 
제 5 조  이율의 적용  
① 이 적금의 만기이율은 기본이율과 우대이율을 합하여 계약기간 동안 적용합니다. 
② 이 적금의 이율은 신규가입일 당시 영업점 및 KB국민은행 홈페이지에 게시한 이율을 적용하며, 
우대이율은 제6조에서 정하는 조건을 충족하는 경우 적용합니다. 
 
제 6 조  우대이율 
① 이 적금은 맑은하늘을 지키기 위한 아래 미션별 제공조건을 달성하는 경우 신규가입일 당시 영업점 및  
KB 국민은행 홈페이지에 게시한 각 미션별 우대이율을 적용 합니다. 우대이율 미션은 계좌별로 달성해야  
하며, 모든 우대이율은 만기해지하는 계좌에 대하여 계약기간 동안 적용합니다. 
※ 대중교통 미션 우대이율의 경우 신규 가입 할 때 ‘상품별 선택 개인(신용)정보 수집·이용·제공’에 
동의하는 경우에 한하여 제공되며, 신규 가입 이후 동의 여부 변경이 불가 합니다. 
구분 제공조건(계좌별) 
[1] 종이통장 
줄이기 미션 
만기해지 할 때까지 이 적금을 종이통장으로 발행한 이력이 없는 경우 
[2] 종이서식    
줄이기 미션 
영업점의 디지털창구 및 KB 태블릿브랜치, 비대면채널(인터넷뱅킹/ KB 스타뱅킹/ 
스마트상담부)을 통해 이 적금을 가입한 경우 
[3] 대중교통      
미션 
이 적금의 신규일이 포함된 월의 1 일부터 만기일이 포함된 월을 기준으로 전전월 
말일까지, 본인 명의 KB 국민(신용/체크)카드(KB 국민비씨카드 제외) 대중교통 이용실적 1)  
발생월수가 계약기간의 1/2 이상인 경우 각 계약기간별 차등 제공 
[4] 퀴즈 미션 
만기해지 할 때까지 이 적금 전용화면을 통해 미세먼지 관련 퀴즈(총 3 문항)를 모두 
맞춘 경우   ※ 전용화면 안내는 상품설명서 참조 

 
(주1) 본인명의 KB국민(신용/체크)카드 대중교통 이용실적 인정기준 
    -  KB국민비씨카드 대중교통 이용실적 제외 
-  대중교통은 이용매체가 ‘버스’ 및 ‘지하철’인 경우에 한하여 인정 
※ 이용매체가 택시, 고속/시외버스, 기차(고속/일반열차) 등인 경우 제외 
    -  이용실적은 해당 교통 이용건이 KB국민카드사에서 매입(매출반영)된 경우로 ‘이용일’ 기준으로 발생월 인정 
     -  이용실적 산정 시 예금주의 가족카드, 기업카드 및 선불카드 매입금액은 제외 
 
② 이 적금의 신규 시 금리우대쿠폰을 적용한 경우 쿠폰 우대금리를 기본이율에 가산합니다.  
가. 금리우대쿠폰 우대금리는 신규 당시 적용한 쿠폰의 우대금리를 따르며, 세부 사항은 금리우대쿠폰에서 확인 
가능합니다. 
나. 금리우대쿠폰은 신규 시에만 사용 가능하며 중도해지 시에는 적용되지 않습니다. 
 
제 7 조 무료 보험가입서비스 
이 적금 가입자는 다음과 같이 은행에서 정한 방법에 따라 무료 보험가입서비스를 받을 수 있습니다. 
① 보험 가입 대상 : 신규 시 보험가입 및 개인(신용)정보의 제 3 자 제공에 동의한 고객 
② 보험 서비스 내용 : ‘대중교통상해 및 자전거상해’ 관련 ㈜KB 손해보험 단체보험 
③ 보장 기간 : 보험 개시일은 이 적금 신규 다음 날로 하며, 보험개시일로부터 1 년(1 년 단위 갱신)으로 
합니다. 단, 보장기간은 적금 계약기간을 초과할 수 없으며, 적금의 중도해지 시에는 보험가입 
서비스 제공이 중단됩니다.  
④ 유의사항  
가. 보험담보위험, 보험금지급 등 위 보험서비스제공과 관련된 사항은 해당 보험약관에서 정하는 바에 
따릅니다. 
나. 보험서비스는 은행 및 보험사의 사정에 따라 종료되거나 변경될 수 있습니다. 보험서비스가 종료되더라도 
보장기간까지 보험서비스는 제공되며, 보험서비스가 변경되는 경우 변경된 보험서비스 내용은 보험 갱신 
시점부터 적용됩니다. 
담보위험 보장금액 보상내용 
대중교통상해 사망/후유장해 
(미세먼지 오염경보일) 
최대 2 억원 
미세먼지 오염경보가 발생한날*에 승객으로서 대중교통 이용 
중 교통사고로 인한 상해로 사망 또는 후유장해가 발생한 경우 
* 미세먼지 오염경보가 발생한날 
대기환경보전법 관련 법령에 따라 미세먼지(PM-10 또는 
PM-2.5) 오염경보가 발령된 날의 00 시부터 해제일의 
24 시까지 해당일 
대중교통상해 사망/후유장해 
(미세먼지 오염경보일 外) 
최대 1 억원 
대중교통 이용 중 교통사고로 인한 상해로 사망 또는 
후유장해가 발생한 경우 
자전거상해 입원위로금 300,000 원 
자전거사고로 인한 상해의 직접적인 결과로 6 일이상 계속  
입원하여 치료를 받은 경우 

다. 명의변경으로 인한 예금주 변경 시 보험가입서비스가 제공되지 않습니다. 
라. 이 적금을 여러 계좌 가입하는 경우에도 동일 청구 건에 대해 중복 보상 불가합니다. 
마. 가입자 본인의 보험 관련 상담은 보험가입 다음달 11 일 이후 ㈜KB 손해보험 고객상담센터에서 문의 
가능합니다. ☎ (02)6900-3463, 3570 
 
제 8 조  기타 
① 이 적금은 만기앞당김 지급이 불가합니다. 
② 이 적금은 만기 전 일부 금액만 해지 불가합니다. 
③ 만기 자동해지를 신청하는 경우 지정계좌로 입금이 가능합니다. 
 
부 칙 
이 약관은 2019.03.28 부터 시행합니다. 
 
부 칙 
이 약관은 2020.10.12 부터 시행하고, 신규가입고객에 한하여 적용됩니다. 
 
부 칙 
이 약관은 2020.11.30 부터 시행하고, 신규가입고객에 한하여 적용됩니다. 
 
부 칙  
이 약관은 2022.03.08 부터 시행합니다. 
 
부 칙  
이 약관은 2022.11.04 부터 시행합니다.",ok,
products/savings/KB미소드림적금_250901.pdf,KB미소드림적금_250901.pdf,products/savings,5,"「KB 미소드림적금」 상품설명서 
 
 
 
 
 
1  상품명 및 특징 
▪ 상 품 명:  KB미소드림적금 
▪ 상품특징:  미소금융대출 및 채무조정 성실상환자의 재기지원 자금 마련 및 자산형성을 돕는 자유적립식 예금 
 
2  거래 조건 
 
구 분 내 용 
가입대상 
▪ 미소금융대출 및 채무조정 성실상환자로 자산형성상품 참여 추천을 받은 실명의 개인 
※ 가입 시 제출서류: 서민금융진흥원 발행의 ‘자산형성상품 참여 추천서’ 
(서민금융진흥원 발송 ‘미소드림적금 추천서 발급안내’ 문자메시지의 추천서 정보로 서류제출 대체 가능) 
가입제한 ▪ 1 인 1 계좌로 1 회에 한하여 가입 가능(해지 후 재가입 불가) 
상품유형 ▪ 자유적립식 예금 
거래방법 
▪ 신규: 영업점  
▪ 해지: 영업점 
계약기간 ▪ 1년제, 2년제, 3년제, 4년제, 5년제 
가입금액 
및 저축방법  
▪ 회차별 1만원이상 원단위로, 매월(월 초일부터 말일까지) 20만원 이내  
※ 월 입금 가능 횟수 제한 없음 
이자지급시기 ▪ 만기일시지급식: 만기(후) 또는 중도해지 요청 시 이자를 지급 
기본이율  
(세금공제 전, 
2025.01.20 
기준) 
▪ 신규가입일 당시 영업점에 고시된 계약기간별 이율 적용 
계약기간 1년 2년 3년 4년 5년 
이 율 연3.6% 연3.8% 연4.0% 연4.0% 연4.0% 
 
우대이율  
(세금공제 전, 
2025.01.20 
기준) 
▪ 연 1.0%p 
※ 신규가입일 당시 영업점 및 KB 국민은행 홈페이지에 게시한 우대이율 적용 
※ 우대이율은 만기해지 시 계약기간 동안 적용 
KB국민은행                                   준법감시인 심의필 제2025-0153-3호(2025.01.20) 
(유효기간: 2025.01.20 ~ 2027.01.10) 
 
 
◈ 이 설명서는 금융소비자의 권익 보호 및 예금상품에 대한 이해 증진을 위하여 「금융소비자 보호에 관한 법률」 및 
관련 규정에 의거, 은행의 내부 통제절차를 거쳐 예금상품의 주요 내용을 쉽게 이해할 수 있도록 작성한 자료입니다. 
◈ 설명내용을 제대로 이해하지 못하였음에도 불구하고 설명을 이해했다는 서명을 하거나 녹취기록을 남기시는 경우, 
추후 해당 내용과 관련한 권리구제가 어려울 수 있습니다. 
◈ 인터넷뱅킹 등 비대면채널을 통해 가입하거나 통장 미발행 요청 시에는 통장 또는 증서가 교부되지 않습니다. 
만기이자 
계산방법 
(산출근거) 
▪ 입금금액마다 입금일부터 만기일 전일까지의 기간에 대하여 약정이율로 계산한 이자를 합계 
(원미만 절사) 
 
[입금건별 이자계산 산식] 입금금액 X 약정이율 X 일수(입금일~만기일 전일)/365 
 
 
 
 
 
 
 
 
 
중도해지이율 
(세금공제 전, 
2025.01.20 
기준) 
▪ 신규가입일 당시 영업점에 고시한 예치기간별 중도해지이율 적용 
                                                          (단위: 연 %) 
예치기간 이율 
1개월미만 0.1 
1개월이상 ~ 3개월미만 기본이율 X 50% X 경과월수/계약월수 (단, 최저금리는 0.1) 
3개월이상 ~ 6개월미만 기본이율 X 50% X 경과월수/계약월수 (단, 최저금리는 0.1) 
6개월이상 ~ 8개월미만 기본이율 X 60% X 경과월수/계약월수 (단, 최저금리는 0.2) 
8개월이상 ~ 10개월미만 기본이율 X 70% X 경과월수/계약월수 (단, 최저금리는 0.2) 
10개월이상 ~ 11개월미만 기본이율 X 80% X 경과월수/계약월수 (단, 최저금리는 0.2) 
11개월이상 기본이율 X 90% X 경과월수/계약월수 (단, 최저금리는 0.2) 
1. 기본이율: 신규가입일 당시 영업점에 고시한 계약기간별 이율(우대이율 제외) 
2. 경과월수: 입금일 다음날로부터 해지월 입금해당일까지를 월수로 하고, 1개월 미만은 절상  
3. 계약월수: 신규일 다음날로부터 만기월 신규해당일까지를 월수로 하고, 1개월미만은 절상 
※ 단, 계약기간이 월단위인 경우 계약월수를 그대로 사용하며, 경과월수는 계약월수를 초과할 수 없음 
4. 이율은 소수점 둘째 자리까지 표시(소수점 셋째 자리에서 절사) 
중도해지이자 
계산방법 
(산출근거) 
▪ 입금금액마다 입금일부터 중도해지일 전일까지의 기간에 대하여 예치기간별 중도해지이율로 
계산한 이자를 합계(원미만 절사) 
[입금건별 중도해지이율 계산 산식] 기본이율 X 예치기간별 적용률(50~90%) X 경과월수/계약월수 
 
기본이율x90%x 
경과월수/계약월수
(최저 0.2)
기본이율x80%x 
경과월수/계약월수
(최저 0.2)
기본이율x70%x 
경과월수/계약월수
(최저 0.2)
기본이율x60%x 
경과월수/계약월수
(최저 0.2)
기본이율x 50% x
경과월수/계약월수
(최저 0.1)
기본이율x 50% x
경과월수/계약월수
(최저 0.1)0.1
[예치기간] 1개월 3개월 6개월 8개월 10 개월 11 개월 

만기후이율 
(세금공제 전, 
2025.01.20  
기준) 
▪ 신규가입일 당시 영업점에 고시한 경과기간별 만기후이율 적용 
                                                          (단위: 연 %) 
경과기간 이율 
만기후 1개월이내 기본이율 X 50% 
만기후 1개월초과 ~ 3개월이내 기본이율 X 30% 
만기후 3개월초과 0.1 
1. 기본이율: 신규가입일 당시 영업점에 고시한 계약기간별 이율(우대이율 제외) 
2. 이율은 소수점 둘째 자리까지 표시(소수점 셋째 자리에서 절사) 
세제혜택 
▪ 비과세종합저축으로 가입 가능 
※ 관련세법이 개정될 경우 세율이 변경되거나 세금이 부과될 수 있음 
※ 계약기간 만료일 이후의 이자는 과세됨 
계약해지방법 ▪ 영업점  
재예치 ▪ 불가 
일부인출 ▪ 불가 
만기앞당김 지급 ▪ 불가 
질권설정 ▪ 가능 
양도 및  
담보제공 
▪ 양도 불가 
▪ 예금담보대출은 계좌잔액의 95%까지 가능 
원금 및 
이자지급 제한 
▪ 계좌에 압류주1), 가압류주2), 질권주3) 등이 등록될 경우 원금 및 이자 지급이 제한될 수 있음. 
※ 민사집행법에 따라 최저생계비 이하 등 압류금지채권에 해당하는 경우에는 
법원에 압류금지채권 범위 변경 신청 등을 통해 압류를 취소할 수 있습니다. 
 
 주 1) 압류: 채무자의 특정한 재산에 대하여 처분(매매, 양도 등)을 금지하게 하는 법원의 조치로서,  
채권자가 채무자의 해당 재산을 금전화하여 채무 변제에 충당하려는 목적으로 이용됩니다. 
 주 2) 가압류: 법원이 채권자를 위하여 나중에 강제 집행을 할 목적으로 채무자의 재산을 임시로 
확보하는 행위입니다. 
 주 3) 질권설정: 채무자가 변제기일에 채무를 이행하지 않는 경우 설정자(담보물 소유자)가 제공한 
담보물에 대하여 채권자가 직접 청구하여 우선적으로 변제받을 수 있는 권리를 설정하는 
것으로써 일반적으로 담보물이 동산 또는 권리(예·적금, 채권 등)인 경우에 활용됩니다. 
▪ 예금잔액증명서 발급 당일에는 입금·출금·이체 등 잔액 변동 불가. 
자동이체 
▪ KB 국민은행 계좌뿐만 아니라 다른 금융회사 계좌에서도 가능하나, 자동이체 신청은 
해당 금융회사에서 신청하여야 합니다. 
휴면예금  
및 출연 
▪ 예금 만기일 또는 이자지급을 포함한 최종거래일 이후 5 년 이내 계좌를 해지하지 않을 경우  
예금거래기본약관 제 9 조의 2 휴면예금 및 출연에 따라 휴면예금은 “서민금융진흥원 
(국번없이 1397)”에 출연주)될 수 있으며, 이 경우 서민금융진흥원을 통해 휴면예금을 
찾으실 수 있습니다. 
▪ 휴면예금은 휴면예금통합조회서비스(www.sleepmoney.or.kr)를 통해 조회 가능합니다. 
 
주) 출연: 어떤 사람이나 단체가 자기의 의사에 따라 돈을 내거나 의무를 부담함으로써 재산상의  
손실을 입고 남의 재산을 증가시키는 일을 말합니다. 일반적으로 기부행위를 일컫는 말로  
사용되나 법률적으로는 비영리재단법인에 재산을 무상으로 내는 행위를 뜻합니다. 
 
※ 계좌통합관리서비스 이용 시 사용하지 않는 소액계좌를 잔고 이전/해지 할 수 있으며, 
 휴면계좌통합조회서비스 이용 시 휴면계좌 현황을 파악할 수 있습니다. 
예금자 
보호여부 
해 당 
 
이 예금은 예금자보호법에 따라 원금과 소정의 이자를 합하여 1 인당 
“1 억원까지”(본 은행의 여타 보호상품과 합산) 보호됩니다. 
위법계약해지권 
▪ 금융소비자는 은행이 금융소비자보호법 판매원칙주 1)을 위반하여 해당 금융상품에 관한 
계약을 체결한 경우에는 법 위반사실을 안 날로부터 1 년이내(해당 기간은 계약체결일로부터 
5 년 이내의 범위)에 해지요구서주 2) 와 위반사항을 증명하는 서류를 은행에 제출하여 해당 
계약의 해지를 요구할 수 있습니다. 만약, 금융소비자의 요구가 정당한 것으로 판단될 경우 
수수료, 위약금 등 계약의 해지와 관련된 비용 부담 없이 해당 계약을 해지할 수 있습니다. 
주1) 금융소비자보호법 판매원칙: 부적합한 금융상품을 권유한 경우(제17조 제3항), 적정하지 않은 금 융 상 품 에 대해 부
적정하다는 사실을 알리지 않은 경우(제18조 제2항), 금융상품에 대해 거짓 또는 왜곡하여 설명하거나 중 요 한 사항에 
대한 설명을 누락한 경우(제19조 제1,3항), 불공정영업행위의 금지(제20조 제1항), 부당권유행위의 금지(제21조) 
주2) 해지요구서: 금융상품의 명칭, 법 위반사실을 포함하여 계약의 해지를 요구하기 위하여 작성한 문서 
자료열람요구권 
▪ 금융소비자는 분쟁조정 또는 소송의 수행 등 권리구제를 위한 목적으로 은행이 기록 및  
유지·관리하는 다음의 자료에 대한 열람(사본 및 청취 포함)을 요구할 수 있습니다. 
- 계약체결에 관한 자료, 계약의 이행에 관한 자료, 금융상품 등에 관한 광고 자료, 
금융소비자의 권리행사에 관한 자료, 내부통제기준의 제정 및 운영 등에 관한 자료,  
업무 위탁에 관한 자료 
▪ 은행은 법령, 제 3 자의 이익 침해, 영업비밀의 침해 등의 사유가 있는 경우 이를 
금융소비자에게 알리고 자료 열람을 제한하거나 거절할 수 있습니다. 
이용제한 사항 
▪ 이 적금은 가입 대상이 제한되어 있으며 신규 시점에 서민금융진흥원이 발급한   
‘자산형성상품 참여 추천서’ 정보를 제출하여야 가입이 가능합니다. 
▪ 서민금융진흥원의 이자 지원을 받기 위해서는 가입 후 서민금융진흥원 모바일앱에서 신청 
또는 서민금융진흥원에 방문하여 약정하셔야 합니다. 
▪ 서민금융진흥원에서 지원하는 이자는 적금 해지 후 서민금융진흥원 모바일앱에서 신청 또는 
서민금융진흥원에 방문하여 신청하셔야 합니다. (서민금융콜센터: ☎1397) 
▪ 이 적금은 공동명의로 가입할 수 없으며, 양도 불가합니다. 
 
3  유의 사항 
▪ 이 설명서는 「금융소비자 보호에 관한 법률」제19조제1항, 동 법 시행령 제14조제1항, 제3항에 따라 
금융상품에 관한 중요한 사항을 이해하기 쉽도록 설명하기 위해 설명을 하기 전에 제공되는 자료로써, 
상담일 이후 가입금액, 계약기간 등 변경에 의하여 일부 내용이 달라질 수 있습니다. 
▪ 본 설명서는 법령 및 내부통제기준에 따른 절차를 거쳐서 제공됩니다. 
 
 
 

 
이 상품은 KB 국민은행 수신상품부(P)에서 개발 및 관리하는 상품입니다. 
본 상품에 대한 문의사항 또는 민원 상담이 필요하시면 영업점, 고객센터(1588-9999) 또는 인터넷 홈페이지 
(www.kbstar.com), 금융감독원 민원상담센터(국번없이 1332) 또는 e-금융민원센터(www.fcsc.kr)를 통해 
문의주시기 바랍니다. 영업점 등을 통해 은행에 접수된 민원은 특별한 사정이 없는 한 14 영업일 이내에 
처리함을 원칙으로 하되, 기한 연장시 이에 대해 안내드리도록 하겠습니다. 또한 요청이 있는 경우 
민원처리진행상황을 안내받으실 수 있습니다. 
또한 금융소비자는 본 상품에 대하여 당 은행과 분쟁이 있는 경우에는 금융소비자보호법 제 36 조 제 1 항에 따라  
금융감독원에 분쟁조정을 신청할 수 있습니다.",ok,
products/savings/KB미소드림적금특약20230331.pdf,KB미소드림적금특약20230331.pdf,products/savings,2,"「KB미소드림적금」특약  
제 1 조  적용범위 
“KB미소드림적금(이하 ‘이 적금’이라 합니다)” 거래는 이 특약을 적용하며, 이 특약에서 정하지 
않은 사항은 예금거래기본약관 및 적립식예금약관을 적용합니다.  
제 2 조  가입대상 
① 이 적금의 가입대상은 미소금융대출 및 채무조정 성실상환자로 자산형성상품 참여 추천을 
받은 실명의 개인으로, 1인 1계좌를 1회에 한하여 가입할 수 있습니다. (해지 후 재가입 불가) 
② 가입대상자는 가입시점에 서민금융진흥원에서 제공하는 가입자격 증빙서류를 제출하여야 
합니다. 
제 3 조  예금과목 및 계약기간   
이 적금의 예금과목은 정기적금으로 하며, 계약기간은 1년, 2년, 3년, 4년, 5년으로 합니다. 
제 4 조  저축방법 및 저축한도  
이 적금의 저축금은 초회 1만원 이상, 2회차 이후 1만원 이상 원단위로 매월(해당월의 초일부터 
말일까지) 20만원 이내에서 자유롭게 저축 가능합니다.  
제 5 조  이율의 적용 
 이 적금의 이율은 저축금마다 입금일부터 만기일 전날까지의 기간에 대해 신규가입일 당시 
영업점에 고시한 계약기간별 이율을 적용합니다. 
 
제 6조 우대이율   
   이 적금을 만기해지 하는 경우 신규가입일 당시 영업점 및 KB 국민은행 홈페이지에 게시한 
우대이율을 적용합니다. 단, 우대금리는 계약기간 동안 적용됩니다.  
제 7 조  중도 해지 및 만기 후 이자 지급 방법  
① 이 적금을 만기일 이전에 지급 청구 할 때에는 저축금마다 입금일부터 지급일 전날까지의   
기간에 대해 신규가입일 당시 영업점에 고시한 중도해지이율로 셈한 이자를 원금에 더하여  
지급합니다. 
② 이 적금을 만기일 이후에 지급 청구 할 때에는 만기일로부터 지급일 전날까지의 기간에 대해 
신규가입일 당시 영업점에 고시한 만기 후 이율로 셈한 이자를 만기 지급액에 더하여 지급합니다. 
제 8 조  약관변경   
본 특약의 내용은 은행의 사정에 의해 변경될 수 있습니다. 은행이 본 특약의 내용을 변경하고자 
할 때에는 변경시행일 1 개월 전에 그 내용을 은행 영업점 및 홈페이지에 1 개월 동안 
게시·안내합니다. 다만 특약 변경 내용이 거래처에 불리한 경우에는 변경 약관 시행일 1 개월 
이전에 예금거래기본약관 제 21 조 제 2 항 각 호의 방법으로 거래처에 알립니다. 
제 9 조  기타 
이 적금은 양도할 수 없습니다. 다만, 상속에 의한 명의변경은 가능합니다. 

부   칙 
이 약관은 2015. 9. 30일부터 시행합니다. 
부   칙 
이 약관은 2017. 2. 27일부터 시행합니다. 
부   칙 
이 약관은 2023. 3. 31일부터 시행하며 신규가입고객에 한하여 적용됩니다.  
 
 본 특약은 법령 및 내부통제기준에 따른 절차를 거쳐서 제공됩니다.",ok,
products/savings/KB상호부금특약.pdf,KB상호부금특약.pdf,products/savings,1,"「KB 상호부금」 특약 
 
 
제 1 조  적용범위 
KB상호부금(이하 '부금'이라 합니다)거래는 이 특약을 적용하며 이 특약에서 정하지 않은 
사항은 예금거래기본약관 및 적립식예금약관을 적용합니다. 
제 2 조  가입대상 
이 부금의 가입대상에는 제한이 없습니다. 
제3조  계약기간 
이 부금의 계약기간은 정액적립식은 6 개월 이상 72 개월 이내 월단위,  
자유적립식은 12 개월 이상 72 개월 이내 월단위로 합니다. 
제4조  저축방법 
이 부금의 정액적립식은 1만원 이상 만기일 전일까지 저축할 수 있으며, 자유적립식은 
회차별 1만원 이상 월5백만원 이내에서 만기일 1개월 전까지 저축할 수 있습니다.  
제 5 조  관련대출 
① 거래처는 은행에서 정한 소정의 입금횟수를 지연 없이 입금했을 때, 또는 은행이 
특별히 인정하는 경우에는 그 전이라도 은행이 정한 방법과 절차에 따라 대출을 받을 수 
있습니다. 
② 대출금액은 계약금액에서 상호부금 해지액을 뺀 금액이내로 합니다. 다만, 계약금액을 
정하지 않은 자유적립식 부금일 때는 은행이 별도로 정한 방법에 따릅니다. 
③ 제2항에 따라 상호부금을 해지할때는 적립식예금 
약관 제6조 제2항에 따라 처리합니다. 
 
부     칙 
구 국민은행의 일반상호부금 및 구 주택은행의 파워알찬상호부금은 2002.9.23부터 이 
특약을 적용합니다. 
 
 
 
 
본 특약은 법령 및 내부통제기준에 따른 절차를 거쳐서 제공됩니다.",ok,
products/savings/KB스타적금3상품_2604.pdf,KB스타적금3상품_2604.pdf,products/savings,5,"「KB 스타적금Ⅲ」 상품설명서 
 
1  상품명 및 특징 
• 상품명 : KB 스타적금Ⅲ 
• 상품 특징 : 최근 1 년 동안 KB 국민은행 상품을 보유하지 않은 신규 또는 장기미거래 고객에게 
우대이율을 제공하는 적립식 상품  
 
 
2  거래 조건 
 
구분 내용 
가입대상 ▪ 만 19 세 이상 실명의 개인 (1 인 1 계좌) 
※ 개인사업자, 임의단체 및 공동명의 가입불가(서류 미제출 임의단체 가입 불가) 
상품유형 ▪ 자유적립식 예금 
가입금액  
및 저축방법 
▪ 월 1 만원 이상 30 만원 이하 (원단위) 
※ 매월(해당월의 초일부터 말일까지) 자유롭게 저축 (만기일 전일까지 저축 가능) 
계약기간 ▪ 12 개월 
판매한도 ▪ 60 만좌(한도 소진 시 판매 종료) 
가입채널 ▪ KB 스타뱅킹 
이자지급시기 ▪ 만기일시지급식 : 만기(후)해지 또는 중도해지 시 이자를 일시에 지급 
기본이율 
(세금공제 전,  
2026.04.13기준) 
▪ 연 2.0%  
※ 가입일 당시 영업점 및 KB국민은행 홈페이지에 게시한 기본이율을 적용 
◈ 이 설명서는 금융소비자의 권익 보호 및 예금상품에 대한 이해 증진을 위하여 「금융소비자 보호에 관한 법률」 및 
 관련 규정에 의거, 은행의 내부통제 절차를 거쳐 예금상품의 주요 내용을 쉽게 이해할 수 있도록 작성한 자료입니다. 
◈ 설명 내용을 제대로 이해하지 못하였음에도 불구하고 설명을 이해했다는 서명을 하거나 녹취 기록을 남기시는 
 경우, 추후 해당 내용과 관련한 권리구제가 어려울 수 있습니다. 
◈ 인터넷뱅킹 등 비대면채널을 통해 가입하거나 통장 미발행 요청 시에는 통장 또는 증서가 교부되지 않습니다. 
    준법감시인 심의필 제2026-1395-2호(심의일: 2026.04.01) 
(유효기간: 2026.04.13 ~ 2027.03.31) 
우대이율 
(세금공제 전, 
2026.04.13기준) 
▪ 연 3.0%p 
※ 가입일 당시 영업점 및 KB 국민은행 홈페이지에 게시한 우대이율 적용 
※ 제공조건을 충족하는 계좌에 가입일부터 해지일 전날까지 적용 
※ 예치기간이 1 개월 미만인 중도해지계좌는 우대이율 미적용 
제공조건 
- 적금 신규 전일 기준 최근 1 년주 1)동안 KB 국민은행 상품주 2) 을 보유하지 
않았거나 “입출금이 자유로운 예금”만 보유한 고객인 경우 
주1) 1년 전 신규해당일(없는 날짜인 경우 1년 전 해당월의 말일) ~ 신규 전일 
         (예시1) 적금 신규일이 2025.04.01인 경우,  
최근 1년 대상기간은 “2024.04.01(1년 전 신규해당일) ~ 2025.03.31(신규 전일)” 
(예시2) 적금 신규일이 2028.02.29인 경우,  
최근 1년 대상기간은 “2027.02.28(1년 전 해당월의 말일) ~ 2028.02.28(신규 전일)” 
* 2027.02월은 29일(1년 전 신규해당일)이 없는 달이므로 28일(1년 전 해당월의 말일)로 
  적용 
   주2) 거치식/적립식 예금(외화예금 제외), 청약, 펀드, 신탁(퇴직연금 제외), 방카슈랑스, 대출 
 
 
 
▪ 금리우대쿠폰 : 가입 시 금리우대쿠폰을 적용한 경우 쿠폰의 우대금리를 최종이율에 더함 
- 금리우대쿠폰은 신규 시에만 사용 가능하며 중도해지 시 미적용 
- 금리우대쿠폰의 적용방법 및 유의사항은 금리우대쿠폰에서 확인 가능하며 자세한  
내용은 KB 금융쿠폰 서비스에 따름 
최종이율 
(세금공제 전, 
2026.04.13기준) 
▪ 최저 연 2.0% ~ 최고 연 5.0% 
※ 최고이율은 가입일 당시 영업점 및 KB국민은행 홈페이지에 게시한 우대이율을 모두 포함한 이율임 
만기이자 
계산방법 
(산출근거) 
▪ 입금금액 X 약정이율 X 일수(입금일~만기일 전일)/365 
※ 입금금액마다 입금일부터 만기일 전일까지의 기간에 대하여 약정이율로 계산한 이자를 합계 
(원미만 절사) 
    ※ 예상 수취이자액 안내 
 ㅇ 월 30 만원씩 12 개월 납입시 세전 97,500원 (최고금리 적용시, 세부사항 변동가능) 
 ㅇ 월 30 만원씩 12 개월 납입시 세전 39,000원 (기본금리 적용시, 세부사항 변동가능) 
 
【우대이율 유의사항】 
∙ 대상기간 중 취소계좌는 보유이력에 미포함되며, 철회계좌는 보유이력에 포함됩니다. 
∙ 명의변경계좌는 해당 계좌의 신규일부터 보유한 것으로 반영됩니다.  
만기후이율 
(세금공제 전, 
2026.04.13기준) 
▪ 가입일 당시 영업점 및 KB 국민은행 홈페이지에 게시한 경과기간별 만기후이율 적용                                                          
경과기간 이율 (단위 : 연 %) 
만기후 1개월 이내 기본이율 X 50% 
만기후 1개월 초과 3개월 이내 기본이율 X 30% 
만기후 3개월 초과 0.1 
※ 이율은 소수점 둘째 자리까지 표시(소수점 셋째 자리에서 절사) 
중도해지이율 
(세금공제 전, 
2026.04.13기준) 
▪ 가입일 당시 영업점 및 KB 국민은행 홈페이지에 게시한 중도해지이율 적용 
예치기간 이율 (단위 : 연 %) 
1 개월 미만 0.1 
1 개월 이상 가입일 당시 「기본이율 및 확정된 우대이율」 
(예시1) 가입일이 2025.03.25인 경우, 예치기간 1개월 미만 기간 : 2025.03.25 ~ 2025.04.24 
(예시2) 가입일이 2025.03.31인 경우, 예치기간 1개월 미만 기간 : 2025.03.31 ~ 2025.04.29 
중도해지이자 
계산방법 
▪ 입금금액마다 입금일부터 중도해지일 전일까지의 기간에 대하여 예치기간별 중도해지이율*로 
계산한 이자를 합계(원 미만 절사) 
* [중도해지이율 예시] 우대이율(연 3.0%p) 대상 고객이 예치기간 3 개월 시점에 해지하는 경우 
→ 가입일 당시 「기본이율(연 2.0%) + 확정된 우대이율(연 3.0%p)」 
 
 
 
 
예금자보호 
여부 
해 당 
 
이 예금은 예금자보호법에 따라 원금과 소정의 이자를 합하여 1인당 
“1억원까지”(본 은행의 여타 보호상품과 합산) 보호됩니다. 
세제혜택 
▪ 비과세종합저축으로 가입 가능 
※ 관련 세법이 개정될 경우 세율이 변경되거나 세금이 부과될 수 있음 
※ 계약기간 만료일 이후의 이자는 과세대상 
재예치 ▪ 불가능 
일부인출 ▪ 불가능 
만기앞당김 
지급 ▪ 불가능  
질권설정 ▪ 가능 
양도  
및 담보제공 
▪ 양도: 가능 
▪ 담보제공: 가능  
※ 계좌 잔액의 95%까지 예금담보대출 가능 

계약해지방법 
▪ KB스타뱅킹, 인터넷뱅킹, 영업점 및 고객센터를 통해 해지 
※ 고객센터 해지 시 만기해지만 가능하며, 미성년자 명의 적금은 해지할 수 없음 
▪ 비대면으로 신규한 계좌는 만기자동해지의 신청 없이 만기일에 자동해지되어 
근거계좌(국민은행 출금계좌)로 입금됨(단, 예적금에 압류 등 해지 제한 사유가 있는 
경우 제외) 
원금 및 
이자지급 제한 
▪ 계좌에 압류주1), 가압류주2), 질권주3) 등이 등록될 경우 원금 및 이자 지급이 제한될 
수 있음 
※ 민사집행법에 따라 최저생계비 이하 등 압류금지채권에 해당하는 경우에는 법원에 
압류금지채권 범위 변경 신청 등을 통해 압류를 취소할 수 있습니다. 
주1) 압류: 채무자의 특정한 재산에 대하여 처분(매매, 양도 등)을 금지하게 하는 법원의 조치 
로서, 채권자가 채무자의 해당 재산을 금전화하여 채무 변제에 충당하려는 목적으로 이용 
됩니다. 
주2) 가압류: 법원이 채권자를 위하여 나중에 강제 집행을 할 목적으로 채무자의 재산을 임시로 
 확보하는 행위입니다. 
주3) 질권설정: 채무자가 변제기일에 채무를 이행하지 않는 경우 설정자(담보물 소유자)가  
제공한 담보물에 대하여 채권자가 직접 청구하여 우선적으로 변제받을 수 있는 권리를  
설정하는 것으로써 일반적으로 담보물이 동산 또는 권리(예·적금, 채권 등)인 경우에  
활용됩니다. 
▪ 예금잔액증명서 발급 당일에는 입금·출금·이체 등 잔액 변동 불가 
자동이체 
▪ 자동이체는 다른 금융회사 계좌에서도 가능하며 이 경우 해당 금융회사에서 신청해야  
합니다. 
▪ 자동이체 금액은 1만원 이상 30만원 이하로 신청 및 이체 가능합니다. 
▪ [KB국민은행 계좌간자동이체] 
- 만기일 전영업일까지 자동이체가 가능하며, 그 이후에는 이체되지 않습니다. 
- 이체일이 영업일이 아닌 경우 그 다음 영업일에 이체하고, 이체일이 달력에 없으면 
해당월의 마지막 날 이체합니다. 
휴면예금 및 
출연 
▪ 예금 만기일 또는 이자지급을 포함한 최종거래일 이후 5년 이내 계좌를 해지하지 않
을 경우 예금거래기본약관 제9조의2 휴면예금 및 출연에 따라 휴면예금은 “서민금
융진흥원(국번없이 1397)”에 출연주)될 수 있으며, 이 경우 서민금융진흥원을 통해 
휴면예금을 찾으실 수 있습니다. 
주) 출연: 어떤 사람이나 단체가 자기의 의사에 따라 돈을 내거나 의무를 부담함으로써 재산상의 
    손실을 입고 남의 재산을 증가시키는 일을 말합니다. 일반적으로 기부행위를 일컫는 말로 
    사용되나 법률적으로는 비영리재단법인에 재산을 무상으로 내는 행위를 뜻합니다. 
▪ 휴면예금은 휴면예금통합조회서비스(www.sleepmoney.or.kr)를 통해 조회 가능합니다. 
▪ 계좌통합관리서비스 이용 시 사용하지 않는 소액계좌를 잔고 이전/해지 할 수 있으며, 
휴면계좌통합조회서비스 이용 시 휴면계좌 현황을 파악할 수 있습니다. 
자료열람요구권 
▪ 금융소비자는 분쟁조정 또는 소송의 수행 등 권리구제를 위한 목적으로 은행이 기록 및 
유지·관리하는 다음의 자료에 대한 열람(사본 및 청취 포함)을 요구할 수 있습니다. 
- 계약체결에 관한 자료, 계약의 이행에 관한 자료, 금융상품 등에 관한 광고 자료, 금융소 
비자의 권리행사에 관한 자료, 내부통제기준의 제정 및 운영 등에 관한 자료, 업무 위탁에 
관한 자료 
▪ 은행은 법령, 제 3 자의 이익 침해, 영업비밀의 침해 등의 사유가 있는 경우 이를 
금융소비자에게 알리고 자료 열람을 제한하거나 거절할 수 있습니다. 
위법계약해지권 
▪ 금융소비자는 은행이 금융소비자보호법 판매원칙주1)을 위반하여 해당 금융상품에 관
한 계약을 체결한 경우에는 법 위반사실을 안 날로부터1년이내 (해당기간은 계약체
결일로부터 5년 이내의 범위)에 해지요구서주2) 와 위반사항을 증명하는 서류를 은행
에 제출하여 해당 계약의 해지를 요구할 수 있습니다. 만약, 금융 소비자의 요구가 
정당한 것으로 판단될 경우 수수료, 위약금 등 계약의 해지와 관련된 비용 부담 없
이 해당 계약을 해지할 수 있습니다. 
주1) 금 융 소 비 자 보 호 법 판 매 원 칙: 부 적 합 한 금 융 상 품 을 권유한 경우(제17조 제3항), 적 정 하 지 않은 금 융 상 품 에 
       대해 부 적 정 하 다 는 사 실 을 알리지 않은 경우(제18조 제2항), 금 융 상 품 에 대해 거짓 또는 왜 곡 하 여 
설 명 하 거 나 중 요 한 사 항 에 대한 설명을 누 락 한 경우(제19조 제1,3항), 불 공 정 영 업 행 위 의 금지(제20조 
제1항), 부 당 권 유 행 위 의 금지(제21조) 
주2) 해 지 요 구 서: 금 융 상 품 의 명칭, 법 위 반 사 실 을 포 함 하 여 계약의 해지를 요 구 하 기 위 하 여 작 성 한 문서 
 
3  유의 사항 
• 이 설명서는 「금융소비자 보호에 관한 법률」 제19조제1항, 동 법 시행령 제14조제1항, 제3항에 
따라 금융상품에 관한 중요한 사항을 이해하기 쉽도록 설명하기 위해 설명을 하기 전에 제공되는 
자료로써, 상담일 이후 가입금액, 계약기간 등 변경에 의하여 일부 내용이 달라질 수 있습니다. 
• 이 적금은 판매 한도 소진 시 별도 안내 없이 판매 종료됩니다. 
• 예치기간 1개월 미만 해지 시 계약에서 정한 이율보다 낮은 중도해지이율이 적용됩니다. 
• 이 설명서는 법령 및 내부통제기준에 따른 절차를 거쳐서 제공됩니다. 
이 상품은 KB국민은행 수신상품부(P)에서 개발 및 관리하는 상품입니다. 
본 상품에 대한 문의사항 또는 민원 상담이 필요하시면 영업점, 고객센터(1588-9999) 또는 인터넷 홈페이지 
(www.kbstar.com), 금융감독원 민원상담센터(국번없이 1332) 또는 e-금융민원센터(www.fcsc.kr)를 통해 
문의주시기 바랍니다. 영업점 등을 통해 은행에 접수된 민원은 특별한 사정이 없는 한 14 영업일 이내에 처리함을 
원칙으로 하되, 기한 연장 시 이에 대해 안내드리도록 하겠습니다. 또한 요청이 있는 경우 민원처리 진행 상황을 
안내받으실 수 있습니다. 또한 금융소비자는 본 상품에 대하여 당 은행과 분쟁이 있는 경우에는 금융소비자보호법 
제 36 조 제 1 항에 따라 금융감독원에 분쟁조정을 신청할 수 있습니다.",ok,
products/savings/KB아이사랑적금_상품설명서.pdf,KB아이사랑적금_상품설명서.pdf,products/savings,6,"「KB 아이사랑적금」 상품설명서 
 
1  상품명 및 특징 
• 상품명: KB 아이사랑적금 
• 상품특징: 아이 키우는 가정을 응원하고 목돈 마련을 지원하는 적금 
 
2  거래 조건 
 
구분 내용 
가입대상 ▪ 만 19 세 이상 실명의 개인(1 인 1 계좌) 
※ 개인사업자, 임의단체 및 공동명의 가입불가(서류 미제출 임의단체 가입 불가) 
상품유형 ▪ 자유적립식 예금 
계약기간 ▪ 12 개월 
판매한도 ▪ 5 만좌(2025.11.26.부터 선착순 판매하며, 한도 소진 시 판매 종료) 
가입금액  
및 저축방법 
▪ 월 1 만원 이상 30 만원 이하(원 단위) 
※ 매월 첫 날부터 마지막 날까지 자유롭게 저축(만기일 전날까지 입금 가능) 
거래방법 
▪ 가입: KB스타뱅킹, 영업점  
▪ 해지: KB스타뱅킹, 인터넷뱅킹, 영업점 및 고객센터 
이자지급시기 ▪ 만기일시지급식: 만기(후)해지 또는 중도해지 시 이자를 한 번에 지급 
기본이율 
(세금공제 전, 
2025.12.05. 기준) 
▪ 연 2.0%  
※ 가입일 당시 영업점 및 KB국민은행 홈페이지에 게시한 기본이율 적용 
◈ 이 설명서는 금융소비자의 권익 보호 및 예금상품에 대한 이해 증진을 위하여 「금융소비자 보호에 관한 법률」 및 
 관련 규정에 의거, 은행의 내부 통제절차를 거쳐 예금상품의 주요 내용을 쉽게 이해할 수 있도록 작성한 자료입니다. 
◈ 설명내용을 제대로 이해하지 못하였음에도 불구하고 설명을 이해했다는 서명을 하거나 녹취기록을 남기시는 경우,  
추후 해당 내용과 관련한 권리구제가 어려울 수 있습니다. 
◈ KB 스타뱅킹을 통해 이 적금에 가입하거나 통장 발행을 요청하지 않는 경우 통장 또는 증서가 교부되지 않습니다. 
준법감시인 심의필 제2025-5001-3호(심의일: 2025.12.08.) 
(유효기간: 2025.12.08. ~ 2027.10.31.) 
 
우대이율 
(세금공제 전, 
2025.12.05. 기준)  
▪ 최고 연 8.0%p 
- 가입일 당시 영업점 및 KB 국민은행 홈페이지에 게시한 조건별 우대이율 적용 
- 제공 조건을 충족하는 만기해지 계좌에 가입일부터 만기일 전날까지 적용 
구분 제공조건 
아이사랑 
우대이율 
(최고  
연 4.0%p) 
▪ 아래 ㉮와 ㉯ 조건 충족 여부에 따라 최고 연 4.0%p 적용 
  ※ 연 4.0%p 이내에서 ㉮,㉯ 중복 적용 가능 
㉮ KB스타클럽에 등록된 가족주1) 중 가입 당시 만 18세 이하 고객 수에  
따라 다르게 적용 
1명 2명 3명 4명 이상 
연 1.0%p 연 2.0%p 연 3.0%p 연 4.0%p 
㉯ 임신확인서 제출 시 연 1.0%p주2)  
 희망가득 
우대이율 
(연 1.0%p) 
▪ 아래 대상자별 증빙자료를 제출한 경우 
우대이율 제공대상 증빙자료 
기초생활수급자 수급자증명서 
등록장애인주3) 장애인증명서, 장애인등록증(복지카드) 
한부모가족지원 
보호대상자 한부모가족증명서 
 
육아응원 
우대이율 
(연 3.0%p) 
▪ 가입일부터 만기일 전날까지 본인의 KB 국민은행 입출금 통장으로  
아동수당주 4)을 6 회 이상 받은 경우 
주 1) 만기해지 시점에 등록되어 있는 가족 기준 
주 2) 임신확인서 제출을 통한 우대이율은 예금주 본인이 임신한 경우에 한하여 한 번만 제공  
 주 3) 예금주의 자녀가 등록장애인인 경우에도 제공대상에 포함 
 주 4) 매월 25 일 입금자명 또는 적요에 '아동, 구청, 군청, 복지, 보육, 가족, 가정, 주민, 여성, 사회, 
어린이행복과'를 포함하여 10 만원 이상 입금된 건 
※ 25 일이 토요일 또는 공휴일(일요일 포함)인 경우 직전 영업일에 입금된 건 포함 
※ 개인 계좌에서 이체된 건 및 '양육, 기초, 노령'을 포함한 입금 건은 아동수당으로 인정하지 않음 
 
 
 
 
 
 
 
 
 
 
 
【우대이율 유의사항】 
∙ 아이사랑 우대이율 적용을 위해 임신확인서를 제출하려면 '[필수] 개인(신용)정보 수집·이용 
 동의서(KB아이사랑적금-아이사랑 우대이율)'에 동의해야 합니다. 
∙ 희망가득 우대이율 적용을 위해 증빙자료를 제출하려면 '[필수] 개인(신용)정보 수집·이용 
 동의서(KB아이사랑적금-희망가득 우대이율)'에 동의해야 합니다. 
∙ 아이사랑 우대이율 적용을 위한 임신확인서 제출과 희망가득 우대이율 적용을 위한 증빙자료  
제출은 영업점을 통해 가입일부터 만기해지 전날까지 각각 한 번씩만 가능합니다. 
∙ 우대이율 적용을 위한 서류 제출 시 발급일부터 3개월 이내인 서류만 유효합니다.  
∙ KB 스타뱅킹에서 가입했거나 '만기 자동해지'를 신청한 계좌는 만기일에 자동 해지되므로 우대 
이율 제공대상인 경우 만기일 전날까지 영업점에 방문하여 우대이율 등록을 신청하시기 바랍니다.  
▪ 금리우대쿠폰: 가입 시 금리우대쿠폰을 적용한 경우 쿠폰의 우대금리를 최종이율에 더함 
- 금리우대쿠폰의 적용방법 및 유의사항은 금리우대쿠폰에서 확인 가능하며 자세한  
내용은 KB 금융쿠폰 서비스에 따름  
- 중도해지 시 쿠폰의 우대금리가 적용되지 않음 
최종이율 
(세금공제 전, 
2025.12.05. 기준)  
▪ 최저 연 2.0%~최고 연 10.0% 
※ 최고이율은 가입일 당시 영업점 및 KB 국민은행 홈페이지에 게시한 우대이율을 모두 포함 
만기이자 
계산방법 
(산출근거) 
[세전] 
▪ 입금금액마다 입금일부터 만기일 전날까지 기간에 대하여 약정이율로 계산한 이자를 
합계(원 미만 버림) 
▪ [입금 건별 만기이자 계산식] 입금금액 X 약정이율 X 일수(입금일~만기일 전날)/365 
 
 
 
 
 
만기후이율 
(세금공제 전, 
2025.12.05. 기준)  
▪ 가입일 당시 영업점 및 KB 국민은행 홈페이지에 게시한 경과기간별 만기후이율 적용                                                          
경과주)기간 이율      (단위: 연 %) 
만기 후 1개월 이내 기본이율 X 50% 
만기 후 1개월 초과 3개월 이내 기본이율 X 30% 
만기 후 3개월 초과 0.1 
주) 경과: (해당 시간을) 완전히 지나간 기간  
※ 기본이율: 가입일 당시 영업점에 고시된 계약기간별 이율(우대이율 제외) 
※ 이율은 소수점 둘째 자리까지 표시(소수점 셋째 자리 이하는 버림) 
중도해지이율 
(세금공제 전, 
2025.12.05. 기준)   
▪ 가입일 당시 영업점 및 KB 국민은행 홈페이지에 게시한 예치기간별 중도해지이율 적용 
예치기간 이율               (단위: 연 %) 
1 개월 미만 0.1 
1 개월 이상~3개월 미만 기본이율 X 50% X 경과월수/계약월수(단, 최저금리는 0.1) 
3 개월 이상~6개월 미만 기본이율 X 50% X 경과월수/계약월수(단, 최저금리는 0.1) 
6 개월 이상~8개월 미만 기본이율 X 60% X 경과월수/계약월수(단, 최저금리는 0.2) 
8 개월 이상~10 개월 미만 기본이율 X 70% X 경과월수/계약월수(단, 최저금리는 0.2) 
10개월 이상~11개월 미만 기본이율 X 80% X 경과월수/계약월수(단, 최저금리는 0.2) 
11 개월 이상 기본이율 X 90% X 경과월수/계약월수(단, 최저금리는 0.2) 
※ 기본이율: 가입일 당시 영업점에 고시된 계약기간별 이율(우대이율 제외) 
※ 경과월수: 입금일 다음날부터 해지월의 입금해당일까지를 월수로 하고, 1개월 미만은 올림 
(단, 경과월수는 계약월수를 초과할 수 없음) 

※ 계약월수: 가입일 다음날부터 만기월의 가입해당일까지를 월수로 하고, 1개월 미만은 올림 
(단, 계약기간이 월 단위인 경우 계약월수를 그대로 사용) 
※ 이율은 소수점 둘째 자리까지 표시(소수점 셋째 자리 이하는 버림) 
중도해지이자 
계산방법 
(산출근거) 
[세전] 
▪ 입금금액마다 입금일부터 중도해지일 전날까지의 기간에 대하여 예치기간별 중도해지 
이율로 계산한 이자를 합산(원 미만 버림) 
▪ [입금 건별 중도해지이자 계산식] 기본이율X 예치기간별 적용률(50~90%) X 경과월수/계약수 
 
예금자보호 
여부 
해 당 
 
이 예금은 예금자보호법에 따라 원금과 소정의 이자를 합하여 1인당 
“1억원까지”(본 은행의 여타 보호상품과 합산) 보호됩니다. 
세제혜택 
▪ 비과세종합저축으로 가입 가능 
※ 관련 세법이 개정될 경우 세율이 변경되거나 세금이 부과될 수 있음 
※ 계약기간 만료일부터의 이자는 과세됨 
재예치 ▪ 불가능 
일부인출 ▪ 불가능 
만기앞당김 
지급 ▪ 불가능  
질권설정 ▪ 가능 
양도  
및 담보제공 
▪ 양도: 가능 
▪ 담보제공: 가능 (※ 납입금액의 95%까지 예금담보대출 가능) 
계약해지방법 
▪ KB스타뱅킹, 인터넷뱅킹, 영업점 및 고객센터에서 해지 가능 
※ 고객센터에서 해지할 때는 만기해지만 가능 
▪ 만기 자동해지 신청 가능  
▪  KB스타뱅킹에서 가입한 계좌는 별도 신청 없이 만기일에 자동 해지되어 가입 당시  
출금계좌로 입금(단, 계좌에 법적지급제한 등 해지 제한 사유가 있으면 자동 해지되지 않음) 
▪ 만기일이 토요일 또는 공휴일(일요일 포함)인 경우 만기일 직전 영업일에 해지하면 
만기일까지 남은 일수에 대한 약정이자를 차감하고 지급 
기본이율x90%x 
경과월수/계약월수
(최저 0.2)
기본이율x80%x 
경과월수/계약월수
(최저 0.2)
기본이율x70%x 
경과월수/계약월수
(최저 0.2)
기본이율x60%x 
경과월수/계약월수
(최저 0.2)
기본이율x 50% x
경과월수/계약월수
(최저 0.1)
기본이율x 50% x
경과월수/계약월수
(최저 0.1)0.1
[예치기간] 1개월 3개월 6개월 8개월 10 개월 11 개월 

원금 및 
이자지급 제한 
▪ 계좌에 압류주1), 가압류주2), 질권주3) 등이 등록될 경우 원금 및 이자 지급이 제한될 수 
있습니다. 
※ 민사집행법에 따라 최저생계비 이하 등 압류금지채권에 해당하는 경우에는 법원에 
 압류금지채권 범위 변경 신청 등을 통해 압류를 취소할 수 있습니다. 
주1) 압류: 채무자의 특정한 재산에 대하여 처분(매매, 양도 등)을 금지하게 하는 법원의 조치로서,  
채권자가 채무자의 해당 재산을 금전화하여 채무 변제에 충당하려는 목적으로 이용됩니다. 
주2) 가압류: 법원이 채권자를 위하여 나중에 강제 집행을 할 목적으로 채무자의 재산을 임시로  
확보하는 행위입니다. 
주3) 질권설정: 채무자가 변제기일에 채무를 이행하지 않는 경우 설정자(담보물 소유자)가 제공한  
담보물에 대하여 채권자가 직접 청구하여 우선적으로 변제받을 수 있는 권리를 설정하는 
것으로서 일반적으로 담보물이 동산 또는 권리(예·적금, 채권 등)인 경우에 활용됩니다. 
▪ 예금잔액증명서 발급 당일에는 입금·출금·이체 등 잔액 변동이 불가합니다. 
자동이체 
▪ 자동이체는 다른 금융회사 계좌에서도 가능하며 이 경우 해당 금융회사에서 신청해야  
합니다. 
▪ 자동이체 금액은 1만원 이상 30만원 이하로 신청 및 이체 가능합니다. 
▪ [KB국민은행 계좌간자동이체] 
- 만기일 전영업일까지 자동이체가 가능하며, 그 이후에는 이체되지 않습니다. 
- 이체일이 영업일이 아닌 경우 그 다음 영업일에 이체하고, 이체일이 달력에 없으면 
해당월의 마지막 날 이체합니다. 
휴면예금 및 
출연 
▪ 예금 만기일 또는 이자 지급을 포함한 최종거래일 이후 5년 이내 계좌를 해지하지 않
을 경우 「예금거래기본약관 제9조의2 휴면예금 및 출연」에 따라 휴면예금은 서민금
융진흥원(국번없이 1397)에 출연주)될 수 있으며, 이 경우 서민금융진흥원을 통해 
휴면예금을 찾으실 수 있습니다. 
주) 출연: 어떤 사람이나 단체가 자기의 의사에 따라 돈을 내거나 의무를 부담함으로써 재산상의  
손실을 입고 남의 재산을 증가시키는 일을 말합니다. 일반적으로 기부 행위를 일컫는 말로 사용 
되나 법률적으로는 비영리재단법인에 재산을 무상으로 내는 행위를 뜻합니다. 
▪ 휴면예금은 휴면예금통합조회서비스(www.sleepmoney.or.kr)에서 조회할 수 있습니다. 
▪ 계좌통합관리서비스 이용 시 사용하지 않는 소액계좌의 잔액을 이전하거나 계좌를 해지 
할 수 있으며, 휴면계좌통합조회서비스 이용 시 휴면계좌 현황을 파악할 수 있습니다. 
자료열람요구권 
▪ 금융소비자는 분쟁조정 또는 소송의 수행 등 권리구제를 위한 목적으로 은행이 기록 및 
유지·관리하는 다음의 자료에 대한 열람(사본 및 청취 포함)을 요구할 수 있습니다. 
- 계약체결에 관한 자료, 계약의 이행에 관한 자료, 금융상품 등에 관한 광고 자료, 금융소비자의  
권리행사에 관한 자료, 내부통제기준의 제정 및 운영 등에 관한 자료, 업무 위탁에 관한 자료 
▪ 은행은 법령, 제 3 자의 이익 침해, 영업비밀의 침해 등의 사유가 있는 경우 이를 
금융소비자에게 알리고 자료 열람을 제한하거나 거절할 수 있습니다. 
위법계약해지권 
▪ 금융소비자는 은행이 금융소비자보호법 판매원칙주1)을 위반하여 해당 금융상품에 관
한 계약을 체결한 경우에는 법 위반사실을 안 날부터 1년이내(해당기간은 계약체결
일부터 5년 이내의 범위)에 해지요구서주2) 와 위반사항을 증명하는 서류를 은행에 
제출하여 해당 계약의 해지를 요구할 수 있습니다. 만약, 금융소비자의 요구가 정당
한 것으로 판단될 경우 수수료, 위약금 등 계약의 해지와 관련된 비용 부담 없이 해
당 계약을 해지할 수 있습니다. 
주1) 금 융 소 비 자 보 호 법 판 매 원 칙: 부 적 합 한 금 융 상 품 을 권 유 한 경우(제17조 제3항), 적 정 하 지 않은 금 융 상 품 에 
대해 부 적 정 하 다 는 사 실 을 알 리 지 않은 경우(제18조 제2항), 금 융 상 품 에 대해 거짓 또는 왜 곡 하 여 
설 명 하 거 나 중요한 사항에 대한 설명을 누 락 한 경우(제19조 제1,3항), 불 공 정 영 업 행 위 의 금지(제20조 
제1항), 부 당 권 유 행 위 의 금지(제21조) 
주2) 해지요구서: 금융상품의 명칭, 법 위반사실을 포함하여 계약의 해지를 요구하기 위하여 작성한 문서 
 
 
3  유의 사항 
• 이 설명서는 「금융소비자 보호에 관한 법률」 제19조제1항, 동 법 시행령 제14조제1항, 제3항에 따라  
금융상품에 관한 중요한 사항을 이해하기 쉽도록 설명하기 위해 설명을 하기 전에 제공되는 자료로서 
상담일 이후 가입금액, 계약기간 등 변경에 의하여 일부 내용이 달라질 수 있습니다. 
• 이 적금은 판매 한도 소진 시 별도 안내 없이 판매 종료됩니다.  
• 만기 전 해지할 경우 계약에서 정한 이율보다 낮은 중도해지이율이 적용됩니다. 
• 이 설명서는 법령 및 내부통제기준에 따른 절차를 거쳐서 제공됩니다. 
 
이 상품은 KB 국민은행 수신상품부(P)에서 개발하고 관리하는 상품입니다. 이 상품에 대한 문의사항 또는 민원 
상담이 필요하시면 KB 국민은행 영업점, 고객센터(1588-9999) 또는 인터넷 홈페이지(www.kbstar.com)와  
금융감독원 민원상담센터(국번없이 1332) 또는 e-금융민원센터(www.fcsc.kr)를 통해 문의하시기 바랍니다.  
영업점 등을 통해 은행에 접수된 민원은 특별한 사정이 없는 한 14 영업일 이내 처리함을 원칙으로 하되, 기한 
연장 시 이에 대해 안내드리겠습니다. 또한 요청이 있는 경우 민원처리 진행 상황을 안내받으실 수 있습니다. 
금융소비자는 이 상품에 대하여 KB 국민은행과 분쟁이 있는 경우 금융소비자보호법 제 36 조 제 1 항에 따라 
금융감독원에 분쟁조정을 신청할 수 있습니다.",ok,
products/savings/KB아이사랑적금특약.pdf,KB아이사랑적금특약.pdf,products/savings,3,"「KB 아이사랑적금」 특약 
 
 
제 1 조 적용범위 
① 「KB아이사랑적금」(이하 ‘이 적금’)의 거래에는 이 특약을 적용하며, 이 특약에서 정하지 않은 사항 
에는 「예금거래기본약관」 및 「적립식예금약관」을 적용합니다. 
② 이 적금의 거래에서 발생하는 전자금융거래에 관한 사항은 「전자금융거래기본약관」을 적용합니다.  
   ③ KB국민은행 ‘계좌간자동이체’를 신청하여 이 적금에 저축하는 경우 「계좌간자동이체 약관」을 적용 
합니다.(단, 다른 금융회사를 통해 자동이체하는 경우 해당 금융회사가 정한 내용에 따릅니다.) 
 
제 2 조 가입대상 
이 적금의 가입대상은 만 19세 이상 실명의 개인으로 한 사람이 한 개의 계좌만 보유할 수 있습니다. 
 
제 3 조 예금과목 및 계약기간 
이 적금의 예금과목은 정기적금이며, 계약기간은 12개월입니다.  
 
제 4 조 판매한도 
이 적금은 판매한도를 정하여 판매하며 KB국민은행 홈페이지, KB스타뱅킹, 영업점에서 판매한도 
확인이 가능하고, 정해진 한도가 소진되면 별도의 안내 없이 판매를 종료합니다. 
 
제 5 조 저축방법 및 저축한도 
매월 첫 날부터 마지막 날까지 1만원 이상 30만원 이하(원 단위) 금액을 만기일 전날까지 자유롭게 
저축할 수 있습니다. 
 
제 6 조 이율 적용 
① 기본이율은 가입일 당시 영업점 및 KB 국민은행 홈페이지에 게시한 이율을 적용하며, 우대이율은 
제 7 조에서 정한 제공조건을 충족한 경우 적용합니다.  
② 만기이율은 기본이율과 우대이율을 합하여 가입일부터 만기일 전날까지 적용하며, 입금금액별로 입
금일부터 만기일 전날까지의 기간에 대하여 계산한 이자를 합산하여 지급합니다. 
③ 만기일 전에 지급을 청구하는 경우 입금금액별로 입금일부터 지급일 전날까지 기간에 대하여 가
입일 당시 영업점 및 KB국민은행 홈페이지에 게시한 중도해지이율로 계산한 이자를 합산하여 지
급합니다. 
④ 만기일 이후에 지급을 청구하는 경우 만기일부터 지급일 전날까지의 기간에 대하여 가입일 당시 
영업점 및 KB국민은행 홈페이지에 게시한 만기후이율로 계산한 이자를 제6조 제②항의 만기이
율로 계산한 이자에 더하여 지급합니다. 

⑤ 가입 시 금리우대쿠폰을 적용한 경우 만기해지 시 적용되는 최종이율에 쿠폰의 우대금리를 더하여 
계산하며 자세한 내용은 KB금융쿠폰 서비스에 따릅니다. 
 
제 7 조 우대이율 
① 만기해지 계좌가 다음의 우대이율 제공조건을 충족한 경우 가입일 당시 영업점 및 KB 국민은행  
홈페이지에 게시한 우대이율을 적용합니다. 
 
  
 
 
   
주 1) 만기해지 시점에 등록되어 있는 가족 기준 
주 2) 임신확인서 제출을 통한 우대이율은 한 번만 제공  
        주 3) 예금주의 자녀가 등록장애인인 경우에도 제공대상에 포함 
 주 4) 매월 25 일 입금자명 또는 적요에 '아동, 구청, 군청, 복지, 보육, 가족, 가정, 주민, 여성, 사회, 어린이행복과'를  
포함하여 10 만원 이상 입금된 건 
※ 25 일이 토요일 또는 공휴일인 경우 직전 영업일에 입금된 건 포함 
※ 개인 계좌에서 이체된 건 및 '양육, 기초, 노령'을 포함한 입금 건은 아동수당으로 인정하지 않음 
 
 ② 아이사랑 우대이율 적용을 위해 임신확인서를 제출하려면 '[필수] 개인(신용)정보 수집·이용  
동의서(KB 아이사랑적금-아이사랑 우대이율)'에 동의해야 합니다.  
③ 희망가득 우대이율 적용을 위해 증빙자료를 제출하려면 '[필수] 개인(신용)정보 수집·이용  
동의서(KB 아이사랑적금-희망가득 우대이율)'에 동의해야 합니다.  
   ④ 아이사랑 우대이율 적용을 위한 임신확인서 제출과 희망가득 우대이율 적용을 위한 증빙자료  
제출은 가입일부터 만기해지 전날까지 각각 한 번씩만 가능합니다. 
 
 
구분 제공조건 
아이사랑  
우대이율 
 
- 아래 ㉮와 ㉯ 조건 충족 여부에 따라 적용하며, 이 항목에서 정한 최대 우대이율 
한도 이내에서 ㉮, ㉯ 중복 적용 가능 
㉮ KB스타클럽에 등록된 가족주1) 중 가입 당시 만 18 세 이하 고객 수에 따라 다르게 적용 
㉯ 임신확인서를 제출하는 경우주 2) 
희망가득  
우대이율 
 
- 아래 대상자별 증빙자료를 제출한 경우 
우대이율 제공대상 증빙자료 
기초생활수급자 수급자증명서 
등록장애인주 3) 장애인증명서, 장애인등록증(복지카드) 
한부모가족지원 
보호대상자 한부모가족증명서 
 
육아응원  
우대이율 
- 가입일부터 만기일 전날까지 본인의 KB 국민은행 입출금 통장으로 아동수당주 4)을  
6 회 이상 받은 경우 

제 8 조 거래방법 
① 가입은 KB 스타뱅킹 또는 영업점에서 할 수 있습니다. 
② 해지는 KB 스타뱅킹, 인터넷뱅킹, 영업점 및 고객센터를 통해 할 수 있으며 고객센터에서 해지할 때는 
만기해지만 가능합니다. 
③ KB 스타뱅킹에서 가입한 계좌는 별도 신청 없이 만기일에 자동 해지되어 가입 당시 출금계좌로  
입금됩니다.(단, 계좌에 법적지급제한 등 해지 제한 사유가 있으면 자동 해지되지 않습니다.) 
 
제 9 조 기타 
① 이 적금은 만기 전 일부 금액만 해지할 수 없습니다. 
② 이 적금은 만기앞당김 지급이 불가합니다. 
  
 
 
부 칙 
이 약관은 2024 년 8 월 8 일부터 시행합니다. 
 
 
본 특약은 법령 및 내부통제기준에 따른 절차를 거쳐서 제공됩니다.",ok,
products/savings/KB장병내일준비적금특약.pdf,KB장병내일준비적금특약.pdf,products/savings,4,"KB장병내일준비적금」 특약 
 
제 1 조  적용범위 
① “KB장병내일준비적금(이하 ‘이 적금’이라 합니다)” 거래는 이 특약을 적용하며, 이 특약에서 정하지 않은 
사항은 예금거래기본약관 및 적립식예금약관을 적용합니다. 
② 이 적금의 거래에 있어서 발생하는 전자금융거래에 관한 사항은 전자금융거래기본약관을 적용합니다. 
제 2 조  가입대상 
① 이 적금의 가입대상은 실명의 개인으로 가입시점에 아래 1), 2) 조건을 모두 충족하는 현역병, 상근예비역, 
의무경찰, 사회복무요원, 대체복무요원에 한합니다. 
 
 
 
 
 
 
 
 
 
 
 
② 이 적금은 공동명의로 가입할 수 없으며, 양도가 불가합니다. 
③ 이 적금은 금융기관별 1인 1계좌만 가입 가능합니다. 
제 3 조  예금과목 및 계약기간 
① 이 적금의 예금과목은 정기적금으로 하며, 계약기간은 1개월~24개월 이내 일단위로 합니다. 
② 이 적금의 만기일은 고객의 전역예정일(또는 소집해제예정일)로 합니다. 
제 4 조  저축금액 및 저축방법 
① 이 적금의 초입금 최저금액은 0원 이상, 2회차 이후 저축금액은 1,000원 이상 원단위로, 고객이 설정한 
은행별 비과세 저축한도 범위내에서 매월(월 초일부터 말일까지) 30만원 이하 금액을 만기일 전일까지 
자유롭게 저축할 수 있습니다. 
② 이 적금의 금융기관 합산 저축한도는 고객별 월 55만원이며, 동 저축한도를 초과하지 않는 범위 내에서 
한 은행의 월 저축한도는 최고 30만원까지 설정 및 입금이 가능합니다. 
제 5 조  이율의 적용 
① 이 적금의 만기이율은 기본이율과 우대이율을 합하여 계약기간 동안 적용합니다. 
② 이 적금의 이율은 신규가입일 당시 영업점 및 KB국민은행 홈페이지에 게시한 이율을 적용하며,  
우대이율은 제6조에서 정하는 조건을 충족하는 경우 적용합니다. 
③ 이 적금에 이벤트이율이 적용되는 경우 만기해지 시 적용되는 이율에 이벤트이율을 더하여 계약기간동안 
적용하며 자세한 내용은 해당 이벤트이율 조건에 따릅니다.  
1) 이 적금 신규일 기준으로 남은 의무복무기간이 1 개월 이상 
2) 가입대상임을 증빙하는 ‘장병내일준비적금 가입자격 확인서’(주) 원본 제출 
단, 조세특례제한법 제 129 조의 2 에 따른 금융소득종합과세 대상자는 1),2)조건 모두 충족하여도  
가입 불가 
 
(주)비대면 신규시 온라인 자격검증서비스*로 제출된 ‘장병내일준비적금 가입자격 확인서’도 사용 가능  
온라인 자격검증서비스를 이용하기 위한 개인정보제공으로 필요시에는 ‘[필수]개인(신용)정보 제 3 자 제공 
동의서 (가입자격확인용)’ 동의 필요 
* 온라인 자격검증서비스 : 유무선 인터넷 웹사이트 및 스마트폰 Application 등에서 본인의 분산 식별자    
(DID: Decentralized Identifiers)와 디지털증명서(VC: Verifiable Credentials) 사본을 
제출해 상품 가입 자격을 검증하는 서비스 

제 6 조  우대이율 
아래 항목별로 제공조건을 충족하는 경우 신규가입일 당시 영업점 및 KB국민은행 홈페이지에 게시한 
우대이율을 적용합니다. 단, 모든 우대이율은 만기해지 계좌에 대하여 계약기간동안 적용되며, 
‘주택청약종합저축 계좌보유’ 및 ‘기초생활수급자’ 우대이율은 계약기간이 3개월 이상인 경우 적용됩니다. 
구 분 제공조건 
주택청약 
종합저축 
계좌보유 
적금 만기일의 전전월 말일을 기준으로, 고객이 KB국민은행 주택청약종합저축 
(청년 주택드림 청약통장 포함) 계좌를 보유한 경우 
KB 카드 
적금 신규월 초일부터 만기일 전전월 말일까지 본인명의 KB국민은행 입출금통장에서 
KB국민(신용/체크/BC)카드 결제대금출금(현금서비스 포함)이 발생한 월이 6 개월 이상인 
경우 
기초생활수급자 
적금 만기일의 전전월 말일을 기준으로 영업점 방문 후 본인 명의 ‘수급자증명서’ 또는 
‘사회보장급여 중지통지서(중지사유:군입대)’를 제출한 경우  
제 7 조  세율의 적용 
① 이 적금은 비과세저축으로만 가입이 가능하며, 이 적금에서 발생하는 이자소득에 대해서는 소득세 및 
농어촌특별세가 부과되지 않습니다. 다만, 관련 세법(‘조세특례제한법’ 및 ‘농어촌특별세법’)이 개정될 경우 
세금이 부과될 수 있습니다. 
② ①항에도 불구하고 다음 각 호에 해당되는 경우 소득세가 부과됩니다.  
1. ‘조세특례제한법’에서 정하는 과세특례 요건을 충족하지 못하는 경우 이 적금에서 발생하는 이자에 
대해서는 소득세가 부과됩니다. 
2. 이 적금의 만기일 이후 발생하는 이자에 대해서는 소득세가 부과됩니다. 
제 8 조  제한사항 
① 이 적금은 일부해지 및 계약기간 변경은 불가하나, 질권설정은 가능합니다. 
② 이 적금은 ‘장병내일준비적금 가입자격 확인서’ 원본을 고객으로부터 받아서 신규 시 가입대상 여부를 
확인하여야 합니다.  
③ 이 적금을 ’25.1.1까지 가입한 계좌는 1회에 한하여 비과세저축 한도를 변경할 수 있습니다. 
   단, ’25.1.1까지의 비과세저축 한도변경 이력은 횟수에 포함하지 않습니다. 
④ 이 적금의 신규일이 ’25.1.2 이후인 계좌는 비과세저축 한도변경이 불가합니다. 
⑤ 이 적금의 비과세저축 한도는 5만원 단위로만 설정이 가능합니다. 
단, 이 적금을 ’25.1.1까지 가입한 계좌는 기존에 설정한 비과세저축 한도를 유지할 수 있습니다. 
 
제 9 조  1% 이자지원금 
① 1% 이자지원금이란, ‘장병내일준비적금’ 가입자의 목돈 마련 지원을 위한 국가 예산으로 
지급되는 정부지원금으로 적금 신규일로부터 만기일까지 납입금액 건 별로 실제 예치일수 기간 동안 
연 1%p를 적용하여 계산된 금액입니다. (’21.10.14 기준 만기도래 된 만기해지계좌부터 지급하며, 
’23.12.31까지 입금분에 한해서만 적용) 
② 지급대상은 이 적금 예금주로서 아래 1), 2)조건을 모두 충족하는 경우입니다. 
 

 
 
 
 
 
 
 
 
제 10 조  매칭지원금 
① 매칭지원금이란, ‘장병내일준비적금’ 가입자의 목돈 마련 지원을 위한 국가 예산으로 지급되는 사회복귀 
준비금으로, 지급금액은 ’22.1.1 시행일 이후 납입 당시 관련 법령에서 정한 금액으로 합니다. 
② 매칭지원금의 지급대상 및 지급조건은「제9조 1% 이자지원금」에서 규정한 조건과 동일합니다. 
  ③ 매칭지원금은 만기해지시 은행에 제출한 수령희망계좌로 국방부(국군재정관리단) 및 병무청에서 직접 
지급하는 지원금입니다. 
  ④ 매칭지원금은 정책 및 관련 법령 등의 변경에 따라 시기별로 지원금액이 상이할 수 있으며, 지급이 중단될 
수 있습니다. 지원금액 변경내용은 국방부 나라사랑포털 및 은행 홈페이지 공지사항 또는 병역법 시행령 
등을 통해 확인할 수 있습니다. 
⑤ 매칭지원금 지급 시행일은 2022.1.1 이며, 시행일 이후 납입하는 금액부터 적용됩니다. 
단, 이 적금은 비과세 저축으로만 가입 가능한 과세특례 전용상품으로, 관련 세법에 따라 과세특례 적용이  
불가능한 가입자의 경우 매칭지원금 지급 불가합니다. 
    
부  칙 
이 약관은 2018.8.29 부터 시행합니다. 
부  칙 
이 약관은 2019.1.1 부터 시행합니다. 
부  칙 
이 약관은 2019.4.1 부터 시행합니다. 
부  칙 
이 약관은 2020.10.12 부터 시행하며 신규가입고객에 한하여 적용됩니다. 
부  칙 
이 약관은 2021.10.14 부터 시행하며 신규가입고객에 한하여 적용됩니다. 
단, 제 9 조는 기존 가입고객에게도 적용됩니다. 
부  칙 
이 약관은 2022.1.1 부터 시행하며 기존 및 신규가입고객 모두 적용됩니다. 
부  칙 
이 약관은 2022.2.21 부터 시행하며 신규가입고객 한하여 적용됩니다. 
부  칙 
이 약관은 2022.5.31 부터 시행하며 신규가입고객 한하여 적용됩니다. 
부  칙 
1) 만기계좌 
2) 만기계좌 해지 시 전역일이 명기된 확인서 원본 제출 
(전역증, 병역증, 병적증명서, 복무사실확인서(대체복무요원만 가능) 中 택 1) 
단, 현역병에서 사회복무요원으로 역종이 변경된 경우 전역일자가 아닌 역종변경 사실(현역복무중 보충역 
 편입 후 사회복무요원소집)이 기재된 병적증명서 제출이 가능하고, 비대면 해지 시에는 온라인 
 자격검증서비스로 제출된 ‘장병내일준비적금 전역 확인서’로 전역일을 확인하며 이 경우 전역일이 
 명기된 확인서 원본 제출은 생략 가능 
※ 이 적금은 비과세 저축으로만 가입 가능한 과세특례 전용상품으로, 관련 세법에 따라 과세특례 적용이 
불가능한 가입자의 경우 1% 이자지원금 지급 불가 

이 약관은 2023.1.1 부터 시행하며 기존 및 신규가입고객 모두 적용됩니다. 
부  칙 
이 약관은 2023.5.26 부터 시행하며 신규가입고객 한하여 적용됩니다. 
부  칙 
이 약관은 2024.1.1 부터 시행하며 기존 및 신규가입고객 모두 적용됩니다. 
부  칙 
이 약관은 2024.03.08 부터 시행하며 기존 및 신규가입고객 모두 적용됩니다. 
부  칙 
이 약관은 2024.06.03 부터 시행하며 신규가입고객에 한하여 적용됩니다. 
단, 제 6 조의 기초생활수급자 우대이율은 기존 가입고객에게도 적용하되, 해당 고객이 다른 기존 우대이율을 
충족하더라도 최고 우대이율은 연 3.0%p 까지만 적용됩니다.  
부  칙 
이 약관은 2024.10.29 부터 시행하며 기존 및 신규가입고객 모두 적용됩니다. 
부  칙 
이 약관은 2025.1.2 부터 시행하며 기존 및 신규가입고객 모두 적용됩니다. 
부  칙 
이 약관은 2025.8.18 부터 시행하며 신규가입고객 한하여 적용됩니다. 
부  칙 
이 약관은 2025.11.25 부터 시행하며 기존 및 신규가입고객 모두 적용됩니다. 
부  칙 
이 약관은 2026.1.1 부터 시행하며 신규가입고객에 한하여 적용됩니다. 
부  칙 
이 약관은 2026.3.13 부터 시행하며 신규가입고객에 한하여 적용됩니다. 
 
 
본 특약은 법령 및 내부통제기준에 따른 절차를 거쳐서 제공됩니다.",ok,
products/savings/KB중소기업재직자우대저축동의서.pdf,KB중소기업재직자우대저축동의서.pdf,products/savings,2,"[필수] 개인(신용)정보 제3자 제공 동의서 
(KB중소기업재직자우대저축) 
 
KB국민은행 귀중 
* 귀 행과의 KB 중소기업재직자 우대저축과 관련하여 귀 행이 본인의 개인(신용)정보를 제 3 자에게 제공하고자 하는 경우에는 
「신용정보의 이용 및 보호에 관한 법률」, 「개인정보보호법」, 「금융실명거래 및 비밀보장에 관한 법률」 등 관계 법령에 따라 본인의 
동의가 필요합니다. 
제공받는 자  - 중소벤처기업진흥공단 
제공받는 자의  
이용 목적 
 
- 「중소기업재직자 우대저축 공제」 사업관리, 기업지원금 지급, 민원처리 
보유 및 이용기간 
 
- 「KB중소기업재직자우대저축」 해지일로부터 3개월까지 보유∙이용됩니다 
 
* 단, 명의인 외의 자에게 정보를 제공한경우, 금융거래정보제공 내역은 제공일로부터 5년간 기록관리 
됩니다. (실명법 제 4 조의3) 
※ 위 보유 및 이용기간 이후에는 금융사고 조사, 분쟁 해결, 민원 처리, 법령상 의무이행을 위한   
목적으로만 보유·이용됩니다. 
동의서 유효기간 
- 제출일*로부터 1 년까지 
* 제출일이란 “본 동의서의 작성일로 통상적으로 통장개설일” 입니다  
※ 동의서 유효기간 내 금융거래정보는 서비스의 유지를 위하여 계속적으로 제공될 수 있습니다. 
본 동의서 제출일 이후 매 1년마다 명의인에게 본 동의서에 따른 제공 동의의 갱신여부를 확인할 수  
있는 통지를 하고, 명의인이 동의 철회 절차의 의사표시를 하지 않는 경우 본 동의서는 1년간 유효하게 
  갱신된 것으로 봅니다. 
거부 권리 및 불이익 
 
귀하는 동의를 거부하실 수 있습니다. 다만, 위 개인(신용)정보 제공에 관한 동의는 “KB 중소기업재직자 
우대저축 계약의 체결 및 이행”을 위한 필수적 사항이므로, 위 사항에 동의하셔야만 (금융)거래관계의 
설정 및 유지가 가능합니다. 
 
제공 항목  
 
개인(신용)정보   
┖  일반개인정보  성명, 생년월일, 성별, 주소, 연락처(휴대폰번호, 이메일) 
┖  신용거래정보  계좌개설일자, 입금내역, 해지일자 및 사유, 기업지원금 수령 계좌번호(________________________) 
 
 
위 개인(신용)정보 제공에 동의하십니까? ㅁ  동의하지 않음   ㅁ  동의함 
금융거래정보 
 
「KB중소기업재직자 우대저축」 상품가입 및 서비스 제공에 필요한 명의인에 대한 금융거래정보 
(계좌개설일자, 입금내역, 해지일자 및 사유, 기업지원금 수령 계좌번호) 
 
위 금융거래정보 제공에 동의하십니까?                                                 ㅁ  동의하지 않음   ㅁ  동의함 
 
 

통지 항목  
 
금융거래에 대한 
제공 사실  
본 동의서를 제출한 시점부터 1 년 이내의 기간 동안 제공한 금융거래에 대한 제공사실 
위 금융거래에 대한 제공사실을 1년 단위로 일괄 통보받는데  
동의하십니까?                                                                           ㅁ  동의하지 않음   ㅁ  동의함 
 
 
 
 
 
    본인 성명 (서명) 
년 월 일  대리인 성명 (서명)",ok,
products/savings/KB청년미래적금상품설명서.pdf,KB청년미래적금상품설명서.pdf,products/savings,12,"「KB 청년미래적금」 상품설명서 
 
 
 
 
 
 
 
1  상품 개요 및 특징 
▪ 상 품 명 : KB청년미래적금 
▪ 상품특징 : 청년층의 중장기적 자산형성 지원을 위해 정부기여금과 비과세 혜택을 제공하는 저축상품 
 
2  거래 조건 
 
구 분 내 용 
 
 
 
 
 
 
 
가입대상 
 
 
 
 
 
 
 
 
 
 
 
 
▪ 거주자로서 다음 각 호의 요건을 모두 충족하는 실명의 개인  
※ 서민금융진흥원 및 은행연합회에서 아래 가입대상 ❶~❹ 요건 확인 
❶ 나이요건: 가입일 현재 19세 이상 34세 이하인 사람 
※ 「병적증명서」등으로 다음 각 목의 병역을 이행하였음이 증명되는 경우에는 6년을 한도로  
병역을 이행한 기간을 현재 연령에서 빼고 계산한 연령 
(단, 2026년 1월 1일부터 2026년 8월 31일까지의 기간 중 34세를 초과하게 된 경우, 
해당기간 중에 청년미래적금에 가입하려는 경우에는 2025년 12월 31일을 기준으로 
나이를 확인) 
가. 현역병, 상근예비역 및 의무경찰·의무소방원 
나. 사회복무요원 
다. 장교, 준사관 및 부사관  
❷ 개인소득요건: 가입일 현재 다음 각 목 중 하나의 개인소득기준주1)을 충족하는 사람  
가. 직전 과세기간 총 급여액이 7,500만원 이하 
※ 직전 과세기간에 근로소득만 있거나 근로소득과 종합소득과세표준에 합산되지 않는   
종합소득만 있는 경우로 한정하고, 비과세소득만 있는 경우는 제외주2)  
나. 직전 과세기간의 종합소득과세표준에 합산되는 종합소득금액이 6,300만원 이하 
※ 직전 과세기간의 총급여액이 7,500만원을 초과하는 근로소득이 있는 자 및 비과세  
소득만 있는 경우는 제외주2) 
주1) 가입일 현재 직전 과세기간의 소득이 확정되지 않은 경우에는 전전 과세기간의 소득을 기준 
으로 충족 여부를 판단 
주2) 「소득세법」 제12조제3호마목에 따른 육아휴직급여 또는 육아휴직수당이 있는 사람, 제12조제 
3호가목에 따른 복무중인 병(兵)이 받는 급여가 있는 사람은 비과세소득만 있는 자로 보지 않음 
 
 
◈ 이 설명서는 금융소비자의 권익 보호 및 예금상품에 대한 이해 증진을 위하여 「금융소비자 보호에 관한 법률」 및  
관련 규정에 의거, 은행의 내부 통제절차를 거쳐 예금상품의 주요 내용을 쉽게 이해할 수 있도록 작성한 자료입니다. 
◈ 설명내용을 제대로 이해하지 못하였음에도 불구하고 설명을 이해했다는 서명을 하거나 녹취기록을 남기시는 경우, 
추후 해당 내용과 관련한 권리구제가 어려울 수 있습니다. 
◈ 인터넷뱅킹 등 비대면채널을 통해 가입하거나 통장 미발행 요청 시에는 통장 또는 증서가 교부되지 않습니다. 
 
 
 
준법감시인 심의필 제2026-2728호 (심의일: 2026.06.18) 
            [유효기간: 2026.06.22 ~ 2028.05.31] 
 

 
 
 
 
 
 
(계속) 
가입대상 
다. 「소상공인 보호 및 지원에 관한 법률」 제2조에 따른 소상공인으로서 직전 과세기 
간의 합산매출액주3)이 3억원 이하 
※ 소상공인 여부는 ‘중소기업현황정보시스템’에서 발급된 소상공인 확인서를 기준으로 
판단하나, 가입일 현재 사업 운영 상태 및 업종주4)에 따라 소상공인으로 인정되지 
않을 수 있음 
주3) 사업장이 2개 이상인 경우 모든 사업장의 연매출액을 합산 
주4) 신청 시점에 사업운영을 하지 않거나, 운영 중인 사업장이 중소벤처기업부에서 고시하는  
소상공인 정책자금 융자제외 업종일 경우 소상공인으로 인정되지 않음 
❸ 가구소득요건: 가입일 현재 다음 각 목에 따른 가구소득 기준주5)을 충족하는 사람 
가. 직전 과세기간의 가구소득이 직전년도의 「국민기초생활 보장법」 제2조 제11호에  
따른 기준 중위소득(이하 “기준 중위소득”)의 200% 이하일 것 
※ 가입하려는 거주자 본인과 배우자로 구성된 2인 가구 중 본인과 배우자 모두  
2호 가목,나목에 따른 소득금액 확인이 가능한 경우(이하 “맞벌이 2인가구”) 
기준 중위소득 250% 이하 적용) 
나. 가구원주6)은 이 적금에 가입하려는 거주자 본인과 본인의 주민등록표등본상(주민 
등록표등본 발급이 불가능한 외국인의 경우 외국인등록 사실증명상) 배우자, 부모, 자녀, 
형제·자매를 기준으로 판단할 것(단, 형제·자매는 미성년자인 경우에만 가구원에  
포함하며, 청년이 부양하고 있는 것으로 확인 될 경우 조부모를 포함 할 수 있음) 
다. 가구소득은 가구원의 총급여, 종합소득과세표준에 합산되는 종합소득금액,  
연말정산한 사업소득금액, 연금소득, 종교인소득을 모두 합산하여 산정할 것 
※ 미성년자인 형제·자매의 경우 소득합산에서 제외 
주5) 가입일 현재 직전 과세기간의 소득이 확정되지 않은 경우에는 전전 과세기간의 소득 및  
전전년도의 기준 중위소득을 기준으로 충족 여부를 판단 
주6) 주민등록표 등본 상 가구원을 판단하기 어려운 예외 사항은 별도 증빙서류를 제출 받아 
가구원을 확정 
❹ 가입일이 속한 과세기간의 직전 3 개 과세기간주 7) 중 1 회 이상 금융소득종합과세주 8) 
대상자에 해당하지 않는 사람 
주7) 가입일 현재 직전 과세기간의 소득이 확정되지 않아 직전 과세기간의 “금융소득종합과세  
대상자” 여부를 확인할 수 없는 경우에는 나머지 2개 과세기간을 기준으로 판단하되,  
가입 후 직전 과세기간의 “금융소득종합과세 대상자”로 확인되면 비과세 혜택 및 
정부기여금 지급 불가하며 납입중지(가입대상 미해당)처리 
주8) 「소득세법」 제14조 제3항 제6호에 따른 소득의 합계액이 같은 호에 따른 이자소득 등의  
종합과세기준금액을 초과한 자 
가입신청 
및  
가입일정 
▪ 가입신청(가입자격조회신청): 청년미래적금 가입을 위하여 서민금융진흥원에 가입대상 
여부 조회 및 확인을 신청하는 절차 
☞ 신청 시 본인의 소득구분에 따라 일반소득자와 개인사업자(소상공인) 중 선택 
☞ 신청 후 서민금융진흥원에서 가입요건 확인 후 가입대상자 안내 
※ 안내관련 문의가 있는 경우 서민금융진흥원 홈페이지 또는 콜센터(☎ 1397)에 문의 
▪ 적금가입: 가입대상으로 안내받은 고객에 한해 지정된 기간 내 가입 
※ 지정된 기간 내 적금을 미가입한 고객은 다시 가입신청을 진행해야 함 
※ 지정된 기간 중 19 세가 되는 사람에 대해서는 지정된 기간의 첫 영업일부터 가입이 가능 
가입제한 ▪ 전 금융기관 1 인 1 계좌 
▪ 청년희망적금 또는 청년도약계좌 보유자 가입 불가 (※ 가입신청은 가능) 
※ 「조세특례제한법」제91조의22제3항제2호에 따라 특정기간에 이 적금에 가입하기 위해 
청년도약계좌를 해지하는 경우(이하 “연계가입(갈아타기)”) 청년도약계좌와 중복가입 가능 
▪ 개인사업자 및 서류 미제출 임의단체 가입 불가, 공동명의 불가 
▪ 외국인의 경우 실명확인증표는 외국인등록증(국내거소신고증 포함) 사용 가능 
상품유형 ▪ 자유적립식 예금 
거래방법 
▪ 가입신청(가입자격조회 신청): KB스타뱅킹, 지점 
※ 본인 명의 휴대폰 미소지자, 외국인 등 필요 시 지점 신청 가능 
▪ 적금가입 및 해지: KB스타뱅킹, 지점, 고객센터 
※ 외국인은 지점에서만 신규 가능 
계약기간 ▪ 3년 
저축금액 
▪ 회차별 최소 1 천원 이상 1 천원 단위로, 매월(월 초일부터 말일까지) 50 만원 이하 
※ 만기일 전일까지 저축 가능 
※ 연간주 1) 납입한도 600 만원 이내 납입 가능 
주 1) '26.7.27 가입 시 
1 년차('26.7.27~'27.7.26), 2 년차('27.7.27~'28.7.26), 3 년차('28.7.27~'29.7.26) 
▪ 청년도약계좌와 중복 가입할 경우, 청년미래적금의 초입금 0원으로 가입되며 
청년도약계좌를 해지한 날의 다음 영업일 오전 9시부터 납입 가능 
▪ 청년도약계좌와 중복 가입할 경우, 청년미래적금 가입 후 특정기간 내에 
청년도약계좌를 해지하지 않으면 납입중지(가입대상 미해당) 처리 
▪ 입금거래 정정(취소·변경 등)은 제한될 수 있음 
기본금리 
(세금공제 전, 
2026.6.22 기준) 
▪ 연 5.0% 
※ 가입일 당시 지점 및 KB국민은행 홈페이지에 게시한 기본금리 적용 
 
 
 
 
 
 
우대금리 
(세금공제 전,  
2026.6.22 기준) 
 
 
 
 
 
 
▪ 최고 연 3.0%p (가입일 당시 지점 및 KB국민은행 홈페이지에 게시한 우대금리 적용) 
※ 우대금리는 아래 항목별 제공조건 충족 및 만기해지 계좌에 대하여 계약기간 동안 적용 
구 분 적용금리 제공조건 
급여이체 연 1.0%p 
이 적금의 신규일이 포함된 달부터 만기 전전월 말일까지 
본인명의 KB국민은행 입출금 통장으로 급여주1)가 입금된 
월수가 12회 이상인 경우 
출금실적 연 0.8%p 
이 적금의 신규일이 포함된 달부터 만기 전전월 말일까지 
본인명의 KB국민은행 입출금 통장에서 아래 ①, ②, ③ 중 
하나 이상을 충족하는 출금실적이 발생한 경우 
① 월 2건 이상의 공과금 자동이체주2) 출금 월수 12회 이상 
② KB리브모바일 요금제의 자동이체 출금 월수 12회 이상주3) 
③ KB국민카드(신용/체크) 결제대금 출금주4) 월수 12회 이상 
 
 
 
 
 
 
 
 
 
 
 
 
 
 
(계속) 
우대금리 
(세금공제 전,  
2026.6.22 기준) 
주 1) 급여 인정 세부 기준 (※ 당행 본인계좌로부터의 이체 실적은 제외)  
- 급여이체일이 등록된 계좌의 지정된 급여일(전후 1 영업일 포함 3 영업일)에 건별 50 만원 이상의  
급여이체 실적이 있는 경우 
- 급여이체일이 등록된 계좌에 적요(월급/급여/수당/급료/상여/보너스/봉급/연금/성과급/보로금/ 
임금/Salary/bonus/pay)가 기재된 건별 50 만원 이상의 이체실적이 있는 경우 
- 급여이체 계약(신청)에 의해 당행 급여이체 전산(급여성 선일자, 급여성 탑라인, 기업인터넷뱅킹 등)을 
통한 건별 20 만원 이상의 급여이체 실적이 있는 경우 
주 2) 공과금 자동이체 인정 세부 기준 
- 계좌 거래내역 중 거래유형(거래구분)이 아파트관리비, 지로, CMS, FBS 인 출금 건에 한함  
※ 거래유형(거래구분)이 상기 외 출금 건인 경우 제외(국민카드, 공과금 등), 계좌간자동이체 출금 건 
제외 
주 3) 본인 명의로 KB 리브모바일 요금제 개통 후 요금제 해지일까지 자동이체 출금 월수 12 회 이상 발생한 경우 
※ 적용대상: KB 리브모바일 LGU+망, KT망 이용 고객(단, 워치/데이터쉐어링/태블릿 이용 고객 제외) 
※ 1 개월 이상 요금제 정지시, 정지기간 중 출금건은 자동이체로 인정하지 않음 
주 4) 계좌에서 출금된 신용카드 결제일 출금 또는 체크카드 즉시 결제 
※ 오픈뱅킹을 통한 결제 건, 기업카드 및 선불카드 결제 건 등 제외 
주 5) 6 개월 전 신규해당일 다음날(없는 날짜인 경우 6 개월 전 해당월 말일의 다음날) ~ 신규일 
※ 예시. 적금 신규일이 ’26.7.27 인 경우, 최근 6 개월 대상기간은 
’26.1.28(6 개월 전 신규해당일 다음날) ~ ’26.7.27(신규일) 
주 6) 거치식/적립식 예금(청약, 외화예금 제외) 
※ 대상기간 중 취소계좌는 보유이력에 미포함 
※ 명의변경계좌는 해당 계좌의 신규일부터 보유한 것으로 반영 
거래감사 연 0.5%p 
아래 ①, ②, ③ 중 하나 이상을 충족하는 경우 
① 가입일 기준 KB청년도약계좌 가입이력이 있는 경우 
② 가입일 기준 6개월주5)이내 예적금주6) 보유이력이 없는 경우 
③ 적금 만기 전전월 말일 기준 예금주가 KB모임통장  
서비스에 총무로 가입하고 해당 모임에 예금주 포함 
모임원이 2명 이상인 경우 
소득플러스 연 0.5%p 
신청 시점에 확인된 개인소득금액이 총급여 3,600만원 이하, 
종합소득 2,600만원 이하인 경우 
청년재무상담 
이수 연 0.2%p 
계좌 만기일이 속하는 월의 3개월 전 말일까지 서민금융진흥원 
에서 제공하는 청년재무상담*을 이수한 경우 
 * 서민금융진흥원 청년재무상담 웹페이지를 통해 신청하여 이수한 
대면 또는 비대면 상담 
최종금리 
(세금공제 전,  
2026.6.22 기준) 
▪ 최저 연 5.0% ~ 최고 연 8.0% 
※ 최고금리는 가입일 당시 지점 및 KB국민은행 홈페이지에 게시한 우대금리를 모두 포함 
이자지급시기 ▪ 만기일시지급식: 만기(후) 또는 중도해지 요청 시 이자를 지급  
만기이자 
계산방법 
(산출근거) 
 
 
 
 
 
 
 
 

▪ 입금금액마다 입금일부터 만기일 전일까지의 기간에 대하여 약정금리로 계산한 이자를  
합계(원 미만 절사) 
[입금건별 이자계산 산식] 입금금액 X 약정금리 X 일수(입금일 ~ 만기일 전일)/365 
▪ 예상 수취이자액 안내 
ㅇ 월 50 만원씩 36 개월 납입 시 세금공제 전 2,220,000 원 (최고금리 적용, 세부사항 변동 가능) 
ㅇ 월 50 만원씩 36 개월 납입 시 세금공제 전 1,387,500 원 (기본금리 적용, 세부사항 변동 가능) 
※ 정부기여금 및 정부기여금 이자 제외 
중도해지금리 
(세금공제 전,  
2026.6.22 기준) 
▪ 가입일 당시 지점 및 KB국민은행 홈페이지에 게시한 예치기간별 중도해지 금리 적용                                                                                
    (단위: 연 %) 
예치기간 금리 
1개월미만 0.1 
1개월이상 ~ 3개월미만 기본금리 X 50% X 경과월수/계약월수 (단, 최저금리는 0.1) 
3개월이상 ~ 6개월미만 기본금리 X 50% X 경과월수/계약월수 (단, 최저금리는 0.1) 
6개월이상 ~ 8개월미만 기본금리 X 60% X 경과월수/계약월수 (단, 최저금리는 0.2) 
8개월이상 ~ 10개월미만 기본금리 X 70% X 경과월수/계약월수 (단, 최저금리는 0.2) 
10개월이상 ~ 11개월미만 기본금리 X 80% X 경과월수/계약월수 (단, 최저금리는 0.2) 
11개월이상 ~ 36개월미만 기본금리 X 90% X 경과월수/계약월수 (단, 최저금리는 0.2) 
※ 경과월수: 입금일 다음날부터 해지월 입금 해당일까지를 월수로 하고, 1개월 미만은 절상 
※ 계약월수: 신규일 다음날부터 만기월 신규 해당일까지를 월수로 하고, 1개월 미만은 절상 
(단, 계약기간이 월단위인 경우 계약월수를 그대로 사용하며, 경과 월수는 계약월수를 초과할 수 없음) 
※ 금리는 소수점 둘째 자리까지 표시 (소수점 셋째 자리에서 절사) 
중도해지 
이자계산 
방법 
(산출근거) 
▪ 입금금액마다 입금일부터 중도해지일 전일까지의 기간에 대하여 예치기간별 중도해지 
금리로 계산한 이자를 합계(원 미만 절사) 
※ 입금건별 중도해지금리 계산 산식: 기본금리 X 예치기간별 적용률(50~90%) X 경과월수/계약월수 
 
 
 
 
 
 
 
만기후금리 
(세금공제 전,  
2026.6.22 기준) 
▪ 가입일 당시 지점 및 KB국민은행 홈페이지에 게시한 경과기간별 만기후금리 적용 
                                                         (단위: 연 %) 
경과기간 금리 
만기후 1개월이내 기본금리 X 50% 
만기후 1개월초과 ~ 3개월이내 기본금리 X 30% 
만기후 3개월초과 0.1 
1. 기본금리: 가입일 당시 지점 및 KB국민은행 홈페이지에 게시한 기본금리  
2. 금리는 소수점 둘째 자리까지 표시 (소수점 셋째 자리에서 절사) 
(단위: 연 %) 
 
특별중도해지 
▪ 해당사유 발생 시 조세특례제한법 시행규칙에서 정하는 ‘특별해지사유신고서’ 및 
특별해지사유신고서에 명시된 증빙서류를 지참하여 지점 방문 신청 
▪ 해당사유: 가입자의 사망·해외이주 또는 해지 전 6개월 이내에 각 목의 사유가 발생하는 경우 
가. 천재지변      나. 가입자의 퇴직      다. 사업자의 폐업 
라. 가입자의 3개월 이상의 입원치료 또는 요양이 필요한 상해·질병의 발생  
마. 금융회사의 영업의 정지, 영업인가·허가의 취소, 해산결의 또는 파산선고 
▪ 적용금리: 기본금리 적용(※ 우대금리 제외) 
▪ 세제혜택: 이자소득세 및 농어촌특별세 비과세 
세제혜택 
▪ 비과세저축으로만 가입 가능  
적금 신규일부터 만기일 전일까지 본인납입금액과 정부기여금에 발생한 이자에 대하여 
비과세 적용 
※ 만기일 이후의 이자는 과세됨 
※ 중도해지계좌는 비과세 혜택을 받을 수 없음 
※ 관련 세법이 개정될 경우 세율이 변경되거나 세금이 부과될 수 있음 
▪ 조세특례제한법 제 91 조의 25 에 따른 과세특례적용요건을 갖추지 못한 것이 확인된 
경우 이 적금에서 발생한 이자소득에 대해 소득세 부과 
정부기여금 
▪ 정부기여금은 만기해지(특별중도해지 포함) 시 이자소득과 함께 지급 
단, 외국인에게는 정부기여금 미지급(계약기간 중 외국인으로 국적변경 포함) 
▪ 정부기여금은 다음 어느 하나에 해당하는 경우 [표 1]에 따라 지급 
가. 일반형 소득요건에 해당하는 일반 소득자 
나. 일반형 소득요건에 해당하는 소상공인 
다. 우대형 소득요건에 해당하는 중소기업 재직자 
라. 우대형 소득요건에 해당하는 중소기업 신규 취업자* 
마. 우대형 소득요건에 해당하는 소상공인 
* 직전년도에 생애 최초 취업 후 신청 시점에 중소기업에 재직 중인 자 
[표 1] 정부기여금 지급기준 
구 분 
개인소득 가구소득 
정부기여금 
매칭비율 총급여 기준 종합소득 기준 일반 
(맞벌이 2 인가구) 
일반형 
일반소득자 6,000 만원 이하 4,800 만원 이하 200% 이하 
(250% 이하) 6% 
소상공인 연 매출액 3 억원 이하 
우대형 
중소기업 
재직자주1) 3,600 만원 이하 2,600 만원 이하 
150% 이하 
(200% 이하) 
12% 
중소기업 
신규 취 업 자주1) 6,000 만원 이하 4,800 만원 이하 
200% 이하 
(250% 이하) 
소상공인 연매출 1 억원 이하 
150% 이하 
(200% 이하) 
주 1) 유형은 가입 시 확정되며, 가입 후 변동될 수 없음(단, 우대형 소득요건에 해당하는 중소기업 재직자, 
중소기업 신규 취업자의 재직요건 미충족 시 변동 가능) 
 
(계속) 
정부기여금 
 
▪ 정부기여금의 산정 
① 정부기여금은 가입신청(가입자격조회신청) 시 실시하는 개인소득 확인결과에 따라 
매칭비율이 결정되어 만기까지 적용 
② 정부기여금 산정 기준금액은 청년미래적금의 매월 및 연간 저축한도 적용 
▪ 우대형 소득요건에 해당하는 중소기업 재직자, 신규 취업자 
① [표 1]의 중소기업은 「중소기업기본법」제 2 조제 1 항을 기준으로 하며, 
‘중소기업현황정보시스템’에서 발급된 중소기업 확인서 또는 한국평가데이터의 
기업정보를 기준으로 판단(단, 신청 시점 기준으로 중소기업에 재직 중이지 
않거나 재직 중인 중소기업이 「중소기업 인력지원 특별법 시행령」 제 2 조에 따른 
업종이면 중소기업 재직자로 미인정) 
② 중소기업 재직자 또는 중소기업 신규 취업자의 경우 계약기간 중 29 개월 이상 
중소기업에 근무주 2) 필수(이직은 계약기간 중 2 회까지 허용) 
※ 주 2) 중소기업 근로기준 확인은 만기 전월에 실시하며, 가입일부터 만기 한달 전 시점까지 
중소기업 근속기간 합산이 29 개월 이상이면서 이직 횟수가 2 회 이하이어야 요건을 
충족 함 
※ 위의 요건을 충족하지 못한 것으로 확인될 경우 계약기간 동안 일반형 정부기여금 
지급비율 적용 
③ 퇴직사유로 특별중도해지하는 경우 자발적 퇴직사유는 일반형 정부기여금 지급비율 
적용 
▪ 유의사항 
① 정부기여금은 서민금융진흥원이 정부예산으로 지급하는 지원금으로, 정책 및 관련 
법률 등이 변경될 경우 지급이 중단될 수 있음 
② 정부기여금에도 이자를 계산하여 지급하며, 이자는 서민금융진흥원이 은행에 입금한 
날부터 만기일(특별중도해지의 경우 해지일) 전일까지의 기간동안 기본금리를 
적용하여 계산함 
※ 만기일 이후에 해지할 경우 만기일부터 해지일 전일까지의 기간동안 만기 후 
금리로 계산한 이자를 기본금리로 계산한 이자와 합산 
③ 중도해지 시 정부기여금을 지급하지 않으며, 중도해지 후 재가입 하는 경우 정부 
정책 등에 따라 받을 수 있는 정부기여금의 규모가 축소될 수 있음 
④ 계약기간 동안 추심, 상계 등으로 가입자가 본인 납입금을 수령할 수 없는 경우  
정부기여금을 지급하지 않음 
⑤ 가입자에게 지급하는 정부기여금이 「공공재정 부정청구 금지 및 부정이익 환수 등에 
관한 법률」에 따른 부정이익으로 확인되는 경우에는 같은 법에 따라 부정이익  
환수 등의 제재를 받을 수 있음  
상품 특약에 동의한 경우 서민금융진흥원이 가입자에게 지급하는 정부기여금의 지급조건·지급액· 
지급시기 및 방법 등에 동의하고, 이에 따라 서민금융진흥원에 정부기여금을 신청한 것으로 봅니다. 
 
재가입 
및 
조정비율적용 
▪ 중도해지(특별중도해지 포함) 후 재가입 가능 
- 중도해지(특별중도해지 포함) 후 해지일이 포함된 월을 기준으로 2개월 후부터  
가입신청(가입자격조회신청) 가능 (※ 재가입 시에도 가입기간 3년 동일 적용) 
- 가입신청(가입자격조회신청) 확인 결과에 따라 가입 가능 여부 결정 
▪ 재가입 계좌의 정부기여금 
- 재가입 시 정부기여금 지급비율은 계약기간에서 기(旣) 가입기간만큼 차감한 비율  
(이하 ‘조정비율’)을 적용하여 산출 (원 미만 절사) 
※ 조정비율 = (계약기간 – 재가입 전 가입기간) / 계약기간 
※ 기 가입기간 중 일부 기간에만 납입한 경우에도 기 가입한 전체 기간을 기준으로 계산 
※ 가입기간: 가입일부터 해지일까지 기간을 개월 수로 환산하여 올림한 기간으로, 
가입기간 산정은 ‘월’ 기준이며 일단위는 월로 올림하여 계산 
ㅇ '27.8.1 가입 후 '27.9.15 해지 → 재가입시 2개월을 차감하여 계산한  
조정비율 적용 
ㅇ 2회 이상 재가입할 경우 각각의 가입기간을 계산하여 합산 
ㅇ 가입 당일 해지한 경우 가입기간을 1개월로 계산  
[예시] 가입 대상자가 '27.7.27 가입 및 '27.8.31 중도해지 후 재가입 시 
ㅇ 조정비율 94.4% (소수점 첫째자리 미만 절사) 
      (36개월-2개월)/36개월x100%=94.4444···% 
ㅇ 재가입 시 정부기여금 지급 최대한도 월 28,320원 
      ❶(50만원×6.0%)×❷94.4%=월 28,320원 
         ※ ❶ 일반형 대상자 정부기여금 지급 최대한도 ❷ 재가입 시 조정비율 
▪ 재가입 및 조정비율 관련 문의는 서민금융진흥원 홈페이지 또는 콜센터(☎ 1397)에 문의 
해지방법 
▪ KB 스타뱅킹 및 지점, 고객센터를 통해 해지 
▪ 비대면으로 신규한 계좌는 만기 자동해지의 신청 없이 만기일에 자동해지되어  
근거계좌(국민은행 출금계좌)로 입금됨 (단, 예적금에 압류 등 해지제한 사유가 있거나 
미성년자, 임의단체, 비거주자, 공동명의 예금은 제외) 
▪ 만기일 전에 해지(만기일이 휴일인 경우 포함)할 경우 만기해지가 되지 않으며, 비과세  
적용 및 정부기여금 지급 불가(세제 혜택과 정부기여금은 중도해지 기준 적용) 
원금 및 
이자지급 제한 
▪ 계좌에 압류주1), 가압류주2), 질권주3) 등이 등록될 경우 원금 및 이자 지급이 제한될 수 있음 
※ 민사집행법에 따라 최저생계비 이하 등 압류금지채권에 해당하는 경우에는 법원에 
압류금지채권 범위 변경 신청 등을 통해 압류를 취소할 수 있음 
  주 1) 압류: 채무자의 특정한 재산에 대하여 처분(매매, 양도 등)을 금지하게 하는 법원의 조치로서,  
채권자가 채무자의 해당 재산을 금전화하여 채무 변제에 충당하려는 목적으로 이용됨 
  주 2) 가압류: 법원이 채권자를 위하여 나중에 강제 집행을 할 목적으로 채무자의 재산을 임시로  
확보하는 행위 
  주 3) 질권설정: 채무자가 변제기일에 채무를 이행하지 않는 경우 설정자(담보물 소유자)가 제공한 
담보물에 대하여 채권자가 직접 청구하여 우선적으로 변제받을 수 있는 권리를 설정하는 
것으로써 일반적으로 담보물이 동산 또는 권리(예·적금, 채권 등)인 경우에 활용됨 
▪ 예금잔액증명서 발급 당일에는 입금·출금·이체 등 잔액 변동 불가 
자동이체 
▪ KB 국민은행 계좌뿐만 아니라 다른 금융회사 계좌에서도 가능하나, 자동이체 신청은 
해당 금융회사에서 신청하여야 함 
▪ 【KB 국민은행 계좌간 자동이체】 
- 자동이체 등록은 원하는 일자로 지정 가능하나 가입일이 아닌 다른 일자에 자동이체  
등록 시, 가입연도 이후 매년 가입 해당월은 자동이체가 실행되지 않을 수 있음 
[예시] '26.7.27 가입 시, 가입연도 이후 매년 7월 27일마다 연간 납입한도 600만원 부여 
ㅇ 매월 1일, 50만원 자동이체 등록 시  
'27.6월분 자동이체 실행 후 연간 납입한도 600만원 소진으로 매년 7월 1일은  
자동이체 실행 불가 
 7월 27일 이후 다음해의 연간 납입한도가 다시 부여된 이후 입금 가능 
 
- 자동이체 실행일이 공휴일로 인해 다음달로 넘어갈 경우 다음달의 첫영업일에 
실행되며 정상 납입 시 전월 납입액으로 인정 
※ 단, 자동이체 실행일에 잔액부족 등으로 인하여 자동이체가 실행되지 않은 경우 
다음달의 첫 영업일에 자동이체가 실행되어도 전월 납입액으로 인정되지 않음 
     예) 자동이체 지정일: 매월 31 일 
’26.10.31(토) 비영업일로 인한 미이체 → ’26.11.2(월) 자동이체 정상 처리(10 월분 입금) 
단, ’26.11.2(월) 잔액부족 등의 사유로 미이체 시 10 월분 입금 처리 불가 
▪ 【 다른 금융회사 계좌를 통한 자동이체】 
- 해당 금융회사의 자동이체 약관에 따라 자동이체일이 공휴일인 경우 다음 영업일에 
적금으로 이체될 수 있으며, 이 경우 자동이체 처리일이 속한 달의 입금분으로 인정 
재예치 ▪ 불가 일부인출 ▪ 불가 
질권설정 ▪ 가능 양도 ▪ 불가  
명의변경  ▪ 불가 만기앞당김지급 ▪ 불가 
담보제공  ▪ 가능: 예금담보대출은 계좌잔액의 95%까지 가능 
휴면예금  
및 출연 
▪ 예금 만기일 또는 이자지급을 포함한 최종거래일 이후 5 년 이내 계좌를 해지하지 않을 
경우 예금거래기본약관 제 9 조의 2 휴면예금 및 출연에 따라 휴면예금은 
“서민금융진흥원 (국번없이 1397)”에 출연주)될 수 있으며, 이 경우 서민금융진흥원을 
통해 휴면예금을 찾으실 수 있습니다. 
▪ 휴면예금은 휴면예금통합조회서비스(www.sleepmoney.or.kr)를 통해 조회 가능합니다. 
주) 출연: 어떤 사람이나 단체가 자기의 의사에 따라 돈을 내거나 의무를 부담함으로써 재산상의  
손실을 입고 남의 재산을 증가시키는 일. 일반적으로 기부행위를 일컫는 말로 사용되나 
법률적으로는 비영리재단법인에 재산을 무상으로 내는 행위를 뜻함 
※ 계좌통합관리서비스 이용 시 사용하지 않는 소액계좌를 잔고 이전/해지 할 수  
있으며, 휴면계좌통합조회서비스 이용 시 휴면계좌 현황을 파악할 수 있습니다. 
예금자보호 
 
해 당 
이 예금은 예금자보호법에 따라 원금과 소정의 이자를 합하여 1 인당 
“1 억원까지”(본 은행의 여타 보호상품과 합산) 보호됩니다. 
위법계약해지권 
▪ 금융소비자는 은행이 금융소비자보호법 판매원칙주 1)을 위반하여 해당 금융상품에 관한 
계약을 체결한 경우에는 법 위반사실을 안 날로부터 1 년 이내(해당 기간은 계약체결일 
로부터 5 년 이내의 범위)에 해지요구서주 2)와 위반사항을 증명하는 서류를 은행에 
제출하여 해당 계약의 해지를 요구할 수 있습니다. 만약, 금융소비자의 요구가 정당한 
것으로 판단될 경우 수수료, 위약금 등 계약의 해지와 관련된 비용 부담 없이 해당 
계약을 해지할 수 있습니다. 
주 1) 금융소비자보호법 판매원칙: 부적합한 금융상품을 권유한 경우(제 17 조 제 3 항), 적정하지 않은 
금융상품에 대해 부적정하다는 사실을 알리지 않은 경우(제 18 조 제 2 항), 금융상품에 대해 거짓 
또는 왜곡하여 설명하거나 중요한 사항에 대한 설명을 누락한 경우(제 19 조 제 1,3 항), 
불공정영업행위의 금지(제 20 조 제 1 항), 부당권유행위의 금지(제 21 조) 
주 2) 해지요구서: 금융상품의 명칭, 법 위반사실을 포함하여 계약의 해지를 요구하기 위하여 작성한 문서 
자료열람요구권 
▪ 금융소비자는 분쟁조정 또는 소송의 수행 등 권리구제를 위한 목적으로 은행이 기록 및  
유지·관리하는 다음의 자료에 대한 열람(사본 및 청취 포함)을 요구할 수 있습니다. 
- 계약체결에 관한 자료, 계약의 이행에 관한 자료, 금융상품 등에 관한 광고 자료, 
금융소비자의 권리행사에 관한 자료, 내부통제기준의 제정 및 운영 등에 관한 자료,  
업무 위탁에 관한 자료 
▪ 은행은 법령, 제 3 자의 이익 침해, 영업비밀의 침해 등의 사유가 있는 경우 이를 
금융소비자에게 알리고 자료 열람을 제한하거나 거절할 수 있습니다. 
알아두실 사항 
▪ 상품 가입 전 서민금융진흥원을 통해 가입자격 충족 여부를 확인합니다. 
▪ 이 적금에 가입한 후 가입대상이 아닌 것으로 확인될 경우 납입 중지(가입대상 미해당) 
처리됩니다. 
▪ 만기일 전에 해지할 경우 중도해지 처리됩니다.  
  ※ 만기일이 휴일인 경우 포함 
  ※ 중도해지 시 비과세 및 정부기여금 혜택을 받을 수 없고, 납입금액에 대해 중도해지 
금리가 적용됩니다. 
▪ 계약기간 동안 추심, 상계 등으로 가입자가 본인 납입금을 수령할 수 없는 경우 
정부기여금을 지급하지 않습니다. 
▪ 이 적금 가입 시 서민금융진흥원이 가입자에게 지급하는 정부기여금의 지급조건, 지급액, 
지급시기 및 방법 등에 동의한 것으로 봅니다. 
▪ 이 적금 가입대상 청년의 수가 정부기여금 지급 가능 예산수준을 초과할 경우 가입대상 
기준 중 개인소득 금액이 적은 청년이 우선 가입될 수 있습니다. 
▪ [성실납입자 신용점수 가점 부여] 
이 적금에 성실납입(①가입 2 년 경과 및 ②800 만원 이상 납입)한 가입자는 신용점수 
가점 대상자로 선정되며, 신용평가회사(NICE, KCB) 세부기준에 부합할 경우 
개인신용평가점수 가점(5~10 점)이 부여됩니다.(가점 세부 기준은 CB 사 별도 문의) 
※ 청년도약계좌에서 청년미래적금으로 갈아타는 청년들에 대하여 신용점수 가점 부여를 
위한 가입기간 및 납입액 산정 시 청년도약계좌 가입기간 및 납입액을 포함 
 
청년미래적금 
연계가입 
▪ 청년미래적금 연계가입이란 청년도약계좌 보유자가 「조세특례제한법」제 91 조의 22 
제 3 항제 2 호에 따라 특정기간 내 청년미래적금을 가입할 수 있도록한 제도입니다. 
▪ 대상: 청년도약계좌 보유 고객 
▪ 연계가입 허용기간: 2026.06.22 ~ 2026.08.07 
* 연계가입을 원하는 경우 2026.06.22 ~ 2026.07.03 기간 중 청년미래적금  
가입자격조회 신청을 완료하여야 합니다. 
▪ 신청방법 
① 청년미래적금 가입신청 
② (서민금융진흥원) 청년미래적금 적격 통지 
③ 청년미래적금 신규 (가입금액 0 원, 납입제한) 
④ (청년도약계좌 보유 기관) 청년도약계좌 특별중도해지 (사유: 청년미래적금 연계가입) 
⑤ 청년미래적금 납입 (청년도약계좌 해지일의 다음 영업일 오전 9 시부터 가능) 
▪ 유의사항 
- 청년도약계좌를 보유한 경우, 연계가입 허용기간 중 청년미래적금을 중복가입할 수 
있습니다. 이 때 청년미래적금은 가입금액 0 원, 납입불가한 상태로 신규됩니다. 
- 연계가입을 통해 청년미래적금에 가입한 경우 청년도약계좌를 특별중도해지 
(사유: 청년미래적금 연계가입) 할 수 있으며, 청년도약계좌 해지일 다음 영업일 
오전 9 시부터 청년미래적금 납입이 가능합니다. 
- 연계가입 특별중도해지는 영업일 오전 9 시부터 오후 7 시까지 가능합니다. 
- 연계가입은 2026.06.22 ~ 2026.08.07 기간에만 가능하며, 해당 기간 이후 
청년도약계좌 보유 고객은 청년미래적금을 중복가입할 수 없습니다. 
(단, 청년도약계좌 해지 후 청년미래적금에 가입 가능합니다.) 
- 청년미래적금 신규 이후 연계가입 허용기간동안 청년도약계좌를 해지하지 않은 
경우, 연계가입 허용기간 이후 “청년미래적금 연계가입” 사유로 청년도약계좌 
특별중도해지는 불가합니다. 또한, 가입한 청년미래적금은 납입중지 처리됩니다. 
 
3  유의 사항 
▪ 이 적금은 ‘KB 국민은행’과 ‘서민금융진흥원’의 업무협약에 의해 운영되는 상품으로, 향후 업무협약 및  
관련법 변경에 따라 상품내용이 변경될 수 있습니다. 
▪ 이 설명서는 「금융소비자 보호에 관한 법률」 제 19 조제 1 항, 동 법 시행령 제 14 조제 1 항, 제 3 항에  
따라 금융상품에 관한 중요한 사항을 이해하기 쉽도록 설명하기 위해 설명을 하기 전에 제공되는  
자료로써, 상담일 이후 가입금액, 계약기간 등 변경에 의하여 일부 내용이 달라질 수 있습니다. 
▪ 본 설명서는 법령 및 내부통제기준에 따른 절차를 거쳐서 제공됩니다. 
 
4  연계∙제휴서비스 
 
구 분 내 용 
연계∙제휴서비스 
내 용 
- KB 라이프생명 「KB 지켜주는 대중교통안심보험 무배당」 무료 가입(개인별 1 회 한정) 
* 보험보장내용 (보험기간 1 년, 보험가입금액 5,000만원 기준) 
 
급부명 지급사유 지급금액 
대중교통재해 
사망보험금 
피보험자가 보험기간 중 “대중교통 이용 중 교통사고”로 
인하여 사망하였을 때 5,000만원 
대중교통재해 
장해급여금 
피보험자가 보험기간 중 “대중교통 이용 중 교통사고”로 
인하여 장해분류표에서 정한 각 장해지급률 중 3% 이상 
100% 이하에 해당하는 장해상태가 되었을 때 
1,500만원 
x 해당 장해지급률 
연계∙제휴서비스 
이행책임 
- KB 국민은행은 연계∙제휴서비스를 부당하게 축소하거나 변경하지 않으며,  
불가피하게 축소하거나 변경하는 경우 그에 상응하는 다른 연계∙제휴서비스를 제공 
연계∙제휴서비스 
제공기간 
- 본 연계 ∙제휴서비 스는 2026년 7월 27일로 부터 2026년 11월 28일까 지 가입 가능 
ㅇ 개인별 1 회로 한정되며, 서비스 가입 시 보험기간 1 년 보장 
연계∙제휴서비스 
변경∙종료에 대한 
사전통지  
- 연계·제휴서비스의 변경·종료 시 서면, 우편, 전자우편, 전화, 팩스, 휴대전화 문자메시지 
또는 이에 준하는 전자적 의사표시 중 2 개 이상의 방법으로 축소·변경 6 개월 전부터  
매월 안내 
단, 그에 상응하는 다른 연계·제휴서비스를 제공하거나 KB국민은행의 휴업·파산·경영상의 
위기 또는 연계·제휴서비스 등을 제공하는 자의 일방적인 제공 중단 등 6 개월 전부터 
안내하기 어려운 불가피한 사유가 있는 경우는 해당 상황이 발생하는 즉시 고지 
연계∙제휴서비스 
제공요건 
- 「KB 청년미래적금」을 가입하고 활동계좌를 보유한 고객 중 「KB 지켜주는 대중교통안심보험 
무배당」의 가입대상 조건을 충족하며, 적금 [가입완료] 또는 [전용화면] 화면의  
“대중교통재해보장 무료보험 가입하기”를 통해 보험에 직접 가입한 경우 제공 
※ 보장내용 및 보험금 지급 조건은 보험약관에서 정하는 바에 따르며, 연계·제휴서비스 보험상품에 
대한 문의사항은 KB 라이프생명(☎1800-3579)을 통해 상담받으실 수 있습니다. 
 
이 상품은 KB국민은행 수신상품부(P)에서 개발 및 관리하는 상품입니다.  
본 상품에 대한 문의사항 또는 민원 상담이 필요하시면 지점, 고객센터(1588-9999) 또는 인터넷 홈페이지 
(www.kbstar.com), 금융감독원 민원상담센터(국번없이 1332) 또는 e-금융민원센터(www.fcsc.kr)를 통해  
문의주시기 바랍니다. 지점 등을 통해 은행에 접수된 민원은 특별한 사정이 없는 한 14 영업일 이내에 처리함을 
원칙으로 하되, 기한 연장 시 이에 대해 안내드리도록 하겠습니다. 또한 요청이 있는 경우 민원처리 진행상황을  
안내받으실 수 있습니다. 또한 금융소비자는 본 상품에 대하여 당 은행과 분쟁이 있는 경우에는 금융소비자보호법 
제 36 조 제 1 항에 따라 금융감독원에 분쟁조정을 신청할 수 있습니다.",ok,
products/savings/KB청년미래적금특약.pdf,KB청년미래적금특약.pdf,products/savings,7,"「KB 청년미래적금」 특약 
 
제1조 적용범위 
① 이 특약은 「KB청년미래적금」(이하 ‘이 적금’) 거래에 대하여 적용하고, 이 특약에서 정하지 않은 사항은 
「예금거래기본약관」 및 「적립식예금약관」을 적용합니다. 
② 이 적금의 거래과정에서 발생하는 전자금융거래에 관한 사항은 「전자금융거래기본약관」을 적용합니다. 
 
제2조 가입대상 
① 이 적금의 가입대상은 실명의 개인인 거주자로서 다음 각 호의 요건을 모두 충족하는 사람에 한합니다. 
1. 가입일 현재 19세 이상 34세(병적증명서등으로 다음 각 목의 병역을 이행하였음이 증명되는  
경우에는 6년을 한도로 병역을 이행한 기간을 현재 연령에서 빼고 계산한 연령) 이하인 사람 
(단, 2026년 1월 1일부터 2026년 8월 31일까지의 기간 중 34세를 초과하게 된 자가 해당기간 
중에 청년미래적금에 가입하려는 경우에는 2025년 12월 31일을 기준으로 나이를 확인합니다) 
가. 현역병, 상근예비역 및 의무경찰ㆍ의무소방원  
나. 사회복무요원  
다. 장교, 준사관 및 부사관 
2. 가입일 현재 다음 각 목의 어느 하나에 해당하는 개인소득기준주1)을 충족하는 사람 
가. 직전 과세기간의 총급여액이 7,500만원 이하인 경우(직전 과세기간에 근로소득만 있거나 근로소득 
및 종합소득과세표준에 합산되지 아니하는 종합소득이 있는 경우로 한정하고, 비과세 소득만 있는  
경우는 제외) 
나. 직전 과세기간의 종합소득과세표준에 합산되는 종합소득금액이 6,300만원 이하인 경우(직전 과세 
기간의 총급여액이 7,500만원을 초과하는 근로소득이 있는 자 및 비과세소득만 있는 경우는 제외) 
※ 주1) 가입일 현재 직전 과세기간의 소득이 확정되지 않은 경우에는 전전 과세기간의 소득을 
기준으로 충족 여부를 판단  
다. 가입대상 확인 시 가목, 나목에도 불구하고 「소득세법」 제12조제3호마목에 따른 육아휴직급여, 
육아휴직수당이 있는 사람, 「소득세법」 제12조제3호가목에 따른 복무 중인 병(兵)이 받는 급여가 
있는 사람은 비과세소득만 있는 자로 보지 않을 것 
라. 「소상공인 보호 및 지원에 관한 법률」 제2조에 따른 소상공인으로서 직전 과세기간의 합산매출액주2) 
이 3억원 이하일 것(소상공인 여부는 ‘중소기업현황정보시스템’에서 발급된 소상공인 확인서를 
기준으로 판단하나, 가입일 현재 사업 운영 상태 및 업종주3)에 따라 소상공인으로 인정되지 않을 수 
있음) 
※ 주2) 사업장이 2개 이상인 경우 모든 사업장의 연매출액을 합산 
※ 주3) 신청 시점에 사업운영을 하지 않거나, 운영 중인 사업장이 중소벤처기업부에서 고시하는 
소상공인 정책자금 융자제외 업종일 경우 소상공인으로 인정되지 않음 
3. 가입일 현재 다음 각 목에 따라 산정한 가구소득기준주4)을 충족하는 사람 

가. 직전 과세기간의 가구소득이 직전년도「국민기초생활 보장법」 제 2 조 제 11 호에 따른 
기준 중위소득(이하 “기준 중위소득”)의 200% 이하일 것 
(단, 가입하려는 거주자 본인과 배우자로 구성된 2 인 가구 중 본인과 배우자 모두 본조 2 호 가목, 
나목에 따른 소득금액 확인이 가능한 경우(이하 “맞벌이 2 인가구”) 기준 중위소득 250% 이하 적용) 
나. 가구원주 5)은 이 적금에 가입하려는 거주자 본인과 본인의 주민등록표 등본상(주민등록표 등본 발급이 
불가능한 외국인의 경우 외국인등록 사실증명상) 배우자, 부모, 자녀, 형제·자매를 기준으로 판단할 것 
(단, 형제·자매는 미성년자인 경우에만 가구원에 포함하며, 청년이 부양하고 있는 것으로 확인 될 
경우 조부모를 포함 할 수 있음) 
다. 가구소득은 가구원의 총급여, 종합소득과세표준에 합산되는 종합소득금액, 연말정산한 사업소득금액,  
연말정산한 연금소득금액, 연말정산한 종교인소득금액을 모두 합산하여 산정(단, 미성년자인 형제· 
자매의 경우 소득합산에서 제외) 
※ 주 4) 가입일 현재 직전 과세기간의 소득이 확정되지 않은 경우에는 전전 과세기간의 소득 및 
전전년도의 기준 중위소득을 기준으로 충족 여부를 판단 
※ 주 5) 주민등록표 등본 상 가구원을 판단하기 어려운 예외 사항은 별도 증빙서류를 제출 받아 
가구원을 확정 
4. 가입일이 속한 과세기간의 직전 3 개주 6) 과세기간 중 1 회 이상 ‘금융소득종합과세 대상자’ (「소득세법」 
제 14 조제 3 항제 6 호에 따른 소득의 합계액이 같은 호에 따른 이자소득등의 종합과세기준 금액을 
초과한 자)에 해당하지 않는 사람 
※ 주 6) 가입일 현재 직전 과세기간의 소득이 확정되지 않아 직전 과세기간의 ‘금융소득종합과세 대상자’ 여부를 
확인할 수 없는 경우에는 나머지 2 개 과세기간을 기준으로 판단하되, 가입 후 직전 과세기간의 ‘금융소득 
종합과세 대상자’로 확인되면 납입 중지(가입대상 미해당) 처리 
② 이 적금에 가입한 후 제2조제1항에 따른 가입대상이 아닌 것으로 확인될 경우 납입 중지(가입대상 미해당)  
처리됩니다. 
③ 이 적금은 공동명의로 가입할 수 없고, 양도 및 명의변경을 할 수 없습니다. 
④ 이 적금은 이 적금을 취급하는 모든 금융회사등(「금융실명거래 및 비밀보장에 관한 법률」에 따른 금융회사  
등)을 통틀어 1인 1계좌만 가입할 수 있습니다. 
⑤ 이 적금은 「조세특례제한법」 제91조의21에 따른 청년희망적금, 제91조의22에 따른 청년도약계좌 
(이하 “도약계좌”)와 중복 가입할 수 없습니다. (단, 「조세특례제한법」제91조의22제3항제2호에 따라 
특정기간에 이 적금에 가입하기 위해 도약계좌를 해지하는 경우(이하 “연계가입(갈아타기)”) 도약계좌와 
중복가입 가능합니다.) 
⑥ 외국인의 경우 실명확인증표는 외국인등록증(국내거소신고증 포함)으로 합니다. 
 
제3조 가입신청 및 적금가입 
① 이 적금은 가입신청 후 제2조의 가입대상 기준에 따라 선정된 자에 한해 특정 지정 기간에 가입합니다. 
② 이 적금을 신청하는 자는 신청 시 본인의 소득구분에 따라 일반소득자와 개인사업자(소상공인) 중 선택하여 
신청합니다. 
③ 제1항에 따른 특정기간 중에 19세가 되는 사람에 대해서는 특정기간의 첫 영업일부터 가입이 가능합니다. 
 
제4조 예금과목 및 계약기간  

이 적금의 예금과목은 정기적금(자유적립식)으로 하고, 계약기간은 가입일부터 3 년으로 합니다. (단, 만기일  
전에 해지 할 경우 만기해지되지 않습니다.) 
 
제5조 저축한도 및 저축방법 
① 이 적금은 회차별 최소 1 천원 이상 1 천원 단위로, 매월(월 초일부터 말일까지) 50 만원 범위에서 만기일  
전일까지 자유롭게 저축할 수 있습니다. 다만, 연간주 7) 납입 한도는 600 만원을 초과할 수 없습니다. 
※ 주 7) (예시) '26.7.27 가입 시 
☞ 1 년차('26.7.27~'27.7.26), 2 년차('27.7.27~'28.7.26), 3 년차('28.7.27~'29.7.26)  
② 도약계좌와 중복 가입한 자는 초입금 0 원으로 가입되며, 도약계좌 해지 후 이 적금에 납입할 수 있습니다. 
③ 도약계좌와 중복 가입한 자는 이 적금 가입 후 특정기간주8) 내에 도약계좌를 해지하지 않으면 납입중지 
(가입대상 미해당) 처리됩니다. 
※ 주8) 상세한 기간은 상품설명서 참조 
④ 원활한 정부기여금 운영을 위해 제1항에 따라 입금한 금액의 입금거래 정정(취소ㆍ변경 등)은 제한될 수 
있습니다. 
 
제6조 이자 지급 방법  
① 이 적금의 기본금리는 가입일 당시 지점 및 KB국민은행 홈페이지에 게시한 금리를 적용합니다. 
② 이 적금의 만기금리는 제1항의 기본금리에 제7조의 우대금리를 합하여 계약기간동안 적용합니다. 
③ 이 적금의 만기일 전에 해지할 경우에는 입금한 금액에 대하여 입금일부터 해지일 전일까지의 기간 동안  
가입일 당시 지점 및 KB국민은행 홈페이지에 게시한 중도해지금리로 계산한 이자를 원금에 더하여  
지급합니다. 
④ 이 적금의 만기일 이후에 해지할 경우에는 만기일부터 해지일 전일까지의 기간동안 가입일 당시 지점 및 
KB국민은행 홈페이지에 게시한 만기후금리로 계산한 이자를 제2항의 만기이자에 더하여 지급합니다. 
⑤ 제3항에도 불구하고 제9조에 따른 특별중도해지한 경우 제1항에 따른 기본금리로 계산한 이자와 원금을 
지급합니다. 
 
제7조 우대금리 
우대금리는 최고 연 3.0%p이며, 아래 항목별로 제공조건을 충족하는 경우 가입일 당시 지점 및 KB국민은행 
홈페이지에 게시한 우대금리를 적용합니다. 단, 모든 우대금리는 만기해지 계좌에 대하여 계약기간 동안 
적용합니다. 
항 목 제공 조건 
급여이체 
(연 1.0%p) 
이 적금의 신규일이 포함된 달부터 만기 전전월 말일까지 본인명의 KB 국민은행 입출금 
통장으로 급여주 9)가 입금된 월수가 12 회 이상인 경우 
출금실적 
(연 0.8%p) 
이 적금의 신규일이 포함된 달부터 만기 전전월 말일까지 본인명의 KB 국민은행 입출금 
통장에서 아래 ①, ②, ③ 중 하나 이상을 충족하는 출금실적이 발생한 경우 
① 월 2 건 이상의 공과금 자동이체주 10) 월수 12 회 이상 
② KB 리브모바일 요금제의 자동이체 출금 월수 12 회 이상주 11) 

③ KB 국민카드(신용/체크) 결제대금 출금주 12) 월수 12 회 이상 
거래감사 
(연 0.5%p) 
아래 ①, ②, ③ 중 하나 이상을 충족하는 경우 
① 가입일 기준 KB 청년도약계좌 가입이력이 있는 경우 
② 가입일 기준 6 개월주 13)이내 예적금주 14) 보유이력이 없는 경우 
③ 적금 만기 전전월 말일 기준 예금주가 KB 모임통장 서비스에 총무로 가입하고 
해당 모임에 예금주 본인 포함 모임원 2 명 이상인 경우 
소득플러스 
(연 0.5%p) 신청 시점에 확인된 개인소득금액이 총급여 3,600만원 이하, 종합소득 2,600만원 이하인 경우 
청년재무상담 
이수 
(연 0.2%p) 
계좌 만기일이 속하는 월의 3 개월 전 말일까지 진흥원주 15)에서 제공하는 청년재무상담*을  
이수한 경우 
 * 진흥원 청년재무상담 웹페이지를 통해 신청하여 이수한 대면 또는 비대면 상담 
※ 주 9) 급여 인정 세부 기준 (※ 당행 본인계좌로부터의 이체 실적은 제외) 
- 급여이체일이 등록된 계좌의 지정된 급여일(전후 1 영업일 포함 3 영업일)에 건별 50 만원 이상의 급여이체  
실적이 있는 경우 
- 급여이체일이 등록된 계좌에 적요(월급/급여/수당/급료/상여/보너스/봉급/연금/성과급/보로금/임금/Salary/  
bonus/pay)가 기재된 건별 50 만원 이상의 이체 실적이 있는 경우 
- 급여이체 계약(신청)에 의해 당행 급여이체 전산(급여성 선일자, 급여성 탑라인, 기업인터넷뱅킹 등)을 통한  
건별 20 만원 이상의 급여이체 실적이 있는 경우 
주10) 공과금 자동이체 인정 세부 기준 
- 계좌 거래내역 중 거래유형(거래구분)이 아파트관리비, 지로, CMS, FBS 인 출금건에 한함  
※ 거래유형(거래구분)이 상기 외 출금건인 경우 제외(국민카드, 공과금 등), 계좌간 자동이체 출금 건 제외 
주11) 본인 명의로 KB 리브모바일 요금제 개통 후 요금제 해지일까지 자동이체 출금 월수 12 회 이상 발생한 경우 
※ 적용대상 : KB 리브모바일 LGU+망, KT 망 이용 고객(단, 워치/데이터쉐어링/태블릿 이용 고객 제외) 
※ 1 개월 이상 요금제 정지시, 정지기간 중 출금건은 자동이체로 인정하지 않음 
주12) 계좌에서 출금된 신용카드 결제일 출금 또는 체크카드 즉시 결제 
※ 오픈뱅킹을 통한 결제 건, 기업카드 및 선불카드 결제 건 등 제외 
주13) 6 개월 전 신규해당일 다음날(없는 날짜인 경우 6 개월 전 해당월 말일의 다음날) ~ 신규일 
※ 예시. 적금 신규일이 2026.07.27 인 경우, 최근 6 개월 대상기간은 
“2026.01.28(6 개월 전 신규해당일 다음날) ~ 2026.07.27(신규일) 
주14) 거치식/적립식 예금(청약, 외화예금 제외) 
※ 대상기간 중 취소계좌는 보유이력에 미포함, 철회계좌는 보유이력에 포함 
※ 명의변경계좌는 해당 계좌의 신규일부터 보유한 것으로 반영 
주15) 「서민의 금융생활의 지원에 관한 법률」 제 3 조에 따른 서민금융진흥원(이하 “진흥원”) 
 
제8조 세율의 적용 
① 제5조에 따라 납입된 저축금액에 대해 발생한 이자소득에 대해서는 소득세 및 농어촌특별세가 부과되지  
않습니다. 다만, 관련 세법(‘조세특례제한법’ 및 ‘농어촌특별세법’)이 개정될 경우 세금이 부과될 수 있습니다. 
② 제1항에도 불구하고 다음 각 호의 어느 하나에 해당하는 이자소득에 대해서는 소득세 및 농어촌특별세가 
부과됩니다. 

1. 가입자가 「조세특례제한법」제 91 조의 25 에 따른 과세특례 적용 요건(이하 ‘과세특례 요건’)을 갖추지 
못한 것이 확인된 경우 이 적금에서 발생한 이자소득 
2. 가입자가 계약기간 중 계약을 해지(제 9 조에 따른 특별중도해지는 제외)한 경우 이 적금에서 발생한 
이자소득 
3. 이 적금의 만기일 이후 발생한 이자소득 
③ 제 10 조제 8 항에 따른 정부기여금의 이자소득에 대해서는 소득세 및 농어촌특별세가 부과되지 않습니다. 
 
제9조 특별중도해지 시 세율의 적용 
① 이 적금의 가입자가 계약기간 중 다음 각 호의 어느 하나에 해당하는 사유로 계약을 해지(이하 ‘특별중도 
해지’)하는 경우 해지 시 지급받은 이자소득에 대해서는 소득세 및 농어촌특별세가 부과되지 않습니다.  
다만, 특별중도해지를 하여 이자소득을 지급하기 전에 과세특례 요건을 갖추지 못한 것이 확인된 경우에는 
소득세 및 농어촌특별세가 부과됩니다. 
1. 가입자의 사망·해외이주 
2. 계약해지일 전 6 개월 이내에 발생한 다음 각 목의 어느 하나에 해당하는 사유 
가. 천재지변 
나. 가입자의 퇴직 
다. 사업장의 폐업 
라. 가입자의 3 개월 이상의 입원치료 또는 요양이 필요한 상해·질병의 발생 
마. 금융회사등의 영업의 정지, 영업인가·허가의 취소, 해산결의 또는 파산선고 
② 특별중도해지를 하려는 가입자는 「조세특례제한법 시행규칙」 제 61 조에 따른 특별해지사유신고서 및 
증빙서류를 은행에 제출하여야 합니다. 
 
제10조 정부기여금의 지급 등 
① 정부기여금은 진흥원이 제 2 조의 가입대상의 요건을 갖춘 사람으로서 다음 각 호의 어느 하나에 
해당하는 가입자에게 지급하는 기여금을 말합니다. 
1. 이 적금의 만기일 이후 해지한 가입자 
2. 이 적금의 계약기간 중 특별중도해지한 가입자(단, 제 2 항에 따른 중소기업 우대형 가입자가  
퇴직사유로 특별중도해지하는 경우 자발적 퇴직사유는 일반형 정부기여금 지급비율 적용합니다) 
② 정부기여금은 다음 각 호의 어느 하나에 해당하는 경우에 아래 기준에 따라 진흥원이 지급합니다.  
다만, 정부기여금은 정부 예산으로 지급되는 기여금으로, 정책 및 관련 법률 등이 변경될 경우  
지급이 중단될 수 있습니다. 
1. 일반형 소득요건에 해당하는 일반 소득자 
2. 일반형 소득요건에 해당하는 소상공인 
3. 우대형 소득요건에 해당하는 중소기업 재직자 
4. 우대형 소득요건에 해당하는 중소기업 신규 취업자주 16) 
5. 우대형 소득요건에 해당하는 소상공인 
※ 주16) 직전년도에 생애 최초 취업 후 신청 시점에 중소기업에 재직 중인 자 

 
[표 1] 정부기여금 지급기준 
구 분 
개인소득 가구소득 
정부기여금 
매칭비율 총급여 기준 종합소득 기준 
일반 
(맞벌이 
2 인가구) 
일반형 
일반소득자 6,000 만원 이하 4,800 만원 이하 200% 이하 
(250% 이하) 
6% 
소상공인 연 매출액 3 억원 이하 
우대형 
중소기업 
재직자주 17) 3,600 만원 이하 2,600 만원 이하 
150% 이하 
(200% 이하) 
12% 
중소기업 
신규 취업자주17) 6,000 만원 이하 4,800 만원 이하 
200% 이하 
(250% 이하) 
소상공인 연매출 1 억원 이하 
150% 이하 
(200% 이하) 
※ 주17) 적금유형은 가입 시 확정되며, 가입 후 변동될 수 없음(단, 본조 제 6 항에 따른 변동은 가능합니다.) 
③ 제 2 항에 따른 정부기여금 산정 기준금액은 제 5 조에 따른 매월 및 연간 저축한도 기준을 적용합니다.  
④ 제 2 항에 따른 중소기업은 「중소기업기본법」제 2 조제 1 항을 기준으로 하며, ‘중소기업현황정보시스템’에서 
발급된 중소기업 확인서 또는 한국평가데이터의 기업정보를 기준으로 판단합니다. (단, 신청 시점 기준으로 
중소기업에 재직 중이지 않거나 재직 중인 중소기업이 「중소기업 인력지원 특별법 시행령」 제 2 조에 따른 
업종이면 중소기업 재직자로 인정되지 않습니다) 
⑤ 중소기업 재직자 또는 중소기업 신규 취업자의 경우 계약기간 중 29 개월 이상 중소기업에 근무주18 ) 해야 
합니다. (단, 이직은 계약기간 중 2 회까지 허용) 
※ 주18) 중소기업 근로기준 확인은 만기 전월에 실시하며, 가입일부터 만기 한달 전 시점까지 중소기업 근속기간 
합산이 29 개월 이상이면서 이직 횟수가 2 회 이하이어야 요건을 충족 함 
⑥ 제 5 항의 요건을 충족하지 못한 것으로 확인될 경우 계약기간 동안 일반형 정부기여금 지급비율을 적용합니다. 
⑦ 정부기여금은 은행이 진흥원을 대신하여 이 적금의 이자와 함께 지급하며, 정부기여금에도 이자를 계산하여 
지급합니다. 
⑧ 정부기여금 지급 시 이자는 해당 월에 발생한 정부기여금에 대하여 진흥원이 은행에 입금한 날 부터 
만기일(특별중도해지의 경우 해지일을 의미함) 전일까지의 기간 동안 제 6 조제 1 항에 따른 기본금리로 
계산한 이자를 적용합니다. 
⑨ 만기일 이후에 해지할 경우에는 만기일부터 해지일 전일까지의 기간동안 제 6 조제 4 항에 따른 만기 후 
금리로 계산한 이자를 본조 제 8 항의 기본금리로 계산한 이자에 더하여 적용합니다. 
⑩ 제 1 항에도 불구하고 외국인에게는 정부기여금을 지급하지 않습니다. (계약기간 중 외국인으로 국적이 변경된 
경우도 지급하지 않습니다) 
⑪ 가입자에게 지급하는 정부기여금이 「공공재정 부정청구 금지 및 부정이익 환수 등에 관한 법률」에 따른 
부정이익으로 확인되는 경우에는 같은 법에 따라 부정이익 환수 등의 제재를 받을 수 있습니다. 

 
제11조 재가입 등 
① 이 적금은 중도해지(특별중도해지 포함) 후 재가입이 가능하며, 해지일이 포함된 월을 기준으로 2 개월 
후부터 가입신청이 가능합니다. 
② 중도해지(특별중도해지 포함) 후 재가입 시 정부기여금 지급비율은 계약기간에서 기 가입기간만큼 차감한 
비율주 19)을 적용하여 산출합니다. (원 미만 절사) 
※ 주19) [(계약기간 – 재가입 전 가입기간) / 계약기간], 가입기간이라 함은 가입일부터 해지일까지 기간을 개월 수로  
환산한 기간(올림하여 환산)을 의미하며, 2 회 이상 재가입할 경우 각각 가입기간을 계산하여 합산(소수점 
이하 두 번째 자리에서 버림) 
 
제12조 기타 
① 이 적금은 일부해지 및 계약변경은 불가하나, 질권 설정은 가능합니다. 
② 계약기간 동안 추심, 상계 등으로 가입자가 본인 납입금을 수령할 수 없는 경우 제 10 조에 따른 
정부기여금을 지급하지 않습니다. 
③ 이 적금에 가입하려는 사람의 제 2 조제 1 항제 1 호의 나이요건과 제 2 조제 1 항제 2 호 및 제 3 호의 
소득기준은 진흥원을 통해 확인합니다. 
④ 이 적금의 가입자가 이 특약에 동의한 경우에는 제 10 조에 따라 진흥원이 가입자에게 지급하는 
정부기여금의 지급조건, 지급액, 지급시기 및 방법 등에 동의한 것으로 봅니다. 
⑤ 이 적금의 가입대상 청년의 수가 제 10 조에 따른 정부기여금 지급 가능 예산수준을 초과할 경우  
제 2 조제 1 항제 2 호에 따른 개인소득 금액이 적은 청년이 우선 가입될 수 있습니다. 
 
 
 
부 칙 
이 약관은 2026 년 6 월 22 일부터 시행합니다. 
 
 
 
 
 
 
본 특약은 법령 및 내부통제기준에 따른 절차를 거쳐서 제공됩니다.",ok,
products/savings/YoungYouth상품설명서260724.pdf,YoungYouth상품설명서260724.pdf,products/savings,6,"KB Young Youth 적금 상품설명서 
 
1  상품 개요 및 특징 
▪ 상 품 명:  KB Young Youth 적금 
▪ 상품특징:  자녀가 성년이 될 때까지 장기거래가 가능하며, 어린이/청소년을 위한 무료 보험가입 
서비스를 제공하는 적금 
 
2  거래 조건 
 
구   분 내   용 
가입대상 
▪ 만 19 세 미만 실명의 개인 (1 인 1 계좌)  
  ※ 개인사업자 및 서류미제출 임의단체, 공동 명의 가입 불가 
상품유형 ▪ 자유적립식 예금 
가입금액   
및 저축방법 
▪ 신규 시 1 만원 이상, 이후 회차별 1 천원 이상 원단위로  
매월(해당월의 초일부터 말일까지) 3 백만원 이하 금액을 만기일 전일까지 자유롭게 저축  
계약기간 
▪ 1년 (가입 시 등 재예치를 신청하는 경우에만, 1년 마다 자동 재예치) 
※ 자동재예치 시 재예치 통지를 요청한 고객에게만 고객이 신청한 방법(SMS 또는 
이메일)으로 통지합니다. (재예치통지 신청은 재예치 전영업일까지 가능) 
※ 재예치 불가계좌 
* 만20세가 되는 해에 계약기간 만기일이 도래하는 경우 
* 비과세종합저축한도 초과 계좌 
* 압류, 질권설정 등 사고신고 계좌 
* 최초 가입 후 또는 재예치후 추가 저축이 없는 계좌 
* 만기 자동재예치를 신청하지 않은 계좌 
※ 이 적금은 은행의 사정에 의해 판매중단될 경우 판매중단일 이후 만기도래되는 
계좌에 대해서는 자동 재예치하지 않습니다. 
기본이율 
(세금공제 전, 
2026.07.24 기준) 
▪ 연 2.35%  
※ 신규가입일(또는 재예치일) 당시 영업점 및 KB국민은행 홈페이지에 게시한 기본이율 적용 
우대이율 
(세금공제 전, 
2026.07.24 기준) 
▪ 우대이율: 최대 연 1.3%p 
※ 신규가입일(또는 재예치일) 당시 영업점 및 KB국민은행 홈페이지에 게시한 우대이율 적용 
◈ 이 설명서는 금융소비자의 권익 보호 및 예금상품에 대한 이해 증진을 위하여 「금융소비자 보호에 관한 법률」 및 
관련 규정에 의거, 은행의 내부 통제절차를 거쳐 예금상품의 주요 내용을 쉽게 이해할 수 있도록 작성한 자료입니다. 
◈ 설명내용을 제대로 이해하지 못하였음에도 불구하고 설명을 이해했다는 서명을 하거나 녹취기록을 남기시는 경우,  
추후 해당 내용과 관련한 권리구제가 어려울 수 있습니다. 
◈ 통장 미발행 요청 시에는 통장 또는 증서가 교부되지 않습니다. 
준법감시인 심의필 제2026-3321-2호(심의일: 2026.07.22) 
(유효기간: 2026.07.24 ~ 2028.06.30) 
 

※ 모든 우대이율은 만기 해지하는 계좌에 대하여 계약기간 동안 적용 
우대이율 적용조건 
[1] 가족사랑 우대이율 
(연 0.2%p) 
신규(또는 재예치) 시 가입고객을 포함하여 KB국민은행에 
가족고객으로 등록된 가족수가 3인 이상인 경우 
[2] 자동이체 우대이율 
(연 0.1%p) 
계약기간 중 KB 국민은행 계좌간 자동이체로 이 적금에 입금된 
입금건수가 8 회 이상인 경우  
[3] 아동수당 우대이율 
(연 0.1%p) 
계약기간 중 본인명의의 KB Young Youth 통장으로 
아동수당을 3 회 이상 수령한 경우 
[4] 주택청약종합저축 
우대이율 (청년 주택드림 
청약통장 포함) 
(최대 연0.4%p) 
계약기간 중 KB 국민은행에서 주택청약종합저축을 신규 가입한 
경우 (연 0.3%p)  
만기일 기준으로 KB 국민은행의 주택청약종합저축을 보유하고 
있는 경우 (연 0.1%p) 
[5] 우리아이 성장축하 
및 지문등록 우대이율 
(연 0.5%p) 
① 신규(또는 재예치) 시 고객 연령이 만 0 세, 7 세, 13 세, 
16 세, 19세인 경우 해당 연령이 속한 계약기간에 대하여 연 
0.5%p 우대 또는 ② 계약기간 중 지문등록 후 경찰서장 발급의 
[아동 등 사전신고증]을 계약기간의 만기일 전일까지 제출하는 
경우 연 0.1%p (단, 지문등록 우대이율은 계약기간 중 1 회만 
등록 가능하며, 재예치된 계좌는 재예치시마다 다시 등록하고 
제출한 경우 우대이율 적용 가능) 
※ ①과② 모두 충족시에도 최대 연 0.5%p 
최종이율 
(세금공제 전, 
2026.07.24 기준) 
▪ 최저 연 2.35% ~ 최고 연 3.65% 
※ 최고이율은 신규가입일(또는 재예치일) 당시 영업점 및 KB 국민은행 홈페이지에 게시한 
우대이율 연 1.3%p 모두 적용 시  
이자지급시기 ▪ 만기일시지급식: 만기(후) 또는 중도해지 요청 시 이자를 지급 
만기이자 
계산방법 
(산출근거) 
▪ 입금금액마다 입금일부터 만기일 전일까지의 기간에 대하여 약정이율로 계산한 이자를 
합계 (원 미만 절사) 
 [입금건별 이자계산 산식] 입금금액 X 약정이율 X 일수(입금일~만기일 전일)/365 
 
 
 
 
 
 
 
 
 
 
 
※ 예상 수취이자액 안내 
 - 월 10만원씩 12개월 납입시 세전 23,725원 (최고금리 적용시, 세부사항 변동가능) 
 - 월 10만원씩 12개월 납입시 세전 15,275원 (기본금리 적용시, 세부사항 변동가능)  
  

중도해지이율 
 
(세금공제 전, 
2026.07.24 기준) 
▪ 신규가입일(또는 재예치일) 당시 영업점 및 KB국민은행 홈페이지에 게시한 예치기간별 중도해지  
이율적용                                                                                                 (단위: 연 %) 
예치기간 이율 
1개월미만 0.1 
1개월이상 ~ 3개월미만 기본이율 X 50% X 경과월수/계약월수 (단, 최저금리는 0.1) 
3개월이상 ~ 6개월미만 기본이율 X 50% X 경과월수/계약월수 (단, 최저금리는 0.1) 
6개월이상 ~ 8개월미만 기본이율 X 60% X 경과월수/계약월수 (단, 최저금리는 0.2) 
8개월이상 ~ 10개월미만 기본이율 X 70% X 경과월수/계약월수 (단, 최저금리는 0.2) 
10개월이상 ~ 11개월미만 기본이율 X 80% X 경과월수/계약월수 (단, 최저금리는 0.2) 
11개월이상 기본이율 X 90% X 경과월수/계약월수 (단, 최저금리는 0.2) 
1. 경과월수: 입금일 다음날로부터 해지월 입금해당일까지를 월수로 하고, 1개월 미만은 절상  
2. 계약월수: 12개월(※ 경과월수는 계약월수를 초과할 수 없음) 
3. 이율은 소수점 둘째 자리까지 표시(소수점 셋째 자리에서 절사) 
중도해지이자 
계산방법 
(산출근거) 
▪ 입금금액마다 입금일부터 중도해지일 전일까지의 기간에 대하여 예치기간별 중도해지이율로 계산한 
이자를 합계(원미만 절사) 
[입금건별 중도해지이율 계산 산식] 기본이율 X 예치기간별 적용률(50~90%) X 경과월수/계약월수 
 
만기후이율 
(세금공제 전, 
2026.07.24기준) 
▪ 신규가입일(또는 재예치일) 당시 영업점 및 KB국민은행 홈페이지에 게시한 경과기간별 만기후이율  
적용  (※ 이율은 소수점 둘째 자리까지 표시(소수점 셋째 자리에서 절사)                      (단위: 연 %) 
경과기간 이율 
만기후 1개월이내 기본이율 X 50% 
만기후 1개월 초과~3개월이내 기본이율 X 30% 
만기후 3개월 초과 0.1 
 
세제혜택 
▪ 비과세종합저축으로 가입 가능 
※ 관련 세법이 개정될 경우 세율이 변경되거나 세금이 부과될 수 있음 
※ 계약기간 만료일 이후의 이자는 과세됨 
거래방법 ▪ 신규 및 해지 : 영업점, KB스타뱅킹 
계약해지방법 
▪ KB 스타뱅킹, 영업점 방문을 통해 해지 
※ 영업점 신규 및 법정대리인의 KB 스타뱅킹에서 신규 시 영업점 방문을 통한 해지만 가능 
▪ 만기 자동해지 가능 
※ 만기 자동해지를 신청하는 경우 지정계좌로 입금 가능 
▪ 만기일이 토요일 또는 법정공휴일(일요일 포함)인 경우 직전 영업일에 해지 시 
해당 일수만큼 약정이자를 차감하고 지급 
  
기본이율x90%x 
경과월수/계약월수
(최저 0.2)
기본이율x80%x 
경과월수/계약월수
(최저 0.2)
기본이율x70%x 
경과월수/계약월수
(최저 0.2)
기본이율x60%x 
경과월수/계약월수
(최저 0.2)
기본이율x 50% x
경과월수/계약월수
(최저 0.1)
기본이율x 50% x
경과월수/계약월수
(최저 0.1)0.1
[예치기간] 1개월 3개월 6개월 8개월 10 개월 11 개월 
원금 및 이자 지 급 제한 
▪ 계좌에 압류주1), 가압류주2), 질권주3) 등이 등록될 경우 원금 및 이자 지급이 제한될 수 있음 
※ 민사집행법에 따라 최저생계비 이하 등 압류금지채권에 해당하는 경우에는 
법원에 압류금지채권 범위 변경 신청 등을 통해 압류를 취소할 수 있습니다. 
 
 주 1) 압류: 채무자의 특정한 재산에 대하여 처분(매매, 양도 등)을 금지하게 하는 법원의 조치로서,  
채권자가 채무자의 해당 재산을 금전화하여 채무 변제에 충당하려는 목적으로 이용됩니다. 
 주 2) 가압류: 법원이 채권자를 위하여 나중에 강제 집행을 할 목적으로 채무자의 재산을 임시로 
확보하는 행위입니다. 
 주 3) 질권설정: 채무자가 변제기일에 채무를 이행하지 않는 경우 설정자(담보물 소유자)가 제공한 
담보물에 대하여 채권자가 직접 청구하여 우선적으로 변제받을 수 있는 권리를 설정하는 
것으로써 일반적으로 담보물이 동산 또는 권리(예·적금, 채권 등)인 경우에 활용됩니다. 
▪ 예금잔액증명서 발급 당일에는 입금·출금·이체 등 잔액 변동 불가 
예금의 일부인출 
▪ 재예치된 계좌의 재예치금(이자원가액 포함) 중 일십만원을 제외한 금액 범위 내에서 
계약기간 중 1만원 단위로 총 2회까지 일부 인출 가능  
※ 재예치일부터 일부인출일 전날까지의 기간에 대해 재예치일 당시 영업점에 게시한  
중도해지 이율로 셈한 이자를 일부인출 금액에 더하여 지급함. 
자동이체 ▪ KB 국민은행 계좌뿐만 아니라 다른 금융회사 계좌에서도 가능하나, 자동이체 신청은 
해당 금융회사에서 신청하여야 합니다. 
재예치 ▪ 가능(재예치를 신청하는 경우에만 1년마다 자동 재예치) 
만기앞당김 지급 ▪ 불가 
질권설정 ▪ 가능 
양도  ▪ 불가  
담보제공 ▪ 계좌잔액의 95%까지 예금담보대출 가능 
위법계약해지권 
▪ 금융소비자는 은행이 금융소비자보호법 판매원칙주 1)을 위반하여 해당 금융상품에 관한 
계약을 체결한 경우에는 법 위반사실을 안 날로부터 1 년 이내(해당 기간은 계약 
체결일로부터 5 년 이내의 범위)에 해지요구서 주 2)와 위반사항을 증명하는 서류를 
은행에 제출하여 해당 계약의 해지를 요구할 수 있습니다. 만약, 금융소비자의 요구가 
정당한 것으로 판단될 경우 수수료, 위약금 등 계약의 해지와 관련된 비용 부담 없이 
해당 계약을 해지할 수 있습니다. 
 
주 1) 금융소비자보호법 판매원칙: 부적합한 금융상품을 권유한 경우(제 17 조 제 3 항), 적정하지 
않은 금융상품에 대해 부적정하다는 사실을 알리지 않은 경우(제 18 조 제 2 항), 금융상품에 
대해 거짓 또는 왜곡하여 설명하거나 중요한 사항에 대한 설명을 누락한 경우(제 19 조 
제 1,3 항), 불공정영업행위의 금지(제 20 조 제 1 항), 부당권유행위의 금지(제 21 조) 
주 2) 해지요구서: 금융상품의 명칭, 법 위반사실을 포함하여 계약의 해지를 요구하기 위하여 작성한 문서 
자료열람요구권 
▪ 금융소비자는 분쟁조정 또는 소송의 수행 등 권리구제를 위한 목적으로 은행이 기록 및 
유지·관리하는 다음의 자료에 대한 열람(사본 및 청취 포함)을 요구할 수 있습니다. 
- 계약체결에 관한 자료, 계약의 이행에 관한 자료, 금융상품 등에 관한 광고 자료, 
금융소비자의 권리행사에 관한 자료, 내부통제기준의 제정 및 운영 등에 관한 자료,  
업무 위탁에 관한 자료 
▪ 은행은 법령, 제 3 자의 이익 침해, 영업비밀의 침해 등의 사유가 있는 경우 이를 
금융소비자에게 알리고 자료 열람을 제한하거나 거절할 수 있습니다. 
  
휴면예금  
및 출연 
▪ 예금 만기일 또는 이자지급을 포함한 최종거래일 이후 5 년 이내 계좌를 해지하지 않을 경우  
예금거래기본약관 제 9 조의 2 휴면예금 및 출연에 따라 휴면예금은 “서민금융진흥원 
(국번없이 1397)”에 출연주)될 수 있으며, 이 경우 서민금융진흥원을 통해 휴면예금을 
찾으실 수 있습니다. 
▪ 휴면예금은 휴면예금통합조회서비스(www.sleepmoney.or.kr)를 통해 조회 가능합니다. 
 
주) 출연: 어떤 사람이나 단체가 자기의 의사에 따라 돈을 내거나 의무를 부담함으로써 재산상의  
손실을 입고 남의 재산을 증가시키는 일을 말합니다. 일반적으로 기부행위를 일컫는 말로  
사용되나 법률적으로는 비영리재단법인에 재산을 무상으로 내는 행위를 뜻합니다. 
 
※ 계좌통합관리서비스 이용 시 사용하지 않는 소액계좌를 잔고 이전/해지 할 수 있으며, 
 휴면계좌통합조회서비스 이용 시 휴면계좌 현황을 파악할 수 있습니다. 
예금자보호여부 
해 당 
 
이 예금은 예금자보호법에 따라 원금과 소정의 이자를 합하여  
1인당 “1억원까지”(본 은행의 여타 보호상품과 합산) 보호됩니다. 
이용제한 사항 ▪ 이 상품은 1 인 1 계좌만 가입 가능하며, 공동명의로 가입할 수 없습니다. 
 
3  연계·제휴서비스 
 
구분 내용 
내용 
▪ 자녀안심보험서비스: DB손해보험㈜ 단체보험 무료가입 
  ㅇ 담보내용 
A. 미취학 (만0~6세 이하) B. 취학 (만7세~ 19세 이하) 
담보위험 보장금액 담보위험 보장금액 
24시간상해후유장해 8,000,000원 24시간상해후유장해 8,000,000원 
소아3대암진단비 5,000,000원 학생개인배상책임 5,000,000원 
화상수술비 5,000,000원  골절수술비 300,000원  
의료사고법률비용 10,000,000원 의료사고법률비용 10,000,000원 
청소년유괴납치인질일당 500,000원 각막이식수술비 10,000,000원 
미아찾기지원금 500,000원 식중독 1,000,000원 
충수염수술비 500,000원 자전거사고상해입원비용 50,000원 
각막이식수술비 10,000,000원 자전거사고 처리지원금 
(동승자포함) 30,000,000원 
 
제공기간 
▪ 보장기간: 보험 개시일은 적금 신규 다음 날로 하며, 보험개시일로부터 1년 
(자동 재예치 시 1년 단위 갱신).  
※ 단, 보장기간은 적금 계약기간을 초과할 수 없으며, 적금의 중도해지 시에는 
보험가입 서비스 제공 중단  
제공조건 
▪ 가입대상  
[최초가입 계좌] 신규 시 보험가입 및 개인(신용)정보의 제3자 제공에 동의한 고객  
※ 최초 가입 시 보험가입을 동의하지 않는 경우, 재예치 시에도 보험서비스가 제공되지 않음 
[재예치 계좌] 보험 가입 계좌 중 재예치일 현재 잔액이 100만원 이상인 계좌 
※ 재예치 되지 않은 계좌는 보험서비스가 적용되지 않음 
▪ 유의사항 
- 보험담보위험, 보험금지급 등 위 보험서비스제공과 관련된 사항은 해당 

보험약관에서 정하는 바에 따릅니다. 
- 보험약관은 '㈜DB 손해보험 홈페이지(www.idbins.com) > 보험상품 > 제휴보험 >  
  국민은행 KB Young Youth 적금'에서 확인할 수 있습니다.   
- 피보험자의 계약연령은 보험개시일 현재의 만연령으로 계산하고 1년 미만의 단수가 
있을 때에는 6개월 미만은 버리고 6개월 이상은 1년으로 계산함. 
예시) 보험개시일 현재: 만 6년 5개월 → 만 6세 플랜A적용,  
만 6년 6개월 → 만 7세 플랜B적용 
- 가입자 본인의 보험 관련 상담은 보험가입 다음달 21일 이후 ㈜DB손해보험 
고객상담센터(일반 및 보상문의 ☎1588-0100)에서 문의 가능합니다. 
이행책임 
▪ KB국민은행은 연계·제휴서비스를 부당하게 축소하거나 변경하지 않으며, 
불가피하게 축소하거나 변경하는 경우 그에 상응하는 다른 연계·제휴서비스를 제공 
변경·종료에 대한 
사전통지 
▪ 서면, 우편, 전자우편, 전화, 팩스, 휴대전화 문자메시지 또는 이에 준하는 전자적 
의사표시 중 2개 이상의 방법으로 축소·변경 6개월 전부터 매월 고지   
※ 단, 금융회사의 휴업·파산·경영상의 위기 또는 연계․제휴서비스등을 제공하는 자의 
일방적인 제공 중단 등 6개월 전부터 고지하기 어려운 불가피한 경우에는 해당 상황이 
발생하는 즉시 고지 
 
4  유의 사항 
▪ 이 설명서는 「금융소비자 보호에 관한 법률」제19조제1항, 동 법 시행령 제14조제1항, 제3항에 따라 
금융상품에 관한 중요한 사항을 이해하기 쉽도록 설명하기 위해 설명을 하기 전에 제공되는 자료로써, 
상담일 이후 가입금액, 계약기간 등 변경에 의하여 일부 내용이 달라질 수 있습니다. 
▪ 본 설명서는 법령 및 내부통제기준에 따른 절차를 거쳐서 제공됩니다. 
이 상품은 KB 국민은행 수신상품부(P)에서 관리하는 상품입니다.  
본 상품에 대한 문의사항 또는 민원 상담이 필요하시면 영업점, 고객센터(1588-9999) 또는 인터넷 홈페이지 
(www.kbstar.com), 금융감독원 민원상담센터(국번없이 1332) 또는 e-금융민원센터(www.fcsc.kr)을 통해  
문의주시기 바랍니다.  
영업점 등을 통해 은행에 접수된 민원은 특별한 사정이 없는 한 14 영업일 이내에 처리함을 원칙으로 하되, 기한  
연장시 이에 대해 안내드리도록 하겠습니다. 또한 요청이 있는 경우 민원처리진행상황을 안내받으실 수 있습니다.  
또한 금융소비자는 본 상품에 대하여 당 은행과 분쟁이 있는 경우에는 금융소비자보호법 제 36 조 제 1 항에 따라  
금융감독원에 분쟁조정을 신청할 수 있습니다.",ok,
products/savings/「KB나만의적금」특약.pdf,「KB나만의적금」특약.pdf,products/savings,3,"「KB 나만의 적금」 특약 
 
 
제 1 조  적용범위 
① KB나만의 적금(이하 ‘이 적금’이라 합니다) 거래는 이 특약을 적용하며, 이 특약에서 정하지 않은 
 사항은 예금거래기본약관 및 적립식예금약관을 적용합니다. 
  ② 이 적금의 거래에서 발생하는 전자금융거래에 관한 사항은 「전자금융거래기본약관」을 적용합니다. 
③ KB국민은행 ‘계좌간자동이체’를 신청하여 이 적금에 저축하는 경우 「계좌간자동이체 약관」을 적용 
합니다.(단, 다른 금융회사를 통해 자동이체하는 경우 해당 금융회사가 정한 내용에 따릅니다.) 
 
제 2 조  가입대상 
이 적금의 가입대상은 실명의 개인으로, 개인사업자 또는 서류 미제출 임의단체도 가입할 수 있습니다. 
 
제 3 조  가입제한 
① 이 적금은 한 사람이 두 개의 계좌만 보유할 수 있습니다.  
② 이 적금은 공동명의로 가입할 수 없습니다. 
 
제 4 조  예금과목 및 상품유형 
이 적금의 예금과목은 정기적금이며 상품유형은 자유적립식 예금입니다. 
 
제 5 조  계약기간 
계약기간은 3개월 이상 12개월 이하 월 단위 또는 일 단위로 정할 수 있습니다.  
 
제 6 조  저축방법 및 저축한도  
이 적금은 매월 1일부터 마지막 날까지 1만원 이상 100만원 이하(원 단위)로 만기일 전날까지 자유롭게 
저축할 수 있습니다.  
 
제 7 조  금리의 적용  
① 기본금리는 가입일 당시 영업점 및 KB 국민은행 홈페이지에 게시한 계약기간별 기본금리를 적용하며, 
우대금리는 제 8 조에서 정한 제공조건을 충족한 경우 적용합니다. 
② 만기금리는 기본금리와 우대금리를 합하여 계약기간 동안 적용하며, 입금금액별로 입금일부터 만기일 
 전날까지의 기간에 대하여 계산한 이자를 합하여 지급합니다. 
③ 만기일 전에 지급을 청구하는 경우 입금금액별로 입금일부터 지급일 전날까지 기간에 대하여 가입일  
당시 영업점 및 KB국민은행 홈페이지에 게시한 중도해지금리로 계산한 이자를 합하여 지급합니다. 
④ 만기일 이후 지급을 청구하는 경우 만기일부터 지급일 전날까지의 기간에 대하여 가입일 당시  
영업점 및 KB국민은행 홈페이지에 게시한 만기후금리로 계산한 이자를 제7조제②항의 만기금리로  
계산한 이자에 더하여 지급합니다. 

⑤ 가입 시 금리우대쿠폰을 적용한 경우 만기해지 시 적용되는 금리에 쿠폰의 우대금리를 더하여 계약기간 
동안 적용하며 자세한 내용은 해당 금리우대쿠폰에서 확인 가능합니다. 
⑥ 이 적금에 이벤트금리가 적용되는 경우 만기해지 시 적용되는 금리에 이벤트금리를 더하여 계약기간 동안 
 적용하며 자세한 내용은 해당 이벤트금리 조건에 따릅니다.  
 
제 8 조 우대금리 
① 이 적금은 가입 시 아래의 패키지 우대금리 항목 중 1 가지와 선택 우대금리 항목 중 2 가지를 자유롭게 
선택하여 그 제공조건을 충족하는 경우 가입일 당시 영업점 및 KB 국민은행 홈페이지에 게시한 조건별 
우대금리를 적용합니다. 모든 우대금리는 제공조건을 달성한 만기해지 계좌에 계약기간 동안 적용하며, 
중도해지 계좌에 적용하지 않습니다. 
 주 1) 최근 1 년: 1 년 전 적금 가입 해당일부터 가입 전날까지  
         · 예시1) 2025.11.11.에 가입할 경우 최근 1년 ⇒ 2024.11.11.(1년 전 가입 해당일)~2025.11.10.(가입 전날) 
· 예시2) 2028.2.29.에 가입할 경우 최근 1년 ⇒ 2027.2.28.(1년 전 가입 해당월의 말일)~2028.2.28.(가입 전날) 
→ 2027년 2월은 29일(1년 전 가입 해당일)이 없는 달이므로 1년 전 가입 해당월의 말일인 28일로 적용 
주 2) 급여: 아래 ①~⑤ 조건 중 하나에 해당하는 소득 
① 급여이체일이 등록된 계좌의 지정된 급여일(전후 1영업일 포함 3영업일)에 입금된 건별 50만원 이상의 금액 
② 급여이체일이 등록된 계좌에 급여성 단어(월급/급여/수당/급료/상여/보너스/봉급/연금/성과급/보로금/임금/ 
Salary/bonus/pay 에 한함)를 포함하여 입금된 건별 50 만원 이상의 금액 
 ③ 급여이체 계약(신청)에 의해 KB 국민은행 급여이체 전산(급여성 선일자, 급여성 탑라인, 기업인터넷뱅킹 급여 
이체)을 통해 입금된 건별 20 만원 이상의 금액 
  ④ 국군재정관리단에서 이체된 급여 
⑤ 국민연금, 공무원연금, 사립학교교직원연금, 군인연금 
※ KB 국민은행 본인 계좌에서 이체한 건, 보낸계좌 정보가 없는 건, KB 국민은행 영업점 및 자동화기기에서 
 이체된 건 제외  
종류 항목 제공조건 
패키지 
우대금리 
(택 1) 
웰컴 패키지 최근 1 년주 1)  동안 KB 국민은행 예적금 및 청약상품을 보유하지 않았거나 ‘입출금이 
자유로운 예금’만 보유한 경우  첫거래 우대금리 
직장인 패키지 최근 1 년주1) 동안 급여주2) 입금 실적이 없는 고객이 KB 국민은행으로 급여주2)를 
받기 시작한 경우 
※ 적금 가입월에 입금된 급여는 실적으로 인정 급여시작 우대금리 
주거래 패키지 신규금액 출금계좌주3)의 월 평균잔액주 4)이  
- 100 만원 이상인 월이 있는 경우  
- 300 만원 이상인 월이 있는 경우  평균잔액 우대금리 
선택 
우대금리 
(택 2) 
자동납부 우대금리 아파트 관리비, 지로, CMS, FBS 로 자동납부주5)한 실적이 있는 경우  
급여이체 우대금리 급여주2) 입금 실적이 있는 경우  
KB 카드 우대금리 신규금액 출금계좌주3)에서 KB 국민카드 결제대금 출금실적주6)이 있는 경우  
마이데이터 우대금리 매월 마지막 날 기준으로 「KB 마이데이터」 서비스에 자산등록이 되어있는 월이 있는 
경우  

주3) 신규금액 출금계좌: 적금 가입 시 신규금액을 출금한 ‘입출금이 자유로운 예금’으로, 이 계좌(이하 ‘실적기준 
계좌’)의 거래실적을 기준으로 「평균잔액 우대금리」 및 「KB카드 우대금리」 제공  
주4) 월 평균잔액: 해당월 1일부터 마지막 날까지 매일 통장의 최종 잔액을 합산하여 해당월의 일수로 나눈 금액 
주5) 자동납부: 거래내역 확인 시 거래유형(거래구분)이 ‘아파트관리비’, ‘지로’, ‘CMS’, ‘FBS’인 자동출금에 한하여 
  인정하며, 거래유형(거래구분)이 이와 다르게 기재된 이체 건(예: 국민카드, 공과금, 기일출금 등)은 제외 
주6) KB국민카드 결제대금 출금실적: 계좌에서 출금된 신용카드 결제일 출금 또는 체크카드 즉시 결제 
※ 오픈뱅킹을 통한 결제 건, 기업카드 및 선불카드 결제 건 등 제외 
② 가입 시 선택한 패키지 및 우대금리 항목은 변경할 수 없습니다. 
③ 「첫거래 우대금리」 외 우대금리 제공을 위한 실적 산정기간은 가입월부터 만기 전전월 말일까지로 합니다. 
④ 「평균잔액 우대금리」와 「KB카드 우대금리」는 적금 신규금액 출금계좌(실적기준계좌)를 기준으로, 그 외  
우대금리는 예금주 명의 KB국민은행 입출금이 자유로운 예금을 기준으로 우대금리 제공조건 달성 여부를  
확인합니다.  
 
제 9 조 거래방법 
① 가입은 KB스타뱅킹 또는 영업점에서 할 수 있습니다. 
② 해지는 KB 스타뱅킹, 인터넷뱅킹, 영업점 및 고객센터에서 할 수 있습니다.(단, 고객센터 해지 시 
    만기해지만 가능하며, 미성년자 명의 적금은 해지할 수 없습니다.) 
③ KB 스타뱅킹에서 가입한 계좌는 별도 신청 없이 만기일에 자동 해지되어 가입 당시 출금계좌로 
   입금됩니다.(단, 미성년자 명의 계좌인 경우 또는 계좌에 법적지급제한 등 해지 제한 사유가 있으면 
   자동 해지되지 않습니다.) 
 
제 10 조 기타 
① 이 적금은 만기 전 일부 금액만 해지 할 수 없습니다. 
② 이 적금은 만기앞당김 지급이 불가합니다. 
 
부 칙 
 
이 약관은 2025 년 10 월 29 일부터 시행합니다. 
 
 본 특약은 법령 및 내부통제기준에 따른 절차를 거쳐서 제공됩니다.",ok,
products/savings/가맹점우대적금상품설명서260724.pdf,가맹점우대적금상품설명서260724.pdf,products/savings,6,"1- 
「KB 가맹점우대적금」 상품설명서 
 
 
 
 
 
 
 
 
 
1  상품명 및 특징 
▪ 상 품 명:  KB가맹점우대적금 
▪ 상품특징:  가맹점주가 재무플랜에 따라 만기일, 자동이체 주기를 직접 설계할 수 있고, KB국민은행 계좌를  
가맹점결제계좌로 이용 시 우대금리를 제공하는 등 가맹점주 대상 목돈마련지원 적금   
 
2  거래 조건 
 
구 분 내 용 
가입대상 
▪ 만 14 세 이상의 실명의 개인(개인사업자 포함), 법인, 임의단체 (단, 금융기관은 제외) 
※ 1 인(업체)당 최대 5 계좌까지 가입 가능합니다. 
상품유형 ▪ 자유적립식 예금 
거래방법 
▪ 신규: 영업점, 인터넷뱅킹, KB 스타뱅킹, 고객센터 
▪ 해지: 영업점, 인터넷뱅킹, KB 스타뱅킹, 고객센터 
계약기간 ▪ 6개월이상 ~ 36개월이내 (월단위 또는 일단위) 
가입금액 
및 저축방법 
▪ 초회 1 만원이상, 2 회차이후 1 천원이상 원단위로 월 1 천만원 이내 만기 1 개월전까지 입금 가능  
※ 초회금을 포함하여 매월(해당월의 초일부터 말일까지) 1 천만원 한도 내 저축가능 
※ 단, 계약기간의 2/3 가 경과한 이후에는 이미 적립한 금액의 2/3 를 초과하여 입금불가 
이자지급시기 ▪ 만기일시지급식: 만기(후) 또는 중도해지 요청 시 이자를 지급 
기본이율  
(세금공제 전,  
2026.07.24 
기준) 
▪ 기본이율: 신규가입일 당시 영업점 및 KB국민은행 홈페이지에 게시한 계약기간별 이율 적용 
 
계약기간 6개월이상 ~ 
12개월미만 
12개월이상 ~ 
24개월미만 
24개월이상 ~ 
36개월미만 36개월 
적용이율 연 1.95% 연 2.25% 연 2.60% 연 3.00% 
 KB국민은행                                    준법감시인 심의필 제2026-3321-3호(2026.07.22) 
(유효기간 : 2026.07.24 ~ 2028.06.30) 
 
◈ 이 설명서는 금융소비자의 권익 보호 및 예금상품에 대한 이해 증진을 위하여 「금융소비자 보호에 관한 법률」 및 
관련 규정에 의거, 은행의 내부 통제절차를 거쳐 예금상품의 주요 내용을 쉽게 이해할 수 있도록 작성한 자료입니다. 
◈ 설명내용을 제대로 이해하지 못하였음에도 불구하고 설명을 이해했다는 서명을 하거나 녹취기록을 남기시는 경우, 
추후 해당 내용과 관련한 권리구제가 어려울 수 있습니다. 
◈ 인터넷뱅킹 등 비대면채널을 통해 가입하거나 통장 미발행 요청 시에는 통장 또는 증서가 교부되지 않습니다. 

우대이율 
(세금공제 전,  
2026.07.24 
기준) 
▪ 아래의 우대이율 제공조건을 충족하는 경우 신규가입일 당시 영업점 및 KB국민은행 
홈페이지에 게시한 우대이율 적용 (최고 연 0.5%p)  
※ 단, 모든 우대이율은 만기 해지 계좌에 대하여 계약기간 동안 적용합니다. 
구   분 내    용 이 율 
 [1]가맹점결제계좌 
우대이율 
신규일로부터 3개월이 되는 날이 속한 달에 
KB국민은행계좌로 KB국민카드(KB국민BC카드 포함) 가맹점 
대금 이체실적(공동망 가맹점 매입분 포함)이 있는 경우 
연0.3%p 
[2]KB국민카드 
우대이율 
신규일로부터 3 개월이 되는 날이 속한 달에 30만원 이상의 
KB국민카드 (신용/체크, 개인/기업, KB국민BC카드 포함) 
이용실적주 (매입전표만 인정)이 있는 경우 
연0.1%p 
［3]사업성공우대이율 만기해지 시 적립금액(이자금액 제외)이 1천만원 이상인 경우  연0.1%p 
주) 가족카드 이용실적은 본인회원의 실적에 합하여 계산하고, 본인회원 적금 가입시만 우대이율 적용 
최종이율 
(세금공제 전,  
2026.07.24 
기준) 
(단위: 연%) 
계약기간 6개월이상 ~ 
12개월미만 
12개월이상 ~ 
24개월미만 
24개월이상 ~ 
36개월미만 36개월 
적용이율 최저1.95~최고2.45 최저2.25~최고2.75 최저2.60~최고3.10 최저3.00~최고3.50 
※ 최종이율은 신규가입일 당시 영업점 및 KB국민은행 홈페이지에 게시한 가맹점결제계좌 우대이율, 
KB국민카드 우대이율, 사업성공 우대이율 모두 적용 시 
만기이자 
계산방법 
(산출근거) 
▪ 입금금액마다 입금일부터 만기일 전일까지의 기간에 대하여 약정이율로 계산한 이자를 합계 
(원미만 절사) 
 
[입금건별 이자계산 산식] 입금금액 X 약정이율 X 일수(입금일~만기일 전일)/365 
 
 
 
 
 
 
 

중도해지이율 
(세금공제 전,  
2026.07.24 
기준) 
▪ 신규가입일 당시 영업점 및 KB국민은행 홈페이지에 게시한 예치기간별 중도해지이율 적용 
                                                          (단위: 연 %) 
예치기간 이율 
1개월미만 0.1 
1개월이상 ~ 3개월미만 기본이율 X 50% X 경과월수/계약월수 (단, 최저금리는 0.1) 
3개월이상 ~ 6개월미만 기본이율 X 50% X 경과월수/계약월수 (단, 최저금리는 0.1) 
6개월이상 ~ 8개월미만 기본이율 X 60% X 경과월수/계약월수 (단, 최저금리는 0.2) 
8개월이상 ~ 10개월미만 기본이율 X 70% X 경과월수/계약월수 (단, 최저금리는 0.2) 
10개월이상 ~ 11개월미만 기본이율 X 80% X 경과월수/계약월수 (단, 최저금리는 0.2) 
11개월이상 기본이율 X 90% X 경과월수/계약월수 (단, 최저금리는 0.2) 
1. 경과월수: 입금일 다음날로부터 해지월 입금해당일까지를 월수로 하고, 1개월 미만은 절상  
2. 계약월수: 신규일 다음날로부터 만기월 신규해당일까지를 월수로 하고, 1개월미만은 절상 
※ 단, 계약기간이 월단위인 경우 계약월수를 그대로 사용하며, 경과월수는 계약월수를 초과할 수 없음 
3. 이율은 소수점 둘째 자리까지 표시(소수점 셋째 자리에서 절사) 
중도해지이자 
계산방법 
(산출근거) 
▪ 입금금액마다 입금일부터 중도해지일 전일까지의 기간에 대하여 예치기간별 중도해지이율로 
계산한 이자를 합계(원미만 절사) 
[입금건별 중도해지이율 계산 산식] 기본이율 X 예치기간별 적용률(50~90%) X 경과월수/계약월수 
 
만기후이율 
(세금공제 전,  
2026.07.24 
기준) 
▪ 신규가입일 당시 영업점 및 KB국민은행 홈페이지에 게시한 경과기간별 만기후이율 적용 
                                                          (단위: 연 %) 
경과기간 이율 
만기후 1개월이내 기본이율 X 50% 
만기후 1개월초과 ~ 3개월이내 기본이율 X 30% 
만기후 3개월초과 0.1 
1. 기본이율: 신규가입일 당시 영업점에 고시한 계약기간별 이율(우대이율 제외) 
2. 이율은 소수점 둘째 자리까지 표시(소수점 셋째 자리에서 절사) 
세제혜택 
▪ 비과세종합저축으로 가입 가능 
※ 관련세법이 개정될 경우 세율이 변경되거나 세금이 부과될 수 있음 
※ 계약기간 만료일 이후의 이자는 과세됨 
기본이율x90%x 
경과월수/계약월수
(최저 0.2)
기본이율x80%x 
경과월수/계약월수
(최저 0.2)
기본이율x70%x 
경과월수/계약월수
(최저 0.2)
기본이율x60%x 
경과월수/계약월수
(최저 0.2)
기본이율x 50% x
경과월수/계약월수
(최저 0.1)
기본이율x 50% x
경과월수/계약월수
(최저 0.1)0.1
[예치기간] 1개월 3개월 6개월 8개월 10 개월 11 개월 
계약해지방법 
▪ 영업점, 인터넷뱅킹, KB 스타뱅킹, 고객센터를 통해 해지 가능 
※ 고객센터 통한 해지 시 만기해지만 가능하며 미성년자 예금 해지 불가 
※ 영업점에서 신규한 미성년자 명의의 예금 해지는 영업점에서만 가능 
▪ 만기 자동해지 가능 
※ 만기 자동해지를 신청하는 경우 지정계좌로 입금 가능 
▪ 만기일이 토요일 또는 법정공휴일(일요일 포함)인 경우 직전 영업일에 해지 시 해당일수만큼 
약정이자를 차감하고 지급 
특별중도해지 
▪ 적용대상: 계약기간을 12개월 이상으로 가입하고, 계약기간의 2/3이상 경과한 날로부터 만기일 
전일까지의 기간 중에 이 적금 가입자의 명의로 사업장 구입·임차, 창업을 할 경우 
※ 증빙 서 류(예시): 예금주 사업 장 구입/임차 시 매매 계약서 또는 임차 계 약서, 창업 시 사업 자 등록 증 등 
▪ 적용이율: 신규 가입시의 기본이율을 적용하며, 우대이율은 제외함 
재예치 ▪ 불가 
일부인출 ▪ 불가 
만기앞당김 지급 ▪ 불가 
질권설정 ▪ 가능 
양도 및  
담보제공 
▪ 양도 가능 
▪ 예금담보대출은 계좌잔액의 95%까지 가능 
원금 및 
이자지급 제한 
▪ 계좌에 압류주1), 가압류주2), 질권주3) 등이 등록될 경우 원금 및 이자 지급이 제한될 수 있음. 
※ 민사집행법에 따라 최저생계비 이하 등 압류금지채권에 해당하는 경우에는 
법원에 압류금지채권 범위 변경 신청 등을 통해 압류를 취소할 수 있습니다. 
 
 주 1) 압류: 채무자의 특정한 재산에 대하여 처분(매매, 양도 등)을 금지하게 하는 법원의 조치로서,  
채권자가 채무자의 해당 재산을 금전화하여 채무 변제에 충당하려는 목적으로 이용됩니다. 
 주 2) 가압류: 법원이 채권자를 위하여 나중에 강제 집행을 할 목적으로 채무자의 재산을 임시로 
확보하는 행위입니다. 
 주 3) 질권설정: 채무자가 변제기일에 채무를 이행하지 않는 경우 설정자(담보물 소유자)가 제공한 
담보물에 대하여 채권자가 직접 청구하여 우선적으로 변제받을 수 있는 권리를 설정하는 
것으로써 일반적으로 담보물이 동산 또는 권리(예·적금, 채권 등)인 경우에 활용됩니다. 
▪ 예금잔액증명서 발급 당일에는 입금·출금·이체 등 잔액 변동 불가. 
자동이체 
▪ KB 국민은행 계좌뿐만 아니라 다른 금융회사 계좌에서도 가능하나, 자동이체 신청은 
해당 금융회사에서 신청하여야 합니다. 
▪ 내맘대로 자동이체 서비스 
- 예금주가 가맹점 대금 입금주기에 따라『매영업일 이체』또는 최대 6개 
(예: 5일, 10일, 15일, 20일, 25일, 30일)까지 『개별일 이체』등록 가능  
※ 단, 매영업일 이체와 개별일 이체는 중복하여 등록 불가 
- 『매영업일 이체』로 신청할 경우 고객이 요청하는 지정금액 또는 KB국민은행 결제계좌로 
당일 영업시간 내에 입금된 KB국민카드 가맹점 대금 중 고객이 신청한 비율에 해당되는 
금액으로 이체 가능  
[* 가맹점대금 비율신청 구간: 10%단위로 최고 100%까지 이체 (10개중 택일)] 
(예:  1일 KB국민카드 가맹점대금 15만원 입금, 고객 신청비율 10 %, KB가맹점우대적금 입금금액은 15 ,0 00원 임) 
휴면예금  
및 출연 
▪ 예금 만기일 또는 이자지급을 포함한 최종거래일 이후 5 년 이내 계좌를 해지하지 않을 경우  
예금거래기본약관 제 9 조의 2 휴면예금 및 출연에 따라 휴면예금은 “서민금융진흥원 
(국번없이 1397)”에 출연주)될 수 있으며, 이 경우 서민금융진흥원을 통해 휴면예금을 
찾으실 수 있습니다. 
▪ 휴면예금은 휴면예금통합조회서비스(www.sleepmoney.or.kr)를 통해 조회 가능합니다. 
 
주) 출연: 어떤 사람이나 단체가 자기의 의사에 따라 돈을 내거나 의무를 부담함으로써 재산상의  
손실을 입고 남의 재산을 증가시키는 일을 말합니다. 일반적으로 기부행위를 일컫는 말로  
사용되나 법률적으로는 비영리재단법인에 재산을 무상으로 내는 행위를 뜻합니다. 
 
※ 계좌통합관리서비스 이용 시 사용하지 않는 소액계좌를 잔고 이전/해지 할 수 있으며, 
 휴면계좌통합조회서비스 이용 시 휴면계좌 현황을 파악할 수 있습니다. 
예금자 
보호여부 
해 당 
 
이 예금은 예금자보호법에 따라 원금과 소정의 이자를 합하여 1 인당 
“1 억원까지”(본 은행의 여타 보호상품과 합산) 보호됩니다. 
위법계약해지권 
▪ 금융소비자는 은행이 금융소비자보호법 판매원칙주 1)을 위반하여 해당 금융상품에 관한 계약을 
체결한 경우에는 법 위반사실을 안 날로부터 1 년이내(해당 기간은 계약체결일로부터 5 년 
이내의 범위)에 해지요구서주 2) 와 위반사항을 증명하는 서류를 은행에 제출하여 해당 계약의 
해지를 요구할 수 있습니다. 만약, 금융소비자의 요구가 정당한 것으로 판단될 경우 수수료, 
위약금 등 계약의 해지와 관련된 비용 부담 없이 해당 계약을 해지할 수 있습니다. 
주1) 금융소비자보호법 판매원칙: 부적합한 금융상품을 권유한 경우(제17조 제3항), 적정하지 않은 금융 상 품 에 대해 부
적정하다는 사실을 알리지 않은 경우(제18조 제2항), 금융상품에 대해 거짓 또는 왜곡하여 설명하거나 중요한 사항에 
대한 설명을 누락한 경우(제19조 제1,3항), 불공정영업행위의 금지(제20조 제1항), 부당권유행위의 금지(제21조) 
주2) 해지요구서: 금융상품의 명칭, 법 위반사실을 포함하여 계약의 해지를 요구하기 위하여 작성한 문서 

자료열람요구권 
▪ 금융소비자는 분쟁조정 또는 소송의 수행 등 권리구제를 위한 목적으로 은행이 기록 및  
유지·관리하는 다음의 자료에 대한 열람(사본 및 청취 포함)을 요구할 수 있습니다. 
- 계약체결에 관한 자료, 계약의 이행에 관한 자료, 금융상품 등에 관한 광고 자료, 
금융소비자의 권리행사에 관한 자료, 내부통제기준의 제정 및 운영 등에 관한 자료,  
업무 위탁에 관한 자료 
▪ 은행은 법령, 제 3 자의 이익 침해, 영업비밀의 침해 등의 사유가 있는 경우 이를 
금융소비자에게 알리고 자료 열람을 제한하거나 거절할 수 있습니다. 
이용제한 사항 ▪ 이 상품은 금융기관은 가입할 수 없습니다. 
 
3  유의 사항 
 
▪ 이 설명서는 「금융소비자 보호에 관한 법률」제19조제1항, 동 법 시행령 제14조제1항, 제3항에 따라 
금융상품에 관한 중요한 사항을 이해하기 쉽도록 설명하기 위해 설명을 하기 전에 제공되는 자료로써, 
상담일 이후 가입금액, 계약기간 등 변경에 의하여 일부 내용이 달라질 수 있습니다. 
▪ 본 설명서는 법령 및 내부통제기준에 따른 절차를 거쳐서 제공됩니다. 
 
이 상품은 KB 국민은행 수신상품부(P)에서 개발 및 관리하는 상품입니다.  
본 상품에 대한 문의사항 또는 민원 상담이 필요하시면 영업점, 고객센터(1588-9999) 또는 인터넷 홈페이지 
(www.kbstar.com), 금융감독원 민원상담센터(국번없이 1332) 또는 e-금융민원센터(www.fcsc.kr)를 통해 
문의주시기 바랍니다. 영업점 등을 통해 은행에 접수된 민원은 특별한 사정이 없는 한 14 영업일 이내에 
처리함을 원칙으로 하되, 기한 연장시 이에 대해 안내드리도록 하겠습니다. 또한 요청이 있는 경우 
민원처리진행상황을 안내받으실 수 있습니다. 
또한 금융소비자는 본 상품에 대하여 당 은행과 분쟁이 있는 경우에는 금융소비자보호법 제 36 조 제 1 항에 따라  
금융감독원에 분쟁조정을 신청할 수 있습니다.",ok,
products/savings/국민행복적금_260724.pdf,국민행복적금_260724.pdf,products/savings,6,"「KB 국민행복적금」 상품설명서 
 
 
 
 
 
 
1  상품명 및 특징 
▪ 상 품 명:  KB국민행복적금 
▪ 상품특징:  주택구입, 입원 등의 사유발생시 특별중도해지서비스를 제공하고 만기 해지시 우대금리를 제공하는 
적립식상품 
 
2  거래 조건 
 
구 분 내 용 
가입대상 
▪ 기초생활수급자(소년소녀가장 포함), 북한이탈주민, 결혼이민자, 근로장려금수급자, 
한부모가족지원 보호대상자, 만65세 이상 차상위계층, 생계곤란 보훈대상자(생활조정수당, 
생활지원금, 생계지원금 수급자) 
※ 만65세 이상 기준은 적금 신규시점 주민등록상 생년월일임 
※ 증빙서류 제출 후 가입 가능 
구 분 증빙서류(예시) 발 급 처 
기초생활수급자 
(소년소녀가장 포함) 
수급자증명서 동주민센터 
북한이탈주민 북한이탈주민증명서 시·군·구청 
결혼이민자주) 
외국국적(택1) 
외국인등록증(결혼이민(F-6)) 출입 국 관리 사 무소 
혼인관계증명서(상세) 
동주민센터 
대한민국국적 
혼인관계증명서(상세), 
기본증명서(상세) 
근로장려금수급자 근로장려금결정통지서 국세청 
한부모가족지원 보호대상자 한부모가족증명서 동주민센터 
만65세 이상 차상위계층(택1) 
차상위계층확인서, 자활근로자확인서, 
차상위본인부담경감대상자증명서, 
장애인연금·장애수당·장애아동수당 
대상자확인서 
동주민센터 
KB국민은행                              준법감시인 심의필 제2026-3321-4호(심의일: 2026.07.22) 
 (유효기간: 2026.07.24 ~ 2028.08.30) 
   
◈ 이 설명서는 금융소비자의 권익 보호 및 예금상품에 대한 이해 증진을 위하여 「금융소비자 보호에 관한 법률」 및 
관련 규정에 의거, 은행의 내부 통제절차를 거쳐 예금상품의 주요 내용을 쉽게 이해할 수 있도록 작성한 자료입니다. 
◈ 설명내용을 제대로 이해하지 못하였음에도 불구하고 설명을 이해했다는 서명을 하거나 녹취기록을 남기시는 경우, 
추후 해당 내용과 관련한 권리구제가 어려울 수 있습니다. 
◈ 인터넷뱅킹 등 비대면채널을 통해 가입하거나 통장 미발행 요청 시에는 통장 또는 증서가 교부되지 않습니다. 
생계곤란 
보훈대상자 
생활조정수당 수 급 자 보훈급여금 등 지급 확인원 
보훈(지)청 생활 지원 금 수급 자 생활지원금 지급 확인서 
생계 지원 금 수급 자 생계지원금 지급확인원 
   주) 결혼이민자 중 ’98.6.13 이전에 대한민국 국적자와 결혼한 경우에는 ‘제적등본’ 으로 확인 
※ 위 증빙서류는 단순예시로서 신청인의 조건 또는 가입요건 등에 따라 달라질 수 있습니다. 
가입제한 ▪ 1인 1계좌 
상품유형 ▪ 정액적립식/자유적립식 예금 
거래방법 
▪ 신규: 영업점 
▪ 해지: 영업점, 인터넷뱅킹, KB 스타뱅킹, 고객센터 
계약기간 ▪ 1년제 
가입금액 
및 저축방법 
▪ 정액적립식: 월 1만원 이상 30만원 이하 원단위로 매월 계약에서 정한 날짜에 동일한 금액을 저축 
▪ 자유적립식: 납입 회차당 1천원 이상 원단위로 월 30만원까지 자유롭게 저축 
(※ 단, 만기 1 개월 전까지만 저축 가능) 
이자지급시기 ▪ 만기일시지급식: 만기(후) 또는 중도해지 요청 시 이자를 지급 
기본이율  
(세금공제 전,  
2026.07.24 기준) 
▪ 기본이율: 연 3.70% 
※ 신규 가입일 당시 영업점 및 KB국민은행 홈페이지에 게시된 기본이율 적용  
우대이율 
(세금공제 전,  
2026.07.24기준) 
▪ 신규 가입일 당시 영업점 및 KB국민은행 홈페이지에 게시된 우대이율 적용 
 [1]정액적립식: 연2.0%p 
※ 전 회차 월 저축금을 납입하고 만기해지하는 경우 계약기간 동안 적용 
 [2]자유적립식: 연1.0%p 
※ 만기해지하는 경우 계약기간 동안 적용 
최종이율 
(세금공제 전,  
2026.07.24 
기준) 
※ 최종이율은 신규가입일 당시 영업점 및 KB국민은행 홈페이지에 게시된 우대이율 적용 시 
※ 정액적립식은 전 회차 월 저축금을 납입하고 만기해지하는 경우 계약기간 동안 적용 
※ 자유적립식은 만기해지하는 경우 계약기간 동안 적용 
구 분 정액적립식 자유적립식 
최종이율 연 5.70% 연 4.70% 
만기이자 
계산방법 
(산출근거) 
▪ 자유적립식: 입금금액 × 약정이율 × 일수(입금일~만기일 전일)/365 
  ※ 입금금액마다 입금일부터 만기일 전일까지의 기간에 대하여 약정이율로 계산한 이자를 
합계(원미만 절사) 
▪ 정액적립식: {월저축금 × 계약월수 × (계약월수+1)/2} × (연이율/12) 
 
 
 
 
 
 
 
중도해지이율 
(세금공제 전,  
2026.07.24 
기준) 
▪ 신규가입일 당시 영업점 및 KB국민은행 홈페이지에 게시된 예치기간별 중도해지이율 적용 
                                                          (단위: 연 %) 
예치기간 이율 
1개월미만 0.1 
1개월이상 ~ 3개월미만 기본이율 X 50% X 경과월수/계약월수 (단, 최저금리는 0.1) 
3개월이상 ~ 6개월미만 기본이율 X 50% X 경과월수/계약월수 (단, 최저금리는 0.1) 
6개월이상 ~ 8개월미만 기본이율 X 60% X 경과월수/계약월수 (단, 최저금리는 0.2) 
8개월이상 ~ 10개월미만 기본이율 X 70% X 경과월수/계약월수 (단, 최저금리는 0.2) 
10개월이상 ~ 11개월미만 기본이율 X 80% X 경과월수/계약월수 (단, 최저금리는 0.2) 
11개월이상 기본이율 X 90% X 경과월수/계약월수 (단, 최저금리는 0.2) 
1. 경과월수: 입금일 다음날로부터 해지월 입금해당일까지를 월수로 하고, 1개월 미만은 절상  
2. 계약월수: 신규일 다음날로부터 만기월 신규해당일까지를 월수로 하고, 1개월미만은 절상 
※ 단, 계약기간이 월단위인 경우 계약월수를 그대로 사용하며, 경과월수는 계약월수를 초과할 수 없음 
3. 이율은 소수점 둘째 자리까지 표시(소수점 셋째 자리에서 절사) 
중도해지이자 
계산방법 
(산출근거) 
▪ 입금금액마다 입금일부터 중도해지일 전일까지의 기간에 대하여 예치기간별 중도해지이율로 
계산한 이자를 합계(원미만 절사) 
[입금건별 중도해지이율 계산 산식] 기본이율 X 예치기간별 적용률(50~90%) X 경과월수/계약월수 
 
 
기본이율x90%x 
경과월수/계약월수
(최저 0.2)
기본이율x80%x 
경과월수/계약월수
(최저 0.2)
기본이율x70%x 
경과월수/계약월수
(최저 0.2)
기본이율x60%x 
경과월수/계약월수
(최저 0.2)
기본이율x 50% x
경과월수/계약월수
(최저 0.1)
기본이율x 50% x
경과월수/계약월수
(최저 0.1)0.1
[예치기간] 1개월 3개월 6개월 8개월 10 개월 11 개월 

만기후이율 
(세금공제 전,  
2026.07.24 
기준) 
▪ 신규가입일 당시 영업점 및 KB국민은행 홈페이지에 게시된 경과기간별 만기후이율 적용 
                                                          (단위: 연 %) 
경과기간 이율 
만기후 1개월이내 기본이율 X 50% 
만기후 1개월초과 ~ 3개월이내 기본이율 X 30% 
만기후 3개월초과 0.1 
※ 이율은 소수점 둘째 자리까지 표시(소수점 셋째 자리에서 절사) 
세제혜택 
▪ 비과세종합저축으로 가입 가능 
※ 관련세법이 개정될 경우 세율이 변경되거나 세금이 부과될 수 있음 
※ 계약기간 만료일 이후의 이자는 과세됨 
계약해지방법 
 ▪ 영업점, 인터넷뱅킹, KB 스타뱅킹, 고객센터를 통해 해지 가능 
※ 고객센터 통한 해지 시 만기해지만 가능하며 미성년자 예금 해지 불가 
※ 영업점에서 신규한 미성년자 명의의 예금 해지는 영업점에서만 가능 
▪ 만기 자동해지 가능 
※ 만기 자동해지를 신청하는 경우 지정계좌로 입금 가능 
특별중도해지 
▪ 적용대상: 가입일로부터 6개월 이상 경과한 계좌로 계약기간 중 해당 사유 발생시 증빙서류 
제출 후 가능 
※해지사유: 계약기간 중 이 적금의 가입자 본인(배우자포함) 또는 본인(배우자포함)의 
직계존비속이 주택임차 또는 구입, 결혼, 출산, 입원, 입학, 사망하는 경우 
▪ 적용이율: 신규시점에 영업점에 고시한 기본이율 적용 
(단, 특별중도해지 사유가 예금주 본인 사망인 경우 가입일로부터 6개월 이상 
경과여부와 관계없이 기본이율 + 해지 시까지 확정된 우대이율 적용) 
재예치 ▪ 불가 
일부인출 ▪ 불가 
만기앞당김 지급 
▪ 정액적립식: 가능 
▪ 자유적립식: 불가 
질권설정 ▪ 가능 
양도 및  
담보제공 
▪ 양도 가능 
▪ 예금담보대출은 계좌잔액의 95%까지 가능 
원금 및 
이자지급 제한 
▪ 계좌에 압류주1), 가압류주2), 질권주3) 등이 등록될 경우 원금 및 이자 지급이 제한될 수 있음. 
※ 민사집행법에 따라 최저생계비 이하 등 압류금지채권에 해당하는 경우에는 
법원에 압류금지채권 범위 변경 신청 등을 통해 압류를 취소할 수 있습니다. 
 
 주 1) 압류: 채무자의 특정한 재산에 대하여 처분(매매, 양도 등)을 금지하게 하는 법원의 조치로서,  
채권자가 채무자의 해당 재산을 금전화하여 채무 변제에 충당하려는 목적으로 이용됩니다. 
 주 2) 가압류: 법원이 채권자를 위하여 나중에 강제 집행을 할 목적으로 채무자의 재산을 임시로 
확보하는 행위입니다. 
 주 3) 질권설정: 채무자가 변제기일에 채무를 이행하지 않는 경우 설정자(담보물 소유자)가 제공한 
담보물에 대하여 채권자가 직접 청구하여 우선적으로 변제받을 수 있는 권리를 설정하는 
것으로써 일반적으로 담보물이 동산 또는 권리(예·적금, 채권 등)인 경우에 활용됩니다. 
▪ 예금잔액증명서 발급 당일에는 입금·출금·이체 등 잔액 변동 불가. 
자동이체 ▪ KB 국민은행 계좌뿐만 아니라 다른 금융회사 계좌에서도 가능하나, 자동이체 신청은 
해당 금융회사에서 신청하여야 합니다. 
휴면예금  
및 출연 
▪ 예금 만기일 또는 이자지급을 포함한 최종거래일 이후 5 년 이내 계좌를 해지하지 않을 경우  
예금거래기본약관 제 9 조의 2 휴면예금 및 출연에 따라 휴면예금은 “서민금융진흥원 
(국번없이 1397)”에 출연주)될 수 있으며, 이 경우 서민금융진흥원을 통해 휴면예금을 
찾으실 수 있습니다. 
▪ 휴면예금은 휴면예금통합조회서비스(www.sleepmoney.or.kr)를 통해 조회 가능합니다. 
 
주) 출연: 어떤 사람이나 단체가 자기의 의사에 따라 돈을 내거나 의무를 부담함으로써 재산상의  
손실을 입고 남의 재산을 증가시키는 일을 말합니다. 일반적으로 기부행위를 일컫는 말로  
사용되나 법률적으로는 비영리재단법인에 재산을 무상으로 내는 행위를 뜻합니다. 
 
※ 계좌통합관리서비스 이용 시 사용하지 않는 소액계좌를 잔고 이전/해지 할 수 있으며, 
 휴면계좌통합조회서비스 이용 시 휴면계좌 현황을 파악할 수 있습니다. 
예금자 
보호여부 
해 당
 
이 예금은 예금자보호법에 따라 원금과 소정의 이자를 합하여 1 인당 
“1 억원까지”(본 은행의 여타 보호상품과 합산) 보호됩니다. 
위법계약해지권 
▪ 금융소비자는 은행이 금융소비자보호법 판매원칙주 1)을 위반하여 해당 금융상품에 관한 
계약을 체결한 경우에는 법 위반사실을 안 날로부터 1 년이내(해당 기간은 계약체결일로부터 
5 년 이내의 범위)에 해지요구서주 2) 와 위반사항을 증명하는 서류를 은행에 제출하여 해당 
계약의 해지를 요구할 수 있습니다. 만약, 금융소비자의 요구가 정당한 것으로 판단될 경우 
수수료, 위약금 등 계약의 해지와 관련된 비용 부담 없이 해당 계약을 해지할 수 있습니다. 
주1) 금융소비자보호법 판매원칙: 부적합한 금융상품을 권유한 경우(제17조 제3항), 적정하지 않은 금융상품에 대해 부
적정하다는 사실을 알리지 않은 경우(제18조 제2항), 금융상품에 대해 거짓 또는 왜곡하여 설명하거나 중요한 사항에 
대한 설명을 누락한 경우(제19조 제1,3항), 불공정영업행위의 금지(제20조 제1항), 부당권유행위의 금지(제21조) 
주2) 해지요구서: 금융상품의 명칭, 법 위반사실을 포함하여 계약의 해지를 요구하기 위하여 작성한 문서 
자료열람요구권 
▪ 금융소비자는 분쟁조정 또는 소송의 수행 등 권리구제를 위한 목적으로 은행이 기록 및  
유지·관리하는 다음의 자료에 대한 열람(사본 및 청취 포함)을 요구할 수 있습니다. 
- 계약체결에 관한 자료, 계약의 이행에 관한 자료, 금융상품 등에 관한 광고 자료, 
금융소비자의 권리행사에 관한 자료, 내부통제기준의 제정 및 운영 등에 관한 자료,  
업무 위탁에 관한 자료 
▪ 은행은 법령, 제 3 자의 이익 침해, 영업비밀의 침해 등의 사유가 있는 경우 이를 
금융소비자에게 알리고 자료 열람을 제한하거나 거절할 수 있습니다. 
이용제한 사항 
▪ 이 상품은 1 인 1 계좌로 가입이 제한되고, 공동명의로 가입할 수 없습니다. 
▪ 이 상품은 기초 생 활수 급 자(소년 소 녀가 장 포함), 북한이탈주민, 결혼이민자, 근로장려금수급자, 
한부모가족지원 보호대상자, 만65세 이상 차상위계층, 생계곤란 보훈대상자(생활조정수당, 
생활지원금, 생계지원금 수급자)로 가입대상이 제한되어 있으며 신규시점에 해당 증빙서류를 
제출하여야 가입 가능합니다. 

3  유의 사항 
▪ 이 설명서는 「금융소비자 보호에 관한 법률」제19조제1항, 동 법 시행령 제14조제1항, 제3항에 따라 
금융상품에 관한 중요한 사항을 이해하기 쉽도록 설명하기 위해 설명을 하기 전에 제공되는 자료로써, 
상담일 이후 가입금액, 계약기간 등 변경에 의하여 일부 내용이 달라질 수 있습니다. 
▪ 본 설명서는 법령 및 내부통제기준에 따른 절차를 거쳐서 제공됩니다. 
 
 
 
 
 
 
이 상품은 KB 국민은행 수신상품부(P)에서 개발 및 관리하는 상품입니다. 
본 상품에 대한 문의사항 또는 민원 상담이 필요하시면 영업점, 고객센터(1588-9999) 또는 인터넷 홈페이지 
 (www.kbstar.com), 금융감독원 민원상담센터(국번없이 1332) 또는 e-금융민원센터(www.fcsc.kr)를 통해 
문의주시기 바랍니다. 영업점 등을 통해 은행에 접수된 민원은 특별한 사정이 없는 한 14 영업일 이내에 
처리함을 원칙으로 하되, 기한 연장시 이에 대해 안내드리도록 하겠습니다. 또한 요청이 있는 경우 
민원처리진행상황을 안내받으실 수 있습니다. 
또한 금융소비자는 본 상품에 대하여 당 은행과 분쟁이 있는 경우에는 금융소비자보호법 제 36 조 제 1 항에 따라  
금융감독원에 분쟁조정을 신청할 수 있습니다.",ok,
products/savings/글로벌스타적금설명서(다국어).pdf,글로벌스타적금설명서(다국어).pdf,products/savings,20,"1 
 
 
 
 
「KB Global Star 적금」 상품설명서 
 
1  상품명 및 특징 
▪ 상품명: KB Global Star 적금 
▪ 상품특징: 급여, 카드결제는 물론 해외송금 우대금리까지 제공하는 외국인 전용 상품 
 
2  거래 조건 
 
구 분 내 용 
가입대상 
▪ 실명의 외국인(1 인 1 계좌 限) 
ㅇ 개인사업자 및 임의단체(서류 미제출 임의단체 포함) 가입 가능 
ㅇ 공동명의 가입 불가 
상품유형 ▪ 자유적립식 예금  
계약기간 ▪ 12 개월  
가입금액 및 
저축금액  
▪ 월 1 천원 이상 50 만원 이하(원 단위) 
ㅇ 매월 1 일부터 마지막일까지 자유롭게 저축(만기일 전일까지 입금 가능) 
가입방법 ▪ KB 스타뱅킹, 지점 
이자지급방법 ▪ 만기일시지급식: 만기(후)해지 또는 중도해지 시 이자 지급 
기본금리 
(세금공제 전, 
2026.5.29.기준) 
▪ 연 2.0%  
※ 가입일 당시 지점 및 KB 국민은행 홈페이지에 게시한 계약기간별 기본금리 적용 
▣ 이 설명서는 금융소비자의 권익 보호 및 예금상품에 대한 이해 증진을 위하여 「금융소비자 보호에 관한  
법률」 및 관련 규정에 의거, 은행의 내부 통제절차를 거쳐 예금상품의 주요 내용을 쉽게 이해할 수  
있도록 작성한 자료입니다. 
▣ 설명 내용을 제대로 이해하지 못하였음에도 불구하고 설명을 이해했다는 서명을 하거나 녹취기록을  
남기시는 경우, 추후 해당 내용과 관련한 권리구제가 어려울 수 있습니다. 
▣ 이 적금은 환경보호를 위해 종이통장을 발행하지 않습니다. 
준법감시인 심의필 제2026-2222-3호(2026.05.20) 
(유효기간: 2026.05.29~2028.04.30) 

 
2 
 
 
 
 
 
 
 
 
 
 
 
우대금리 
(세금공제 전, 
2026.5.29.기준) 
 
 
 
 
 
 
 
 
 
 
 
 
 
 
 
 
 
 
 
 
 
▪ 최고 연 3.5%p 
※ 가입일 당시 지점 및 KB 국민은행 홈페이지에 게시한 우대금리 적용 
※ 제공조건을 충족하는 계좌가 만기해지 시 가입일부터 해지일 전일까지 적용(중도해지 시 미 적용) 
구분 제공조건 
급여이체 우대금리 
(연 1.0%p) 
적금 가입월 1일부터 만기월의 전전월 마지막일까지 급여이체주1)가 발생한 
월이 총 6개월 이상인 경우 
카드결제 우대금리 
(연 1.0%p) 
적금 가입월 1일부터 만기월의 전전월 마지막일까지 본인명의 KB국민은행 
입출금통장으로 KB국민(신용/체크/BC)카드 결제대금출금주2)이 발생한 
월이 총 6개월 이상인 경우 
해외송금 우대금리 
(연 1.0%p) 
적금 가입월 1일부터 만기월의 전전월 마지막일까지 KB국민은행을 통한 
해외송금  횟수가 총 3회 이상인 경우 
재 가입 우대금리 
(연 0.5%p) 
적금 만기 해지일 주3)로부터 3개월 이내 주4) 이 적금을 재 가입시 1회 제공 
주1) 급여: 아래 ①~⑤ 조건 중 하나에 해당하는 소득 
① 급여이체일이 등록된 계좌의 지정된 급여일(전후 1영업일 포함 3영업일)에 입금된 건별 50만원 
이상의 금액 
② 급여이체일이 등록된 계좌에 급여성 단어(월급/급여/수당/급료/상여/보너스/봉급/연금/성과급/
보로금/임금/Salary/bonus/pay에 한함)를 포함하여 입금된 건별 50만원 이상의 금액 
③ 급여이체 계약(신청)에 의해 KB국민은행 급여이체 전산(급여성 선일자, 급여성 탑라인, 기업인
터넷뱅킹급여이체)을 통해 입금된 건별 20만원 이상의 금액 
④ 국군재정관리단에서 이체된 급여 
⑤ 국민연금, 공무원연금, 사립학교교직원연금, 군인연금 
※ KB국민은행 본인 계좌에서 이체한 건, 보낸계좌 정보가 없는 건, KB국민은행 지점 및  
ATM에서 이체된 건 제외  
주2) KB국민카드 결제대금 출금 : 계좌에서 출금된 신용카드 결제일  출금 또는 체크카드 즉시 결제 
※ 오픈뱅킹을 통한 결제 건, 기업카드 및 선불카드 결제 건 등 제외 
주3) 만기 해지일 : 적금 만기일이 아닌 실제 만기 해지 거래일 기준 
주4) 3개월 이내 : 만기 해지 거래일로부터 3개월이 되는 해당일까지이며, 해당일이 없는 경우는  
3개월 해당월의 마지막일까지 
                (예시1) 만기일 2026.11.1 만기 해지일 2026.11.3 ⇒ [3개월 이내] 2026.11.3~2027.2.3 
           (예시2) 만기일 2026.11.25 만기 해지일 2026.11.30 ⇒ [3개월 이내] 2026.11.30~2027.2.28 
최종금리 
(세금공제 전, 
2026.5.29.기준) 
▪ 최저 연 2.0%~최고 연 5.5% 
ㅇ 최고금리는 가입일 당시 지점 및 KB국민은행 홈페이지에 게시한 우대금리를 모두 포함 
▪ 금리우대쿠폰 
ㅇ 가입 시 금리우대쿠폰을 적용한 경우 최종금리에 쿠폰의 우대금리를 더함 
ㅇ 금리우대쿠폰의 적용방법 및 유의사항은 해당 금리우대쿠폰에서 확인 가능  
ㅇ 중도해지 시 쿠폰의 우대금리가 적용되지 않음 
 
3 
 
만기이자 
계산방법 
(산출근거) 
▪ 입금금액마다 입금일부터 만기일 전일까지 기간에 대하여 약정금리로 계산한 이자를 
합계(원 미만 버림)  
▪ [입금 건별 만기이자 계산식]  
입금금액 X 약정금리 X 일수(입금일~만기일 전일)/365 
만기후금리 
(세금공제 전, 
2026.5.29.기준) 
▪ 가입일 당시 지점 및 KB 국민은행 홈페이지에 게시한 경과기간별 만기후금리 적용 
※ 기본금리: 가입일 당시 지점 및 KB 국민은행 홈페이지에 게시한 기본금리 
※ 금리는 소수점 둘째 자리까지 표시(소수점 셋째 자리 이하는 버림) 
                                                                                                             (단위: 연 %)   
경과주)기간 금리 
만기후 1개월 이내 기본금리 X 50% 
만기후 1개월 초과 3개월 이내 기본금리 X 30% 
만기후 3개월 초과 0.1 
주) 경과: (해당 시간을) 완전히 지나간 기간  
중도해지금리 
(세금공제 전, 
2026.5.29.기준) 
▪ 가입일 당시 지점 및 KB국민은행 홈페이지에 게시한 예치기간별 중도해지금리 적용 
※ 금리는 소수점 둘째 자리까지 표시(소수점 셋째 자리 이하는 버림)               (단위: 연 %) 
예치기간 금리 
1개월 미만 0.1 
1개월 이상~3개월 미만 기본금리 X 50% X 경과월수/계약월수(단, 최저금리는 0.1) 
3개월 이상~6개월 미만 기본금리 X 50% X 경과월수/계약월수(단, 최저금리는 0.1) 
6개월 이상~8개월 미만 기본금리 X 60% X 경과월수/계약월수(단, 최저금리는 0.2) 
8개월 이상~10개월 미만 기본금리 X 70% X 경과월수/계약월수(단, 최저금리는 0.2) 
10개월 이상~11개월 미만 기본금리 X 80% X 경과월수/계약월수(단, 최저금리는 0.2) 
11개월 이상 기본금리 X 90% X 경과월수/계약월수(단, 최저금리는 0.2) 
※ 경과월수: 입금일 다음날부터 해지월 입금 해당일까지를 월수로 하고, 1 개월 미만은 올림 
            (단, 경과월수는 계약월수를 초과할 수 없음)  
※ 계약월수 : 12 개월 

 
4 
 
중도해지이자 
계산방법 
(산출근거) 
▪ 입금금액마다 입금일부터 중도해지일 전일까지의 기간에 대하여 예치기간별 중도해지 
금리로 계산한 이자를 합산(원 미만 버림) 
▪ [입금 건별 중도해지이자 계산식] 
 입금금액 X 기본금리 X 예치기간별 적용률(50~90%) X 경과월수/계약월수 
 
 
 
 
   
   
   
   
   
     
예금자보호 
여부 
해 당 
 
 
이 예금은 예금자보호법에 따라 원금과 소정의 이자를 합하여 
1인당 “1억원까지”(본 은행의 여타 보호상품과 합산) 보호됩니다. 
세제혜택 
▪ 비과세종합저축으로 가입 가능 
※ 관련 세법이 개정될 경우 세율이 변경되거나 세금이 부과될 수 있음 
※ 계약기간 만료일 이후의 이자는 과세 
만기앞당김지급 ▪ 불가 
양도‧질권설정 ▪ 가능 
담보제공 ▪ 가능(예금담보대출은 납입금액의 95%까지 가능) 
계약해지방법 
▪ KB스타뱅킹, 지점에서 해지 가능 
▪ 만기 자동해지 신청 가능  
▪ KB스타뱅킹에서 가입한 계좌는 별도 신청 없이 만기일에 자동 해지되어 가입 당시 출금 
계좌로 입금(단, 계좌에 법적지급제한 등 해지 제한 사유가 있으면 자동 해지되지 않음) 
▪ 만기일이 토요일 또는 법정공휴일(일요일 포함)인 경우 직전 영업일에 해지 시 중도해지로 
처리 
원금 및 이자 
지급 제한 
▪ 계좌에 압류주1), 가압류주2), 질권주3) 등이 등록될 경우 원금 및 이자 지급이 제한될 수  
있습니다. 
※ 민사집행법에 따라 최저생계비 이하 등 압류금지채권에 해당하는 경우에는 법원에 압류금지 
채권 범위 변경 신청 등을 통해 압류를 취소할 수 있습니다. 
주1) 압류: 채무자의 특정한 재산에 대하여 처분(매매, 양도 등)을 금지하게 하는 법원의 조치로서,  
채권자가 채무자의 해당 재산을 금전화하여 채무 변제에 충당하려는 목적으로 이용됩니다. 
주2) 가압류: 법원이 채권자를 위하여 나중에 강제 집행을 할 목적으로 채무자의 재산을 임시로  

 
5 
 
확보하는 행위입니다. 
주3) 질권설정: 채무자가 변제기일에 채무를 이행하지 않는 경우 설정자(담보물 소유자)가 제공한  
담보물에 대하여 채권자가 직접 청구하여 우선적으로 변제받을 수 있는 권리를  
설정하는 것으로서 일반적으로 담보물이 동산 또는 권리(예적금, 채권 등)인 경우에  
활용됩니다. 
▪ 예금잔액증명서 발급 당일에는 입금·출금·이체 등 잔액 변동이 불가합니다. 
자동이체 
▪ 자동이체는 다른 금융회사 계좌에서도 가능하며 이 경우 해당 금융회사에서 신청해야  
합니다. 
▪ 자동이체는 1천원 이상 50만원 이하 금액으로 가능합니다. 
▪ [KB국민은행 계좌간자동이체] 
ㅇ 만기일 전영업일까지 자동이체가 가능하며, 그 이후에는 이체되지 않습니다. 
ㅇ 이체일이 영업일이 아닌 경우 그 다음 영업일에 이체하고, 이체일이 달력에 없으면 
해당월의 마지막일에 이체합니다. 
휴면예금 및 
출연 
▪ 예금 만기일 또는 이자지급을 포함한 최종거래일 이후 5년 이내 계좌를 해지하지 않을 
경우 예금거래기본약관 제9조의2 휴면예금 및 출연에 따라 휴면예금은 “서민금융진흥원 
(국번없이 1397)”에 출연주)될 수 있으며, 이 경우 서민금융진흥원을 통해 휴면예금을 
찾으실 수 있습니다. 
주) 출연: 어떤 사람이나 단체가 자기의 의사에 따라 돈을 내거나 의무를 부담함으로써 재산상의  
손실을 입고 남의 재산을 증가시키는 일을 말합니다. 일반적으로 기부 행위를 일컫는 말로 사용 
되나 법률적으로는 비영리재단법인에 재산을 무상으로 내는 행위를 뜻합니다. 
▪ 휴면예금은 휴면예금통합조회서비스(www.sleepmoney.or.kr)에서 조회할 수 있습니다. 
▪ 계좌통합관리서비스 이용 시 사용하지 않는 소액계좌의 잔액을 이전하거나 계좌를 해지  
할 수 있으며, 휴면계좌통합조회서비스 이용 시 휴면계좌 현황을 파악할 수 있습니다. 
자료열람 
요구권 
▪ 금융소비자는 분쟁조정 또는 소송의 수행 등 권리구제를 위한 목적으로 은행이 기록 및 
유지·관리하는 다음의 자료에 대한 열람(사본 및 청취 포함)을 요구할 수 있습니다. 
ㅇ 계약체결에 관한 자료, 계약의 이행에 관한 자료, 금융상품 등에 관한 광고 자료, 금융소비자의  
권리행사에 관한 자료, 내부통제기준의 제정 및 운영 등에 관한 자료, 업무 위탁에 관한 자료 
▪ 은행은 법령, 제 3 자의 이익 침해, 영업비밀의 침해 등의 사유가 있는 경우 이를 금융 
소비자에게 알리고 자료 열람을 제한하거나 거절할 수 있습니다. 
위법계약 
해지권 
▪ 금융소비자는 은행이 금융소비자보호법 판매원칙주1)을 위반하여 해당 금융상품에 관한  
계약을 체결한 경우에는 법 위반사실을 안 날로부터 1년이내 (해당 기간은 계약체결일 
부터 5년이내의 범위)에 해지요구서주2) 와 위반사항을 증명하는 서류를 은행에 제출하여  
해당 계약의 해지를 요구할 수 있습니다. 만약, 금융 소비자의 요구가 정당한 것으로 판단될 
경우 수수료, 위약금 등 계약의 해지와 관련된 비용 부담 없이 해당 계약을 해지할 수 
있습니다. 
주1) 금융소비자보호법 판매원칙: 부적합한 금융상품을 권유한 경우(제17조 제3항), 적정하지 않은 금융 
상품에 대해 부적정하다는 사실을 알리지 않은 경우(제18조 제2항), 금융상품에 대해 거짓 또는 왜곡 
하여 설명하거나 중요한 사항에 대한 설명을 누락한 경우(제19조 제1,3항), 불공정영업행위의 금지 
(제20조 제1항), 부당권유행위의 금지(제21조) 
 
6 
 
주2) 해지요구서: 금융상품의 명칭, 법 위반사실을 포함하여 계약의 해지를 요구하기 위하여 작성한 문서 
이용 제한 사항 
 KB 스타뱅킹 등 비대면으로 가입한 계좌의 당일 해지는 지점에서만 가능하며, 비대면 
해지는 가입 다음 일부터 할 수 있습니다.   
 이 상품은 환경보호를 위해 종이통장을 발행하지 않습니다.  
 이 상품은 공동명의로 가입할 수 없습니다. 
 이 상품은 만기일이 토요일 및 법정공휴일(일요일 포함)인 경우 직전 영업일에 해지 시 
   중도해지로 처리됩니다. 
 통장이 ‘전기통신금융사기 피해 방지 및 피해금 환급에 관한 특별법’ 에서 정의한 피해 의심 
거래계좌 및 사기이용 계좌로 이용될 경우 이체, 송금지연, 지급정지 등의 금융거래 제한 
조치를 받을 수 있습니다. 
 
3  유의 사항 
 
 비대면으로 가입한 계좌는 가입 당일 비대면으로 해지할 수 없습니다.   
 이 설명서는 「금융소비자 보호에 관한 법률」 제19조제1항, 동 법 시행령 제14조제1항, 제3항에 따라  
금융상품에 관한 중요한 사항을 이해하기 쉽도록 설명하기 위해 설명을 하기 전에 제공되는 자료로서 
 상담일 이후 가입금액, 계약기간 등 변경에 의하여 일부 내용이 달라질 수 있습니다. 
 계약기간 만료 전 해지 시 계약에서 정한 금리보다 낮은 중도해지금리가 적용됩니다. 
 이 설명서는 법령 및 내부통제기준에 따른 절차를 거쳐 제공됩니다. 
이 상품은 KB 국민은행 수신상품부(P)에서 개발하고 관리하는 상품입니다. 이 상품에 대한 문의사항 또는 민원상담이 
필요하시면 KB 국민은행 지점, 고객센터(1588-9999) 또는 KB 국민은행 인터넷 홈페이지(www.kbstar.com)와 
금융감독원 민원상담센터(국번없이 1332) 또는 e-금융민원센터(www.fcsc.kr)를 통해 문의하시기 바랍니다. 지점 
등을 통해 은행에 접수된 민원은 특별한 사정이 없는 한 14 영업일 이내 처리함을 원칙으로 하되, 기한연장 시 이에 
대해 안내드리겠습니다. 또한 요청이 있는 경우 민원처리 진행 상황을 안내받으실 수 있습니다. 금융소비자는 이 
상품에 대하여 KB 국민은행과 분쟁이 있는 경우 금융소비자보호법 제 36 조 제 1 항에 따라 금융감독원에 
분쟁조정을 신청할 수 있습니다. 
 
 
 
 
 
 
 
 
7 
 
 
 
 
「KB Global Star Installment Savings Account」 Product Disclosure Statement 
 
1  Product Name and Description 
▪ Product Name: KB Global Star Installment Savings Account 
▪ Product Description: A savings account designed exclusively for foreign nationals that 
offers preferential interest rates based on salary deposit, card usage, 
and overseas remittance history 
2  Terms and Conditions 
 
Category Details 
Eligibility 
▪ Foreign nationals under their real names (limited to one account per person) 
ㅇSole proprietors and unincorporated organizations (including those that have not 
submitted relevant documentation) are also eligible.  
ㅇ Joint accounts are not permitted. 
Product Type ▪ Flexible installment savings account 
Term ▪ 12 months 
Opening 
Deposit & 
Monthly 
Contribution 
Amount 
▪ KRW 1,000 to KRW 500,000 per month (in whole Korean won) 
ㅇ Deposits may be made freely from the first to the last day of each month (deposits 
are accepted until the day before the maturity date). 
How to Open 
an Account ▪ Through the KB Star Banking app or in person at a branch  
Interest 
Payment 
Method 
▪ Lump-sum payment at maturity: Interest is paid upon termination at or after 
maturity, or upon early termination. 
▣ This Product Disclosure Statement has been prepared in accordance with the Act on the Protection of 
Financial Consumers and related regulations and undergone internal control procedures. It aims to 
protect the rights and interests of financial consumers and improve their understanding of deposit 
products.  
▣ If you sign or provide a recorded acknowledgment confirming that you understand the disclosure 
statement without fully understanding its contents, it may be difficult to seek relief or redress in relation 
to those matters at a later date. 
▣ In support of environmental protection, paper passbooks are not issued for this installment savings account.  
Compliance Review Approval No. 2026-2336-3 (2026.05.28) 
(Validity Period: 2026.05.29~2028.04.30) 

 
8 
 
Base Interest 
Rate 
(before tax, as of 
May 29, 2026) 
▪ 2.0% per annum 
※ The base interest rate posted at KB Kookmin Bank branches and on the website as of 
the account opening date shall apply.  
 
 
 
 
 
 
 
 
 
 
Preferential 
Interest Rate 
(before tax, as of 
May 29, 2026) 
 
 
 
 
 
 
 
 
 
 
 
 
 
 
 
 
 
 
 
 
▪ Up to 3.5%p per annum 
※ The preferential interest rates posted at KB Kookmin Bank branches and on the website  
as of the account opening date shall apply. 
※ Applied from the account opening date to the day before the maturity date, provided 
all applicable conditions are met. (Not applicable in cases of early termination. ) 
Category Eligibility Criteria 
Salary Transfer (1.0%p 
p.a.) 
Salary transfers1) must be recorded for a cumulative total of six (6) months or more 
during the period spanning from the first day of the account opening month through 
the last day of the month two months prior to the maturity month 
Card Payment (1.0%p 
p.a.) 
KB Kookmin (credit, debit, BC) card payment withdrawals2) from a KB Kookmin Bank 
account under the holder’s own name must be recorded for a cumulative total of six 
(6) months or more during the period spanning from the first day of the account 
opening month through the last day of the month two months prior to the maturity 
month 
Overseas 
Remittance (1.0%p 
p.a.) 
A cumulative total of three (3) or more overseas remittances must be 
processed through KB Kookmin Bank during the period spanning from the first 
day of the account opening month through the last day of the month two months 
prior to the maturity month 
Re-Registration 
(0.5%p p.a.) 
Provided once per customer upon re-opening this savings product within three (3) 
months4) from the at-maturity termination date3) 
1) The term “salary transfer” is defined as income satisfying any one of the following conditions:  
① Individual deposits of KRW 500,000 or more made on the designated salary payment date (within a 
window of three business days, including one business day before and after the designated date) 
into an account with a registered salary transfer date 
② Individual deposits of KRW 500,000 or more made using salary-related keywords (limited to monthly 
salary, wages, allowance, pay, bonus, pension, performance -based bonus, compensation, 
remuneration) into an account with a registered salary transfer date 
③ Individual deposits of KRW 200,000 or more made through KB Kookmin Bank’s payroll transfer systems 
(advance-dated payroll, top-line payroll, or corporate internet banking payroll transfers) under a 
payroll transfer agreement (or application)  
④ Salary transfers from the Armed Forces Financial Management Agency  
⑤ Payments from the National Pension Service, Government Employees Pension Service, Private 
School Teachers’ Pension, or Military Pension 
※ Excluding transfers from the customer's own KB Kookmin Bank account, transactions with no 
sender account information, and transfers made at KB Kookmin Bank branches or ATMs 
2) The term “KB Kookmin card payment withdrawal” is defined as credit card payment withdrawals made from the account on 
the designated billing date, or immediate debit card payment withdrawals. 
   ※ Excludes payments processed through Open Banking, corporate card payments, and prepaid card 
payments 
 
9 
 
3) The term “at-maturity termination date” is defined as the actual date on which the account was terminated, not the 
account’s contractual maturity date. 
4) The term “within three (3) months” is defined as the period commencing from the maturity termination transaction date 
through the corresponding date of the third subsequent month. In the event that the third subsequent month lacks a 
corresponding calendar date, the period shall expire on the last day of that month. 
(Example 1) Maturity date: Nov. 1, 2026 / At-maturity termination date: Nov. 3, 2026  
⇒ [Within three (3) months] Nov. 3, 2026 – Feb. 3, 2027 
(Example 2) Maturity date: Nov. 25, 2026 / At-maturity termination date: Nov. 30, 2026 
 ⇒ [Within three (3) months] Nov. 30, 2026 – Feb. 28, 2027 
Final Interest 
Rate (before tax, as 
of May 29, 2026) 
▪ 2.0% p.a. ~ 5.5% p.a. 
ㅇThe maximum rate includes all applicable preferential rates posted at KB Kookmin Bank branches and on 
the website as of the account opening date. 
▪ Interest Rate Coupon 
ㅇIf an interest rate coupon is applied at the time of subscription, the preferential rate specified in the 
coupon will be added to the final interest rate. 
ㅇThe application method and important notes for the coupon are set out in the relevant coupon details. 
ㅇThe preferential rate provided through the coupon does not apply in the event of early termination. 
Interest-at-
Maturity 
Calculation 
Method 
(Calculation Basis) 
▪Interest on each deposit is calculated from the deposit date to the day before the 
maturity date at the agreed interest rate, and the resulting amounts are summed. 
(Fractions of KRW 1 are truncated.)  
▪ [How to Calculate the Interest at Maturity for Each Deposit]  
Deposit Amount X Agreed Interest Rate X Days Elapsed (from Deposit Date to Day 
Before Maturity Date)/365 
Post-Maturity 
Interest Rate 
(before tax, as of 
May 29, 2026) 
▪ The post-maturity interest rate by elapsed period, as posted at KB Kookmin Bank 
branches and on the website as of the account opening date, shall apply. 
※ Base Rate: The base interest rate posted at branches and on the KB Kookmin Bank 
website as of the subscription date. 
※ Interest rates are expressed to two decimal places (the third decimal place and below are 
truncated). 
                                                                                                                                (Unit: % per annum) 
Elapsed Period(Note) Interest Rate 
Within 1 month after maturity Base Interest Rate X 50% 
Over 1 month and up to 3 months after 
maturity 
Base Interest Rate X 30% 
Over 3 months after maturity 0.1 
(Note) The term “elapsed period” is defined as the actual timeframe that has entirely passed beyond the 
specified baseline. 
 
10 
 
Early 
Termination 
Interest Rate 
(before tax, as of 
May 29, 2026) 
▪ The early termination interest rate according to the deposit period, as posted at 
KB Kookmin Bank branches and on the website as of the account opening date, 
shall apply. 
※ Interest rates are expressed to two decimal places (the third decimal place and below are 
truncated).                 
(Unit: % per annum) 
Deposit Period Interest Rate 
Less than 1 month 0.1 
1 month to less than 3 
months 
Base Interest Rate X 50% X Elapsed Months/Contract Term in 
Months (Minimum Rate: 0.1%) 
3 months to less than 6 
months 
Base Interest Rate X 50% X Elapsed Months/Contract Term in 
Months (Minimum Rate: 0.1%) 
6 months to less than 8 
months 
Base Interest Rate X 60% X Elapsed Months/Contract Term in 
Months (Minimum Rate: 0.2%) 
8 months to less than 10 
months 
Base Interest Rate X 70% X Elapsed Months/Contract Term in 
Months (Minimum Rate: 0.2%) 
10 months to less than 11 
months 
Base Interest Rate X 80% X Elapsed Months/Contract Term in 
Months (Minimum Rate: 0.2%) 
11 months or more 
Base Interest Rate X 90% X Elapsed Months/Contract Term in 
Months (Minimum Rate: 0.2%) 
※ Elapsed Months: Calculated from the day after the deposit date to the corresponding 
deposit date in the termination month. Any remaining period of less than one month is 
rounded up. (Elapsed months cannot exceed the contract term.) 
※ Contract Term in Months: 12 months 
Early 
Termination 
Interest 
Calculation 
Method 
(Calculation Basis) 
▪ Interest on each deposit is calculated from the deposit date to the day before the 
early termination date at the applicable early termination interest rate for the 
deposit period, and the resulting amounts are summed. (Fractions of KRW 1 are 
truncated.) 
▪ [How to Calculate the Early Termination Interest for Each Deposit] 
Deposit Amount X Base Interest Rate X Applicable Rate for the Corresponding Deposit 
Period (50~90%) X Elapsed Months/Contract Term in Months  
[Deposit Period] 
- 1 Month : Basic interes rate x 50% x Elapsed months/Contract period in months (Minimum 
interest rate 0.1) 
- 3 Months : Basic interes rate x 50% x Elapsed months/Contract period in months (Minimum 
interest rate 0.1) 
- 6 Months : Basic interes rate x 60% x Elapsed months/Contract period in months (Minimum 
interest rate 0.2) 
- 8 Months : Basic interes rate x 70% x Elapsed months/Contract period in months (Minimum 
interest rate 0.2) 
- 10 Months : Basic interes rate x 80% x Elapsed months/Contract period in months (Minimum 
interest rate 0.2) 
 
11 
 
- 11 Months : Basic interes rate x 90% x Elapsed months/Contract period in months (Minimum 
interest rate 0.2) 
Deposit 
Insurance 
Coverage 
Applicable 
 
 
 
 
This deposit is protected under the Depositor Protection Act. 
The principal and interest are protected up to a maximum of 
KRW 100 million per depositor (aggregated with other 
protected financial products held at this bank). 
Tax Benefits 
▪ Can be opened as a Tax-Exempt Comprehensive Savings Account 
※ Tax rates or applicable taxes may change if relevant tax laws are amended.  
※ Interest accrued after the contractual maturity date is subject to taxation.  
Advance Payment 
Before Maturity 
▪ Not permitted 
Assignment/Pledge 
Establishment ▪ Permitted 
Provision as 
Collateral 
▪ Permitted  
(Deposit-backed loans are available up to 95% of the total deposited amount) 
Contract 
Termination 
Methods 
▪ Through KB Star Banking or in person at a branch  
▪ Automatic termination upon maturity may be requested. 
▪ Accounts opened through KB Star Banking will be automatically terminated on the 
maturity date even if it is not requested, and the balance will be transferred to the 
designated withdrawal account registered when the account was opened. (However, 
automatic termination will not occur if restrictions such as legal payment limitations 
apply to the account.) 
▪ If the maturity date falls on a Saturday or public holiday (including Sundays), 
termination on the immediately preceding business day will be treated as early 
termination. 
Restrictions on 
the Payment of 
Principal and 
Interest 
▪ Payment of principal and interest may be restricted if seizure,1) provisional seizure,2)   
or pledge3) is registered on the account. 
※ Pursuant to the Civil Execution Act, if the account contains funds exempt from seizure, 
such as funds below the minimum cost of living, the seizure may be revoked by filing a 
petition with the court to alter the scope of the attachment order. 
1) The term “seizure” is defined as a court order prohibiting a debtor from disposing of specific property (e.g., 
through sale, transfer, etc.) and allowing a creditor to liquidate the debtor’s assets to repay an outstanding 
debt. 
2) The term “provisional seizure” is a  court order to temporarily secure a debtor ’s assets on behalf 
of a creditor for potential future compulsory execution. 
3) The term “pledge” refers to the establishment of a right allowing the creditor to directly claim and 
receive priority repayment from collateral provided by the pledgor (owner of the collateral) if the 
debtor fails to fulfill obligations by the due date. It is generally used when the collateral consists of 
movable assets or rights such as deposits or receivables. 

 
12 
 
▪ On the date a Certificate of Deposit Balance is issued, transactions that affect the 
account balance, including deposits, withdrawals, and transfers, are not permitted. 
Automatic 
Transfers 
▪ Automatic transfers from accounts at other financial institutions are available. In this 
case, it must be requested from the relevant institution. 
▪ Automatic transfer amounts may range from KRW 1,000 to KRW 500,000. 
▪ [Automatic Transfers Between KB Kookmin Bank Accounts] 
ㅇ Automatic transfers are available until the business day immediately preceding the 
maturity date. Transfers will not be processed after that date. 
ㅇ If the transfer date falls on a non-business day, the transfer will be processed on the next 
business day. If the scheduled transfer date does not exist in the given calendar month, 
the transfer will be processed on the last day of that month. 
Dormant 
Accounts and 
Contribution of 
Funds 
▪ If the account is not terminated within five (5) years from the maturity date or the 
date of the last transaction (including interest payments), the balance may be 
contributed(Note) to the Korea Inclusive Finance Agency (phone number: 1397) as a 
dormant deposit, pursuant to Article 9-2 (Dormant Deposits and Transfer of Funds) 
of the General Terms and Conditions for Deposit Transactions. Dormant deposits 
may subsequently be reclaimed through the Korea Inclusive Finance Agency. 
(Note) The term “contribute (contribution)” is defined as an act where an individual or an organization 
voluntarily provides funds or assumes an obligation, resulting in a disposition of their own assets to 
increase the assets of another. While commonly used in everyday language to mean general 
donations or philanthropy, it specifically refers to the act of transferring property to a nonprofit 
foundation without consideration in a legal context.  
▪ Dormant deposit status may be checked through the Dormant Account Integrated 
Inquiry Service (www.sleepmoney.or.kr) . 
▪ Customers may transfer balances from unused low-balance accounts or close such 
accounts through the Account Integration Management Service. Dormant account status 
may also be verified through the Dormant Account Integrated Inquiry Service. 
Right to 
Request Access 
to Records 
▪ Financial consumers may request access to, including copies of and the right to review 
audio recordings of, materials recorded and maintained by the bank for purposes of 
dispute resolution, litigation, or other rights relief procedures.  
ㅇ Accessible materials include materials related to contract execution, materials related to 
contract performance, advertising materials regarding financial products, materials related to the 
exercise of consumer rights, materials related to internal control standards and their operation, 
and materials related to outsourced operations. 
▪ The bank may restrict or refuse access where disclosure would violate applicable 
laws, infringe upon the rights of third parties, or reveal trade secrets, and will notify 
the consumer accordingly. 
Right to 
Terminate an 
▪ If the bank violates the sales principles 1) under the Act on the Protection of 
Financial Consumers in connection with this financial product, consumers may 
request contract termination by submitting a termination request form2) along with 
 
13 
 
Unlawful 
Contract 
supporting documents within one year from the date the violation became known 
(and within five years from the contract conclusion date). If the request is deemed 
valid, the contract may be terminated without fees, penalties, or other 
termination-related charges. 
1) Violations of the “sales principles under the Act on the Protection of Financial Consumers”: 
Recommending an unsuitable financial product to a consumer (Article 17, Paragraph 3); failing to notify a 
consumer of the unsuitability of an inappropriate financial product (Article 18, Paragraph 2); explaining a 
financial product in a false or distorted manner, or omitting explanations of material facts (Article 19, 
Paragraphs 1 and 3); engaging in prohibited unfair business practices (Article 20, Paragraph 1); and engaging 
in prohibited unfair solicitation practices (Article 21). 
2) Termination Request Form: A formal document prepared and submitted by a consumer to demand the 
termination of a contract, which must explicitly state the name of the financial product and the specific legal 
or regulatory violations committed. 
Restrictions on 
Use 
 Accounts opened through non-face-to-face channels such as KB Star Banking may 
only be terminated at a branch on the same day of account opening. Non-face-to-
face termination is available from the following day onwards. 
 In support of environmental protection, paper passbooks are not issued for this 
installment savings account. 
 Joint accounts are not permitted for this product.  
 If the maturity date falls on a Saturday or public holiday (including Sundays), 
termination on the immediately preceding business day will be treated as early 
termination. 
 If the account is designated as a suspected fraudulent transaction account or 
fraudulent-use account under the Special Act on the Prevention of 
Telecommunications-based Financial Fraud and Refund of Fraudulently Obtained 
Assets, financial transaction restrictions, including transfer limitations, remittance 
deferral, or payment suspension, may apply. 
 
3  Important Notes 
 
 Accounts opened through non-face-to-face channels cannot be terminated through non-
face-to-face methods on the same day as account opening.   
 This Product Disclosure Statement is provided prior to the explanation of the financial product in 
accordance with Article 19 (1) of the Act on the Protection of Financial Consumers and Article 14 
(1) and (3) of its Enforcement Decree, in order to explain important matters regarding this financial 
product in an easy-to-understand manner. Certain details may change depending on modifications 
to the account opening amount, contract period, or other terms after the consultation date. 
 If the account is terminated before maturity, an early termination interest rate lower than the 
contractual interest rate will apply. 
 This Product Disclosure Statement is provided in accordance with procedures established under 
applicable laws and internal control standards. 
 
14 
 
This product is developed and managed by the Deposit Products Department (P) of KB Kookmin Bank.  
For inquiries or complaints regarding this product, please contact any KB Kookmin Bank branch or the 
Customer Center (1588-9999), or visit the official website (www.kbstar.com). Alternatively, you may contact 
the Financial Supervisory Service (FSS) Consumer Counseling Center (1332, without area code) or the e-
Financial Complaint Center (www.fcsc.kr). As a matter of principle, complaints filed with the bank through 
branches or other channels will be processed within fourteen (14) business days, unless extenuating 
circumstances require an extension, in which case you will be notified accordingly. Progress updates regarding 
the handling of your complaint are also available upon request. In the event of a dispute with KB Kookmin 
Bank concerning this product, financial consumers may apply for dispute mediation with the Financial 
Supervisory Service pursuant to Article 36, Paragraph 1 of the Act on the Protection of Financial Consumers.  
 
 
 
 
 
 
 
 
 
 
 
 
 
 
 
 
 
 
 
 
15 
 
 
 
 
「KB Global Star 零存整取」产品说明 
 
1  产品名称及特点 
▪ 产品名称: KB Global Star 零存整取 
▪ 产品特点: 专为外国人打造的专属产品，提供工资、信用卡还款以及跨境汇款优惠利率。 
 
2  交易条件 
 
类 别 内 容 
开户办理 
对象 
▪ 经过实名认证的外国公民(每人限开一个账户) 
ㅇ 个体工商户及任意团体(包括未提交材料的任意团体)均可办理开户。 
ㅇ 不可联名开户。 
产品类型 ▪ 自由零存整取式存款 
合同期限 ▪ 12 个月 
起存
金额及存款
金额 
▪ 每月1,000 ~ 500,000 韩元(单位：韩元) 
ㅇ 每月 1 日至月底最后一天均可灵活存入(最晚可存入时间为到期日前一天) 
开户办理
方式 ▪ KB Star 银行及分行 
利息支付方
式 ▪ 到期一次性支付: 到期日(后)或中途终止时支付利息 
基本利率 
(税前， 
截至2026.5.29) 
▪ 年利率 2.0%  
※ 适用开户办理当日分行及 KB 国民银行网站公布的合同期限内基本利率。 
▣ 本说明依据《金融消费者保护法》及相关规定，遵循银行内部管控程序制定，旨在便于客户理解该
存款产品的核心信息，保护金融消费者权益，并深化客户对产品的认知。 
▣ 如您在未完全理解相关内容的情况下签写或录音“本人已阅读并完全理解”，在今后发生争议时将
无法就该相关内容寻求法律援助。 
▣ 为积极响应国家绿色环保的号召，本零存整取产品不发行纸质存单。 
合规监察员审核编号：2026-2336-4号 (2026.05.28) 
(有效期: 2026.05.29~2028.04.30) 

 
16 
 
 
 
 
 
 
 
 
 
 
 
优惠利率 
(税前， 
截至 2026.5.29) 
 
 
 
 
 
 
 
 
 
 
 
 
 
 
 
 
 
 
 
 
 
▪ 最高年利率 3.5%p 
※ 适用开户办理当日分行及KB 国民银行网站公布的优惠利率。 
※ 对于符合规定条件的账户，优惠利率自办理开户之日起至合同到期日前一天生效 
(中途终止则不适用)。 
类别 规定条件 
代发工资 
优惠利率 
(年 利 率1.0%p) 
自 零 存 整 取 产 品 办 理 开 户 首 月至 到 期 日 前 两 个 月 期 间 ， 代 发 工 资
注1)
累计
达到 6个 月 或 以 上 。 
银行 卡 支 付 
优惠利率 
(年 利 率1.0%p) 
自 零 存 整 取产品办理开户首 月 至 到 期 日 前两个月期间，使用KB国 民 银 行
(信用卡/借记卡/BC)卡 向 本 人 名 下 的KB国 民 银 行 存 取 款 账 户 进 行 消 费 扣
款
注2)
累 计 达 到6个 月 或 以 上 。 
跨境汇款 
优惠利率 
(年 利 率1.0%p) 
自 零 存 整 取产品办理开户首 月 至 到 期 日 前两个月期间，通过KB 国 民 银 行
进 行 跨 境 汇 款 的 次 数 累 计 达 到3 次 或 以 上 。 
续存优惠利率 
(年 利 率0.5%p) 
自 零 存 整 取 产 品 到 期终 止 之 日
注3)
起 三 个 月 内
注4)
续 存 时 仅 提 供 一 次 优 惠 利
率。 
注1) 工资: 符 合 以 下 ① ~⑤条 件 之 一 的 收 入 ： 
① 在约定发薪日(包括前后各一个工作日，共三个工作日)存入已登记的代发工资账户的单
笔金额达50万韩元或以上。
 
② 存入已登记的代发工资账户的单笔金额达50万韩元或以上，且明确汇款用途为“工资”
(仅限月薪/工资/津贴/薪资/奖金/分红/薪酬/年金/绩效奖金/补偿金/报酬/Salary/bonu
s/pay)。
 
③ 根据代发工资合同(申请)相关条款规定，通过KB国民银行代发工资系统(工资相关预存入
款项、代发工资总额、企业网上银行代发工资 )存入的单笔金额达20万韩元或以上的款
项。
 
④ 国军财政管理团代发的工资。
 
⑤ 国民年金、公务员年金、私立学校教职员工年金、军人年金。
 
※ 不 包 括 从 账 户 持 有 人 本 人 名 下 的KB国民银行账户进行的转账、未提供汇款人账户信息的转账
以及在KB国民银行营业网点或ATM机进行的转账。 
注2) KB国 民 银 行 卡 消 费 扣 款 : 指 信 用 卡 还 款 日 或 借 记 卡 即 时 付 款 时 ， 从 账 户 中 扣 划 款 项 。 
※ 不包括通过开放银行（Open Banking ）、公司卡、预付卡等进行的付款。 
注3) 到 期 终 止 日 : 以 实 际 到 期 终 止 交 易 日(而 非 零 存 整 取 到 期 日)为准。 
注4) 三 个 月 内 : 即 指 自 到 期 终 止 交 易 日 起 至 满 三 个 月 之 日 止 。 如 无 此 日 期 ， 则 至 第 三 个 月 的 最 后 一 天 止 。 
             (示例1) 到期日 2026.11.1 到期终止日 2026.11.3 ⇒ [三个月内] 2026.11.3~2027.2.3 
          (示例2) 到期日 2026.11.25 到期终止日 2026.11.30 ⇒ [三个月内] 2026.11.30~2027.2.28 
最终利率 
(税前， 
截至 2026.5.29) 
▪ 最低年利率 2.0%~最高年利率 5.5% 
ㅇ 最 高 利 率 包 含办 理 开 户 时分 行 及KB国民银行网站 上 公 布 的 所 有优惠 利 率 。 
▪ 利率优惠券 
ㅇ 如 办 理 开 户 时 已 使 用 利 率 优 惠 券 ， 则 该 优 惠 券 的 优 惠 利 率 可 叠 加 到 最 终 利 率 中 。 
ㅇ 有 关 利 率 优 惠券的 使 用 方 法 和 注 意 事 项 ， 请参 见 利 率优惠券 相 关 内 容。 
 
17 
 
ㅇ 如 中 途 终 止 ， 优 惠 券 的 优 惠 利 率 则 不 适 用 。 
到期利息 
计算方法 
(计算依据) 
▪ 对于每笔存款，自存款日起至到期日前一天止这段期间将按约定利率计算利息总额
(不足 1 韩元的，将向下取整)。 
▪ [每笔存款到期利息计算公式]  
存款金额X 约定利率X 天数(存款日~到期日前一天)/365 
到期后利率 
(税前， 
截至2026.5.29) 
▪ 适用开户办理当日分行及 KB 国民银行网站公布的各已过期限到期后利率。 
※ 基本利率: 即指开户办理当日分行及KB 国民银行网站公布的基本利率。 
※ 利率保留到小数点后两位(小数点后第三位及以后的小数位将向下取整)。       
                                                                                                        
(单位: 年利率%)   
已过注)期限 利率 
到期后一个月内 基本利率 X 50% 
到期后1~3个月 基本利率 X 30% 
到期后3个月以上 0.1 
注) 已过: 即指(相关时间)已完全过去的期限。 
中途终止利率 
(税前， 
截至2026.5.29) 
▪ 适用开户办理当日分行及KB国民银行网站公布的各存款期限中途终止利率。 
※ 利率保留到小数点后第二位(小数点后第三位及以后的小数位将向下取整)。               
(单位: 年利率 %) 
存款期限 利率 
一个月内 0.1 
1~3个月内 基本利率 X 50% X 已过月数 / 合同月数(注：最低利率为 
0.1) 
3~6个月内 基本利率 X 50% X 已过月数 / 合同月数(注：最低利率
为 0.1) 
6~8个月内 基本利率 X 60% X 已过月数 / 合同月数(注：最低利率
为 0.2) 
8~10个月内 基本利率 X 70% X 已过月数 / 合同月数(注：最低利率
为 0.2) 
10~11个月内 基本利率 X 80% X 已过月数 / 合同月数(注：最低利率
为 0.2) 
11个月及以上 基本利率 X 90% X 已过月数 / 合同月数(注：最低利率
为 0.2) 
※ 已过月数: 从存款日次日起至终止月份存款日止计算月数。不足一个月的，则向上取整。 
            (注：已过月数不得超过合同月数。)  
※ 合同月数 : 12 个月 
 
18 
 
中途终止利
息 
计算方法 
(计算依据) 
▪ 对于每笔存款金额，自存款日起至中途终止日前一天止这段期间将按各存款期限 
中途终止利率计算利息总额(不足 1 韩元的，将向下取整)。 
▪ [每笔存款的中途终止利息计算公式] 
 存款金额X 基本利率X 各存款期限适用利率(50~90%) X 已过月数 / 合同月数 
 
 
 
 
   
   
   
   
   
     
存款人保障
状况 
适 用 
 
 
对于该存款，依据《存款人保护法》相关规定，每人可获得
“最高1亿韩元”(与本行其他受保护产品合并计算 )的保
护，包括本金和应计利息。 
税务优惠 
▪ 可作为免税综合存款办理开户。 
※ 如相关税法发生变更，税率或税项可能会发生变化。 
※ 合同到期后产生的利息需缴税。 
到期提前支取 ▪ 不可 
转让/质押设立 ▪ 可行 
提供担保 ▪ 可行(对于存款抵押贷款，最高可达存款金额的95%) 
合同终止方
式 
▪ 可通过KB Star银行或分行办理终止。 
▪ 可申请到期自动终止。 
▪ 通过KB Star银行开立的账户将在到期日自动终止，无需另行申请。同时，资金将存
入开户时的取款账户(但如账户存在法定支取限制等终止限制事由，则不会自动终止)。 
▪ 如遇到期日为周六或法定节假日(包括周日)，在前一个工作日办理终止则被视为中途
终止。 
本金和利息 
支取限制 
▪ 如账户上需登记扣押
注1)
、临时扣押
注2)
或质押
注3)
，本金和利息支取可能会受到限制。 
※ 依据《民事执行法》相关规定，如债权属于免扣押债权范围(例如，低于最低生活成本的债
权)，则可以通过向法院申请变更免扣押债权范围来解除扣押。 
注1) 扣押: 即指法院禁止处置(出售、转让)债务人特定财产的措施；其目的是确保债权人将
债务人的相关财产变现，以清偿债务。 
注2) 临时扣押: 即指法院为便于日后代表债权人进行强制执行而暂时保管债务人财产的措
施。 
注3) 质押设立: 质押是指当债务人未能按期偿还债务时，债权人有权直接从质押人(抵押物所有
人)提供的抵押物中获得优先偿付的行为。质押通常用于抵押物为动产或权利(存款/零存整
取、债券等)的情况。 
基本利率X50%X
已过月数 / 合
同月数 
(最低0.1) 
基本利率X50%
X已过月数 / 
合同月数 
(最低0.1) 
基本利率X60%X
已过月数 / 合
同月数 
(最低0.2) 
基本利率X70%X
已过月数 / 合
同月数 
(最低0.2) 
基本利率X80%X
已过月数 / 合
同月数 
(最低0.2) 
基本利率X90%
X已过月数 / 
合同月数 
(最低0.2) 
存款期限 3个月 1个月 8个月 6个月 10个月 11个月 
 
19 
 
▪ 在存款余额证明发放当日，余额不得发生变动，例如存款、取款或转账。 
自动转账 
▪ 可从其他金融机构的账户进行自动转账 。在这种情况下， 须向该金融机构提出申
请。 
▪ 单笔自动转账金额范围为 1,000 ~ 500,000 韩元。 
▪ [KB国民银行跨账户自动转账] 
ㅇ 自动转账服务截止至到期日前一个工作日，此后将不再进行转账。 
ㅇ 如遇转账日为非工作日，则转账将在下一个工作日进行。如遇转账日为非转账日
期，则转账将在相应月份的最后一天进行。 
休眠存款及
捐赠 
▪ 如账户自存款到期日或包含利息支付在内的最终交易日起五年内未关闭，依据
《存款交易基本条款》第9条之2“休眠存款及捐赠”的规定，该休眠存款将被捐赠注)
给韩国国民金融振兴院(直接拨打1397，无需加区号)。在这种情况下，可以通过韩
国国民金融振兴院提取休眠存款。 
注) 捐赠: 即指个人或团体根据自身意愿支付款项或承担义务，以此方式自愿承担经济损失，从
而增加他人财产的行为。捐赠通常指赠与行为，但在法律上指的是将财产无偿转移给非盈利
财团法人的行为。 
▪ 可通过休眠存款综合查询服务(www.sleepmoney.or.kr)查询休眠存款。 
▪ 使用账户综合管理服务时，您可以转移未使用的小额账户余额或关闭账户。使用休眠
账户综合查询服务时，您可以查询休眠账户的状态。 
查阅资料 
请求权 
▪ 金融消费者有权要求查阅(包括副本和听证)银行为寻求权利救济(例如争议调解或诉
讼)而记录、保存和管理的以下资料。 
ㅇ合同订立相关资料、合同履行相关资料、金融产品相关广告资料、金融消费者行使权利相
关资料、内部管控标准的制定和运行等相关资料以及业务委托相关资料。 
▪ 如存在违反法律规定、侵犯第三方利益或侵犯商业机密等事由，银行可在通知金融
消费者后限制或拒绝其查阅资料的请求。 
非法合同 
终止权 
▪ 如银行与金融消费者签订的相关金融产品合同违反《金融消费者保护法》规定的销售
原则注1)
，金融消费者可以在知悉该违规行为之日起一年内(适用期限为自合同订立
之日起五年内)向银行提交终止申请注2)
及用于证明违规行为的证据材料，要求终止该
合同。如金融消费者的请求被认定为是合理的，则可以立即终止合同，且无需承担手
续费、违约金等与合同终止相关的费用。 
注1) 《金融 消费者保 护法》销售原则: 不 适 当推 荐 金 融 产 品(第17条第3款)、 未 告 知不 适 当金 融 产 品 的 不
适当事由(第18条第2款)、对 金 融 产品进行虚假或歪 曲解 释 或遗漏对重要信息的 解释(第19条第1款
和第3款)、 禁 止 不公 平 的 商 业 行为(第20条第1款)、 禁止 不 当推 荐 行为(第21条) 
注2) 终止申请书: 即指用于申请终止 合 同 的 文 件， 包 括 金 融产品的名称和违法事实。 
使用限制事项 
 通过 KB STAR银行等线上渠道开立的账户，如需在开户当日注销，仅可前往营业网点
(分行)办理；自开户次日起，方可通过线上渠道办理注销。 
 为积极响应国家绿色环保的号召，本产品不发行纸质存单。 
 本产品不可联名开立。 
 如遇本产品到期日为周六或法定节假日(包括周日)，在前一个工作日办理终止则被视
为中途终止。 
 
20 
 
 如存单被用作《反电信金融欺诈及追回损失特别法》所界定的涉嫌欺诈的交易账户或 欺诈账
户，则可能受到金融交易限制，例如转账和汇款延迟或暂停支取。 
 
3  注意事项 
 
 线上渠道开立的账户无法在开户当日进行线上注销。   
 依据《金融消费者保护法》第19条第1款及该法实施令第14条第1款和第3款的规定，在解释产品
之前将为客户提供本说明书，以便客户更好地了解相关金融产品的重要信息。在咨询日过后，
因起存金额、合同期限等因素的变更，部分内容可能会有所变动。 
 如在合同期满前终止的，将适用低于合同约定利率的中途终止利率。 
 我们将依据相关法律规定和内部管控标准相关程序为您提供本说明书。 
 
本产品由KB 国民银行存款产品部(P)开发和管理。如您对产品有任何疑问或投诉的，请联系KB 国民银行分行、
客服中心(1588-9999)、KB 国民银行网站(www.kbstar.com)、金融监督院投诉咨询中心(直接拨打1332，无需
加区号)或 e-金融投诉中心(www.fcsc.kr)。一般情况下，银行通过分行等渠道收到的投诉将在14 个工作日内处
理完毕，但特殊情况除外。如有延期，我们将另行通知。此外，您可根据需要申请获取投诉处理进度更新。如
与KB 国民银行就本产品发生争议的，金融消费者可依据《金融消费者保护法》第36 条第1 款规定，向金融监
督院申请争议调解。",ok,
products/savings/나라사랑적금상품설명서.pdf,나라사랑적금상품설명서.pdf,products/savings,6,"페이지 1 / 6 
 
 
KB 나라사랑적금(직업군인용) 상품설명서 
 
1  상품명 및 특징 
▪ 상 품 명:  KB나라사랑적금(직업군인용) 
▪ 상품특징:  직업군인 맞춤형 상품으로 급여이체, 카드사용 등 은행 거래실적에 따라 우대이율을 
제공하는 적금 상품 
 
2  거래 조건 
 
구   분 내      용 
가입대상 
▪ 군 복무중인 직업 군인주) (※ 1 인 1 계좌 제한) 
※ 주) 장교, 준사관, 부사관, 육·해·공군사관생도, 간호사관생도 등 각급 사관생도, 
ROTC(학군사관후보생), 학사장교후보생, 여군사관후보생, 준사관∙부사관 후보생 등 
각급 장교 후보생 및 사관 후보생, 군무원, 군인연금 수급권자 
※ 가입대상 확인서류: 복무확인서, 전자공무원증, 비밀취급인가증, 학교장·학군단장 확인서류, 
군인연금 수급증서(카드형) 등 계급·신분을 증빙할 수 있는 서류 
(‘입영통지서’, ‘주민등록표초본’은 가입대상 확인서류로 불가함) 
※ 가입대상 확인서류 외 별도 실명확인증표 지참 필수임 
상품유형 ▪ 자유적립식 예금 
저축금액 ▪ 회차별 1 천원 이상 원단위로, 매월(월 초일부터 말일까지) 50 만원 이하 금액을 
자유롭게 저축 
계약기간 ▪ 1년제, 2년제, 3년제(연 단위) 
기본이율 
(세금공제 전, 
2026.02.01 기준) 
▪ 신규가입일 당시 영업점 및 KB국민은행 홈페이지에 게시한 계약기간별 기본이율 적용 
계약기간 1년제 2년제 3년제 
기본이율 연 1.5% 연 1.8% 연 2.1% 
※ 기본이율은 변경될 수 있으니 가입 시 반드시 확인하시기 바랍니다. 
◈ 이 설명서는 금융소비자의 권익 보호 및 예금상품에 대한 이해 증진을 위하여 「금융소비자 보호에 관한 법률」 및 
관련 규정에 의거, 은행의 내부 통제절차를 거쳐 예금상품의 주요 내용을 쉽게 이해할 수 있도록 작성한 자료입니다. 
◈ 설명내용을 제대로 이해하지 못하였음에도 불구하고 설명을 이해했다는 서명을 하거나 녹취기록을 남기시는 경우,  
추후 해당 내용과 관련한 권리구제가 어려울 수 있습니다. 
◈ 통장 미발행 요청 시에는 통장 또는 증서가 교부되지 않습니다. 
준법감시인 심의필 제2026-0303-1호(심의일: 2026.01.28) 
            [유효기간: 2026.02.01 ~ 2028.01.31] 
 
페이지 2 / 6 
 
우대이율 
(세금공제 전, 
2026.02.01 기준) 
▪ 적용조건 : 아래 항목별 적용조건을 충족한 경우 신규가입일 당시 영업점 및 KB국민은행 
홈페이지에 게시한 우대이율 적용(최고 연 3.5%p) 
※ 단, 모든 우대이율은 만기해지 계좌에 대하여 계약기간 동안 적용 
구 분 적용조건 우대이율 
[1]급여이체 
적금 신규월 초일부터 만기일 기준 전전월 말일까지주 1) 
고객이 가입한 적금 계약기간의 1/2 에 해당하는  
기간 동안주 2), 고객의 KB 국민은행 입출금통장으로 
국군재정관리단을 통한 급여이체 실적주 4)이 있는 경우 
연 2.2%p 
[2]신용카드 
실적 
적금 신규월 초일부터 만기일 기준 전전월 말일까지주 1) 
고객이 가입한 적금 계약기간의 1/2 에 해당하는 
기간 동안주 2), 고객의 신용카드(KB 국민카드, 
KB 국민비씨카드) 매입실적이 매월 30 만원 이상인 경우 
연 0.5%p 
[3]주택청약 
종합저축 
적금 만기일 기준 전전월 말일을 기준으로주 3) 
고객이 KB 국민은행 주택청약종합저축을 보유한 경우 
※ 청년 주택드림 청약통장 포함 
연 0.3%p 
[4]앱(App) 
가입 
적금 만기일 기준 전전월 말일을 기준으로 고객이 
KB 스타뱅킹주 5), 국민지갑 서비스주 6)  모두 가입한 경우 
연 0.3%p 
[5]KB 
스타클럽 
적금 만기일 기준 전전월 말일을 기준으로주 3) 
고객의 KB 스타클럽 최고등급에 따라 제공 
* 베스트: 
연 0.1%p 
* 그랜드·VIP· 
VVIP: 
  연 0.2%p 
※ 주1) 충족사례: 적금(계약기간 1년제) 신규일은 2021.9.20, 만기일은 2022.9.20인 경우 
⇒ `21.9.1 부터 `22.7.31 까지 고객님의 거래실적(급여이체, 신용카드실적)이 6 개월 이상 발생하는 
경우 우대이율 적용 
※ 주2) 충족사례: 고객님이 가입한 적금 계약기간이 1년제인 경우 6개월 이상, 2년제인 경우 12개월 
이상, 3년제인 경우 18개월 이상 
※ 주3) 충족사례: 고객님의 적금 만기일이 2022.9.20인 경우 
⇒ `22.7.31 기준 고객님의 가입실적(주택청약종합저축 보유, 3 개 앱 가입, KB 스타클럽 최고등급)을 
체크하여, 제공조건을 달성하면 우대이율 적용 
※ 주4) 급여이체 실적: 군인연금 입금 실적 포함 
※ 주5) 적금 가입일이 ’22.6.1 이전 고객의 경우는 KB스타뱅킹 또는 리브(Liiv) 중 선택가능 
※ 주6) 적금 가입일이 ’23.2.1 이전 고객의 경우는 국민지갑 서비스 또는 리브메이트(Liiv Mate) 중 
선택가능 
 
최종이율 
(세금공제 전, 
2026.02.01 기준) ※ 최고이율은 신규가입일 당시 영업점 및 KB국민은행 홈페이지에 게시한 우대이율 
 연3.5%p 모두 적용할 때 
계약기간 1년제 2년제 3년제 
최종이율 최저 연1.5% ~ 
최고 연5.0% 
최저 연1.8% ~ 
최고 연5.3% 
최저 연2.1% ~ 
최고 연5.6% 
페이지 3 / 6 
 
만기이자 
계산방법 
(산출근거) 
(세금공제 전) 
▪ 입금금액마다 입금일부터 만기일 전일까지의 기간에 대하여 약정이율로 계산한 이자를 합계 
(원미만 절사) 
- 입금건별 이자계산 산식: 입금금액 X 약정이율 X 일수(입금일~만기일 전일)/365 
 
 
 
 
 
 
 
※ 예상 수취이자액 안내 
 - 월 10만원씩 36개월 납입시 세전 310,800원 (최고금리 적용시, 세부사항 변동가능) 
- 월 10만원씩 36개월 납입시 세전 116,550원 (기본금리 적용시, 세부사항 변동가능) 
중도해지이율 
(세금공제 전, 
2026.02.01 기준) 
▪ 신규가입일 당시 영업점 및 KB국민은행 홈페이지에 게시한 예치기간별 중도해지이율 적용  
(단위: 연 %)                                                                     
예치기간 이율 
1개월미만 0.1 
1개월이상 ~ 3개월미만 기본이율 X 50% X 경과월수/계약월수(단, 최저금리는 0.1) 
3개월이상 ~ 6개월미만 기본이율 X 50% X 경과월수/계약월수(단, 최저금리는 0.1) 
6개월이상 ~ 8개월미만 기본이율 X 60% X 경과월수/계약월수(단, 최저금리는 0.2) 
8개월이상 ~ 10개월미만 기본이율 X 70% X 경과월수/계약월수(단, 최저금리는 0.2) 
10개월이상 ~ 11개월미만 기본이율 X 80% X 경과월수/계약월수(단, 최저금리는 0.2) 
11개월이상 기본이율 X 90% X 경과월수/계약월수(단, 최저금리는 0.2) 
1. 경과월수: 입금일 다음날로부터 해지월 입금해당일까지를 월수로 하고, 1개월 미만은 절상 
2. 계약월수: 신규일 다음날로부터 만기월 신규해당일까지를 월수로 하고, 1개월미만은 절상 
※ 단, 계약기간이 월단위인 경우 계약월수를 그대로 사용하며, 경과월수는 계약월수를 초과할 수 없음 
3. 이율은 소수점 둘째 자리까지 표시(소수점 셋째 자리에서 절사) 
중도해지이자 
계산방법 
(산출근거) 
(세금공제 전) 
▪ 입금금액마다 입금일부터 중도해지일 전일까지의 기간에 대하여 예치기간별 중도해지이율로 
계산한 이자를 합계(원미만 절사) 
- 입금건별 중도해지이율 계산 산식: 기본이율 X 예치기간별 적용률(50~90%) X 경과월수/계약월수 
 
기본이율x90%x 
경과월수/계약월수
(최저 0.2)
기본이율x80%x 
경과월수/계약월수
(최저 0.2)
기본이율x70%x 
경과월수/계약월수
(최저 0.2)
기본이율x60%x 
경과월수/계약월수
(최저 0.2)
기본이율x 50% x
경과월수/계약월수
(최저 0.1)
기본이율x 50% x
경과월수/계약월수
(최저 0.1)0.1
[예치기간] 1개월 3개월 6개월 8개월 10 개월 11 개월 

페이지 4 / 6 
 
만기후이율 
(세금공제 전, 
2026.02.01 기준) 
▪ 신규가입일 당시 영업점 및 KB국민은행 홈페이지에 게시한 경과기간별 만기후이율 적용  
(단위: 연 %)             
경과기간 이율 
만기후 1개월이내 기본이율 X 50% 
만기후 1개월초과 ~ 3개월이내 기본이율 X 30% 
만기후 3개월초과 0.1 
※ 이율은 소수점 둘째 자리까지 표시(소수점 셋째 자리에서 절사) 
세제혜택 
▪ 비과세종합저축으로 가입가능 
※ 관련 세법이 개정될 경우 세율이 변경되거나 세금이 부과될 수 있음 
※ 계약기간 만료일 이후의 이자는 과세됨 
이자지급시기 ▪ 만기일시지급식: 만기(후) 또는 중도해지 요청 시 이자를 지급 
거래방법 ▪ 신규: 영업점  
▪ 해지: 영업점, 인터넷뱅킹 및 KB스타뱅킹, 고객센터 
계약해지방법 
▪ 영업점 방문, 인터넷뱅킹, KB 스타뱅킹, 고객센터를 통해 해지 가능 
※ 단, 영업점에서 신규한 미성년자 명의의 예금 해지는 영업점에서만 가능 
※ 고객센터 해지 시 만기해지만 가능하며 미성년자 예금 해지 불가 
▪ 만기 자동해지 가능 
※ 만기 자동해지를 신청하는 경우 지정계좌로 입금 가능 
▪ 만기일이 토요일 또는 법정공휴일(일요일 포함)인 경우 직전 영업일에 해지 시  
해당일수만큼 약정이자를 차감하고 지급 
재예치 ▪ 불가 
일부인출 ▪ 불가 
만기앞당김 
지급 ▪ 불가 
질권설정 ▪ 가능 
양도 및  
담보제공 
▪ 양도 가능 
▪ 예금담보대출은 계좌잔액의 95%까지 가능 
원금 및 
이자지급 제한 
▪ 계좌에 압류주1), 가압류주2), 질권주3) 등이 등록될 경우 원금 및 이자 지급이 제한될 수 있습니다. 
※ 민사집행법에 따라 최저생계비 이하 등 압류금지채권에 해당하는 경우에는 
법원에 압류금지채권 범위 변경 신청 등을 통해 압류를 취소할 수 있습니다. 
 주 1) 압류: 채무자의 특정한 재산에 대하여 처분(매매, 양도 등)을 금지하게 하는 법원의 조치로서,  
채권자가 채무자의 해당 재산을 금전화하여 채무 변제에 충당하려는 목적으로 이용됩니다. 
 주 2) 가압류: 법원이 채권자를 위하여 나중에 강제 집행을 할 목적으로 채무자의 재산을 임시로 
확보하는 행위입니다. 
 주 3) 질권설정: 채무자가 변제기일에 채무를 이행하지 않는 경우 설정자(담보물 소유자)가 제공한 
담보물에 대하여 채권자가 직접 청구하여 우선적으로 변제받을 수 있는 권리를 설정하는 
것으로써 일반적으로 담보물이 동산 또는 권리(예·적금, 채권 등)인 경우에 활용됩니다. 
▪ 예금잔액증명서 발급 당일에는 입금·출금·이체 등 잔액 변동이 불가합니다. 
자동이체 ▪ KB 국민은행 계좌뿐만 아니라 다른 금융회사 계좌에서도 가능하나, 자동이체 신청은 
해당 금융회사에서 신청하여야 합니다. 
페이지 5 / 6 
 
휴면예금  
및 출연 
▪ 예금 만기일 또는 이자지급을 포함한 최종거래일 이후 5 년 이내 계좌를 해지하지 않을 경우  
예금거래기본약관 제 9 조의 2 휴면예금 및 출연에 따라 휴면예금은 “서민금융진흥원 
(국번없이 1397)”에 출연주)될 수 있으며, 이 경우 서민금융진흥원을 통해 휴면예금을 
찾으실 수 있습니다. 
▪ 휴면예금은 휴면예금통합조회서비스(www.sleepmoney.or.kr)를 통해 조회 가능합니다. 
주) 출연: 어떤 사람이나 단체가 자기의 의사에 따라 돈을 내거나 의무를 부담함으로써 재산상의  
손실을 입고 남의 재산을 증가시키는 일을 말합니다. 일반적으로 기부행위를 일컫는 말로  
사용되나 법률적으로는 비영리재단법인에 재산을 무상으로 내는 행위를 뜻합니다. 
※ 계좌통합관리서비스 이용 시 사용하지 않는 소액계좌를 잔고 이전/해지 할 수 있으며, 
 휴면계좌통합조회서비스 이용 시 휴면계좌 현황을 파악할 수 있습니다. 
예금자 
보호여부 
해당
 
이 예금은 예금자보호법에 따라 원금과 소정의 이자를 합하여 1 인당 
“1 억원까지”(본 은행의 여타 보호상품과 합산) 보호됩니다. 
위법계약해지권 
▪ 금융소비자는 은행이 금융소비자보호법 판매원칙주 1)을 위반하여 해당 금융상품에 관한 계약을 
체결한 경우에는 법 위반사실을 안 날로부터 1 년 이내(해당 기간은 계약체결일로부터 5 년 
이내의 범위)에 해지요구서 주 2)와 위반사항을 증명하는 서류를 은행에 제출하여 해당 계약의 
해지를 요구할 수 있습니다. 만약, 금융소비자의 요구가 정당한 것으로 판단될 경우 수수료, 
위약금 등 계약의 해지와 관련된 비용 부담 없이 해당 계약을 해지할 수 있습니다. 
 
주 1) 금융소비자보호법 판매원칙: 부적합한 금융상품을 권유한 경우(제 17 조 제 3 항), 적정하지 않은 
금융상품에 대해 부적정하다는 사실을 알리지 않은 경우(제 18 조 제 2 항), 금융상품에 대해 거짓 
또는 왜곡하여 설명하거나 중요한 사항에 대한 설명을 누락한 경우(제 19 조 제 1,3 항), 
불공정영업행위의 금지(제 20 조 제 1 항), 부당권유행위의 금지(제 21 조) 
주 2) 해지요구서: 금융상품의 명칭, 법 위반사실을 포함하여 계약의 해지를 요구하기 위하여 작성한 문서 
자료열람요구권 
▪ 금융소비자는 분쟁조정 또는 소송의 수행 등 권리구제를 위한 목적으로 은행이 기록 및  
유지·관리하는 다음의 자료에 대한 열람(사본 및 청취 포함)을 요구할 수 있습니다. 
- 계약체결에 관한 자료, 계약의 이행에 관한 자료, 금융상품 등에 관한 광고 자료, 
금융소비자의 권리행사에 관한 자료, 내부통제기준의 제정 및 운영 등에 관한 자료,  
업무 위탁에 관한 자료 
▪ 은행은 법령, 제 3 자의 이익 침해, 영업비밀의 침해 등의 사유가 있는 경우 이를 
금융소비자에게 알리고 자료 열람을 제한하거나 거절할 수 있습니다. 
이용제한 사항 
▪ 이 상품은 공동명의로 가입할 수 없습니다. 
▪ 급여이체 계약에 의하지 않은 일반 이체거래에 의한 입금 건은 급여이체실적으로 
인정되지 않으니 유의하시기 바랍니다.  
 
 

페이지 6 / 6 
 
3   유의 사항 
 
▪ 이 설명서는 「금융소비자 보호에 관한 법률」제19조제1항, 동 법 시행령 제14조제1항, 제3항에 따라 
금융상품에 관한 중요한 사항을 이해하기 쉽도록 설명하기 위해 설명을 하기 전에 제공되는 자료로써, 
상담일 이후 가입금액, 계약기간 등 변경에 의하여 일부 내용이 달라질 수 있습니다. 
▪ 본 설명서는 법령 및 내부통제기준에 따른 절차를 거쳐서 제공됩니다. 
 
이 상품은 KB 국민은행 수신상품부(P)에서 관리하는 상품입니다. 
본 상품에 대한 문의사항 또는 민원 상담이 필요하시면 영업점, 고객센터(1588-9999) 또는 인터넷 
홈페이지(www.kbstar.com), 금융감독원 민원상담센터(국번없이 1332) 또는 e-금융민원센터(www.fcsc.kr)을 
통해 문의주시기 바랍니다. 영업점 등을 통해 은행에 접수된 민원은 특별한 사정이 없는 한 14 영업일 이내에 
처리함을 원칙으로 하되, 기한 연장시 이에 대해 안내드리도록 하겠습니다. 또한 요청이 있는 경우 민원처리진행상황을 
안내받으실 수 있습니다. 또한 금융소비자는 본 상품에 대하여 당 은행과 분쟁이 있는 경우에는 금융소비자보호법 
제 36 조제 1 항에 따라 금융감독원에 분쟁조정을 신청할 수 있습니다.",ok,
products/savings/나라사랑적금직업군인특약(0308).pdf,나라사랑적금직업군인특약(0308).pdf,products/savings,2,"「KB나라사랑적금(직업군인용)」특약 
제 1 조  적용범위 
① “KB나라사랑적금(직업군인용)(이하 ‘이 적금’이라 합니다)” 거래는 이 특약을 적용하며, 
이 특약에서 정하지 않은 사항은 예금거래기본약관 및 적립식예금약관을 적용합니다. 
② 이 적금의 거래에 있어서 발생하는 전자금융거래에 관한 사항은 전자금융거래기본약관을 
적용합니다. 
제 2 조  가입대상 
① 이 적금의 가입대상은 실명의 개인으로 가입시점에 군 복무중인 직업군인에 한합니다. 
② 이 적금은 공동명의로 가입이 불가하며, 1인 1계좌만 가입 가능합니다. 
제 3 조  예금과목 및 계약기간 
이 적금의 예금과목은 정기적금으로 하며, 계약기간은 1년, 2년, 3년으로 합니다. 
제 4 조  저축금액 및 저축방법 
이 적금은 회차별 1천원 이상 원단위로, 매월(월 초일부터 말일까지) 50만원 이하 금액을 
자유롭게 저축할 수 있습니다. 
제 5 조  이율의 적용 
① 이 적금의 만기이율은 기본이율과 우대이율을 합하여 계약기간 동안 적용합니다. 
② 기본이율은 신규가입일 당시 영업점 및 KB국민은행 홈페이지에 게시한 계약기간별 이율을 
적용하며, 우대이율은 제6조에서 정하는 조건을 충족하는 경우 적용합니다. 
제 6 조  우대이율 
이 적금은 아래의 항목별로 제공조건을 충족하는 경우 신규가입일 당시 영업점 및 KB국민은행 
홈페이지에 게시한 우대이율을 적용합니다. 
단, 모든 우대이율은 만기해지시에만 계약기간동안 적용합니다. 
구 분 제공조건 
급여이체 
적금 신규월 초일부터 만기일 기준 전전월 말일까지 
고객이 가입한 적금 계약기간의 1/2 에 해당하는 기간 동안, 
고객의 KB 국민은행 입출금통장으로 국군재정관리단을 통한 
급여이체 실적이 있는 경우 
신용카드 
실적 
적금 신규월 초일부터 만기일 기준 전전월 말일까지 
고객이 가입한 적금 계약기간의 1/2 에 해당하는 기간 동안, 
고객의 신용카드(KB 국민카드, KB 국민비씨카드) 매입실적이 
매월 30 만원 이상인 경우 
주택청약 
종합저축 
적금 만기일 기준 전전월 말일을 기준으로 
고객이 KB 국민은행 주택청약종합저축(청년 주택드림 청약통장 포함)을 보
유한 경우 

앱(App) 
가입 
적금 만기일 기준 전전월 말일을 기준으로 고객이 ①KB스타뱅킹(주1)과  
②국민지갑(주2) 모두 가입한 경우 
(주1) 적금 가입일이 ’22.6.1 이전 고객의 경우는 KB스타뱅킹 또는 리브(Liiv) 중 선택가능 
(주2) 적금 가입일이 ’23.2.1 이전 고객의 경우는 국민지갑 또는 리브메이트 중 선택가능 
KB 
스타클럽 
적금 만기일 기준 전전월 말일을 기준으로 
고객의 KB 스타클럽 최고등급에 따라 베스트, 그랜드·VIP·VVIP 각 구간별  
차등 제공 
 
 
부  칙 
이 약관은 2017.9.18 부터 시행합니다. 
 
부  칙 
이 약관은 2020.10.12 부터 시행하며 신규가입고객에 한하여 적용됩니다. 
 
부  칙 
이 약관은 2021.12.1 부터 시행하며 기존 및 신규가입고객에 적용됩니다. 
 
부  칙 
이 약관은 2022.6.1 부터 시행하며 기존 및 신규가입고객에 적용됩니다. 
 
부  칙 
이 약관은 2023.2.1 부터 시행하며 기존 및 신규가입고객에 적용됩니다. 
 
부  칙 
이 약관은 2023.9.1 부터 시행하며 기존 및 신규가입고객에 적용됩니다. 
 
부  칙 
이 약관은 2024.03.08 부터 시행하며 기존 및 신규가입고객에 적용됩니다. 
 
 
본 특약은 법령 및 내부통제기준에 따른 절차를 거쳐서 제공됩니다.",ok,
products/savings/두근두근여행상품설명서260526.pdf,두근두근여행상품설명서260526.pdf,products/savings,8,"KB 두근두근여행적금 상품설명서 
 
1  상품명 및 특징 
 • 상품명: KB 두근두근여행적금 
 • 상품특징: 여행준비의 혜택과 설렘이 있는 적금 
❶ 친구들과 함께 받는 여행친구 우대이율 등 6개월제 최고이율 연 3.65% 
❷ 노랑풍선 여행상품 최대 3.5 만원 & 4% 할인 쿠폰번호 제공 
 
2  거래 조건 
  
구분 내용 
가입대상 
실명의 개인 (1 인 1 계좌) 
※ 개인사업자, 임의단체 및 공동명의 가입 불가(서류 미제출 임의단체 가입 가능) 
상품유형 정액적립식 예금 
가입금액  
및 저축방법 
월 5 만원 이상 100 만원 이하 (만원 단위) 
※ 신규 시 약정한 저축금액을 매월 약정한 날짜에 동일하게 저축 
계약기간 6 개월 
가입방법 KB 스타뱅킹 
이자지급시기 만기일시지급식 : 만기(후)해지 또는 중도해지 요청 시 이자를 지급 
기본이율 
 (세금공제 전, 
2026.5.26 
기준) 
연 2.65% 
※ 기본이율: 신규가입일 당시 KB 국민은행 홈페이지에 게시한 기본이율 적용 
 
 
◈ 이 설명서는 금융소비자의 권익 보호 및 예금상품에 대한 이해 증진을 위하여 「금융소비자 보호에 관한 법률」 및  
관련 규정에 의거, 은행의 내부 통제절차를 거쳐 예금상품의 주요 내용을 쉽게 이해할 수 있도록 작성한 자료입니다. 
◈ 설명내용을 제대로 이해하지 못하였음에도 불구하고 설명을 이해했다는 서명을 하거나 녹취기록을 남기시는 경우, 
추후 해당 내용과 관련한 권리구제가 어려울 수 있습니다. 
◈ 인터넷뱅킹 등 비대면채널을 통해 가입하거나 통장 미발행 요청 시에는 통장 또는 증서가 교부되지 않습니다. 
준법감시인 심의필 제2026-1763-2호(2026.04.20) 
(유효기간: 2026.05.26~ 2028.04.30) 
 
KB국민은행 
우대이율 
(세금공제 전, 
2026.5. 26 
기준) 
• 최고 연 1.0%p 
※ 신규가입일 당시 지점 및 KB 국민은행 홈페이지에 게시한 조건별 우대이율 적용 
※ 우대이율은 적용조건을 충족하는 경우 만기해지 시 계약기간 동안 적용 
• 적용조건 
❶ 여행친구 우대이율 (최고 연 0.6%p) 
적금 가입 시 생성되는 친구인증번호를 다른 사람에게 제공하고, 만기해지 
전까지 다른 사람이 내 계좌의 친구인증번호를 입력해 적금을 가입한 경우 
구분 우대이율 
친구인증번호 제공 계좌 연 0.6%p 
친구인증번호 입력 계좌 연 0.4%p 
※ 여러 명의 사람들이 내 계좌의 친구인증번호를 입력해 적금을 가입한 
경우에도 친구인증번호 제공 계좌 우대이율은 1 회에 한하여 적용(최고  
연 0.6%p) 
※ 내 계좌가 친구인증번호 입력 계좌와 제공 계좌 둘 다 해당하는 경우에도 
최고 연 0.6%p 적용 
(예) 다른 사람의 친구인증번호를 입력해 적금 가입 후, 다른 사람이 내 계좌의 
친구인증번호를 입력해 적금을 가입한 경우 
❷ 오픈뱅킹 우대이율 (연 0.3%p) 
적금 신규월의 다음달 말일 기준 아래 2 가지 조건을 모두 충족한 경우 
- [은행] 개인(신용)정보 수집·이용 (상품서비스 안내 등 및 오픈뱅킹 활용 
상품서비스 안내 등) 동의 
- KB 오픈뱅킹 다른금융(은행/증권) 계좌 등록 
❸ 자동이체저축 우대이율 (연 0.1%p) 
만기해지 전까지 KB 국민은행 입출금통장에서 이 적금으로 자동이체를 통해 
3 회차 이상 납입한 경우 
최종이율 
(세금공제 전, 
2026.5. 26 
기준) 
최저 연 2.65% ~ 최고 연 3.65%  
※ 최고이율은 신규가입일 당시 지점 및 KB국민은행 홈페이지에 게시한 우대이율 모두 적용 시 
만기이자 
계산방법 
(산출근거) 
{월저축금 × 계약월수 × (계약월수+1)/2} × (연이율/12) 
 
 
 
 
 
 
 

만기후이율 
(세금공제 전, 
2026.5. 26 
기준) 
신규가입일 당시 지점 및 KB 국민은행 홈페이지에 게시한 경과기간별 만기후이율 
적용                                                          
경과기간 이율 (단위 : 연 %) 
만기후 1개월 이내 기본이율 X 50% 
만기후 1개월 초과 3개월 이내 기본이율 X 30% 
만기후 3개월 초과 0.1 
※ 이율은 소수점 둘째 자리까지 표시(소수점 셋째 자리에서 절사) 
중도해지이율 
(세금공제 전, 
2026.5. 26 
기준) 
신규가입일 당시 지점 및 KB 국민은행 홈페이지에 게시한 예치기간별 중도해지이율 
적용                                                                            
예치기간 이율 (단위 : 연 %) 
1개월 미만 0.1 
1개월 이상 3개월 미만 
기본이율 x 50% x 경과월수/계약월수 
(단, 최저이율은 0.1) 
3개월 이상 
기본이율 x 50% x 경과월수/계약월수 
(단, 최저이율은 0.1) 
※ 경과월수: 입금일 다음날로부터 해지월 입금해당일까지를 월수로 하고, 
1개월 미만은 절상(단, 경과월수는 계약월수를 초과할 수 없음) 
※ 계약월수: 6개월 
※ 이율은 소수점 둘째 자리까지 표시(소수점 셋째 자리에서 절사) 
중도해지이자 
계산방법 
(산출근거) 
입금금액마다 입금일부터 중도해지일 전일까지의 기간에 대하여 예치기간별 
중도해지이율로 계산한 이자를 합계(원미만 절사) 
※ 입금건별 중도해지이율 계산 산식:  
기본이율 X 예치기간별 적용률(50%) X 경과월수/계약월수 
예금자보호 여부 
해당 
 
이 예금은 예금자보호법에 따라 원금과 소정의 이자를 합하여 
1인당 “1억원까지”(본 은행의 여타 보호상품과 합산) 
보호됩니다. 
세제혜택 
비과세종합저축으로 가입 가능 
※ 관련 세법이 개정될 경우 세율이 변경되거나 세금이 부과될 수 있음 
※ 계약기간 만료일 이후의 이자는 과세됨 
재예치 불가능 
일부인출 불가능 

만기앞당김 지급 불가능 
질권설정 가능 
양도  
및 담보제공 
• 양도가능 
• 계좌잔액의 95%까지 예금담보대출 가능 
계약해지방법 
• KB 스타뱅킹, 인터넷뱅킹, 지점, 고객센터 
※ 고객센터 해지 시 만기해지만 가능하며, 미성년자 명의 적금은 해지할 수 없음 
• KB스타뱅킹을 통해 가입한 계좌는 별도의 신청 없이 만기일에 자동해지되며 가입 
당시 출금계좌로 만기해지 지급금 입금(단, 만기 자동해지 대상 계좌에 법적 지급 
제한 등 해지 제한 사유가 등록되어 있는 경우 자동해지되지 않음) 
원금 및 
이자지급 제한 
• 계좌에 압류주1), 가압류주2), 질권주3) 등이 등록될 경우 원금 및 이자 지급이 제한될 
수 있음 
※ 민사집행법에 따라 최저생계비 이하 등 압류금지채권에 해당하는 경우에는 법원에 
 압류금지채권 범위 변경 신청 등을 통해 압류를 취소할 수 있습니다. 
주 1) 압류: 채무자의 특정한 재산에 대하여 처분(매매, 양도 등)을 금지하게 하는 법원의 
조치로서, 채권자가 채무자의 해당 재산을 금전화하여 채무 변제에 충당하려는 목적으로  
이용됩니다. 
     주 2) 가압류: 법원이 채권자를 위하여 나중에 강제 집행을 할 목적으로 채무자의 재산을 
임시로 확보하는 행위입니다. 
     주 3) 질권설정: 채무자가 변제기일에 채무를 이행하지 않는 경우 설정자(담보물 소유자)가  
제공한 담보물에 대하여 채권자가 직접 청구하여 우선적으로 변제받을 수 있는 권리를 설정 
하는 것으로써 일반적으로 담보물이 동산 또는 권리(예·적금, 채권 등)인 경우에 활용됩니다. 
• 예금잔액증명서 발급 당일에는 입금·출금·이체 등 잔액 변동 불가 
자동이체 
KB 국민은행 계좌뿐만 아니라 다른 금융회사 계좌에서도 가능하나, 자동이체 신청은 
해당 금융회사에서 신청하여야 합니다. 
휴면예금 및 
출연 
• 예금 만기일 또는 이자지급을 포함한 최종거래일 이후 5 년 이내 계좌를 해지하지  
않을 경우 예금거래기본약관 제 9 조의 2 휴면예금 및 출연에 따라 휴면예금은 
“서민금융진흥원(국번없이 1397)”에 출연주)될 수 있으며, 이 경우 서민금융진흥원을  
통해 휴면예금을 찾으실 수 있습니다. 
• 휴면예금은 휴면예금통합조회서비스(www.sleepmoney.or.kr)를 통해 조회 가능 
합니다. 
주) 출연: 어떤 사람이나 단체가 자기의 의사에 따라 돈을 내거나 의무를 부담함으로써 재산상의  
손실을 입고 남의 재산을 증가시키는 일을 말합니다. 일반적으로 기부행위를 일컫는 말로  
사용되나 법률적으로는 비영리재단법인에 재산을 무상으로 내는 행위를 뜻합니다. 
※ 계좌통합관리서비스 이용 시 사용하지 않는 소액계좌를 잔고 이전/해지 할 수 
있으며, 휴면계좌통합조회서비스 이용 시 휴면계좌 현황을 파악할 수 있습니다. 
자료열람요구권 
※ 금융소비자는 분쟁조정 또는 소송의 수행 등 권리구제를 위한 목적으로 은행이 
기록 및 유지·관리하는 다음의 자료에 대한 열람(사본 및 청취 포함)을 요구할 수 
있습니다. 
- 계약체결에 관한 자료, 계약의 이행에 관한 자료, 금융상품 등에 관한 광고 자료,  
금융소비자의 권리행사에 관한 자료, 내부통제기준의 제정 및 운영 등에 관한 자료,  
업무 위탁에 관한 자료 
• 은행은 법령, 제 3 자의 이익 침해, 영업비밀의 침해 등의 사유가 있는 경우 이를 
금융소비자에게 알리고 자료 열람을 제한하거나 거절할 수 있습니다. 
위법계약해지권 
금융소비자는 은행이 금융소비자보호법 판매원칙주 1)을 위반하여 해당 금융상품에 
관한 계약을 체결한 경우에는 법 위반사실을 안 날로부터 1 년이내 (해당기간은 
계약체결일로부터5 년 이내의 범위)에 해지요구서주 2) 와 위반사항을 증명하는 서류를 
은행에 제출하여 해당 계약의 해지를 요구할 수 있습니다. 만약, 금융소비자의 요구가 
정당한 것으로 판단될 경우 수수료, 위약금 등 계약의 해지와 관련된 비용 부담없이 
해당 계약을 해지할 수 있습니다. 
주1) 금 융 소 비 자 보 호 법 판 매 원 칙: 부 적 합 한 금 융 상 품 을 권유한 경우(제17조 제3항), 적 정 하 지 않은 금 융 상 품 에 
대해 부 적 정 하 다 는 사실을 알 리 지 않은 경우(제18조 제2항), 금 융 상 품 에 대해 거짓 또는 왜 곡 하 여 설 명 하 거 나 중
요한 사항에 대한 설 명 을 누락한 경우(제19조 제1,3항), 불 공 정 영 업 행 위 의 금지(제20조 제1항), 부 당 권 유 행 위 의 
금지(제21조) 
주2) 해 지 요 구 서: 금 융 상 품 의 명칭, 법 위 반 사 실 을 포 함 하 여 계약의 해지를 요 구 하 기 위 하 여 작 성 한 문서 
 
 
3  유의 사항 
• 이 설명서는 「금융소비자 보호에 관한 법률」 제19조제1항, 동 법 시행령 제14조제1항, 제3항에 
따라 금융상품에 관한 중요한 사항을 이해하기 쉽도록 설명하기 위해 설명을 하기 전에 제공되는 
자료로서, 상담일 이후 가입금액, 계약기간 등 변경에 의하여 일부 내용이 달라질 수 있습니다. 
• 본 설명서는 법령 및 내부통제기준에 따른 절차를 거쳐서 제공됩니다. 
 
이 상품은 KB 국민은행 수신상품부(P)에서 관리하는 상품입니다.  
본 상품에 대한 문의사항 또는 민원 상담이 필요하시면 지점, 고객센터(1588-9999) 또는 인터넷 홈페이지 
(www.kbstar.com), 금융감독원 민원상담센터(국번없이 1332) 또는 e-금융민원센터(www.fcsc.kr)를 통해 
문의하시기 바랍니다. 지점 등을 통해 은행에 접수된 민원은 특별한 사정이 없는 한 14 영업일 이내에 처리함을 
원칙으로 하되, 기한 연장 시 이에 대해 안내드리도록 하겠습니다. 또한 요청이 있는 경우 민원처리 진행상황을 
안내받으실 수 있습니다. 또한 금융소비자는 본 상품에 대하여 당 은행과 분쟁이 있는 경우에는 금융소비자보호법 
제 36 조 제 1 항에 따라 금융감독원에 분쟁조정을 신청할 수 있습니다.
 
4  연계·제휴서비스 
노랑풍선 여행상품 최대 3.5만원 & 4% 할인 쿠폰번호 제공 
- 적금 납입 회차에 따라 최대 3.5만원 & 4% 노랑풍선 할인 쿠폰번호가 제공됩니다. 
- 쿠폰별로 사용가능 대상 여행상품이 정해져 있으며, 사용을 위한 최소 구매금액 조건 등이 있습니다. 
구분 내용 
연계·제휴서비스 
내용 및 
제공조건 
 
주요내용 
• 적금 가입(1회차 납입) 시 노랑풍선 패키지여행 1만원 할인 쿠폰번호 제공 
 패키지여행 1만원 할인쿠폰 
패키지여행 상품(국내여행, 해외패키지, 에어텔 등) 구매 시 사용 가능 
※ 20만원 이상 구매 시 사용 가능 
※ 본 적금에서 제공한 쿠폰 또는 노랑풍선의 다른 쿠폰 1장과 중복사용 
가능 
• 적금 4회차 납입 시 노랑풍선 4종 할인쿠폰팩(총 4% & 2.5만원)* 쿠폰번호 제공 
(* 패키지여행 4%, 자유여행 호텔 1만원, 자유여행 항공 5천원 할인쿠폰 각 1장 
및 자유여행 렌터카 5천원 할인쿠폰 2장으로 구성) 
 패키지여행 4% 할인쿠폰 
패키지여행 상품(국내여행, 해외패키지, 에어텔 등) 구매 시 사용 가능 
※ 최소 구매금액 및 최대 할인금액 제한 없이 사용 가능 
※본 적금에서 제공한 패키지여행 1만원 할인쿠폰에 한하여 중복사용 가능 
 자유여행 호텔 1만원 할인쿠폰 
자유여행 호텔 상품 구매 시 사용 가능(국내/해외) 
※ 건당 15만원 이상 구매 시 사용 가능 
※ 본 적금에서 제공한 다른 자유여행 할인쿠폰에 한하여 중복사용 가능 
 자유여행 항공 5천원 할인쿠폰 
자유여행 항공 상품 구매 시 사용 가능(국내선을 제외한 전 항공사/노선) 
※ 건당 20만원 이상 구매 시 사용 가능 
※ 본 적금에서 제공한 다른 자유여행 할인쿠폰에 한하여 중복사용 가능 
 자유여행 렌터카 5천원 할인쿠폰(2매) 
자유여행 렌터카 상품 구매 시 사용 가능(국내/해외) 
※ 건당 10만원 이상 구매 시 사용 가능 
※ 본 적금에서 제공한 다른 자유여행 할인쿠폰에 한하여 중복사용 가능 
제공요건 및 제공일 
• 패키지여행 1만원 할인 쿠폰번호 
제공요건 제공일 
적금을 가입(1회차 납입)한 경우 적금 가입 즉시 
 

연계·제휴서비스 
내용 및 
제공조건 
(계속) 
• 4종 할인쿠폰팩 쿠폰번호 
제공요건 제공일 
적금 가입 월로부터 4개월이 경과한 월의 말일에 
납입 횟수를 확인하여 4회차 이상 납입한 경우 
적금 가입 월로부터 
5개월이 경과한 월의 1일 
※ 선납, 납입 지연 등으로 매월 연속하여 납입하지 않은 경우에도 제공 
※ 예시: 2026.5월 적금 가입 시 2026.9.30에 납입 횟수를 확인하여 4회차 이상 
 납입 시 2026.10.1 쿠폰번호 제공 
쿠폰번호 등록기간 : 쿠폰번호 제공일로부터 1개월 
※ 예시: 2026.5.11 쿠폰번호 제공 시 2026.6.10까지 쿠폰 등록 가능 
쿠폰 사용기간 : 쿠폰번호 등록일로부터 2년 
※ 예시: 2026.6.10 쿠폰 등록 시 2028.6.9까지 쿠폰 사용 가능 
확인사항 
• 쿠폰번호는 쿠폰번호 제공일에 계좌를 유지한 경우에 한하여 제공됩니다. 
• 쿠폰번호는 KB스타뱅킹 앱의 노랑풍선 혜택보기 페이지*에서 확인할 수 있습니다. 
   (* KB스타뱅킹 > KB두근두근여행적금 계좌번호 선택 > 노랑풍선 혜택보기) 
• 쿠폰 사용 방법 
❶ KB스타뱅킹 앱의 노랑풍선 혜택보기 페이지에서 쿠폰번호 복사하기 
❷ 쿠폰번호 등록하러 가기 선택 
❸ 노랑풍선 쿠폰번호등록 페이지에서 쿠폰번호 등록 (회원가입/로그인 필수) 
※ 노랑풍선 [마이페이지 > 쿠폰함 > 내 쿠폰함]에서 쿠폰 확인 가능 
❹ 노랑풍선 여행상품 결제 시 쿠폰 사용 
• 쿠폰은 정해진 기간 동안만 등록 및 사용이 가능합니다. 쿠폰별 등록기간 및 
사용기간을 반드시 확인해 주세요. 
• 본 적금에서 제공한 쿠폰들간 중복사용이 가능합니다. 다만 적금 해지 후 재가입 
등의 사유로 동일한 쿠폰을 여러 장 보유하게 된 경우 동일 쿠폰간 중복사용은 
불가합니다. 
※ 예외적으로 패키지여행 1만원 할인쿠폰에 한하여 동일한 쿠폰(패키지여행 
1만원 할인쿠폰) 1장과 중복사용 가능 
할인쿠폰 중복사용 예시 사용 가능 여부 
패키지여행 1만원(1장) & 패키지여행 4%(1장) 할인쿠폰 사용 가능 
자유여행 호텔(1장) & 항공(1장) & 렌터카(1장) 할인쿠폰 사용 가능 
패키지여행 1만원 할인쿠폰(2장) 사용 가능 
자유여행 렌터카 5천원 할인쿠폰(2장) 사용 불가 
패키지여행 4% 할인쿠폰(2장), 자유여행 호텔 할인쿠폰(2장) 등 사용 불가 
• 본 적금에서 제공한 쿠폰과 노랑풍선의 다른 쿠폰은 중복사용이 불가합니다. 
  ※ 예외적으로 패키지여행 1만원 할인쿠폰(1장)에 한하여 노랑풍선의 다른 할인 
쿠폰(1장)과 중복사용 가능 
• 한 번 사용한 쿠폰은 결제 취소 시 재발급 되지 않으며, 자동 소멸됩니다. 
• 본 쿠폰은 다른 사람에게 양도할 수 없으며, 노랑풍선에서 상황에 따라 고객님의 
KB두근두근여행적금 가입 여부를 확인할 수 있습니다. 
• 쿠폰 등록 및 사용 관련 문의: 노랑풍선 고객센터(☎ 1544-2288) 
연계·제휴서비스 
제공기간 
본 연계·제휴서비스는 ㈜노랑풍선과 KB국민은행 양사의 계약기간 동안 가입한 계좌에 
제공합니다.  
연계·제휴서비스 
이행책임 
KB국민은행은 연계·제휴서비스 등을 부당하게 축소하거나 변경하지 않으며, 불가피하게 
축소하거나 변경하는 경우 그에 상응하는 다른 연계·제휴서비스를 제공합니다. 
연계·제휴서비스 
변경·종료에 
대한 사전통지 
서면, 우편, 전자우편, 전화, 팩스, 휴대전화 문자메시지 또는 이에 준하는 전자적 
의사표시 중 2개 이상의 방법으로 축소·변경 6개월 전부터 매월 고지합니다. 
※ 단, 금융회사의 휴업·파산·경영상의 위기 또는 연계·제휴서비스등을 제공하는 자의  
일방적인 제공 중단 등 6개월 전부터 고지하기 어려운 불가피한 경우에는 해당  
상황이 발생하는 즉시 고지",ok,
products/savings/맑은하늘적금상품설명서260724.pdf,맑은하늘적금상품설명서260724.pdf,products/savings,7,"(qltlzu 
 
 
 
KB 맑은하늘적금 상품설명서 
 
 
1  상품명 및 특징 
▪ 상 품 명: KB 맑은하늘적금 
▪ 상품특징: 맑은하늘을 위한 생활 속 작은 실천에 대해 우대금리를 제공하고, 대중교통/자전거상해 
관련 무료 보험서비스(최대 2억원 보장)를 제공하는 친환경 특화 상품 
 
2  거래 조건 
 
구분 내용 
가입대상 
▪ 실명의 개인 
※ 1 인 최대 3 계좌까지 가입 가능 
※ 개인사업자 및 서류 미제출 임의단체 가입 가능, 공동명의 가입 불가 
상품유형 ▪ 자유적립식 예금 
계약기간 ▪ 1 년제, 2 년제, 3 년제 
가입금액  
및 저축방법 
▪ 매월(1 일~말일) 1 만원 이상 100 만원 이하 금액을 자유롭게 저축 (원 단위) 
※ 만기일 전일까지 저축 가능 
기본이율 
 (세금공제 전, 
2026.07.24 
기준) 
▪ 신규가입일 당시 영업점 및 KB국민은행 홈페이지에 게시한 계약기간별 기본이율 적용 
계약기간 1년 2년 3년 
기본이율 연 2.65% 연 2.75% 연 3.05% 
 
우대이율 
(세금공제 전, 
2026.07.24 
기준) 
▪ 맑은하늘을 위한 아래 미션별 제공조건을 달성하는 경우 신규가입일 당시 영업점 및 
   KB국민은행 홈페이지에 게시한 각 미션별 우대이율 적용 
(1년제 최고 연0.8%p, 2년제 최고 연0.9%p, 3년제 최고 연1.0%p) 
※ 우대이율 미션은 계좌별로 달성해야 하며, 모든 우대이율은 만기해지하는 계좌에 
대하여 계약기간 동안 적용 
구분 제공조건(계좌별) 우대이율 
[1] 
종이통장 
만기해지 할 때까지 이 적금을 종이통장으로 발행한 
이력이 없는 경우 
연0.1%p 
◈ 이 설명서는 금융소비자의 권익 보호 및 예금상품에 대한 이해 증진을 위하여 「금융소비자 보호에 관한 법률」 및 
관련 규정에 의거, 은행의 내부 통제절차를 거쳐 예금상품의 주요 내용을 쉽게 이해할 수 있도록 작성한 자료입니다. 
◈ 설명내용을 제대로 이해하지 못하였음에도 불구하고 설명을 이해했다는 서명을 하거나 녹취기록을 남기시는  
  경우, 추후 해당 내용과 관련한 권리구제가 어려울 수 있습니다. 
◈ 인터넷뱅킹 등 비대면채널을 통해 가입하거나 통장 미발행 요청 시에는 통장 또는 증서가 교부되지 않습니다. 
준법감시인 심의필 제2026-3321-1호(심의일: 2026.07.22) 
 (유효기간: 2026.07.24 ~ 2028.06.30) 
 
※  대중교통 미션 우대이율의 경우 신규 가입 할 때 ‘상품별 선택 개인(신용)정보 
수집·이용 ·제공’에 동의하는 경우에 한하여 제공되며, 신규 가입 이후 동의 여부 
변경이 불가 합니다. 
(주) 본인명의 KB국민(신용/체크)카드 대중교통 이용실적 인정기준 
       -  KB국민비씨카드/예금주의 가족카드/기업카드/선불카드 대중교통 이용실적 제외 
-  이용매체가 ‘버스’ 및 ‘지하철’인 경우에 한하여 인정 
(이용매체가 택시, 고속/시외버스, 기차(고속/일반열차) 등인 경우 제외) 
       -  이용실적은 해당 교통 이용건이 KB국민카드사에서 매입(매출반영)된 경우로 
‘이용일’ 기준으로 발생월 인정 
※ KB국민카드 후불교통카드(RF) 기능 외 모바일교통(KB Pay 모바일 교통카드, 
모바일티머니, 모바일캐시비, 삼성페이 교통, 엘지페이 교통) 후불형 서비스로 
이용한 KB국민카드 대중교통 이용건은 2019.12.30 이용건부터 실적으로 인정 
ㅇ 2019.12.29 이전 모바일교통 후불형 서비스 이용건은 실적 미인정 
▪ 금리우대쿠폰 : 이 적금의 신규 시 금리우대쿠폰을 적용한 경우 쿠폰 우대금리를  
기본이율에 가산 
※ 금리우대쿠폰 우대금리는 신규 당시 적용한 쿠폰의 우대금리를 따르며, 
세부 사항(적용방법, 유의사항 등)은 금리우대쿠폰에서 확인 가능 
※ 금리우대쿠폰은 신규 시에만 사용 가능하며 중도해지시 미적용 
줄이기 미션 
[2] 
종이서식    
줄이기 미션 
영업점의 디지털창구 및 KB 태블릿브랜치,  
비대면채널(인터넷뱅킹/KB 스타뱅킹/고객센터)을  
통해 이 적금을 가입한 경우 
연0.2%p 
[3] 
대중교통   
미션 
이 적금의 신규일이 포함된 월의 1 일부터 만기일이  
포함된 월을 기준으로 전전월 말일까지, 본인명의  
KB 국민(신용/체크)카드(KB 국민비씨카드 제외)  
대중교통 이용실적㈜ 발생월수가 계약기간의 1/2 
이상인 경우* 
(* `22.3.15 에 1 년제 가입한 경우 예시:  
`22.3.1~`23.1.31 기간 중 이용실적 발생월수가 
6 번 이상인 경우) 
(1년제) 연0.4%p 
(2년제) 연0.5%p 
(3년제) 연0.6%p 
[4] 
퀴즈 미션 
만기해지 할 때까지 이 적금 전용화면을 통해 
미세먼지 관련 퀴즈(총 3 문항)를 모두 맞춘 경우 
연0.1%p 
최종이율 
(세금공제 전, 
2026.07.24 
기준) 
계약기간 1년 2년 3년 
최종이율 
최저 연 2.65% ~ 
최고 연 3.45% 
최저 연 2.75% ~ 
최고 연 3.65% 
최저 연 3.05% ~ 
최고 연 4.05% 
※ 최고이율은 신규가입일 당시 영업점 및 KB 국민은행 홈페이지에 게시한 우대이율  
모두 적용 시 
※ 신규 가입 시 금리우대쿠폰을 적용한 경우 쿠폰 금리가 최종 이율에 가산됨 
이자지급시기 ▪ 만기일시지급식: 만기(후) 또는 중도해지 요청 시 이자를 지급 
만기이자 
계산방법 
(산출근거) 
▪ 입금금액마다 입금일부터 만기일 전일까지의 기간에 대하여 약정이율로 계산한 이자를 
합계 (원미만 절사) 
※ 입금건별 이자계산 산식 : 입금금액 X 약정이율 X 일수(입금일~만기일 전일)/365 
 
 
 
 
 
 
※ 예상 수취이자액 안내 
 - 월 10만원씩 36개월 납입시 세전 224,775원 (최고금리 적용시, 세부사항 변동가능) 
 - 월 10 만원씩 36 개월 납입시 세전 169,275원 (기본금리 적용시, 세부사항 변동가능) 
중도해지이율 
(세금공제 전, 
2026.07.24 
기준) 
▪ 신규가입일 당시 영업점 및 KB국민은행 홈페이지에 게시한 예치기간별 중도해지이율 적용 
                                                                           (단위: 연 %) 
예치기간 이율 
1개월미만 0.1 
1개월이상 ~ 3개월미만 기본이율 X 50% X 경과월수/계약월수 (단, 최저금리는 0.1) 
3개월이상 ~ 6개월미만 기본이율 X 50% X 경과월수/계약월수 (단, 최저금리는 0.1) 
6개월이상 ~ 8개월미만 기본이율 X 60% X 경과월수/계약월수 (단, 최저금리는 0.2) 
8개월이상 ~ 10개월미만 기본이율 X 70% X 경과월수/계약월수 (단, 최저금리는 0.2) 
10개월이상 ~ 11개월미만 기본이율 X 80% X 경과월수/계약월수 (단, 최저금리는 0.2) 
11개월이상 기본이율 X 90% X 경과월수/계약월수 (단, 최저금리는 0.2) 
1. 경과월수: 입금일 다음날로부터 해지월 입금해당일까지를 월수로 하고, 1개월 미만은 절상  
2. 계약월수: 1년제 - 12개월, 2년제 - 24개월, 3년제 - 36개월 (※ 경과월수는 계약월수를 초과할 수 없음) 
3. 이율은 소수점 둘째 자리까지 표시 (소수점 셋째 자리에서 절사) 
중도해지이자 
계산방법 
(산출근거) 
▪ 입금금액마다 입금일부터 중도해지일 전일까지의 기간에 대하여 예치기간별  
중도해지이율로 계산한 이자를 합계(원미만 절사) 
※ 입금건별 중도해지이율 계산 산식 : 기본이율 X 예치기간별 적용률(50~90%) X 경과월수/계약월수 
 
기본이율x90%x 
경과월수/계약월수
(최저 0.2)
기본이율x80%x 
경과월수/계약월수
(최저 0.2)
기본이율x70%x 
경과월수/계약월수
(최저 0.2)
기본이율x60%x 
경과월수/계약월수
(최저 0.2)
기본이율x 50% x
경과월수/계약월수
(최저 0.1)
기본이율x 50% x
경과월수/계약월수
(최저 0.1)0.1
[예치기간] 1개월 3개월 6개월 8개월 10 개월 11 개월 
만기후이율 
(세금공제 전, 
2026.07.24 
기준) 
▪ 신규가입일 당시 영업점 및 KB국민은행 홈페이지에 게시한 경과기간별 만기후이율 적용 
                                                           (단위: 연 %) 
경과기간 이율 
만기후 1개월이내 기본이율 X 50% 
만기후 1개월초과~3개월이내 기본이율 X 30% 
만기후 3개월초과 0.1 
※ 이율은 소수점 둘째 자리까지 표시(소수점 셋째 자리에서 절사) 
세제혜택 
▪ 비과세종합저축으로 가입 가능 
※ 관련 세법이 개정될 경우 세율이 변경되거나 세금이 부과될 수 있음 
※ 계약기간 만료일 이후의 이자는 과세됨 
거래방법 
▪ 신규: 영업점, 인터넷뱅킹, KB스타뱅킹 및 고객센터 
※ 고객센터에서 미성년자 예금 신규 불가 
※ 인터넷뱅킹, KB스타뱅킹에서 만 14세 미만 고객 신규 불가 
▪ 전용화면 
ㅇ KB스타뱅킹 > KB전계좌조회 > KB맑은하늘적금 선택 > 전용화면 
ㅇ KB국민은행 홈페이지(www.kbstar.com) > (전체)계좌조회 > KB맑은하늘적금 조회  
> 전용화면 바로가기 
계약해지방법 
▪ 영업점, 인터넷뱅킹, KB 스타뱅킹, 고객센터를 통해 해지 
※ 고객센터 해지 시 만기해지만 가능하며, 미성년자 예금 해지 불가 
▪ 만기 자동해지 가능 
※ 만기 자동해지를 신청하는 경우 지정계좌로 입금 가능 
▪ 만기일이 토요일 또는 법정공휴일(일요일 포함)인 경우 직전 영업일에 해지 시 
해당 일수만큼 약정이자를 차감하고 지급 
원금 및 
이자지급 제한 
▪ 계좌에 압류주1), 가압류주2), 질권주3) 등이 등록될 경우 원금 및 이자 지급이 제한될 수 
있음. 
※ 민사집행법에 따라 최저생계비 이하 등 압류금지채권에 해당하는 경우에는 
법원에 압류금지채권 범위 변경 신청 등을 통해 압류를 취소할 수 있습니다. 
 주 1) 압류: 채무자의 특정한 재산에 대하여 처분(매매, 양도 등)을 금지하게 하는 법원의 
조치로서, 채권자가 채무자의 해당 재산을 금전화하여 채무 변제에 충당하려는 목적으로 
이용됩니다. 
 주 2) 가압류: 법원이 채권자를 위하여 나중에 강제 집행을 할 목적으로 채무자의 재산을 임시로 
확보하는 행위입니다. 
 주 3) 질권설정: 채무자가 변제기일에 채무를 이행하지 않는 경우 설정자(담보물 소유자)가 제공한 
담보물에 대하여 채권자가 직접 청구하여 우선적으로 변제받을 수 있는 권리를 설정하는 
것으로써 일반적으로 담보물이 동산 또는 권리(예·적금, 채권 등)인 경우에 활용됩니다. 
▪ 예금잔액증명서 발급 당일에는 입금·출금·이체 등 잔액 변동 불가 
자동이체 
▪ KB 국민은행 계좌뿐만 아니라 다른 금융회사 계좌에서도 가능하나, 자동이체 신청은  
해당 금융회사에서 신청하여야 합니다. 
휴면예금 및 출연 
▪ 예금 만기일 또는 이자지급을 포함한 최종거래일 이후 5 년 이내 계좌를 해지하지 않을 
 경우 예금거래기본약관 제 9 조의 2 휴면예금 및 출연에 따라 휴면예금은 “서민금융진흥원 
(국번없이 1397)”에 출연주)될 수 있으며, 이 경우 서민금융진흥원을 통해 휴면예금을 찾으 
실 수 있습니다. 
▪ 휴면예금은 휴면예금통합조회서비스(www.sleepmoney.or.kr)를 통해 조회 가능합니다. 
주) 출연: 어떤 사람이나 단체가 자기의 의사에 따라 돈을 내거나 의무를 부담함으로써 재산상의  
손실을 입고 남의 재산을 증가시키는 일을 말합니다. 일반적으로 기부행위를 일컫는 말로  
사용되나 법률적으로는 비영리재단법인에 재산을 무상으로 내는 행위를 뜻합니다. 
※ 계좌통합관리서비스 이용 시 사용하지 않는 소액계좌를 잔고 이전/해지 할 수 있으며, 
 휴면계좌통합조회서비스 이용 시 휴면계좌 현황을 파악할 수 있습니다. 
재예치 ▪ 불가 일부인출 ▪ 불가 
만기앞당김 지급 ▪ 불가 질권설정 ▪ 가능 
양도 ▪ 가능  담보제공 ▪ 계좌잔액의 95%까지 예금담보대출 가능 
 
예금자보호 
 
해당 
 
이 예금은 예금자보호법에 따라 원금과 소정의 이자를 합하여 1인당 
“1 억원까지”(본 은행의 여타 보호상품과 합산) 보호됩니다. 
위법계약해지권 
금융소비자는 은행이 금융소비자보호법 판매원칙주 1)을 위반하여 해당 금융상품에 관한 
계약을 체결한 경우에는 법 위반사실을 안 날로부터 1 년 이내(해당 기간은 계약체결일로부터 
5 년 이내의 범위)에 해지요구서주 2)와 위반사항을 증명하는 서류를 은행에 제출하여 해당 
계약의 해지를 요구할 수 있습니다. 만약, 금융소비자의 요구가 정당한 것으로 판단될 경우 
수수료, 위약금 등 계약의 해지와 관련된 비용 부담 없이 해당 계약을 해지할 수 있습니다. 
* 주 1) 금융소비자보호법 판매원칙: 부적합한 금융상품을 권유한 경우(제 17 조 제 3 항), 적정하지  
않은 금융상품에 대해 부적정하다는 사실을 알리지 않은 경우(제 18 조 제 2 항), 금융상품에 대해  
거짓 또는 왜곡하여 설명하거나 중요한 사항에 대한 설명을 누락한 경우(제 19 조 제 1,3 항),  
불공정영업행위의 금지(제 20 조 제 1 항), 부당권유행위의 금지(제 21 조) 
* 주 2) 해지요구서: 금융상품의 명칭, 법 위반사실을 포함하여 계약의 해지를 요구하기 위하여 작성한  
문서 
자료열람요구권 
▪ 금융소비자는 분쟁조정 또는 소송의 수행 등 권리구제를 위한 목적으로 은행이 기록 및  
유지·관리하는 다음의 자료에 대한 열람(사본 및 청취 포함)을 요구할 수 있습니다. 
- 계약체결에 관한 자료, 계약의 이행에 관한 자료, 금융상품 등에 관한 광고 자료, 
금융소비자의 권리행사에 관한 자료, 내부통제기준의 제정 및 운영 등에 관한 자료,  
업무 위탁에 관한 자료 
▪ 은행은 법령, 제 3 자의 이익 침해, 영업비밀의 침해 등의 사유가 있는 경우 이를 
금융소비자에게 알리고 자료 열람을 제한하거나 거절할 수 있습니다. 
이용제한 사항 
▪ 티머니 계열 체크카드*는 후불교통카드(RF) 기능이 아닌 충전식 선불교통카드로 
   대중교통 이용실적에 포함되지 않습니다. 
(* KB 국민 티머니 노리체크카드, KB 국민 티머니 체크카드, KB 국민 티머니 노리 학생증  
체크카드, KB 국민 티머니 학생증 체크카드 등 상품명에 「티머니」를 포함한 체크카드) 
 
3  유의 사항 
▪ 이 설명서는 「금융소비자 보호에 관한 법률」 제19조 제1항, 동 법 시행령 제14조 제1항, 제3항에 따라 
금융상품에 관한 중요한 사항을 이해하기 쉽도록 설명하기 위해 설명을 하기 전에 제공되는 자료로써, 
상담일 이후 가입금액, 계약기간 등 변경에 의하여 일부 내용이 달라질 수 있습니다. 
▪ 본 설명서는 법령 및 내부통제기준에 따른 절차를 거쳐서 제공됩니다. 

 
이 상품은 KB 국민은행 수신상품부(P)에서 관리하는 상품입니다.  
본 상품에 대한 문의사항 또는 민원 상담이 필요하시면 영업점, 고객센터(1588-9999) 또는 인터넷 홈페이지 
(www.kbstar.com), 금융감독원 민원상담센터(국번없이 1332) 또는 e-금융민원센터(www.fcsc.kr)를 통해 
문의주시기 바랍니다. 영업점 등을 통해 은행에 접수된 민원은 특별한 사정이 없는 한 14 영업일 이내에 처리함을 
원칙으로 하되, 기한 연장시 이에 대해 안내드리도록 하겠습니다. 또한 요청이 있는 경우 민원처리진행상황을 
안내받으실 수 있습니다. 
또한 금융소비자는 본 상품에 대하여 당 은행과 분쟁이 있는 경우에는 금융소비자보호법 제 36 조 제 1 항에 따라  
금융감독원에 분쟁조정을 신청할 수 있습니다. 
 
 
4  연계·제휴서비스 
  • 보험 가입 서비스 
구분 내용 
연계·제휴서비스 
내용 
▪ 대중교통상해 및 자전거상해 관련 ㈜KB손해보험 단체보험 가입 서비스 
 
담보위험 보장금액 보상내용 
대중교통상해 
사망/후유장해    
(미세먼지 오염경보일) 
최대 2억원 
미세먼지 오염경보가 발생한날*에 승객으로서 
대중교통 이용 중 교통사고로 인한 상해로 사망 
또는 후유장해가 발생한 경우 
* 미세먼지 오염경보가 발생한날 
대기환경보전법 관련 법령에 따라 미세먼지  
(PM-10 또는 PM-2.5) 오염경보가 발령된 
날의 00시부터 해제일의 24시까지 해당일 
대중교통상해 
사망/후유장해    
(미세먼지 오염경보일 外) 
최대 1억원 
대중교통 이용 중 교통사고로 인한 상해로 사망 
또는 후유장해가 발생한 경우 
자전거상해 입원위로금 30만원 
자전거사고로 인한 상해의 직접적인 결과로  
6일 이상 계속 입원하여 치료를 받은 경우 
연계·제휴서비스  
제공기간 
▪ 보장기간: 보험 개시일은 적금 신규 다음 날로 하며, 보험 개시일로부터 1년 (1년 단위 갱신).               
※ 단, 보장기간은 적금 계약기간을 초과할 수 없으며, 적금의 중도해지 시에는 
보험가입 서비스 제공 중단 
연계·제휴서비스 
제공조건 
▪ 가입대상: 신규 시 보험가입 및 개인(신용)정보의 제3자 제공에 동의한 고객 
▪ 유의사항 
ㅇ 보험담보위험, 보험금지급 등 위 보험서비스제공과 관련된 사항은 해당 보험약관에서  
정하는 바에 따릅니다. 
ㅇ 보험서비스는 은행 및 보험사의 사정에 따라 종료되거나 변경될 수 있습니다. 
보험서비스가 종료되더라도 보장기간까지 보험서비스는 제공되며, 보험서비스가   
변경되는 경우 변경된 보험서비스 내용은 보험 갱신 시점부터 적용됩니다. 
ㅇ 명의변경으로 인한 예금주 변경 시 보험가입서비스가 제공되지 않습니다. 
ㅇ 이 적금을 여러 계좌 가입하는 경우에도 동일 청구 건에 대해 중복 보상 불가합니다. 
ㅇ 가입자 본인의 보험 관련 상담은 보험가입 다음달 11일 이후 ㈜KB손해보험 
  고객상담센터에서 문의 가능합니다. ☎ (02) 6900-3463, 3570 
연계·제휴서비스 
이행책임 
KB국민은행은 연계·제휴서비스를 부당하게 축소하거나 변경하지 않으며, 불가피하게 
축소하거나 변경하는 경우 그에 상응하는 다른 연계ㆍ제휴서비스를 제공합니다.  
연계·제휴서비스 
변경·종료에 대한 
사전통지 
서면, 우편, 전자우편, 전화, 팩스, 휴대전화 문자메시지 또는 이에 준하는 전자적 의사표시 
중 2개 이상의 방법으로 축소·변경 6개월 전부터 매월 고지합니다.  
※ 단, 금융회사의 휴업·파산·경영상의 위기 또는 연계ㆍ제휴서비스 등을 제공하는 자의  
일방적인 제공 중단 등 6개월 전부터 고지하기 어려운 불가피한 경우에는 해당 상황이 발생 
하는 즉시 고지",ok,
products/savings/상호부금자유_260724.pdf,상호부금자유_260724.pdf,products/savings,5,"「KB 상호부금(자유적립식)」 상품설명서 
 
 
 
 
 
1  상품명 및 특징 
▪ 상 품 명:  KB상호부금(자유적립식) 
▪ 상품특징:  목돈을 마련하는 국민은행의 대표 적립식예금 
 
2  거래 조건 
 
구 분 내 용 
가입대상 ▪ 제한없음 
상품유형 ▪ 자유적립식 예금 
거래방법 
▪ 신규: 영업점, 인터넷뱅킹, KB 스타뱅킹, 고객센터 
▪ 해지: 영업점, 인터넷뱅킹, KB 스타뱅킹, 고객센터 
가입금액 
및 저축방법 
▪ 회차별 1 만원이상 월 5 백만원까지 납입 (※만기 1 개월전까지 원단위로 저축 가능) 
계약기간 ▪ 12개월이상 72개월이내 (월 단위) 
이자지급시기 ▪ 만기일시지급식: 만기(후) 또는 중도해지 요청 시 이자를 지급 
기본이율  
(세금공제 전,  
2026.07.24 
기준) 
▪ 기본이율: 입금 건별로 신규가입일 당시 영업점 및 KB국민은행 홈페이지에 게시한 
             예치기간별 기본이율 적용                                       (단위: 연%)                                           
 
계약기간 3개월미만 
3개월 ~ 
6개월미만 
6개월 ~ 
1년 미만 
1년 ~ 
2년미만 
2년 ~ 
3년미만 
3년 ~ 6년 
개인고객 1.75 1.90 2.30 2.45 2.90 3.15 
법인,  단 체 고 객 1.65 1.80 2.20 2.30 2.70 2.95 
우대이율 
(세금공제 전,  
2026.07.24 
기준) 
▪ 최고 연0.4%p 
 (※ 단, 모든 우대이율은 신규가입일 당시 영업점 및  
KB국민은행 홈페이지에 게시한 우대이율을 만기 해지 계좌에 한해 계약기간 동안 적용) 
구분 우대조건 제공조건 
준법감시인 심의필 제2026-3322-1호(2026.07.22) 
(유효기간: 2026.07.24 ~ 2028.06.30) 
  
 
◈ 이 설명서는 금융소비자의 권익 보호 및 예금상품에 대한 이해 증진을 위하여 「금융소비자 보호에 관한 법률」 및 
관련 규정에 의거, 은행의 내부 통제절차를 거쳐 예금상품의 주요 내용을 쉽게 이해할 수 있도록 작성한 자료입니다. 
◈ 설명내용을 제대로 이해하지 못하였음에도 불구하고 설명을 이해했다는 서명을 하거나 녹취기록을 남기시는 경우, 
추후 해당 내용과 관련한 권리구제가 어려울 수 있습니다. 
◈ 인터넷뱅킹 등 비대면채널을 통해 가입하거나 통장 미발행 요청 시에는 통장 또는 증서가 교부되지 않습니다. 
※ 자동이체우대이율: 계약기간에 해당하는 월차이상을 납입한 계좌 중 납입 회차의 
2/3 이상 창구 이외의 채널을 이용하여 입금할 경우 적용 
o 단, 계약기간이 1년 미만인 경우에는 계약기간 해당 월차에 모두 자동이체할 경우 우대이율 적용 
1 
자동이체 우대이율 
(연 0.1%p) 
전회차 저축한 계좌 중 자동이체, 자동화기기, KB스타뱅킹 및 
인터넷뱅킹 등을 이용하여 2/3 이상 저축한 만기계좌에 대하여 상기 
기본이율과는 별도로 연 0.1%p 추가지급 
2 
통장보유고객우대
이율(연0.3%p) 
직장인우대종합통장 보유고객이 인터넷뱅킹(KB스타뱅킹 포함)으로 
가입시 연0.3%p적용 
3 
명품여성종합통장 보유고객이 인터넷뱅킹(KB스타뱅킹 포함)으로 
가입시 연 0.3%p 적용 
최종이율 
(세금공제 전,  
2026.07.24 
기준) 
(단위: 연%) 
※ 적금의 입금시점에 따라 “입금건별로 예치기간별” 이율이 다르게 적용됨 
계약기간 3개월미만 
3개월 ~ 
6개월미만 
6개월 ~ 
1년 미만 
1년 ~ 
2년미만 
2년 ~ 
3년미만 
3년 ~ 6년 
개인고객 
최저1.75 
~ 최고2.15 
최저1.90 
~ 최고2.30 
최저2.30 
~ 최고2.70 
최저2.45 
~ 최고2.85 
최저2.90 
~ 최고3.30 
최저3.15 
~ 최고3.55 
법인, 
단체고객 
최저1.65 
~ 최고2.05  
최저1.80 
~ 최고2.20 
최저2.20 
~ 최고2.60 
최저2.30 
~ 최고2.70 
최저2.70 
~ 최고3.10 
최저2.95 
~ 최고3.35 
만기이자 
계산방법 
(산출근거) 
▪ 입금금액마다 입금일부터 만기일 전일까지의 기간에 대하여 예치기간별 약정이율로 계산한 
이자를 합계(원미만 절사) 
 
[입금건별 이자계산 산식] 입금금액 X 에치기간별 약정이율 X 일수(입금일~만기일 전일)/365 
 
 
 
 
 
 

중도해지이율 
(세금공제 전,  
2026.07.24 
기준) 
▪ 신규가입일 당시 영업점 영업점 및 KB국민은행 홈페이지에 게시한 예치기간별 중도해지이율 적용 
                                                          (단위: 연 %) 
예치기간 이율 
1개월미만 0.1 
1개월이상 ~ 3개월미만 기본이율 X 50% X 경과월수/계약월수 (단, 최저금리는 0.1) 
3개월이상 ~ 6개월미만 기본이율 X 50% X 경과월수/계약월수 (단, 최저금리는 0.1) 
6개월이상 ~ 8개월미만 기본이율 X 60% X 경과월수/계약월수 (단, 최저금리는 0.2) 
8개월이상 ~ 10개월미만 기본이율 X 70% X 경과월수/계약월수 (단, 최저금리는 0.2) 
10개월이상 ~ 11개월미만 기본이율 X 80% X 경과월수/계약월수 (단, 최저금리는 0.2) 
11개월이상 기본이율 X 90% X 경과월수/계약월수 (단, 최저금리는 0.2) 
1. 경과월수: 입금일 다음날로부터 해지월 입금해당일까지를 월수로 하고, 1개월 미만은 절상  
2. 계약월수: 신규일 다음날로부터 만기월 신규해당일까지를 월수로 하고, 1개월미만은 절상 
※ 단, 계약기간이 월단위인 경우 계약월수를 그대로 사용하며, 경과월수는 계약월수를 초과할 수 없음 
3. 이율은 소수점 둘째 자리까지 표시(소수점 셋째 자리에서 절사) 
중도해지이자 
계산방법 
(산출근거) 
▪ 입금금액마다 입금일부터 중도해지일 전일까지의 기간에 대하여 예치기간별 중도해지이율로 
계산한 이자를 합계(원미만 절사) 
[입금건별 중도해지이율 계산 산식] 기본이율 X 예치기간별 적용률(50~90%) X 경과월수/계약월수 
 
만기후이율 
(세금공제 전,  
2026.07.24 
기준) 
▪ 신규가입일 당시 영업점 및 KB국민은행 홈페이지에 게시한 경과기간별 만기후이율 적용 
                                                          (단위: 연 %) 
경과기간 이율 
만기후 1개월이내 기본이율 X 50% 
만기후 1개월초과 ~ 3개월이내 기본이율 X 30% 
만기후 3개월초과 0.1 
※ 이율은 소수점 둘째 자리까지 표시(소수점 셋째 자리에서 절사) 
세제혜택 
▪ 비과세종합저축으로 가입 가능 
※ 관련세법이 개정될 경우 세율이 변경되거나 세금이 부과될 수 있음 
※ 계약기간 만료일 이후의 이자는 과세됨 
계약해지방법 
▪ 영업점, 인터넷뱅킹, KB 스타뱅킹, 고객센터를 통해 해지 가능 
※ 고객센터 통한 해지 시 개인예금(미성년자 예금 제외)에 한해 만기해지만 가능함 
기본이율x90%x 
경과월수/계약월수
(최저 0.2)
기본이율x80%x 
경과월수/계약월수
(최저 0.2)
기본이율x70%x 
경과월수/계약월수
(최저 0.2)
기본이율x60%x 
경과월수/계약월수
(최저 0.2)
기본이율x 50% x
경과월수/계약월수
(최저 0.1)
기본이율x 50% x
경과월수/계약월수
(최저 0.1)0.1
[예치기간] 1개월 3개월 6개월 8개월 10 개월 11 개월 
※ 영업점에서 신규한 미성년자 명의의 예금 해지는 영업점에서만 가능 
▪ 만기 자동해지 가능 
※ 만기 자동해지를 신청하는 경우 지정계좌로 입금 가능 
재예치 ▪ 불가 
일부인출 ▪ 불가 
만기앞당김 지급 ▪ 불가 
질권설정 ▪ 가능 
양도 및  
담보제공 
▪ 양도 가능 
▪ 예금담보대출은 계좌잔액의 95%까지 가능 
원금 및 
이자지급 제한 
▪ 계좌에 압류주1), 가압류주2), 질권주3) 등이 등록될 경우 원금 및 이자 지급이 제한될 수 있음. 
※ 민사집행법에 따라 최저생계비 이하 등 압류금지채권에 해당하는 경우에는 
법원에 압류금지채권 범위 변경 신청 등을 통해 압류를 취소할 수 있습니다. 
 
 주 1) 압류: 채무자의 특정한 재산에 대하여 처분(매매, 양도 등)을 금지하게 하는 법원의 조치로서,  
채권자가 채무자의 해당 재산을 금전화하여 채무 변제에 충당하려는 목적으로 이용됩니다. 
 주 2) 가압류: 법원이 채권자를 위하여 나중에 강제 집행을 할 목적으로 채무자의 재산을 임시로 
확보하는 행위입니다. 
 주 3) 질권설정: 채무자가 변제기일에 채무를 이행하지 않는 경우 설정자(담보물 소유자)가 제공한 
담보물에 대하여 채권자가 직접 청구하여 우선적으로 변제받을 수 있는 권리를 설정하는 
것으로써 일반적으로 담보물이 동산 또는 권리(예·적금, 채권 등)인 경우에 활용됩니다. 
▪ 예금잔액증명서 발급 당일에는 입금·출금·이체 등 잔액 변동 불가. 
자동이체 ▪ KB 국민은행 계좌뿐만 아니라 다른 금융회사 계좌에서도 가능하나, 자동이체 신청은 
해당 금융회사에서 신청하여야 합니다. 
휴면예금  
및 출연 
▪ 예금 만기일 또는 이자지급을 포함한 최종거래일 이후 5 년 이내 계좌를 해지하지 않을 경우  
예금거래기본약관 제 9 조의 2 휴면예금 및 출연에 따라 휴면예금은 “서민금융진흥원 
(국번없이 1397)”에 출연주)될 수 있으며, 이 경우 서민금융진흥원을 통해 휴면예금을 
찾으실 수 있습니다. 
▪ 휴면예금은 휴면예금통합조회서비스(www.sleepmoney.or.kr)를 통해 조회 가능합니다. 
 
주) 출연: 어떤 사람이나 단체가 자기의 의사에 따라 돈을 내거나 의무를 부담함으로써 재산상의  
손실을 입고 남의 재산을 증가시키는 일을 말합니다. 일반적으로 기부행위를 일컫는 말로  
사용되나 법률적으로는 비영리재단법인에 재산을 무상으로 내는 행위를 뜻합니다. 
 
※ 계좌통합관리서비스 이용 시 사용하지 않는 소액계좌를 잔고 이전/해지 할 수 있으며, 
 휴면계좌통합조회서비스 이용 시 휴면계좌 현황을 파악할 수 있습니다. 
예금자 
보호여부 
해 당 
 
이 예금은 예금자보호법에 따라 원금과 소정의 이자를 합하여 1 인당 
“1 억원까지”(본 은행의 여타 보호상품과 합산) 보호됩니다. 

위법계약해지권 
▪ 금융소비자는 은행이 금융소비자보호법 판매원칙주 1)을 위반하여 해당 금융상품에 관한 
계약을 체결한 경우에는 법 위반사실을 안 날로부터 1 년이내(해당 기간은 계약체결일로부터 
5 년 이내의 범위)에 해지요구서주 2) 와 위반사항을 증명하는 서류를 은행에 제출하여 해당 
계약의 해지를 요구할 수 있습니다. 만약, 금융소비자의 요구가 정당한 것으로 판단될 경우 
수수료, 위약금 등 계약의 해지와 관련된 비용 부담 없이 해당 계약을 해지할 수 있습니다. 
주1) 금융소비자보호법 판매원칙: 부적합한 금융상품을 권유한 경우(제17조 제3항), 적정하지 않은 금 융 상 품 에 대해 부
적정하다는 사실을 알리지 않은 경우(제18조 제2항), 금융상품에 대해 거짓 또는 왜곡하여 설명하거나 중 요 한 사항에 
대한 설명을 누락한 경우(제19조 제1,3항), 불공정영업행위의 금지(제20조 제1항), 부당권유행위의 금지(제21조) 
주2) 해지요구서: 금융상품의 명칭, 법 위반사실을 포함하여 계약의 해지를 요구하기 위하여 작성한 문서 
자료열람요구권 
▪ 금융소비자는 분쟁조정 또는 소송의 수행 등 권리구제를 위한 목적으로 은행이 기록 및  
유지·관리하는 다음의 자료에 대한 열람(사본 및 청취 포함)을 요구할 수 있습니다. 
- 계약체결에 관한 자료, 계약의 이행에 관한 자료, 금융상품 등에 관한 광고 자료, 
금융소비자의 권리행사에 관한 자료, 내부통제기준의 제정 및 운영 등에 관한 자료,  
업무 위탁에 관한 자료 
▪ 은행은 법령, 제 3 자의 이익 침해, 영업비밀의 침해 등의 사유가 있는 경우 이를 
금융소비자에게 알리고 자료 열람을 제한하거나 거절할 수 있습니다. 
이용제한 사항 
￭ 자유적립식의 경우 불입 회차별 월부금 경과기간에 따른 차등금리를 적용합니다.  
￭ 정부 및 지방자치단체, 한국은행, 금융감독원, 예금보험공사, 부보금융기관의 예금은 예금자 
  보호법에 따라 보호되지 않습니다. 
 
3  유의 사항 
▪ 이 설명서는 「금융소비자 보호에 관한 법률」제19조제1항, 동 법 시행령 제14조제1항, 제3항에 따라 
금융상품에 관한 중요한 사항을 이해하기 쉽도록 설명하기 위해 설명을 하기 전에 제공되는 자료로써, 
상담일 이후 가입금액, 계약기간 등 변경에 의하여 일부 내용이 달라질 수 있습니다. 
▪ 본 설명서는 법령 및 내부통제기준에 따른 절차를 거쳐서 제공됩니다. 
 
이 상품은 KB 국민은행 수신상품부(P)에서 개발 및 관리하는 상품입니다. 
본 상품에 대한 문의사항 또는 민원 상담이 필요하시면 영업점, 고객센터(1588-9999) 또는 인터넷 홈페이지 
(www.kbstar.com), 금융감독원 민원상담센터(국번없이 1332) 또는 e-금융민원센터(www.fcsc.kr)를 통해 
문의주시기 바랍니다. 영업점 등을 통해 은행에 접수된 민원은 특별한 사정이 없는 한 14 영업일 이내에 
처리함을 원칙으로 하되, 기한 연장시 이에 대해 안내드리도록 하겠습니다. 또한 요청이 있는 경우 
민원처리진행상황을 안내받으실 수 있습니다. 
또한 금융소비자는 본 상품에 대하여 당 은행과 분쟁이 있는 경우에는 금융소비자보호법 제 36 조 제 1 항에 따라  
금융감독원에 분쟁조정을 신청할 수 있습니다.",ok,
products/savings/상호부금정액_260724.pdf,상호부금정액_260724.pdf,products/savings,5,"sod 
 
「KB 상호부금(정액적립식)」 상품설명서 
 
 
 
 
1  상품명 및 특징 
▪ 상 품 명:  KB상호부금(정액적립식) 
▪ 상품특징:  목돈을 마련하는 국민은행의 대표 적립식예금 
 
2  거래 조건 
 
구 분 내 용 
가입대상 ▪ 제한없음 
상품유형 ▪ 정액적립식 예금 
거래방법 
▪ 신규: 영업점, 인터넷뱅킹, KB 스타뱅킹, 고객센터 
▪ 해지: 영업점, 인터넷뱅킹, KB 스타뱅킹, 고객센터 
가입금액 
및 저축방법 
▪ 최저 1 만원이상 정해진 월저축금을 매월 약정일에 납입 
계약기간 ▪ 6개월이상 72개월이내 (월 단위) 
이자지급시기 ▪ 만기일시지급식: 만기(후) 또는 중도해지 요청 시 이자를 지급 
기본이율  
(세금공제 전,  
2026.07.24 
기준) 
▪ 기본이율: 신규 가입일 당시 영업점 및 KB국민은행 홈페이지에 게시한 계약기간별 기본이율 적용 
(단위: 연%) 
 
계약기간 6개월~1년 미만 1년~2년미만 2년~3년미만 3년~6년 
개인고객 2.35 2.55 2.95 3.25 
법인, 단체고객 2.35 2.45 2.85 3.15 
우대이율 
(세금공제 전,  
2026.07.24 
기준) 
▪ 최고 연0.4%p  
(※ 단, 모든 우대이율은 신규가입일 당시 영업점 및 
  KB국민은행 홈페이지에 게시한 우대이율을 만기 해지 계좌에 한해 계약기간 동안 적용) 
구분 우대조건 제공조건 
 준법감시인 심의필 제2026-3322-2호(2026.07.22) 
(유효기간: 2026.07.24 ~ 2028.06.30) 
 
◈ 이 설명서는 금융소비자의 권익 보호 및 예금상품에 대한 이해 증진을 위하여 「금융소비자 보호에 관한 법률」 및 
관련 규정에 의거, 은행의 내부 통제절차를 거쳐 예금상품의 주요 내용을 쉽게 이해할 수 있도록 작성한 자료입니다. 
◈ 설명내용을 제대로 이해하지 못하였음에도 불구하고 설명을 이해했다는 서명을 하거나 녹취기록을 남기시는 경우, 
추후 해당 내용과 관련한 권리구제가 어려울 수 있습니다. 
◈ 인터넷뱅킹 등 비대면채널을 통해 가입하거나 통장 미발행 요청 시에는 통장 또는 증서가 교부되지 않습니다. 

※ 자동이체우대이율: 계약기간에 해당하는 월차이상을 납입한 계좌 중 납입 회차의 
2/3 이상 창구 이외의 채널을 이용하여 입금할 경우 적용 
o 단, 계약기간이 1년 미만인 경우에는 계약기간 해당 월차에 모두 자동이체할 경우 우대이율 적용 
1 
자동이체 우대이율 
(연 0.1%p) 
전회차 저축한 계좌 중 자동이체, 자동화기기, KB스타뱅킹 및 
인터넷뱅킹 등을 이용하여 2/3 이상 저축한 만기계좌에 대하여 상기 
기본이율과는 별도로 연 0.1%p 추가지급 
2 
통장보유고객우대
이율(연0.3%p) 
직장인우대종합통장 보유고객이 인터넷뱅킹(KB스타뱅킹 포함)으로 
가입시 연 0.3%p 적용 
3 
명품여성종합통장 보유고객이 인터넷뱅킹(KB스타뱅킹 포함)으로 
가입시 연 0.3%p 적용 
최종이율 
(세금공제 전,  
2026.07.24 
기준) 
(단위: 연%) 
 
계약기간 6개월~1년 미만 1년~2년미만 2년~3년미만 3년~6년 
개인고객 최저 2.35 ~ 
최고 2.75 
최저 2.55 ~ 
최고 2.95 
최저 2.95 ~ 
최고 3.35 
최저 3.25 ~ 
최고 3.65 
법인, 단체고객 최저 2.35 ~ 
최고 2.75 
최저 2.45 ~  
최고 2.85 
최저 2.85 ~ 
최고 3.25 
최저 3.15 ~ 
최고 3.55 
만기이자 
계산방법 
(산출근거) 
▪ {월저축금 × 계약월수 × (계약월수+1)/2} × (연이율/12) 
 
 
 
 
 
 
 
 
 

중도해지이율 
(세금공제 전, 
2026.07.24 
기준) 
▪ 신규가입일 당시 영업점 및 KB국민은행 홈페이지에 게시한 예치기간별 중도해지이율 적용 
                                                          (단위: 연 %) 
예치기간 이율 
1개월미만 0.1 
1개월이상 ~ 3개월미만 기본이율 X 50% X 경과월수/계약월수 (단, 최저금리는 0.1) 
3개월이상 ~ 6개월미만 기본이율 X 50% X 경과월수/계약월수 (단, 최저금리는 0.1) 
6개월이상 ~ 8개월미만 기본이율 X 60% X 경과월수/계약월수 (단, 최저금리는 0.2) 
8개월이상 ~ 10개월미만 기본이율 X 70% X 경과월수/계약월수 (단, 최저금리는 0.2) 
10개월이상 ~ 11개월미만 기본이율 X 80% X 경과월수/계약월수 (단, 최저금리는 0.2) 
11개월이상 기본이율 X 90% X 경과월수/계약월수 (단, 최저금리는 0.2) 
1. 경과월수: 입금일 다음날로부터 해지월 입금해당일까지를 월수로 하고, 1개월 미만은 절상  
2. 계약월수: 신규일 다음날로부터 만기월 신규해당일까지를 월수로 하고, 1개월미만은 절상 
※ 단, 계약기간이 월단위인 경우 계약월수를 그대로 사용하며, 경과월수는 계약월수를 초과할 수 없음 
3. 이율은 소수점 둘째 자리까지 표시(소수점 셋째 자리에서 절사) 
중도해지이자 
계산방법 
(산출근거) 
▪ 입금금액마다 입금일부터 중도해지일 전일까지의 기간에 대하여 예치기간별 중도해지이율로 
계산한 이자를 합계(원미만 절사) 
[입금건별 중도해지이율 계산 산식] 기본이율 X 예치기간별 적용률(50~90%) X 경과월수/계약월수  
 
만기후이율 
(세금공제 전,  
2026.07.24 
기준) 
▪ 신규가입일 당시 영업점 및 KB국민은행 홈페이지에 게시한 경과기간별 만기후이율 적용 
                                                          (단위: 연 %) 
경과기간 이율 
만기후 1개월이내 기본이율 X 50% 
만기후 1개월초과 ~ 3개월이내 기본이율 X 30% 
만기후 3개월초과 0.1 
※ 이율은 소수점 둘째 자리까지 표시(소수점 셋째 자리에서 절사) 
세제혜택 
▪ 비과세종합저축으로 가입 가능 
※ 관련세법이 개정될 경우 세율이 변경되거나 세금이 부과될 수 있음 
※ 계약기간 만료일 이후의 이자는 과세됨 
계약해지방법 
▪ 영업점, 인터넷뱅킹, KB 스타뱅킹, 고객센터를 통해 해지 가능 
※ 고객센터 통한 해지 시 개인예금(미성년자 예금 제외)에 한해 만기해지만 가능함 
※ 영업점에서 신규한 미성년자 명의의 예금 해지는 영업점에서만 가능 
기본이율x90%x 
경과월수/계약월수
(최저 0.2)
기본이율x80%x 
경과월수/계약월수
(최저 0.2)
기본이율x70%x 
경과월수/계약월수
(최저 0.2)
기본이율x60%x 
경과월수/계약월수
(최저 0.2)
기본이율x 50% x
경과월수/계약월수
(최저 0.1)
기본이율x 50% x
경과월수/계약월수
(최저 0.1)0.1
[예치기간] 1개월 3개월 6개월 8개월 10 개월 11 개월 
▪ 만기 자동해지 가능 
※ 만기 자동해지를 신청하는 경우 지정계좌로 입금 가능 
재예치 ▪ 불가 
일부인출 ▪ 불가 
만기앞당김 지급 ▪ 가능 
질권설정 ▪ 가능 
양도 및  
담보제공 
▪ 양도 가능 
▪ 예금담보대출은 계좌잔액의 95%까지 가능 
원금 및 
이자지급 제한 
▪ 계좌에 압류주1), 가압류주2), 질권주3) 등이 등록될 경우 원금 및 이자 지급이 제한될 수 있음. 
※ 민사집행법에 따라 최저생계비 이하 등 압류금지채권에 해당하는 경우에는 
법원에 압류금지채권 범위 변경 신청 등을 통해 압류를 취소할 수 있습니다. 
 
 주 1) 압류: 채무자의 특정한 재산에 대하여 처분(매매, 양도 등)을 금지하게 하는 법원의 조치로서,  
채권자가 채무자의 해당 재산을 금전화하여 채무 변제에 충당하려는 목적으로 이용됩니다. 
 주 2) 가압류: 법원이 채권자를 위하여 나중에 강제 집행을 할 목적으로 채무자의 재산을 임시로 
확보하는 행위입니다. 
 주 3) 질권설정: 채무자가 변제기일에 채무를 이행하지 않는 경우 설정자(담보물 소유자)가 제공한 
담보물에 대하여 채권자가 직접 청구하여 우선적으로 변제받을 수 있는 권리를 설정하는 
것으로써 일반적으로 담보물이 동산 또는 권리(예·적금, 채권 등)인 경우에 활용됩니다. 
▪ 예금잔액증명서 발급 당일에는 입금·출금·이체 등 잔액 변동 불가. 
자동이체 ▪ KB 국민은행 계좌뿐만 아니라 다른 금융회사 계좌에서도 가능하나, 자동이체 신청은 
해당 금융회사에서 신청하여야 합니다. 
휴면예금  
및 출연 
▪ 예금 만기일 또는 이자지급을 포함한 최종거래일 이후 5 년 이내 계좌를 해지하지 않을 경우  
예금거래기본약관 제 9 조의 2 휴면예금 및 출연에 따라 휴면예금은 “서민금융진흥원 
(국번없이 1397)”에 출연주)될 수 있으며, 이 경우 서민금융진흥원을 통해 휴면예금을 
찾으실 수 있습니다. 
▪ 휴면예금은 휴면예금통합조회서비스(www.sleepmoney.or.kr)를 통해 조회 가능합니다. 
 
주) 출연: 어떤 사람이나 단체가 자기의 의사에 따라 돈을 내거나 의무를 부담함으로써 재산상의  
손실을 입고 남의 재산을 증가시키는 일을 말합니다. 일반적으로 기부행위를 일컫는 말로  
사용되나 법률적으로는 비영리재단법인에 재산을 무상으로 내는 행위를 뜻합니다. 
 
※ 계좌통합관리서비스 이용 시 사용하지 않는 소액계좌를 잔고 이전/해지 할 수 있으며, 
 휴면계좌통합조회서비스 이용 시 휴면계좌 현황을 파악할 수 있습니다. 
예금자 
보호여부 
해 당 
 
이 예금은 예금자보호법에 따라 원금과 소정의 이자를 합하여 1 인당 
“1 억원까지”(본 은행의 여타 보호상품과 합산) 보호됩니다. 

위법계약해지권 
▪ 금융소비자는 은행이 금융소비자보호법 판매원칙주 1)을 위반하여 해당 금융상품에 관한 
계약을 체결한 경우에는 법 위반사실을 안 날로부터 1 년이내(해당 기간은 계약체결일로부터 
5 년 이내의 범위)에 해지요구서주 2) 와 위반사항을 증명하는 서류를 은행에 제출하여 해당 
계약의 해지를 요구할 수 있습니다. 만약, 금융소비자의 요구가 정당한 것으로 판단될 경우 
수수료, 위약금 등 계약의 해지와 관련된 비용 부담 없이 해당 계약을 해지할 수 있습니다. 
주1) 금융소비자보호법 판매원칙: 부적합한 금융상품을 권유한 경우(제17조 제3항), 적정하지 않은 금 융 상 품 에 대해 부
적정하다는 사실을 알리지 않은 경우(제18조 제2항), 금융상품에 대해 거짓 또는 왜곡하여 설명하거나 중 요 한 사항에 
대한 설명을 누락한 경우(제19조 제1,3항), 불공정영업행위의 금지(제20조 제1항), 부당권유행위의 금지(제21조) 
주2) 해지요구서: 금융상품의 명칭, 법 위반사실을 포함하여 계약의 해지를 요구하기 위하여 작성한 문서 
자료열람요구권 
▪ 금융소비자는 분쟁조정 또는 소송의 수행 등 권리구제를 위한 목적으로 은행이 기록 및  
유지·관리하는 다음의 자료에 대한 열람(사본 및 청취 포함)을 요구할 수 있습니다. 
- 계약체결에 관한 자료, 계약의 이행에 관한 자료, 금융상품 등에 관한 광고 자료, 
금융소비자의 권리행사에 관한 자료, 내부통제기준의 제정 및 운영 등에 관한 자료,  
업무 위탁에 관한 자료 
▪ 은행은 법령, 제 3 자의 이익 침해, 영업비밀의 침해 등의 사유가 있는 경우 이를 
금융소비자에게 알리고 자료 열람을 제한하거나 거절할 수 있습니다. 
이용제한 사항 
￭ 정액적립식의 경우 월적수에 의한 계산이 적용됩니다.  
￭ 정부 및 지방자치단체, 한국은행, 금융감독원, 예금보험공사, 부보금융기관의 예금은 예금자 
  보호법에 따라 보호되지 않습니다. 
 
3  유의 사항 
▪ 이 설명서는 「금융소비자 보호에 관한 법률」제19조제1항, 동 법 시행령 제14조제1항, 제3항에 따라 
금융상품에 관한 중요한 사항을 이해하기 쉽도록 설명하기 위해 설명을 하기 전에 제공되는 자료로써, 
상담일 이후 가입금액, 계약기간 등 변경에 의하여 일부 내용이 달라질 수 있습니다. 
▪ 본 설명서는 법령 및 내부통제기준에 따른 절차를 거쳐서 제공됩니다. 
 
이 상품은 KB 국민은행 수신상품부(P)에서 개발 및 관리하는 상품입니다. 
본 상품에 대한 문의사항 또는 민원 상담이 필요하시면 영업점, 고객센터(1588-9999) 또는 인터넷 홈페이지 
(www.kbstar.com), 금융감독원 민원상담센터(국번없이 1332) 또는 e-금융민원센터(www.fcsc.kr)를 통해 
문의주시기 바랍니다. 영업점 등을 통해 은행에 접수된 민원은 특별한 사정이 없는 한 14 영업일 이내에 
처리함을 원칙으로 하되, 기한 연장시 이에 대해 안내드리도록 하겠습니다. 또한 요청이 있는 경우 
민원처리진행상황을 안내받으실 수 있습니다. 
또한 금융소비자는 본 상품에 대하여 당 은행과 분쟁이 있는 경우에는 금융소비자보호법 제 36 조 제 1 항에 따라  
금융감독원에 분쟁조정을 신청할 수 있습니다.",ok,
products/savings/쓱KB쇼핑적금상품설명서0701.pdf,쓱KB쇼핑적금상품설명서0701.pdf,products/savings,5,"「쓱 KB쇼핑적금」 상품설명서 
 
1  상품명 및 특징 
• 상품명: 「쓱 KB쇼핑적금」 
• 상품특징: SSG.COM 쇼핑금액 및 KB 국민은행 거래실적에 따라 우대금리를 제공하는 적금 상품 
 
2  거래 조건 
 
구  분 내  용 
가입대상 
▪ 만 17 세 이상 실명의 개인(1 인 1 계좌) 
※ 개인사업자, 관련서류 미제출 임의단체 및 공동명의 가입 불가 
※ 중도해지 및 만기해지 후 재가입 불가 
상품유형 ▪ 자유적립식 예금 
판매기간 
▪ 판매시작일로부터 6 개월  
※ SSG.COM 앱 內 KB 국민은행 전용페이지에서 확인 가능하며 기간 경과 시 판매종료 
계약기간 ▪ 6 개월 
저축금액 
▪ 월 1 만원 이상 50 만원 이하(원 단위) 
※ 매월 첫 날부터 마지막 날까지 자유롭게 저축(만기일 전날까지 입금 가능) 
거래방법 
▪ 신규: SSG.COM 앱 內 KB국민은행 전용페이지에 연계된 「쓱 KB쇼핑적금」 비대면 계좌 개설 
  서비스를 통해서만 가입 
▪ 해지: KB스타뱅킹, 개인인터넷뱅킹, 영업점  
이자지급시기 ▪ 만기일시지급식: 만기(후)해지 또는 중도해지 시 이자를 일시에 지급 
기본금리 
(세금공제 전, 
2026.04.08. 기준) 
▪ 연 2.0%  
※ 가입일 당시 영업점 및 KB 국민은행 홈페이지에 게시한 기본금리 적용 
우대금리 
(세금공제 전, 
2026.04.08. 기준) 
▪ 최고 연 3.0%p 
- 신규 가입일 당시 영업점 및 KB 국민은행 홈페이지에 게시한 조건별 우대금리 적용 
- 우대금리 적용조건을 충족하는 만기해지 계좌에 가입일부터 만기일 전날까지 적용 
◈ 이 설명서는 금융소비자의 권익 보호 및 예금상품에 대한 이해 증진을 위하여 「금융소비자 보호에 관한 법률」 및 
 관련 규정에 의거, 은행의 내부통제 절차를 거쳐 예금상품의 주요 내용을 쉽게 이해할 수 있도록 작성한 자료입니다. 
◈ 설명 내용을 제대로 이해하지 못하였음에도 불구하고 설명을 이해했다는 서명을 하거나 녹취 기록을 남기시는 
 경우, 추후 해당 내용과 관련한 권리구제가 어려울 수 있습니다. 
◈ 인터넷뱅킹 등 비대면채널을 통해 가입하거나 통장 미발행 요청 시에는 통장 또는 증서가 교부되지 않습니다. 
준법감시인 심의필 제2026-1537호(심의일: 2026.04.02) 
  [유효기간: 2026.04.08~ 2028.03.31] 
우대금리 
(세금공제 전, 
2026.04.08. 기준) 
 ▪ 최고 연 3.0%p 
항목 적용조건 
신규 우대금리 
(연 1.0%p) 
- 적금 신규 전일 기준 최근 1년 
주1)동안 KB국민은행 상품 
주2)을 
  보유하지 않았거나 “입출금이 자유로운 예금”만 보유한 경우 
쇼핑 우대금리 
(최고 연 1.0%p) 
- 적금 신규일로부터 만기일이 속한 달의 전전월 말일 
주3)까지  
「쓱머니 KB통장」을 통해 결제된 SSG.COM 쇼핑 누적금액 
주4)에 
따라 차등 적용 
 
쇼핑 누적금액 우대금리 
20만원 이상 연 0.5%p 
30만원 이상 연 1.0%p 
주거래 우대금리 
(최고 연 1.0%p) 
- 적금 신규일 기준 다음달 말일 
주5) 까지 아래의 서비스 가입 여부에 따라 
  항목별 각각 적용  
① KB스타뱅킹 
주6) 가입(연 0.5%p) 
② 마이데이터서비스 
주6) 가입 후 1개 이상 자산등록(연 0.5%p) 
주 1) 1년 전 신규해당일(없는 날짜인 경우 1 년 전 해당월의 말일) ~ 신규 전일 
(예) 적금 신규일: 2026.04.08 → 보유여부 조회 기간2025.04.08 ~ 2026.04.07 
적금 신규일: 2028.02.29 → 보유여부 조회 기간2027.02.28*~ 2028.02.28 
* 2027.02월은 29 일(1 년 전 신규해당일)이 없는 달이므로 28 일(1년 전 해당월 말일)로 적용  
주 2) 거치식/적립식 예금(외화예금 제외), 청약, 펀드, 신탁(퇴직연금 제외), 방카슈랑스, 대출 
 
 
주 3) (예) 적금 신규일이 2026.04.16 이고 적금 만기일이 2026.10.16 인 경우 
2026.04.16 ~ 2026.08.31(만기일이 속한달의 전전월 말일)까지의 SSG.COM 결제 누적금액을 반영 
주 4) 쇼핑 누적금액은 SSG PAY결제계좌로 등록된 「쓱머니KB 통장」으로 결제한 경우만 반영하며  
반품, 주문취소 등 비정상 결제금액은 제외 
주 5) (예) 적금 신규일이 2026.04.16 인 경우 2026.5.31까지 서비스 가입 여부를 반영 
주 6) 「쓱 KB 쇼핑적금」 신규 이전 해당 서비스를 가입한 경우도 우대금리 제공 
최종금리 
(세금공제 전, 
2026.04.08 기준) 
▪ 최저 연 2.0%~최고 연 5.0% 
※ 최고금리는 가입일 당시 영업점 및 KB 국민은행 홈페이지에 게시한 우대금리를 모두 포함 
만기이자 
계산방법 
[산출근거] 
(세금공제 전) 
▪ 입금금액마다 입금일부터 만기일 전날까지 기간에 대하여 약정금리로 계산한 이자를 
합계(원 미만 버림)  
▪ [입금 건별 만기이자 계산식] 입금금액X 약정금리X 일수(입금일~만기일 전날)/365 
∙ 대상기간 중 취소계좌는 보유이력에 미포함되며, 철회계좌는 보유이력에 포함 
∙ 명의변경계좌는 해당 계좌의 신규일부터 보유한 것으로 반영됨 
만기후금리 
(세금공제 전, 
2026.04.08 기준) 
▪ 가입일 당시 영업점 및 KB 국민은행 홈페이지에 게시한 경과기간별 만기후금리 적용                                                          
경과주)기간 금리(단위: 연 %) 
만기후 1개월 이내 기본금리 X 50% 
만기후 1개월 초과 3개월 이내 기본금리 X 30% 
만기후 3개월 초과 0.1 
주) 경과: (해당 시간을) 완전히 지나간 기간  
※ 기본금리: 가입일 당시 영업점 및 KB국민은행 홈페이지에 게시한 기본금리 
※ 금리는 소수점 둘째 자리까지 표시(소수점 셋째 자리 이하는 버림) 
중도해지금리 
(세금공제 전, 
2026.04.08 기준) 
▪ 가입일 당시 영업점 및 KB국민은행 홈페이지에 게시한 예치기간별 중도해지금리 적용 
예치기간 금리(단위: 연 %) 
1개월 미만 0.1 
1개월 이상 3개월 미만 
기본금리 x 50% x 경과월수/계약월수 
(단, 최저금리는 0.1) 
3개월 이상 기본금리 x 50% x 경과월수/계약월수 
(단, 최저금리는 0.1) 
※ 기본금리: 가입일 당시 영업점 및 KB국민은행 홈페이지에 게시한 기본금리 
※ 경과월수: 입금일 다음날부터 해지월의 입금 해당일까지를 월수로 하고, 1개월 미만은 올림 
※ 계약월수: 6개월 
※ 금리는 소수점 둘째 자리까지 표시(소수점 셋째 자리 이하는 버림) 
중도해지이자 
계산방법 
[산출근거] 
(세금공제 전) 
▪ 입금금액마다 입금일부터 중도해지일 전날까지의 기간에 대하여 예치기간별 중도해지 
금리로 계산한 이자를 합산(원 미만 버림) 
▪ [입금 건별 중도해지이자 계산식]  
입금금액 X 기본금리X 예치기간별 적용률(50%) X 경과월수/계약월수 
 
예금자보호 여부 
해 당 
 
이 예금은 예금자보호법에 따라 원금과 소정의 이자를 합하여 1인당  
“1억원까지”(본 은행의 여타 보호상품과 합산) 보호됩니다.. 
세제혜택 
▪ 비과세종합저축으로 가입 가능 
※ 관련 세법이 개정될 경우 세율이 변경되거나 세금이 부과될 수 있음 
※ 계약기간 만료일부터의 이자는 과세대상 
재예치 ▪ 불가능 
일부인출 ▪ 불가능 
만기앞당김 지급 ▪ 불가능  

질권설정 ▪ 가능 
양도  
및 담보제공 
▪ 양도: 가능 
▪ 담보제공: 가능(※ 납입금액의 95%까지 예금담보대출 가능) 
계약해지방법 
▪ 이 적금은 별도 신청 없이 만기일에 자동 해지되어 가입 당시 출금계좌로 입금 
※ 계좌에 법적지급제한 등 해지 제한 사유가 있으면 자동 해지되지 않음 
▪ KB스타뱅킹, 개인인터넷뱅킹, 영업점에서 해지 가능 
▪ 만기일이 토요일 또는 공휴일(일요일 포함)인 경우 만기일 직전 영업일에 해지하면 
만기일까지 남은 일수에 대한 약정이자를 차감하고 지급 
원금 및 
이자지급 제한 
▪ 계좌에 압류주1), 가압류주2), 질권주3) 등이 등록될 경우 원금 및 이자 지급이 제한될 수  
있습니다. 
※ 민사집행법에 따라 최저생계비 이하 등 압류금지채권에 해당하는 경우에는 법원에 압류금지 
채권 범위 변경 신청 등을 통해 압류를 취소할 수 있습니다. 
주1) 압류: 채무자의 특정한 재산에 대하여 처분(매매, 양도 등)을 금지하게 하는 법원의 조치로서,  
채권자가 채무자의 해당 재산을 금전화하여 채무 변제에 충당하려는 목적으로 이용됩니다. 
주2) 가압류: 법원이 채권자를 위하여 나중에 강제 집행을 할 목적으로 채무자의 재산을 임시로  
확보하는 행위입니다. 
주3) 질권설정: 채무자가 변제기일에 채무를 이행하지 않는 경우 설정자(담보물 소유자)가 제공한  
담보물에 대하여 채권자가 직접 청구하여 우선적으로 변제받을 수 있는 권리를  
설정하는 것으로서 일반적으로 담보물이 동산 또는 권리(예·적금, 채권 등)인 경우에  
활용됩니다. 
▪ 예금잔액증명서 발급 당일에는 입금·출금·이체 등 잔액 변동이 불가합니다. 
자동이체 
▪ 자동이체는 다른 금융회사 계좌에서도 가능하며 이 경우 해당 금융회사에서 신청해야 합니다. 
▪ 자동이체 금액은 1만원 이상 50만원 이하로 신청 및 이체 가능합니다. 
▪ [KB국민은행 계좌간자동이체] 
- 만기일 전영업일까지 자동이체가 가능하며, 그 이후에는 이체되지 않습니다. 
- 이체일이 영업일이 아닌 경우 그 다음 영업일에 이체하고, 이체일이 달력에 없으면 
해당월의 마지막 날 이체합니다. 
휴면예금 및 
출연 
▪ 예금 만기일 또는 이자지급을 포함한 최종거래일 이후 5년 이내 계좌를 해지하지 않을 경우 
  예금거래기본약관 제9조의2 휴면예금 및 출연에 따라 휴면예금은 “서민금융진흥원(국번없이 
1397)”에 출연주)될 수 있으며, 이 경우 서민금융진흥원을 통해 휴면예금을 찾으실 수 있습니다. 
주) 출연: 어떤 사람이나 단체가 자기의 의사에 따라 돈을 내거나 의무를 부담함으로써 재산상의  
손실을 입고 남의 재산을 증가시키는 일을 말합니다. 일반적으로 기부 행위를 일컫는 말로 사용 
되나 법률적으로는 비영리재단법인에 재산을 무상으로 내는 행위를 뜻합니다. 
▪ 휴면예금은 휴면예금통합조회서비스(www.sleepmoney.or.kr)에서 조회할 수 있습니다. 
▪ 계좌통합관리서비스 이용 시 사용하지 않는 소액계좌의 잔액을 이전하거나 계좌를 해지  
할 수 있으며, 휴면계좌통합조회서비스 이용 시 휴면계좌 현황을 파악할 수 있습니다. 
자료열람요구권 
▪ 금융소비자는 분쟁조정 또는 소송의 수행 등 권리구제를 위한 목적으로 은행이 기록 및 유지· 
관리하는 다음의 자료에 대한 열람(사본 및 청취 포함)을 요구할 수 있습니다. 
- 계약체결에 관한 자료, 계약의 이행에 관한 자료, 금융상품 등에 관한 광고 자료, 금융소비자의  
권리행사에 관한 자료, 내부통제기준의 제정 및 운영 등에 관한 자료, 업무 위탁에 관한 자료 
▪ 은행은 법령, 제 3 자의 이익 침해, 영업비밀의 침해 등의 사유가 있는 경우 이를 금융소비자 
에게 알리고 자료 열람을 제한하거나 거절할 수 있습니다. 
위법계약해지권 
▪ 금융소비자는 은행이 금융소비자보호법 판매원칙주1)을 위반하여 해당 금융상품에 관한 계약을 
체결한 경우에는 법 위반사실을 안 날로부터 1년이내 (해당기간은 계약체결일로부터 5년  
이내의 범위)에 해지요구서주2) 와 위반사항을 증명하는 서류를 은행에 제출하여 해당 계약의  
해지를 요구할 수 있습니다. 만약, 금융 소비자의 요구가 정당한 것으로 판단될 경우 수수료,  
위약금 등 계약의 해지와 관련된 비용 부담 없이 해당 계약을 해지할 수 있습니다. 
주1) 금융소비자보호법 판매원칙: 부적합한 금융상품을 권유한 경우(제17조 제3항), 적정하지 않은 금융 
상품에 대해 부적정하다는 사실을 알리지 않은 경우(제18조 제2항), 금융상품에 대해 거짓 또는 왜곡 
하여 설명하거나 중요한 사항에 대한 설명을 누락한 경우(제19조 제1,3항), 불공정영업행위의 금지 
(제20조 제1항), 부당권유행위의 금지(제21조) 
주2) 해지요구서: 금융상품의 명칭, 법 위반사실을 포함하여 계약의 해지를 요구하기 위하여 작성한 문서 
 
 
• 이 적금은 금융위원회 혁신금융서비스* 지정을 받은 상품입니다.  
       * 혁신금융서비스: 기존 금융서비스의 제공 내용ㆍ방식 등 차별성이 인정되는 금융업 또는 이와 관련된 업무를 
         수행하는 과정에서 제공되는 서비스에 대해 규제적용 특례를 인정하는 제도 
• 이 적금은 판매시작일 이후 6개월 경과 시 별도 안내 없이 판매 종료됩니다.  
• 이 적금은 1인 1계좌로 중도해지 및 만기해지 후 재가입이 불가합니다.  
• 만기일 전에 해지할 경우 계약에서 정한 금리보다 낮은 중도해지금리가 적용됩니다. 
• 이 설명서는 「금융소비자 보호에 관한 법률」 제19조제1항, 동 법 시행령 제14조제1항, 제3항에 따라  
금융상품에 관한 중요한 사항을 이해하기 쉽도록 설명하기 위해 설명을 하기 전에 제공되는 자료로서  
상담일 이후 가입금액, 계약기간 등 변경에 의하여 일부 내용이 달라질 수 있습니다. 
• 이 설명서는 법령 및 내부통제기준에 따른 절차를 거쳐서 제공됩니다. 
 
 
3  유의 사항 
이 상품은 KB국민은행 기업디지털영업부(P)에서 개발 및 관리하는 상품입니다. 상품에 대한 문의사항 또는 민원 상담이 
필요하시면 지점, 고객센터(1588-9999) 또는 KB국민은행 홈페이지(www.kbstar.com), 금융감독원 민원상담센터(국번없이 
1332) 또는 e-금융민원센터(www.fcsc.kr)를 통해 문의주시길 바랍니다. 지점 등을 통해 은행에 접수된 민원은 특별한 
사정이 없는 한 14영업일 이내에 처리함을 원칙으로 하되, 기한 연장 시 이에 대해 안내 드리도록 하겠습니다. 또한 요청이 
있는 경우 민원처리 진행 상황을 안내받으실 수 있습니다. 또한 금융소비자는 본 상품에 대하여 당 은행과 분쟁이 있는 
경우에는 금융소비자보호법 제36조 제1항에 따라 금융감독원에 분쟁조정을 신청할 수 있습니다.",ok,
products/savings/쓱KB쇼핑적금특약0429.pdf,쓱KB쇼핑적금특약0429.pdf,products/savings,3,"「쓱 KB 쇼핑적금」 특약 
 
 
제 1 조 적용범위 
① 「쓱 KB쇼핑적금」(이하 ‘이 적금’이라 한다)의 거래는 이 특약을 적용하며, 이 특약에서 정하지 않은 사항은 
    예금거래기본약관 및 적립식예금약관을 적용합니다. 
② 이 적금의 거래에 있어서 발생하는 전자금융거래에 관한 사항은 전자금융거래기본약관을 적용합니다.  
③ KB국민은행 ‘계좌간자동이체’를 신청하여 이 적금에 저축하는 경우 「계좌간자동이체 약관」을 적용합니다. 
   (단, 다른 금융회사를 통해 자동이체하는 경우 해당 금융회사가 정한 내용에 따릅니다.) 
 
제 2 조 가입대상 
이 적금의 가입대상은 만 17세 이상 실명의 개인으로 1인 1계좌에 한하여 가입이 가능하며, 개인사업자,  
임의단체 및 공동명의로는 가입이 불가합니다. 
 
제 3 조 예금과목 및 계약기간 
이 적금의 예금과목은 정기적금, 계약기간은 6개월입니다. 
 
제 4 조 판매기간 
이 적금은 판매기간이 정해져 있으며 가입시점의 상품설명서 및 SSG.COM 앱 內 KB국민은행 전용페이지에서 
확인할 수 있습니다. 판매기간 종료 시 별도 안내 없이 판매를 종료합니다. 
 
제 5 조 저축방법 및 저축한도 
이 적금은 매월 첫 날부터 마지막 날까지 1만원 이상 50만원 이하(원 단위) 금액을 만기일 전날까지 
자유롭게 저축할 수 있습니다. 
 
제 6 조 금리 적용 
① 기본금리은 가입일 당시 영업점 및 KB국민은행 홈페이지에 게시한 금리를 적용하며, 우대금리는  
   제7조에서 정하는 조건을 충족하는 경우 적용합니다. 
② 만기금리는 기본금리와 우대금리를 합하여 가입일부터 만기일 전날까지 적용하며, 입금금액별로 
입금일부터 만기일 전날까지의 기간에 대하여 계산한 이자를 합산하여 지급합니다. 
③ 만기일 전에 지급을 청구하는 경우 입금금액별로 입금일부터 지급일 전날까지 기간에 대하여 
  가입일 당시 영업점 및 KB국민은행 홈페이지에 게시한 중도해지금리로 계산한 이자를 합산하여 
  지급합니다. 
④ 만기일 이후에 지급을 청구하는 경우 만기일부터 지급일 전날까지의 기간에 대하여 가입일 당시  
영업점 및 KB국민은행 홈페이지에 게시한 만기후금리로 계산한 이자를 제6조 제②항의 만기금리로 
계산한 이자에 더하여 지급합니다. 
⑤ 가입 시 금리우대 쿠폰을 적용한 경우 만기해지 시 적용되는 최종금리에 쿠폰의 우대금리를 더하여 계산하며 
  자세한 내용은 KB금융쿠폰 서비스에 따릅니다. 
 
 

제 7 조 우대금리 
만기해지 계좌가 다음의 우대금리 제공조건을 충족한 경우 가입일 당시 영업점 및 KB국민은행  
홈페이지에 게시한 우대금리를 적용합니다. 
항목 적용조건 
신규 우대금리 
(연 1.0%p) 
- 적금 신규 전일 기준 최근 1 년 
주 1)동안 KB 국민은행 상품 
주 2)을 
  보유하지 않았거나 “입출금이 자유로운 예금”만 보유한 경우 
쇼핑 우대금리 
(최고 연 1.0%p) 
- 적금 신규일로부터 만기일이 속한 달의 전전월 말일 
주 3)까지  
「쓱머니 KB 통장」을 통해 결제된 SSG.COM 쇼핑 누적금액 
주 4)에 
따라 차등 적용 
 
쇼핑 누적금액 우대금리 
20 만원 이상 연 0.5%p 
30 만원 이상 연 1.0%p 
주거래 우대금리 
(최고 연 1.0%p) 
- 적금 신규일 기준 다음달 말일 
주 5) 까지 아래의 서비스 가입 여부에 따라 
  항목별 각각 적용  
① KB 스타뱅킹 
주 6) 가입(연 0.5%p) 
② 마이데이터서비스 
주 6) 가입 후 1 개 이상 자산등록(연 0.5%p) 
주 1) 1년 전 신규해당일(없는 날짜인 경우 1 년 전 해당월의 말일) ~ 신규 전일 
주 2) 거치식/적립식 예금(외화예금 제외), 청약, 펀드, 신탁(퇴직연금 제외), 방카슈랑스, 대출 
- 대상기간 중 취소계좌는 보유이력에 미포함되며, 철회계좌는 보유이력에 포함 
- 명의변경계좌는 해당 계좌의 신규일로부터 보유한 것으로 반영됨 
주 3) (예) 적금 신규일이 2026.04.16 이고 적금 만기일이 2026.10.16 인 경우 
2026.04.16 ~ 2026.08.31(만기일이 속한달의 전전월 말일)까지의 SSG.COM 결제 누적금액을 반영 
주 4) 쇼핑 누적금액은 SSG PAY결제계좌로 등록된 「쓱머니KB 통장」으로 결제한 경우만 반영하며 반품,  
주문취소 등 비정상 결제금액은 제외 
주 5) (예) 적금 신규일이 2026.04.16 인 경우 2026.5.31까지 서비스 가입 여부를 반영 
주 6) 「쓱 KB 쇼핑적금」 신규 이전 해당 서비스를 가입한 경우도 우대금리 제공 
 
제 8 조 거래방법 
① 가입은 SSG.COM 앱 內 KB 국민은행 전용페이지에 연계된 「쓱 KB 쇼핑적금」 비대면 계좌 개설 서비스를 
   통해서만 가능합니다. 
② 해지는 영업점, 개인인터넷뱅킹, KB 스타뱅킹을 통해 가능합니다.  
③ 이 적금은 별도 신청 없이 만기일에 자동 해지되어 가입 당시 출금계좌로 입금됩니다.  
단, 계좌에 법적지급제한 등 해지 제한 사유가 있으면 자동 해지되지 않습니다. 
 
제 9 조 기 타 
① 이 적금은 만기 전 일부 금액만 해지할 수 없습니다. 
② 이 적금은 만기앞당김 지급이 불가합니다. 
 
 

제 10 조 혁신금융서비스 승인에 관한 사항 
① 이 통장은 금융혁신지원특별법에 따라 혁신금융사업자로 선정된 은행이 시험 운영하여 제공하는  
혁신금융서비스로 동 특별법이 정하는 다음의 사유가 발생하는 경우 서비스 운영이 종료될 수 있습니다. 
 1. 지정기간이 만료되는 경우  
 2. 금융위원회가 혁신금융서비스 지정을 취소하거나, 중지명령(변경결정)을 하는 경우 
 3. 은행이 금융위원회에 혁신금융서비스 지정철회를 요청하여 지정취소가 되는 경우 
 4. 합병 등 조직변경으로 혁신금융서비스 지정의 효력이 상실되는 경우 
② 이 통장은 제①항에 따라 운영이 종료되더라도 은행은 기존에 체결된 계약에 따른 의무를 이행해야 
합니다. 다만, 이행이 불가능한 경우에는 이용자의 동의를 얻어 계약을 조기에 종료할 수 있으며, 서비스 
중단으로 이용자의 손해가 발생한 경우 이를 배상할 책임이 있습니다. 
③ 이 통장은 혁신금융서비스로 선정되어 시험 운영하는 서비스이며, 그로 인해 예상하지 못한 위험이 발생할 
   수 있습니다. 이용자에게 통장개설 전 ‘혁신금융서비스 고지사항’을 안내하고, 이용자는 동 내용에 대해 
동의 후 서비스를 이용할 수 있습니다. 다만, 해당 조치는 은행이 이용자에 대해 부담하는 법률적 책임에  
영향을 미치지 않습니다. 
④ 은행은 혁신금융서비스의 제공 및 중단 등으로 인하여 이용자에게 손해가 발생한 경우 고의 또는 과실이 
없음을 입증하지 못하는 한 이를 배상할 책임이 있으며, 이 경우를 대비하여 책임보험 가입 등 충분한 
배상방안을 마련하고 있습니다. 은행의 책임과 관련하여 금융혁신지원특별법, 전자금융거래법, 은행법 등 
다른 법령에 이용자에게 유리하게 적용될 수 있는 규정이 있는 경우에는 그 법령이 우선 적용됩니다. 
 
제 11 조 민원처리 및 분쟁조정 
① 이 예금에 대해 문의사항 또는 민원상담이 필요하시면 영업점, 고객센터(1588-9999) 또는 인터넷 
   홈페이지(www.kbstar.com), 금융감독원 민원상담센터(국번없이 1332) 또는 e-금융민원센터  
(www.fcsc.kr)를 통해 문의해 주시기 바랍니다. 영업점 등을 통해 은행에 접수된 민원은 특별한 사정이 
   없는 한 14 영업일 이내에 처리함을 원칙으로 하되, 기한 연장 시 이에 대해 안내드리도록 하겠습니다.  
또한 요청이 있는 경우 민원처리 진행 상황을 안내 받으실 수 있습니다.  
② 금융소비자는 이 통장에 대하여 은행과 분쟁이 있는 경우에는 금융소비자보호법 제 36 조 제 1 항에 따라 
   금융감독원에 분쟁조정을 신청할 수 있습니다 
 
 
 
부 칙 
 
이 약관은 2026.04.29 부터 시행합니다. 
 
 
 
본 특약은 법령 및 내부통제기준에 따른 절차를 거쳐서 제공됩니다.",ok,
products/savings/일반정기적금상품설명서260724.pdf,일반정기적금상품설명서260724.pdf,products/savings,5,"「일반정기적금」 상품설명서 
 
 
 
 
 
 
1   상품명 및 특징 
▪ 상 품 명:  일반정기적금 
▪ 상품특징:  매월 일정액을 납입하여 목돈을 마련하는 적립식예금 
 
2  거래 조건 
 
구 분 내 용 
가입대상 ▪ 제한없음 
상품유형 ▪ 정액적립식 예금 
거래방법 
▪ 신규: 영업점 
▪ 해지: 영업점, 인터넷뱅킹, KB 스타뱅킹 
계약기간 ▪ 6개월 이상 ~ 36개월 이하 (월단위) 
가입금액 ▪ 최저 1 만원 이상 원단위 
이자지급시기 ▪ 만기일시지급식: 만기(후) 또는 중도해지 요청 시 이자를 지급 
기본이율  
(세금공제 전,  
2026.07.24 
기준) 
▪ 기본이율: 신규가입일 당시 영업점에 고시한 계약기간별 이율 적용 
계약기간 
6개월이상 ~ 
12개월미만 
12개월이상 ~ 
24개월미만 
24개월이상 ~ 
36개월미만 
36개월 
적용이율 연 2.45% 연 2.70% 연 2.70% 연 2.90% 
 
우대이율 
(세금공제 전,  
2026.07.24 
기준) 
▪ 자동이체 우대이율: 연 0.1%p 
 - 적용대상: 계약기간에 해당하는 월차 이상을 납입한 계좌 중 납입회차의 2/3 이상 창구 
               이외의 채널을 이용하여 입금할 경우 적용 
KB국민은행 준법감시인 심의필 제2026-3322-3호(2026.07.22) 
(유효기간: 2026.07.24 ~ 2028.06.30) 
 
◈ 이 설명서는 금융소비자의 권익 보호 및 예금상품에 대한 이해 증진을 위하여 「금융소비자 보호에 관한 법률」 및 
관련 규정에 의거, 은행의 내부 통제절차를 거쳐 예금상품의 주요 내용을 쉽게 이해할 수 있도록 작성한 자료입니다. 
◈ 설명내용을 제대로 이해하지 못하였음에도 불구하고 설명을 이해했다는 서명을 하거나 녹취기록을 남기시는 경우, 
추후 해당 내용과 관련한 권리구제가 어려울 수 있습니다. 
◈ 인터넷뱅킹 등 비대면채널을 통해 가입하거나 통장 미발행 요청 시에는 통장 또는 증서가 교부되지 않습니다. 
최종이율 
(세금공제 전,  
2026.07.24 
기준) 
계약기간 
6개월이상 ~ 
12개월미만 
12개월이상 ~ 
24개월미만 
24개월이상 ~ 
36개월미만 
36개월 
최종이율 
최저 연 2.45% ~ 
최고 연 2.55% 
최저 연 2.70% ~ 
최고 연 2.80% 
최저 연 2.70% ~ 
최고 연 2.80% 
최저 연 2.90% ~ 
최고 연 3.00% 
 
※ 최고이율은 자동이체 우대이율 연 0.1%p 적용시 
만기이자 
계산방법 
(산출근거) 
 
▪ {월저축금 × 계약월수 × (계약월수+1)/2} × (연이율/12) 
 
 
 
 
 
 
 
 
 
 
 
중도해지이율 
(세금공제 전,  
2024.12.30 
기준) 
▪ 신규가입일 당시 영업점에 고시한 예치기간별 중도해지이율 적용                (단위: 연 %) 
예치기간 이율 
1개월미만 0.1 
1개월이상 ~ 3개월미만 기본이율 X 50% X 경과월수/계약월수 (단, 최저금리는 0.1) 
3개월이상 ~ 6개월미만 기본이율 X 50% X 경과월수/계약월수 (단, 최저금리는 0.1) 
6개월이상 ~ 8개월미만 기본이율 X 60% X 경과월수/계약월수 (단, 최저금리는 0.2) 
8개월이상 ~ 10개월미만 기본이율 X 70% X 경과월수/계약월수 (단, 최저금리는 0.2) 
10개월이상 ~ 11개월미만 기본이율 X 80% X 경과월수/계약월수 (단, 최저금리는 0.2) 
11개월이상 기본이율 X 90% X 경과월수/계약월수 (단, 최저금리는 0.2) 
1. 기본이율: 신규가입일 당시 영업점에 고시한 계약기간별 이율(우대이율 제외) 
2. 경과월수: 입금일 다음날로부터 해지월 입금해당일까지를 월수로 하고, 1개월 미만은 절상  
3. 계약월수: 신규일 다음날로부터 만기월 신규해당일까지를 월수로 함 (6~36개월 이내) 
※ 경과월수는 계약월수를 초과할 수 없음 
4. 이율은 소수점 둘째 자리까지 표시(소수점 셋째 자리에서 절사) 

중도해지이자 
계산방법 
(산출근거) 
▪ 입금금액마다 입금일부터 중도해지일 전일까지의 기간에 대하여 예치기간별 중도해지이율로 
계산한 이자를 합계(원미만 절사)  
[입금건별 중도해지이율 계산 산식] 기본이율 X 예치기간별 적용률(50~90%) X 경과월수/계약월수 
 
만기후이율 
(세금공제 전,  
2024.12.30 
기준) 
▪ 신규가입일 당시 영업점에 고시한 경과기간별 만기후이율 적용                  (단위: 연 %) 
경과기간 이율 
만기후 1개월이내 기본이율 X 50% 
만기후 1개월초과 ~ 3개월이내 기본이율 X 30% 
만기후 3개월초과 0.1 
1. 기본이율: 신규가입일 당시 영업점에 고시한 계약기간별 이율(우대이율 제외) 
2. 이율은 소수점 둘째 자리까지 표시(소수점 셋째 자리에서 절사) 
세제혜택 
▪ 비과세종합저축으로 가입 가능 
※ 관련세법이 개정될 경우 세율이 변경되거나 세금이 부과될 수 있음 
※ 계약기간 만료일 이후의 이자는 과세 
계약해지방법 
▪ 영업점, 인터넷뱅킹, KB 스타뱅킹을 통해 해지 가능 
※ 영업점에서 신규한 미성년자 명의의 예금 해지는 영업점에서만 가능 
▪ 만기 자동해지 가능 
※ 만기 자동해지를 신청하는 경우 지정계좌로 입금 가능 
재예치 ▪ 불가 
일부인출 ▪ 불가 
만기앞당김 지급 ▪ 모든 회차의 월저축금을 입금한 경우 만기일 1개월 이내에서 만기앞당김 지급 가능 
질권설정 ▪ 가능 
양도 및  
담보제공 
▪ 양도 가능 
▪ 예금담보대출은 계좌잔액의 95%까지 가능 
원금 및 
이자지급 제한 
▪ 계좌에 압류주1), 가압류주2), 질권주3) 등이 등록될 경우 원금 및 이자 지급이 제한될 수 있음. 
※ 민사집행법에 따라 최저생계비 이하 등 압류금지채권에 해당하는 경우에는 
법원에 압류금지채권 범위 변경 신청 등을 통해 압류를 취소할 수 있습니다. 
 
 주 1) 압류: 채무자의 특정한 재산에 대하여 처분(매매, 양도 등)을 금지하게 하는 법원의 조치로서,  
채권자가 채무자의 해당 재산을 금전화하여 채무 변제에 충당하려는 목적으로 이용됩니다. 
 주 2) 가압류: 법원이 채권자를 위하여 나중에 강제 집행을 할 목적으로 채무자의 재산을 임시로 
확보하는 행위입니다. 
기본이율x90%x 
경과월수/계약월수
(최저 0.2)
기본이율x80%x 
경과월수/계약월수
(최저 0.2)
기본이율x70%x 
경과월수/계약월수
(최저 0.2)
기본이율x60%x 
경과월수/계약월수
(최저 0.2)
기본이율x 50% x
경과월수/계약월수
(최저 0.1)
기본이율x 50% x
경과월수/계약월수
(최저 0.1)0.1
[예치기간] 1개월 3개월 6개월 8개월 10 개월 11 개월 
 주 3) 질권설정: 채무자가 변제기일에 채무를 이행하지 않는 경우 설정자(담보물 소유자)가 제공한 
담보물에 대하여 채권자가 직접 청구하여 우선적으로 변제받을 수 있는 권리를 설정하는 
것으로써 일반적으로 담보물이 동산 또는 권리(예·적금, 채권 등)인 경우에 활용됩니다. 
▪ 예금잔액증명서 발급 당일에는 입금·출금·이체 등 잔액 변동 불가. 
자동이체 
▪ KB 국민은행 계좌뿐만 아니라 다른 금융회사 계좌에서도 가능하나, 자동이체 신청은 
해당 금융회사에서 신청하여야 합니다. 
휴면예금  
및 출연 
▪ 예금 만기일 또는 이자지급을 포함한 최종거래일 이후 5 년 이내 계좌를 해지하지 않을 경우  
예금거래기본약관 제 9 조의 2 휴면예금 및 출연에 따라 휴면예금은 “서민금융진흥원 
(국번없이 1397)”에 출연주)될 수 있으며, 이 경우 서민금융진흥원을 통해 휴면예금을 
찾으실 수 있습니다. 
▪ 휴면예금은 휴면예금통합조회서비스(www.sleepmoney.or.kr)를 통해 조회 가능합니다. 
 
주) 출연: 어떤 사람이나 단체가 자기의 의사에 따라 돈을 내거나 의무를 부담함으로써 재산상의  
손실을 입고 남의 재산을 증가시키는 일을 말합니다. 일반적으로 기부행위를 일컫는 말로  
사용되나 법률적으로는 비영리재단법인에 재산을 무상으로 내는 행위를 뜻합니다. 
 
※ 계좌통합관리서비스 이용 시 사용하지 않는 소액계좌를 잔고 이전/해지 할 수 있으며, 
 휴면계좌통합조회서비스 이용 시 휴면계좌 현황을 파악할 수 있습니다. 
예금자 
보호여부 
해 당 
 
이 예금은 예금자보호법에 따라 원금과 소정의 이자를 합하여 1 인당 
“1 억원까지”(본 은행의 여타 보호상품과 합산) 보호됩니다. 
위법계약해지권 
▪ 금융소비자는 은행이 금융소비자보호법 판매원칙주 1)을 위반하여 해당 금융상품에 관한 계약을 
체결한 경우에는 법 위반사실을 안 날로부터 1 년이내(해당 기간은 계약체결일로부터 5 년 
이내의 범위)에 해지요구서주 2) 와 위반사항을 증명하는 서류를 은행에 제출하여 해당 계약의 
해지를 요구할 수 있습니다. 만약, 금융소비자의 요구가 정당한 것으로 판단될 경우 수수료, 
위약금 등 계약의 해지와 관련된 비용 부담 없이 해당 계약을 해지할 수 있습니다. 
주1) 금융소비자보호법 판매원칙: 부적합한 금융상품을 권유한 경우(제17조 제3항), 적정하지 않은 금융 상 품 에 대해 부
적정하다는 사실을 알리지 않은 경우(제18조 제2항), 금융상품에 대해 거짓 또는 왜곡하여 설명하거나 중요한 사항에 
대한 설명을 누락한 경우(제19조 제1,3항), 불공정영업행위의 금지(제20조 제1항), 부당권유행위의 금지(제21조) 
주2) 해지요구서: 금융상품의 명칭, 법 위반사실을 포함하여 계약의 해지를 요구하기 위하여 작성한 문서 
자료열람요구권 
▪ 금융소비자는 분쟁조정 또는 소송의 수행 등 권리구제를 위한 목적으로 은행이 기록 및  
유지·관리하는 다음의 자료에 대한 열람(사본 및 청취 포함)을 요구할 수 있습니다. 
- 계약체결에 관한 자료, 계약의 이행에 관한 자료, 금융상품 등에 관한 광고 자료, 
금융소비자의 권리행사에 관한 자료, 내부통제기준의 제정 및 운영 등에 관한 자료,  
업무 위탁에 관한 자료 
▪ 은행은 법령, 제 3 자의 이익 침해, 영업비밀의 침해 등의 사유가 있는 경우 이를 
금융소비자에게 알리고 자료 열람을 제한하거나 거절할 수 있습니다. 
이용제한 사항 ▪ 해당없음 
 

3  유의 사항 
▪ 이 설명서는 「금융소비자 보호에 관한 법률」제19조제1항, 동 법 시행령 제14조제1항, 제3항에 따라 
금융상품에 관한 중요한 사항을 이해하기 쉽도록 설명하기 위해 설명을 하기 전에 제공되는 자료로써, 
상담일 이후 가입금액, 계약기간 등 변경에 의하여 일부 내용이 달라질 수 있습니다. 
▪ 본 설명서는 법령 및 내부통제기준에 따른 절차를 거쳐서 제공됩니다. 
 
이 상품은 KB 국민은행 수신상품부(P)에서 개발 및 관리하는 상품입니다.  
본 상품에 대한 문의사항 또는 민원 상담이 필요하시면 영업점, 고객센터(1588-9999) 또는 인터넷 홈페이지 
(www.kbstar.com), 금융감독원 민원상담센터(국번없이 1332) 또는 e-금융민원센터(www.fcsc.kr)를 통해 
문의주시기 바랍니다. 영업점 등을 통해 은행에 접수된 민원은 특별한 사정이 없는 한 14 영업일 이내에 
처리함을 원칙으로 하되, 기한 연장시 이에 대해 안내드리도록 하겠습니다. 또한 요청이 있는 경우 
민원처리진행상황을 안내받으실 수 있습니다. 
또한 금융소비자는 본 상품에 대하여 당 은행과 분쟁이 있는 경우에는 금융소비자보호법 제 36 조 제 1 항에 따라 
금융감독원에 분쟁조정을 신청할 수 있습니다.",ok,
products/savings/적립식예금약관210924.pdf,적립식예금약관210924.pdf,products/savings,2,"1 
 
적립식예금약관 
 
제 1 조  적용범위 
① 적립식예금(이하 '이 예금'이라 합니다)이라 함은 기간을 정하고 그 기간 중에 미리 정한 금액이나 
불특정 금액을 정기 또는 부정기적으로 입금하는 예금을 말합니다. 
② 이 약관에서 정하지 아니한 사항은 예금거래기본약관의 규정을 적용합니다. 
제 2 조  지급시기 
이 예금은 약정한 만기일 이후 거래처가 청구할 때 지급합니다. 다만, 거래처가 부득이한 사정으로 
청구할 때에는 만기전이라도 지급할 수 있습니다. 
제 3 조  저축금의 입금 
거래처는 계약기간 동안 매월 약정한 날짜에 월저축금을 입금하여야 합니다 
제 4 조  거래방법 및 인감신고 
개인인 경우로서 거래처가 인감(서명) 신고를 원하지 않는 경우에는 인감(서명) 신고를 생략할 수 
있습니다. 
제 5 조  이자 및 만기지급금과 지연입금 
① 이 예금의 월저축금을 매월 약정한 날짜에 입금하였을 때에는 은행은 저축금마다 입금일로부터 
만기일 전날까지의 기간에 대하여 계약일 당시 영업점에 게시한 이율로 셈한 이자를 저축금 
총액 (이하 '원금'이라 합니다)에 더한 금액 (이하 '계약금액'이라 합니다)을 만기 지급금으로써 
지급합니다. 
② 이 예금 중 변동금리를 적용하는 예금은 이율을 바꾼 때 바꾼 날부터 바꾼 이율로 셈하여 
이자를 지급합니다. 
③ 거래처가 월저축금을 약정일보다 늦게 입금하였을 때에는 은행은 거래처의 요청 에 따라 
총지연일수에서 총선납일수를 뺀 순지연일수에 대하여 계약일 당시 영업점 에 게시한 
입금지연이율로 셈한 금액을 계약 금액에서 빼거나 순지연일수를 계약 월수로 나눈 월평균 
지연일수 만큼 만기 일을 늦출 수 있습니다. 
④ 총선납일수가 총지연일수보다 많은 경우 에는 은행은 계약금액만을 지급합니다. 
제 6 조  만기앞당김 지급 
거래처가 모든 회차의 월저축금을 입금한 후 만기일 전 1개월 안에 청구하면 은행은 지급하는 
날부터 만기일 전날까지의 기간에 대하여 계약일 당시 영업점에 게시한 만기 앞당김이율로 셈한 
금액을 계약금액 에서 빼고 지급합니다. 
제 7 조  중도해지이율 및 만기후이율 
① 거래처가 만기일 후 지급청구한 때에는 만기지급액에 만기일부터 지급일 전날까지 기간에 대해 
계약일 당시 영업점에 게시한 만기후 이율로 셈한 이자를 더하여 지급합니다. 
② 거래처가 만기일 전에 지급청구한 때에는 월저축금마다 입금일부터 지급일 전날까지의 기간에 
대해 계약일 당시 영업점에 게시한 중도해지이율로 셈한 이자를 원금에 더하여 지급합니다. 
③ 거래처가 만기일까지 약정한 모든 회차의 월저축금을 입금하지 않고 만기일 이후에 청구하였을 
때에는 전항의 중도 해지이율로 셈한이자를 지급합니다. 
제 8 조  자유적립식예금 특례 
① 자유적립식예금이란 계약기간 동안 저축금을 달리하여 수시로 입금하는 예금을 말합니다. 
② 자유적립식예금은 입금횟수에 관계없이 저축금마다 입금일로부터 만기일 전날 까지의 기간에 
대하여 계약일 당시 영업점에 게시한 이율로 셈한 이자와 원금을 만기지급금으로 합니다. 
③ 자유적립식예금은 제3조, 제5조 제1항, 제3항, 제4항, 제6조 및 제7조3항의 규정을 적용하지 
않습니다. 
제 9 조  법령위반시의 처리 
법령에 따라 시행하는 예금에 있어서 거래처가 법령에서 정하는 가입자격, 저축 한도 등 거래조건을 
위반한 것으로 판명된 때는 은행은 임의로 그 예금을 해지하고 제7조 제2항의 규정에 따라 처리한 
후 이를 즉시 거래처에 통보합니다. 
 
 

 
 
2 
 
 
 
 
부     칙 
구 국민은행의 적립식예금 및 구 주택은행 의 적립식예금은 2002. 9.23부터 이 약관을 적용합니다.  
 
 
부     칙 
이 약관은 2017년 6월 30일 이후부터 적용합니다. 
 
부     칙 
이 약관은 2020년 10월 8일 이후부터 적용합니다. 
 
 
본 약관은 법령 및 내부통제기준에 따른 절차를 거쳐서 제공됩니다.",ok,
products/savings/중기재직자우대저축상품설명서.pdf,중기재직자우대저축상품설명서.pdf,products/savings,7,"1 
 
 
 
「KB 중소기업재직자 우대저축」 상품설명서 
 
1  상품명 및 특징 
▪ 상품명: KB 중소기업재직자 우대저축 
▪ 상품특징: 중소벤처기업부 「중소기업재직자 우대저축공제 사업」에 참여하는 중소기업 재직자의 
            자산형성을 지원하기 위하여 재직기업이 ‘기업지원금’을 지원하는 적립식 상품 
 
2  거래 조건 
 
구 분 내 용 
가입대상 
- 「중소기업재직자 우대저축공제 약관」에 따라 중소벤처기업진흥공단에서 상품가입을 
  승인한 실명의 개인 (은행별 1 인 1 계좌) 
※ 외국인 가입 가능 
※ 개인사업자, 임의단체, 공동명의 가입 불가 
상품유형 - 자유적립식 예금 
계약기간 - 36 개월 또는 60 개월 
저축금액  
- 월 10 만원 이상 50 만원 이하로 만기일 전날까지 입금 가능 
※ 「중소기업재직자 우대저축공제 약관」에 따라 중소벤처기업진흥공단에서 승인한 금액 
※ 월 1회, 신규 가입금액으로만 입금 가능 
가입방법 - KB 스타뱅킹, 영업점, 고객센터 
이자지급방법 - 만기일시지급식: 만기(후)해지 또는 중도해지 시 이자 지급 
가입절차 
① [중소기업] 중소기업 재직자 우대 저축공제 홈페이지에서 「중소기업재직자 우대저축공제」 
청약 신청 
② [재직자] 중소기업 재직자 우대 저축공제 홈페이지에서 정보제공동의 
③ [중소벤처기업진흥공단] 심사 및 승인 
④ [중소기업] 기업지원금 1 회차 납부 
⑤ [재직자] 가입승인 안내 수신 후 계좌 신규 
▣ 이 설명서는 금융소비자의 권익 보호 및 예금상품에 대한 이해 증진을 위하여 「금융소비자 보호에 관한  
법률」 및 관련 규정에 의거, 은행의 내부 통제절차를 거쳐 예금상품의 주요 내용을 쉽게 이해할 수  
있도록 작성한 자료입니다. 
▣ 설명 내용을 제대로 이해하지 못하였음에도 불구하고 설명을 이해했다는 서명을 하거나 녹취기록을  
남기시는 경우, 추후 해당 내용과 관련한 권리구제가 어려울 수 있습니다. 
▣ 이 상품은 중소벤처기업진흥공단의 상품가입 승인을 받은 후 가입할 수 있습니다. 
준법감시인 심의필 제2025-5111-4호 (심의일: 2025.12.12) 
            [유효기간: 2025.12.15.~2027.11.30] 
) 
 
 
2 
 
기본금리 
(세금공제 전, 
2025.12.15기준) 
- 가입일 당시 영업점 및 KB 국민은행 홈페이지에 게시한 계약기간별 기본금리 적용 
계약기간 36 개월 60 개월  
금리 연 2.5% 
 
 
 
 
 
우대금리 
(세금공제 전, 
2025.12.15 기준) 
 
 
 
 
 
 
 
 
 
- 최고 연 2.0%p 
※ 아래의 우대이율 제공조건을 충족하는 경우 가입일 당시 영업점 및 KB 국민은행 
 홈페이지에 게시한 우대금리를 적용합니다. 모든 우대금리는 제공조건을 달성한 
 만기해지 계좌에 계약기간동안 적용하며, 중도해지 계좌에는 적용하지 않습니다. 
주 1) 급여 인정 세부 기준   ※ KB 국민은행 본인계좌로부터의 이체 실적은 제외 
① 급여이체일이 등록된 계좌의 지정된 급여일(전후 1 영업일 포함 3 영업일)에 입금된 건별 
50 만원 이상의 급여이체 실적이 있는 경우 
② 급여이체일이 등록된 계좌에 급여성 단어(월급/급여/수당/급료/상여/보너스/봉급/연금/성과급/ 
보로금/임금/Salary/bonus/pay에 한함)가 기재된 건별 50 만원 이상의 이체 실적이 있는 경우 
 ③ 급여이체 계약(신청)에 의해 KB 국민은행 급여이체 전산(급여성 선일자, 급여성 탑라인, 
 기업인터넷뱅킹 급여이체)을 통해 입금된 건별 20 만원 이상의 급여이체 실적이 있는 경우 
주 2) 계좌에서 출금된 신용카드 결제일 출금 또는 체크카드 즉시 결제 (가족카드 결제실적 포함) 
※ 오픈뱅킹을 통한 결제, 기업카드 및 선불카드 결제, 선납(바로결제)하여 오픈뱅킹 출금된 결제 
 실적은 제외 
구 분 제공조건 
급여이체 
(연 1.0%p) 
이 적금의 신규일이 포함된 달부터 만기 전전월 말일까지 본인명의 
KB 국민은행 입출금통장에서 급여주 1)가 입금된 개월수가 계약기간의 
1/2 이상인 경우 
KB 카드 
(연 1.0%p) 
이 적금의 신규일이 포함된 달부터 만기 전전월 말일까지 본인명의 
KB 국민은행 입출금통장에서 KB 국민카드(신용/체크/BC) 결제대금출금주2) 
(현금서비스 포함)이 발생한 개월수가 계약기간의 1/2 이상인 경우 
최종금리 
(세금공제 전, 
2025.12.15 기준) 
- 최저 연 2.5%~최고 연 4.5% 
※ 최고금리는 가입일 당시 영업점 및 KB 국민은행 홈페이지에 게시한 우대금리를 모두 포함 
- 금리우대쿠폰 
※ 가입 시 금리우대쿠폰을 적용한 경우 최종금리에 쿠폰의 우대금리를 더함 
※ 금리우대쿠폰의 적용방법 및 유의사항은 해당 금리우대쿠폰에서 확인 가능  
※ 중도해지 시 쿠폰의 우대금리가 적용되지 않음 
계약기간 36 개월 60 개월 
금리 최저 연 2.5%~최고 연 4.5% 
만기이자 
계산방법 
(산출근거) 
- 입금금액마다 입금일부터 만기일 전날까지 기간에 대하여 약정금리로 계산한 이자를 
합계(원 미만 버림)  
 
3 
 
- [입금 건별 만기이자 계산식] 입금금액 X 약정금리 X 일수(입금일~만기일 전날)/365 
 ※ 예상 수취이자액 안내 
ㅇ 월 50 만원씩 60 개월 납입 시 세전 3,431,250원 (최고금리 적용, 세부사항 변동가능) 
ㅇ 월 50 만원씩 60 개월 납입 시 세전 1,906,250원 (최저금리 적용, 세부사항 변동가능) 
만기후금리 
(세금공제 전, 
2025.12.15 기준) 
- 가입일 당시 영업점 및 KB 국민은행 홈페이지에 게시한 경과기간별 만기후금리 적용 
                                                                                                             (단위: 연 %)   
경과주)기간 금리 
만기후 1개월 이내 기본금리 X 50% 
만기후 1개월 초과 3개월 이내 기본금리 X 30% 
만기후 3개월 초과 0.1 
주) 경과: (해당 시간을) 완전히 지나간 기간  
※ 기본금리: 가입일 당시 영업점 및 KB국민은행 홈페이지에 게시한 기본금리 
※ 금리는 소수점 둘째 자리까지 표시(소수점 셋째 자리 이하는 버림) 
중도해지금리 
(세금공제 전, 
2025.12.15 기준) 
- 가입일 당시 영업점 및 KB국민은행 홈페이지에 게시한 예치기간별 중도해지금리 적용 
(단위: 연 %) 
예치기간 금리 
1개월 미만 0.1 
1개월 이상~3개월 미만 기본금리 X 50% X 경과월수주)/계약월수(단, 최저금리는 0.1) 
3개월 이상~6개월 미만 기본금리 X 50% X 경과월수/계약월수(단, 최저금리는 0.1) 
6개월 이상~8개월 미만 기본금리 X 60% X 경과월수/계약월수(단, 최저금리는 0.2) 
8개월 이상~10개월 미만 기본금리 X 70% X 경과월수/계약월수(단, 최저금리는 0.2) 
10개월 이상~11개월 미만 기본금리 X 80% X 경과월수/계약월수(단, 최저금리는 0.2) 
11개월 이상 기본금리 X 90% X 경과월수/계약월수(단, 최저금리는 0.2) 
주) 경과월수: 입금일 다음 날부터 해지월 입금해당일까지를 월수로 하고, 1 개월 미만은 올림 
              (단, 경과월수는 계약월수를 초과할 수 없음)  
※ 금리는 소수점 둘째 자리까지 표시(소수점 셋째 자리 이하는 버림) 

 
4 
 
중도해지이자 
계산방법 
(산출근거) 
- 입금금액마다 입금일부터 중도해지일 전날까지의 기간에 대하여 예치기간별 중도해지 
금리로 계산한 이자를 합산(원 미만 버림) 
- [입금 건별 중도해지이자 계산식] 
 입금금액 X 기본금리 X 예치기간별 적용률(50~90%) X 경과월수/계약월수 
 
 
 
 
 
   
   
   
예금자보호 
여부 
해 당 
 
 
이 예금은 예금자보호법에 따라 원금과 소정의 이자를 합하여 
1인당 “1억원까지”(본 은행의 여타 보호상품과 합산) 보호됩니다. 
세제혜택 
- 비과세종합저축으로 가입 가능 
※ 관련 세법이 개정될 경우 세율이 변경되거나 세금이 부과될 수 있음 
※ 계약기간 만료일 이후의 이자는 과세됨 
만기앞당김지급 - 불가 
양도‧상속 - 불가 
담보제공 - 가능(예금담보대출은 납입금액의 95%까지 가능) 
분할출금 - 불가 
재예치 - 불가 
계약해지방법 - KB스타뱅킹, 영업점, 고객센터에서 해지 가능 
- 만기 자동해지 신청 불가 
원금 및 이자 
지급 제한 
- 계좌에 압류주1), 가압류주2), 질권주3) 등이 등록될 경우 원금 및 이자 지급이 제한될 수  
있습니다. 
※ 민사집행법에 따라 최저생계비 이하 등 압류금지채권에 해당하는 경우에는 법원에 압류금지 
채권 범위 변경 신청 등을 통해 압류를 취소할 수 있습니다. 
주1) 압류: 채무자의 특정한 재산에 대하여 처분(매매, 양도 등)을 금지하게 하는 법원의 조치로서,  
채권자가 채무자의 해당 재산을 금전화하여 채무 변제에 충당하려는 목적으로 이용됩니다. 
주2) 가압류: 법원이 채권자를 위하여 나중에 강제 집행을 할 목적으로 채무자의 재산을 임시로  
확보하는 행위입니다. 
주3) 질권설정: 채무자가 변제기일에 채무를 이행하지 않는 경우 설정자(담보물 소유자)가 제공한  
담보물에 대하여 채권자가 직접 청구하여 우선적으로 변제받을 수 있는 권리를  
설정하는 것으로서 일반적으로 담보물이 동산 또는 권리(예적금, 채권 등)인 경우에  
활용됩니다. 
- 예금잔액증명서 발급 당일에는 입금·출금·이체 등 잔액 변동이 불가합니다. 

 
5 
 
자동이체 
- 자동이체는 다른 금융회사 계좌에서도 가능하며 이 경우 해당 금융회사에서 신청해야 합니다. 
- 자동이체는 신규 가입금액으로만 등록이 가능합니다. 
- [KB국민은행 계좌간자동이체] 
ㅇ 만기일 전영업일까지 자동이체가 가능하며, 그 이후에는 이체되지 않습니다. 
ㅇ 이체일이 영업일이 아닌 경우 그 다음 영업일에 이체하고, 이체일이 달력에 없으면 
해당월의 마지막 날 이체합니다. 
- [다른 금융회사 계좌를 통한 자동이체] 
ㅇ 해당 금융회사의 자동이체 약관에 따라 자동이체일이 휴일인 경우 익영업일에 적금으로 
   입금될 수 있으며, 그 사이에 월이 바뀐 경우 적금 익월분으로 입금처리 될 수 있으니 
  유의하시기 바랍니다. 
휴면예금 및 
출연 
- 예금 만기일 또는 이자지급을 포함한 최종거래일 이후 5년 이내 계좌를 해지하지 않을 
경우 예금거래기본약관 제9조의2 휴면예금 및 출연에 따라 휴면예금은 “서민금융진흥원 
(국번없이 1397)”에 출연주)될 수 있으며, 이 경우 서민금융진흥원을 통해 휴면예금을 
찾으실 수 있습니다. 
주) 출연: 어떤 사람이나 단체가 자기의 의사에 따라 돈을 내거나 의무를 부담함으로써 재산상의  
손실을 입고 남의 재산을 증가시키는 일을 말합니다. 일반적으로 기부 행위를 일컫는 말로 사용 
되나 법률적으로는 비영리재단법인에 재산을 무상으로 내는 행위를 뜻합니다. 
- 휴면예금은 휴면예금통합조회서비스(www.sleepmoney.or.kr)에서 조회할 수 있습니다. 
- 계좌통합관리서비스 이용 시 사용하지 않는 소액계좌의 잔액을 이전하거나 계좌를 해지  
할 수 있으며, 휴면계좌통합조회서비스 이용 시 휴면계좌 현황을 파악할 수 있습니다. 
자료열람 
요구권 
- 금융소비자는 분쟁조정 또는 소송의 수행 등 권리구제를 위한 목적으로 은행이 기록 및 
유지·관리하는 다음의 자료에 대한 열람(사본 및 청취 포함)을 요구할 수 있습니다. 
ㅇ 계약체결에 관한 자료, 계약의 이행에 관한 자료, 금융상품 등에 관한 광고 자료, 금융소비자의  
권리행사에 관한 자료, 내부통제기준의 제정 및 운영 등에 관한 자료, 업무 위탁에 관한 자료 
- 은행은 법령, 제 3 자의 이익 침해, 영업비밀의 침해 등의 사유가 있는 경우 이를 금융 
소비자에게 알리고 자료 열람을 제한하거나 거절할 수 있습니다. 
위법계약 
해지권 
- 금융소비자는 은행이 금융소비자보호법 판매원칙주1)을 위반하여 해당 금융상품에 관한  
계약을 체결한 경우에는 법 위반사실을 안 날로부터 1년이내 (해당 기간은 계약체결일 
부터 5년이내의 범위)에 해지요구서주2) 와 위반사항을 증명하는 서류를 은행에 제출하여  
해당 계약의 해지를 요구할 수 있습니다. 만약, 금융 소비자의 요구가 정당한 것으로 판단될 
경우 수수료, 위약금 등 계약의 해지와 관련된 비용 부담 없이 해당 계약을 해지할 수 
있습니다. 
주1) 금융소비자보호법 판매원칙: 부적합한 금융상품을 권유한 경우(제17조 제3항), 적정하지 않은 금융 
상품에 대해 부적정하다는 사실을 알리지 않은 경우(제18조 제2항), 금융상품에 대해 거짓 또는 왜곡 
하여 설명하거나 중요한 사항에 대한 설명을 누락한 경우(제19조 제1,3항), 불공정영업행위의 금지 
(제20조 제1항), 부당권유행위의 금지(제21조) 
주2) 해지요구서: 금융상품의 명칭, 법 위반사실을 포함하여 계약의 해지를 요구하기 위하여 작성한 문서 
 
6 
 
이용 제한 사항 
 KB 스타뱅킹 등 비대면으로 가입한 계좌의 당일 해지는 영업점에서만 가능하며, 비대면 
해지는 가입 다음 날부터 할 수 있습니다. 
 이 상품은 월 1 회, 신규 가입금액으로만 저축이 가능합니다. 
 이 상품을 36 개월제로 가입하는 경우 최대 36 회차, 60 개월제로 가입하는 경우 최대 
   60 회차까지 납입할 수 있습니다. 
 이 상품은 환경보호를 위해 종이통장을 발행하지 않습니다. 
 이 상품은 공동명의로 가입할 수 없습니다. 
 이 상품은 취소거래(신규, 입금, 해지)가 불가합니다. 
 통장이 ‘전기통신금융사기 피해 방지 및 피해금 환급에 관한 특별법’ 에서 정의한 피해 의심 
거래계좌 및 사기이용 계좌로 이용될 경우 이체, 송금지연, 지급정지 등의 금융거래 제한 
조치를 받을 수 있습니다. 
 
3  기업지원금 
 
구 분 내 용 
기업지원금 
- 중소기업 재직자의 장기재직 촉진 및 자산형성을 지원하기 위하여 중소기업이 「중소기업 
재직자 우대저축공제」에 적립하는 공제금으로 만기해지 시 지급 
- 단, 중도해지 시 사유에 따라 중소벤처기업진흥공단의 심사를 통해 기업지원금이 지급될  
수 있음 
- 기업지원금은 고객이 지정한 수령계좌로 입금 
※ 기업지원금의 지급에 관한 사항은 중소벤처기업진흥공단의 「중소기업재직자 우대저축 
공제 약관」에서 정하는 바에 따름 
 
4  유의 사항 
 
 비대면으로 가입한 계좌는 가입 당일 비대면으로 해지할 수 없습니다. 
 신규, 입금, 해지거래 후 취소할 수 없습니다. 
 이 상품은 월 1 회, 신규 가입금액으로만 저축이 가능합니다. 
 이 상품을 36 개월제로 가입하는 경우 최대 36 회차, 60 개월제로 가입하는 경우 최대 60 회차까지 
납입할 수 있습니다. 
 재직기업의 「중소기업재직자 우대저축공제」 계약이 해지되더라도 예금주의 의사에 따라 적금을 
   유지할 수 있습니다. 
 이 설명서는 「금융소비자 보호에 관한 법률」 제19조제1항, 동 법 시행령 제14조제1항, 제3항에 따라  
금융상품에 관한 중요한 사항을 이해하기 쉽도록 설명하기 위해 설명을 하기 전에 제공되는 자료로서 
 상담일 이후 가입금액, 계약기간 등 변경에 의하여 일부 내용이 달라질 수 있습니다. 
 계약기간 만료 전 해지 시 계약에서 정한 금리보다 낮은 중도해지금리가 적용됩니다. 
 이 설명서는 법령 및 내부통제기준에 따른 절차를 거쳐 제공됩니다. 
 
 
7 
 
이 상품은 KB 국민은행 수신상품부(P)에서 개발하고 관리하는 상품입니다. 이 상품에 대한 문의사항 또는 
민원상담이 필요하시면 KB 국민은행 영업점, 고객센터(1588-9999) 또는 인터넷 홈페이지(www.kbstar.com)와 
금융감독원 민원상담센터(국번없이 1332) 또는 e-금융민원센터(www.fcsc.kr)를 통해 문의하시기 바랍니다. 
영업점 등을 통해 은행에 접수된 민원은 특별한 사정이 없는 한 14 영업일 이내 처리함을 원칙으로 하되, 기한연장 
시 이에 대해 안내드리겠습니다. 또한 요청이 있는 경우 민원처리 진행 상황을 안내받으실 수 있습니다. 
금융소비자는 이 상품에 대하여 KB 국민은행과 분쟁이 있는 경우 금융소비자보호법 제 36 조 제 1 항에 따라 
금융감독원에 분쟁조정을 신청할 수 있습니다.",ok,
products/savings/프리미엄적금상품설명서260724.pdf,프리미엄적금상품설명서260724.pdf,products/savings,6,"「KB 국민프리미엄적금」 상품설명서 
 
 
 
 
 
 
1  상품명 및 특징 
▪ 상 품 명:  KB국민프리미엄적금 
▪ 상품특징:  단체가입고객 또는 병역명문가 등에게 우대금리를 제공하는 적립식 상품 
 
2  거래 조건 
 
구 분 내 용 
가입대상 ▪ 실명의 개인 (1 인 1 계좌) 
상품유형 ▪ 정액적립식/자유적립식 예금 
거래방법 
▪ 신규: 영업점, 인터넷뱅킹, KB 스타뱅킹, 고객센터 
▪ 해지: 영업점, 인터넷뱅킹, KB 스타뱅킹, 고객센터 
계약기간 ▪ 12개월 이상 ~ 60개월 이하(월단위) 
가입금액 
및 저축방법 
▪ 회차별 1 만원 이상 원단위로, 매월(월 초일부터 말일까지) 3 백만원 이내에서 저축 가능 
※ 자유적립식은 만기 1 개월 전까지 저축 가능 
이자지급시기 ▪ 만기일시지급식: 만기(후) 또는 중도해지 요청시 이자를 지급 
기본이율  
(세금공제 전, 
2026.07.24 
기준) 
▪ 기본이율: 신규가입일 당시 영업점 및 KB국민은행 홈페이지에 게시된 계약기간별 기본이율 적용      
계약기간 정액적립식 자유적립식 
12개월이상 ~ 24개월미만 연 2.75% 연 2.55% 
24개월이상 ~ 36개월미만 연 2.95% 연 2.65% 
36개월이상 ~ 60개월미만 연 3.05% 연 2.95% 
60개월 연 3.25% 연 3.15% 
 
  KB국민은행                준법감시인 심의필 제2026-3321-5호(심의일: 2026.07.22) 
 (유효기간: 2026.07.24 ~ 2026.08.30) 
    
[정액적립]   [자유적립] 
◈ 이 설명서는 금융소비자의 권익 보호 및 예금상품에 대한 이해 증진을 위하여 「금융소비자 보호에 관한 법률」 및 
관련 규정에 의거, 은행의 내부 통제절차를 거쳐 예금상품의 주요 내용을 쉽게 이해할 수 있도록 작성한 자료입니다. 
◈ 설명내용을 제대로 이해하지 못하였음에도 불구하고 설명을 이해했다는 서명을 하거나 녹취기록을 남기시는 경우, 
추후 해당 내용과 관련한 권리구제가 어려울 수 있습니다. 
◈ 인터넷뱅킹 등 비대면채널을 통해 가입하거나 통장 미발행 요청 시에는 통장 또는 증서가 교부되지 않습니다. 
우대이율 
(세금공제 전, 
2026.07.24 
기준) 
 
▪ 신규가입일 당시 영업점 및 KB국민은행 홈페이지에 게시된 우대이율 
※ 만기해지하는 경우에만 해당 계약기간 동안 적용               
계약기간 단체가입/나라사랑/쿠폰 교차거래 
12개월이상 ~ 24개월미만 연 0.6% 
연 0.3% 
24개월이상 ~ 36개월미만 연 0.7% 
36개월이상 ~ 60개월미만 연 0.9% 
60개월 연 1.0% 
※ 단체가입, 나라사랑, 쿠폰 우대이율은 중복 적용되지 않음 
 
[1] 단체가입 우대이율: 최초 신규일에 대상고객이 5인 이상 가입 시에만 적용(※ 영업점 신규 시 적용) 
* 대상고객: 영업점에서 선정한 우대대상 업체(기관)주) 소속 직원 
    주) 법인, 개인사업자 또는 임의단체번호 있는 임의단체 대상 (※ 계모임, 동호회 등 순수 개인모임은 제외)  
* 확인서류: 명함, 사원증, 건 강 보 험증, 근로소득원천징수영수증, 재직증명서, 가입대상자 사업주확인서(별도 양식) 등 
[2] 나라사랑 우대이율(※ 영업점 신규 시 적용) 
* 대상고객: 병역명문가, 현역군인, 입영대상자, 태권도 단(품)증 소지 고객 
  * 확인서류: 병역명문가증, 장교/부사관 신분증, 부대장 확인서, 입영통지서, 국기원 발행 태권도 단(품)증 등 
[3] 쿠폰우대 우대이율(※ 신규 시 적용) 
* 대상고객: 본부에서 선정하여 이메일을 통해 일괄 발송한 금리우대쿠폰을 소지한 고객 
* 적용방법: 쿠폰 유효기간(3개월) 내 신규 가입 가능 
[4] 교차거래 우대이율  
* 대상고객: 신규일로부터 3개월이 경과한 날이 속한 달에 급여이체실적이 있는 계좌 또는 신규일로부터 
3개월이 경과한 날이 속한 달에 30만원 이상의 KB국민카드 매입실적이 있는 계좌 
    예) 2021년 9월에 가입한 경우 2021년 12월에 본인명의 계좌에 급여이체 실적이 있거나 30만원 이상의 
 KB국민카드 매입실적이 있으면 우대이율 적용 
※ 급여이체실적 인정기준 
- KB국민은행과 급여이체 또는 대량이체계약에 따른 급여성 선일자, 탑라인, 프리미엄뱅킹등에 의한 이체실적 
-「직장인우대종합통장」을 보유하고 이 통장에서 인정하는 건별 50만원 이상 급여이체 실적  
※ KB국민카드 매입실적은 KB국민카드 사용전표가 KB국민카드사로 매입된 경우 인정 
※ KB국민카드 매입실적 산정 시 기업카드 및 가족카드, 선불카드 매입금액은 제외 
최종이율 
(세금공제 전, 
2026.07.24 
기준) 
 
계약기간 정액적립식 자유적립식 
12개월이상 ~ 24개월미만 최저 연2.75% ~ 최고 연 3.65% 최저 연 2.55% ~ 최고 연 3.45% 
24개월이상 ~ 36개월미만 최저 연2.95% ~ 최고 연3.95% 최저 연2.65% ~ 최고 연3.65% 
36개월이상 ~ 60개월미만 최저 연3.05% ~ 최고 연4.25% 최저 연2.95% ~ 최고 연4.15% 
60개월 최저 연3.25% ~ 최고 연4.55% 최저 연3.15% ~ 최고 연4.45% 
※ 최고이율은 신규가입일 당시 영업점 및 KB국민은행 홈페이지에 게시된 단체가입/나라사랑 
/쿠폰우대 및 교차거래 우대이율 모두 적용할 경우 
만기이자 
계산방법 
(산출근거) 
▪ 자유적립식: 입금금액 × 약정이율 × 일수(입금일~만기일 전일)/365 
  ※ 입금금액마다 입금일부터 만기일 전일까지의 기간에 대하여 약정이율로 계산한 이자를 
합계(원미만 절사) 
▪ 정액적립식: {월저축금 × 계약월수 × (계약월수+1)/2} × (연이율/12) 
 
 
 
 
 
 
중도해지이율 
(세금공제 전, 
2026.07.24 
기준) 
▪ 신규가입일 당시 영업점 및 KB국민은행 홈페이지에 게시된 예치기간별 중도해지이율 적용 
                                                          (단위: 연 %) 
예치기간 이율 
1개월미만 0.1 
1개월이상 ~ 3개월미만 기본이율 X 50% X 경과월수/계약월수 (단, 최저금리는 0.1) 
3개월이상 ~ 6개월미만 기본이율 X 50% X 경과월수/계약월수 (단, 최저금리는 0.1) 
6개월이상 ~ 8개월미만 기본이율 X 60% X 경과월수/계약월수 (단, 최저금리는 0.2) 
8개월이상 ~ 10개월미만 기본이율 X 70% X 경과월수/계약월수 (단, 최저금리는 0.2) 
10개월이상 ~ 11개월미만 기본이율 X 80% X 경과월수/계약월수 (단, 최저금리는 0.2) 
11개월이상 기본이율 X 90% X 경과월수/계약월수 (단, 최저금리는 0.2) 
1. 경과월수: 입금일 다음날로부터 해지월 입금해당일까지를 월수로 하고, 1개월 미만은 절상  
2. 계약월수: 신규일 다음날로부터 만기월 신규해당일까지를 월수로 하고, 1개월미만은 절상 
※ 단, 계약기간이 월단위인 경우 계약월수를 그대로 사용하며, 경과월수는 계약월수를 초과할 수 없음 
3. 이율은 소수점 둘째 자리까지 표시(소수점 셋째 자리에서 절사) 
중도해지이자 
계산방법 
(산출근거) 
▪ 입금금액마다 입금일부터 중도해지일 전일까지의 기간에 대하여 예치기간별 중도해지이율로 
계산한 이자를 합계(원미만 절사) 
[입금건별 중도해지이율 계산 산식] 기본이율 X 예치기간별 적용률(50~90%) X 경과월수/계약월수 
 
기본이율x90%x 
경과월수/계약월수
(최저 0.2)
기본이율x80%x 
경과월수/계약월수
(최저 0.2)
기본이율x70%x 
경과월수/계약월수
(최저 0.2)
기본이율x60%x 
경과월수/계약월수
(최저 0.2)
기본이율x 50% x
경과월수/계약월수
(최저 0.1)
기본이율x 50% x
경과월수/계약월수
(최저 0.1)0.1
[예치기간] 1개월 3개월 6개월 8개월 10 개월 11 개월 

만기후이율 
(세금공제 전, 
2026.07.24 
기준) 
▪ 신규가입일 당시 영업점 및 KB국민은행 홈페이지에 게시된 경과기간별 만기후이율 적용 
                                                          (단위: 연 %) 
경과기간 이율 
만기후 1개월이내 기본이율 X 50% 
만기후 1개월초과 ~ 3개월이내 기본이율 X 30% 
만기후 3개월초과 0.1 
※ 이율은 소수점 둘째 자리까지 표시(소수점 셋째 자리에서 절사) 
세제혜택 
▪ 비과세종합저축으로 가입 가능 
※ 관련세법이 개정될 경우 세율이 변경되거나 세금이 부과될 수 있음 
※ 계약기간 만료일 이후의 이자는 과세됨 
계약해지방법 
▪ 영업점, 인터넷뱅킹, KB 스타뱅킹, 고객센터를 통해 해지 가능 
※ 고객센터 통한 해지 시 만기해지만 가능하며 미성년자 예금 해지 불가 
※ 영업점에서 신규한 미성년자 명의의 예금 해지는 영업점에서만 가능 
▪ 만기 자동해지 가능 
※ 만기 자동해지를 신청하는 경우 지정계좌로 입금 가능 
재예치 ▪ 불가 
일부인출 ▪ 불가 
만기앞당김 지급 
▪ 정액적립식: 가능 
▪ 자유적립식: 불가 
질권설정 ▪ 가능 
양도 및  
담보제공 
▪ 양도 가능 
▪ 예금담보대출은 계좌잔액의 95%까지 가능 
원금 및 
이자지급 제한 
▪ 계좌에 압류주1), 가압류주2), 질권주3) 등이 등록될 경우 원금 및 이자 지급이 제한될 수 있음. 
※ 민사집행법에 따라 최저생계비 이하 등 압류금지채권에 해당하는 경우에는 
법원에 압류금지채권 범위 변경 신청 등을 통해 압류를 취소할 수 있습니다. 
 
 주 1) 압류: 채무자의 특정한 재산에 대하여 처분(매매, 양도 등)을 금지하게 하는 법원의 조치로서,  
채권자가 채무자의 해당 재산을 금전화하여 채무 변제에 충당하려는 목적으로 이용됩니다. 
 주 2) 가압류: 법원이 채권자를 위하여 나중에 강제 집행을 할 목적으로 채무자의 재산을 임시로 
확보하는 행위입니다. 
 주 3) 질권설정: 채무자가 변제기일에 채무를 이행하지 않는 경우 설정자(담보물 소유자)가 제공한 
담보물에 대하여 채권자가 직접 청구하여 우선적으로 변제받을 수 있는 권리를 설정하는 
것으로써 일반적으로 담보물이 동산 또는 권리(예·적금, 채권 등)인 경우에 활용됩니다. 
▪ 예금잔액증명서 발급 당일에는 입금·출금·이체 등 잔액 변동 불가. 
자동이체 ▪ KB 국민은행 계좌뿐만 아니라 다른 금융회사 계좌에서도 가능하나, 자동이체 신청은 
해당 금융회사에서 신청하여야 합니다. 
휴면예금  
및 출연 
▪ 예금 만기일 또는 이자지급을 포함한 최종거래일 이후 5 년 이내 계좌를 해지하지 않을 경우  
예금거래기본약관 제 9 조의 2 휴면예금 및 출연에 따라 휴면예금은 “서민금융진흥원 
(국번없이 1397)”에 출연주)될 수 있으며, 이 경우 서민금융진흥원을 통해 휴면예금을 
찾으실 수 있습니다. 
▪ 휴면예금은 휴면예금통합조회서비스(www.sleepmoney.or.kr)를 통해 조회 가능합니다. 
 
주) 출연: 어떤 사람이나 단체가 자기의 의사에 따라 돈을 내거나 의무를 부담함으로써 재산상의  
손실을 입고 남의 재산을 증가시키는 일을 말합니다. 일반적으로 기부행위를 일컫는 말로  
사용되나 법률적으로는 비영리재단법인에 재산을 무상으로 내는 행위를 뜻합니다. 
 
※ 계좌통합관리서비스 이용 시 사용하지 않는 소액계좌를 잔고 이전/해지 할 수 있으며, 
 휴면계좌통합조회서비스 이용 시 휴면계좌 현황을 파악할 수 있습니다. 
예금자 
보호여부 
해 당 
 
이 예금은 예금자보호법에 따라 원금과 소정의 이자를 합하여 1 인당 
“1 억원까지”(본 은행의 여타 보호상품과 합산) 보호됩니다. 
위법계약해지권 
▪ 금융소비자는 은행이 금융소비자보호법 판매원칙주 1)을 위반하여 해당 금융상품에 관한 
계약을 체결한 경우에는 법 위반사실을 안 날로부터 1 년이내(해당 기간은 계약체결일로부터 
5 년 이내의 범위)에 해지요구서주 2) 와 위반사항을 증명하는 서류를 은행에 제출하여 해당 
계약의 해지를 요구할 수 있습니다. 만약, 금융소비자의 요구가 정당한 것으로 판단될 경우 
수수료, 위약금 등 계약의 해지와 관련된 비용 부담 없이 해당 계약을 해지할 수 있습니다. 
주1) 금융소비자보호법 판매원칙: 부적합한 금융상품을 권유한 경우(제17조 제3항), 적정하지 않은 금 융 상 품 에 대해 부
적정하다는 사실을 알리지 않은 경우(제18조 제2항), 금융상품에 대해 거짓 또는 왜곡하여 설명하거나 중 요 한 사항에 
대한 설명을 누락한 경우(제19조 제1,3항), 불공정영업행위의 금지(제20조 제1항), 부당권유행위의 금지(제21조) 
주2) 해지요구서: 금융상품의 명칭, 법 위반사실을 포함하여 계약의 해지를 요구하기 위하여 작성한 문서 
자료열람요구권 
▪ 금융소비자는 분쟁조정 또는 소송의 수행 등 권리구제를 위한 목적으로 은행이 기록 및  
유지·관리하는 다음의 자료에 대한 열람(사본 및 청취 포함)을 요구할 수 있습니다. 
- 계약체결에 관한 자료, 계약의 이행에 관한 자료, 금융상품 등에 관한 광고 자료, 
금융소비자의 권리행사에 관한 자료, 내부통제기준의 제정 및 운영 등에 관한 자료,  
업무 위탁에 관한 자료 
▪ 은행은 법령, 제 3 자의 이익 침해, 영업비밀의 침해 등의 사유가 있는 경우 이를 
금융소비자에게 알리고 자료 열람을 제한하거나 거절할 수 있습니다. 
이용제한 사항 ▪ 이 상품은 공동명의로 가입할 수 없습니다. 
 
3  유의 사항 
 
▪ 이 설명서는 「금융소비자 보호에 관한 법률」제19조제1항, 동 법 시행령 제14조제1항, 제3항에 따라 
금융상품에 관한 중요한 사항을 이해하기 쉽도록 설명하기 위해 설명을 하기 전에 제공되는 자료로써, 
상담일 이후 가입금액, 계약기간 등 변경에 의하여 일부 내용이 달라질 수 있습니다. 
▪ 본 설명서는 법령 및 내부통제기준에 따른 절차를 거쳐서 제공됩니다. 
 
 
 
 

 
이 상품은 KB 국민은행 수신상품부(P)에서 개발 및 관리하는 상품입니다. 
본 상품에 대한 문의사항 또는 민원 상담이 필요하시면 영업점, 고객센터(1588-9999) 또는 인터넷 홈페이지 
(www.kbstar.com), 금융감독원 민원상담센터(국번없이 1332) 또는 e-금융민원센터(www.fcsc.kr)를 통해 
문의주시기 바랍니다. 영업점 등을 통해 은행에 접수된 민원은 특별한 사정이 없는 한 14 영업일 이내에 
처리함을 원칙으로 하되, 기한 연장시 이에 대해 안내드리도록 하겠습니다. 또한 요청이 있는 경우 
민원처리진행상황을 안내받으실 수 있습니다. 
또한 금융소비자는 본 상품에 대하여 당 은행과 분쟁이 있는 경우에는 금융소비자보호법 제 36 조 제 1 항에 따라  
금융감독원에 분쟁조정을 신청할 수 있습니다.",ok,
products/savings/프리미엄적금특약.pdf,프리미엄적금특약.pdf,products/savings,2,"「KB국민프리미엄적금」특약 
 
제 1 조 적용범위 
“KB국민프리미엄적금(이하 ‘이 적금’이라 합니다)” 거래는 이 특약을 적용하며, 이 특약에서 
정하지 않은 사항은 예금거래기본약관 및 적립식예금약관을 적용합니다.  
 
제 2 조 가입대상 
   이 적금의 가입대상은 개인으로 1인 1계좌로 제한합니다. 
 
제 3 조 예금과목 및 계약기간  
   이 적금의 예금과목은 정기적금으로 하며 계약기간은 12개월 이상 60개월 이내 월단위로 합니다. 
 
제 4 조 저축방법  
   이 적금은 최저 1만원 이상 원단위로 매월(해당월의 초일부터 말일까지) 3백만원 이내에서 만기  
1개월 전까지 저축할 수 있습니다. 
 
제 5 조 이율의 적용 
   ① 이 적금의 이율은 신규가입일 당시 영업점 및 KB국민은행 홈페이지에 게시된 이율을  
적용합니다. 
   ② 이 적금의 가입자가 다음 각 호의 1에 해당하는 경우에는 기본이율에 신규가입일 당시 영업점 및  
KB국민은행 홈페이지에 게시된 우대이율(세전)을 계약기간별로 가산하여 지급하며 각 호를  
중복하여 적용하지 않습니다. 
구     분 계약기간 
1. KB국민은행 거래 업체(단체) 소속 5인 이상 가입 
2. KB국민은행 거래 고객중 금리우대쿠폰주 소지 고객 
3. 병역명문가, 입영대상자, 현역군인, 태권도  
   단(품)증 소지 고객 
12개월이상 ~ 24개월미만 
24개월이상 ~ 36개월미만 
36개월이상 ~ 60개월미만 
60개월 
       주. KB국민은행 Youth고객, 첫거래고객, 우수고객, 비활동고객 등을 대상으로 이메일 등을 통해 제공 
   ③ 이 적금의 가입자가 신규가입일로부터 3개월이 경과한 날이 속한 달의 급여이체실적 또는 
30만원 이상의 KB카드(KB비씨카드, 체크카드 포함, 기업카드 제외) 이용실적이 있는 경우 
기본이율에 우대이율을 가산하여 지급합니다. 단, 급여이체실적이란 KB국민은행과 급여이체  
또는 대량이체 계약에 따른 급여성 선일자, 탑라인, 프리미엄뱅킹등에 의한 이체 또는  
직장인우대종합통장(이하 ‘이 통장’이라 합니다)을 보유하고 이 통장으로 입금된 건별 50만원  
이상 급여이체 실적을 말합니다. 
   ④ 모든 우대이율은 만기해지 계좌에 대하여 계약기간 동안 적용합니다. 
 
제 6 조 중도해지이율 및 만기후이율 
① 이 적금의 가입자가 만기일 전에 지급청구한 때에는 월저축금마다 입금일부터 지급일 전날  
까지의 기간에 대해 신규가입일 당시 영업점에 게시한 중도해지이율로 셈한 이자를 원금에  
더하여 지급합니다. 
② 이 적금의 가입자가 만기일 후 지급청구한 때에는 만기지급액에 만기일부터 지급일 전날까지  
기간에 대해 신규가입일 당시 영업점에 게시한 만기후이율로 셈한 이자를 더하여 지급합니다. 
 

부 칙 
이 약관은 2018.04.09부터 시행합니다. 
 
부 칙 
이 약관은 2020.10.12부터 시행하며 신규가입고객에 한하여 적용됩니다. 
 
 
 
본 특약은 법령 및 내부통제기준에 따른 절차를 거쳐서 제공됩니다.",ok,
