path,source_file,category,page_count,text,status,error
regulations/금융소비자 보호에 관한 법률(법률)(제21065호)(20260102).pdf,금융소비자 보호에 관한 법률(법률)(제21065호)(20260102).pdf,regulations,25,"법제처                                                            1                                                       국가법령정보센터
금융소비자 보호에 관한 법률
 
금융소비자 보호에 관한 법률 ( 약칭: 금융소비자보호법 )
[시행 2026. 1. 2.] [법률 제21065호, 2025. 10. 1., 타법개정]
금융위원회 (금융소비자정책과) 02-2100-2524
       제1장 총칙
 
제1조(목적) 이 법은 금융소비자의 권익 증진과 금융상품판매업 및 금융상품자문업의 건전한 시장질서 구축을 위하여
금융상품판매업자 및 금융상품자문업자의 영업에 관한 준수사항과 금융소비자 권익 보호를 위한 금융소비자정책 및
금융분쟁조정절차 등에 관한 사항을 규정함으로써 금융소비자 보호의 실효성을 높이고 국민경제 발전에 이바지함을
목적으로 한다.
 
제2조(정의) 이 법에서 사용하는 용어의 뜻은 다음과 같다. <개정 2024. 2. 13.>
1. “금융상품”이란 다음 각 목의 어느 하나에 해당하는 것을 말한다.
가. 「은행법」에 따른 예금 및 대출
나. 「자본시장과 금융투자업에 관한 법률」에 따른 금융투자상품
다. 「보험업법」에 따른 보험상품
라. 「상호저축은행법」에 따른 예금 및 대출
마. 「여신전문금융업법」에 따른 신용카드, 시설대여, 연불판매, 할부금융
바. 그 밖에 가목부터 마목까지의 상품과 유사한 것으로서 대통령령으로 정하는 것
2. “금융상품판매업”이란 이익을 얻을 목적으로 계속적 또는 반복적인 방법으로 하는 행위로서 다음 각 목의 어느
하나에 해당하는 업(業)을 말한다. 다만, 해당 행위의 성격 및 금융소비자 보호의 필요성을 고려하여 금융상품판
매업에서 제외할 필요가 있는 것으로서 대통령령으로 정하는 것은 제외한다.
가. 금융상품직접판매업: 자신이 직접 계약의 상대방으로서 금융상품에 관한 계약의 체결을 영업으로 하는 것 또
는 「자본시장과 금융투자업에 관한 법률」 제6조제3항에 따른 투자중개업
나. 금융상품판매대리ㆍ중개업: 금융상품에 관한 계약의 체결을 대리하거나 중개하는 것을 영업으로 하는 것
3. “금융상품판매업자”란 금융상품판매업을 영위하는 자로서 대통령령으로 정하는 금융 관계 법률(이하 “금융관계
법률”이라 한다)에서 금융상품판매업에 해당하는 업무에 대하여 인허가 또는 등록을 하도록 규정한 경우에 해당
법률에 따른 인허가를 받거나 등록을 한 자(금융관계법률에서 금융상품판매업에 해당하는 업무에 대하여 해당
법률에 따른 인허가를 받거나 등록을 하지 아니하여도 그 업무를 영위할 수 있도록 규정한 경우에는 그 업무를
영위하는 자를 포함한다) 및 제12조제1항에 따라 금융상품판매업의 등록을 한 자를 말하며, 다음 각 목에 따라 구
분한다.
가. 금융상품직접판매업자: 금융상품판매업자 중 금융상품직접판매업을 영위하는 자
나. 금융상품판매대리ㆍ중개업자: 금융상품판매업자 중 금융상품판매대리ㆍ중개업을 영위하는 자
4. “금융상품자문업”이란 이익을 얻을 목적으로 계속적 또는 반복적인 방법으로 금융상품의 가치 또는 취득과 처분
결정에 관한 자문(이하 “금융상품자문”이라 한다)에 응하는 것을 말한다. 다만, 다음 각 목의 어느 하나에 해당하
는 것은 제외한다.
가. 간행물ㆍ출판물ㆍ통신물 또는 방송 등을 통하여 개별 금융소비자를 상정하지 아니하고 다수인을 대상으로 일
방적으로 이루어지는 조언을 하는 것. 다만, 본문의 조언과 관련하여 온라인상에서 일정한 대가를 지급한 고객
과 의견을 교환할 수 있는 경우에는 그러하지 아니하다.
나. 그 밖에 변호사, 변리사, 세무사가 해당 법률에 따라 자문업무를 수행하는 경우 등 해당 행위의 성격 및 금융
소비자 보호의 필요성을 고려하여 금융상품자문업에서 제외할 필요가 있는 것으로서 대통령령으로 정하는 것
5. “금융상품자문업자”란 금융상품자문업을 영위하는 자로서 금융관계법률에서 금융상품자문업에 해당하는 업무에
대하여 인허가 또는 등록을 하도록 규정한 경우에 해당 법률에 따른 인허가를 받거나 등록을 한 자 및 제12조제
1항에 따라 금융상품자문업의 등록을 한 자를 말한다.
법제처                                                            2                                                       국가법령정보센터
금융소비자 보호에 관한 법률
6. “금융회사”란 다음 각 목의 어느 하나에 해당하는 회사를 말한다.
가. 「은행법」에 따른 은행(「중소기업은행법」 제3조제3항, 「한국산업은행법」 제3조제1항, 「신용협동조합법」 제
6조제3항, 「농업협동조합법」 제161조의11제8항, 「수산업협동조합법」 제141조의4제2항, 「상호저축은행법」
제36조제4항에 따라 「은행법」의 적용을 받는 중소기업은행, 한국산업은행, 신용협동조합중앙회의 신용사업
부문, 농협은행, 수협은행 및 상호저축은행중앙회를 포함한다. 이하 같다)
나. 「자본시장과 금융투자업에 관한 법률」 제8조에 따른 투자매매업자, 투자중개업자, 투자자문업자, 투자일임업
자, 신탁업자 또는 같은 법 제336조에 따른 종합금융회사
다. 「보험업법」에 따른 보험회사(「농업협동조합법」 제161조의12제1항에 따른 농협생명보험 및 농협손해보험을
포함한다. 이하 같다)
라. 「상호저축은행법」에 따른 상호저축은행
마. 「여신전문금융업법」에 따른 여신전문금융회사
바. 그 밖에 가목부터 마목까지의 자와 유사한 자로서 금융소비자 보호의 필요성을 고려하여 대통령령으로 정하
는 자
7. “금융회사등”이란 다음 각 목의 어느 하나에 해당하는 자를 말한다.
가. 금융회사
나. 「자본시장과 금융투자업에 관한 법률」 제51조제9항에 따른 투자권유대행인
다. 「보험업법」 제2조제9호에 따른 보험설계사
라. 「보험업법」 제2조제10호에 따른 보험대리점
마. 「보험업법」 제2조제11호에 따른 보험중개사
바. 「여신전문금융업법」 제2조제16호에 따른 겸영여신업자
사. 「여신전문금융업법」 제14조의2제1항제2호에 따른 모집인
아. 그 밖에 가목부터 사목까지의 자와 유사한 자로서 금융소비자 보호의 필요성을 고려하여 대통령령으로 정하
는 자
8. “금융소비자”란 금융상품에 관한 계약의 체결 또는 계약 체결의 권유를 하거나 청약을 받는 것(이하 “금융상품계
약체결등”이라 한다)에 관한 금융상품판매업자의 거래상대방 또는 금융상품자문업자의 자문업무의 상대방인 전
문금융소비자 또는 일반금융소비자를 말한다.
9. “전문금융소비자”란 금융상품에 관한 전문성 또는 소유자산규모 등에 비추어 금융상품 계약에 따른 위험감수능
력이 있는 금융소비자로서 다음 각 목의 어느 하나에 해당하는 자를 말한다. 다만, 전문금융소비자 중 대통령령으
로 정하는 자가 일반금융소비자와 같은 대우를 받겠다는 의사를 금융상품판매업자 또는 금융상품자문업자(이하
“금융상품판매업자등”이라 한다)에게 서면으로 통지하는 경우 금융상품판매업자등은 정당한 사유가 있는 경우를
제외하고는 이에 동의하여야 하며, 금융상품판매업자등이 동의한 경우에는 해당 금융소비자는 일반금융소비자로
본다.
가. 국가
나. 「한국은행법」에 따른 한국은행
다. 대통령령으로 정하는 금융회사
라. 「자본시장과 금융투자업에 관한 법률」 제9조제15항제3호에 따른 주권상장법인(투자성 상품 중 대통령령으로
정하는 금융상품계약체결등을 할 때에는 전문금융소비자와 같은 대우를 받겠다는 의사를 금융상품판매업자등
에게 서면으로 통지하는 경우만 해당한다)
마. 그 밖에 금융상품의 유형별로 대통령령으로 정하는 자
10. “일반금융소비자”란 전문금융소비자가 아닌 금융소비자를 말한다.
 
제3조(금융상품의 유형) 금융상품은 다음 각 호와 같이 구분한다. 다만, 개별 금융상품이 다음 각 호의 상품유형 중 둘
이상에 해당하는 속성이 있는 경우에는 해당 상품유형에 각각 속하는 것으로 본다.
법제처                                                            3                                                       국가법령정보센터
금융소비자 보호에 관한 법률
1. 예금성 상품: 제2조제1호가목ㆍ라목에 따른 예금 및 이와 유사한 것으로서 대통령령으로 정하는 금융상품
2. 대출성 상품: 제2조제1호가목ㆍ라목에 따른 대출, 같은 호 마목에 따른 신용카드ㆍ시설대여ㆍ연불판매ㆍ할부금
융 및 이와 유사한 것으로서 대통령령으로 정하는 금융상품
3. 투자성 상품: 제2조제1호나목에 따른 금융투자상품 및 이와 유사한 것으로서 대통령령으로 정하는 금융상품
4. 보장성 상품: 제2조제1호다목에 따른 보험상품 및 이와 유사한 것으로서 대통령령으로 정하는 금융상품
 
제4조(금융회사등의 업종구분) 금융회사등은 다음 각 호에서 정하는 바에 따라 이 법에 따른 금융상품직접판매업자, 금
융상품판매대리ㆍ중개업자 또는 금융상품자문업자로 구분한다. 다만, 다음 각 호의 금융회사등이 해당 호에서 정하
지 아니하는 금융상품판매업등(금융상품판매업과 금융상품자문업을 말한다. 이하 같다)을 다른 법률에 따라 겸영하
는 경우에는 겸영하는 업에 해당하는 금융상품판매업자등에도 해당하는 것으로 본다.
1. 「은행법」에 따른 은행: 금융상품직접판매업자 또는 금융상품판매대리ㆍ중개업자
2. 「자본시장과 금융투자업에 관한 법률」에 따른 투자매매업자: 금융상품직접판매업자 또는 금융상품판매대리ㆍ중
개업자
3. 「자본시장과 금융투자업에 관한 법률」에 따른 투자중개업자: 금융상품직접판매업자 또는 금융상품판매대리ㆍ중
개업자
4. 「자본시장과 금융투자업에 관한 법률」에 따른 투자자문업자: 금융상품자문업자
5. 「자본시장과 금융투자업에 관한 법률」에 따른 투자일임업자: 금융상품직접판매업자
6. 「자본시장과 금융투자업에 관한 법률」에 따른 신탁업자: 금융상품직접판매업자 또는 금융상품판매대리ㆍ중개업
자
7. 「자본시장과 금융투자업에 관한 법률」에 따른 종합금융회사: 금융상품직접판매업자 또는 금융상품판매대리ㆍ중
개업자
8. 「자본시장과 금융투자업에 관한 법률」에 따른 투자권유대행인: 금융상품판매대리ㆍ중개업자
9. 「보험업법」에 따른 보험회사: 금융상품직접판매업자 또는 금융상품판매대리ㆍ중개업자
10. 「보험업법」에 따른 보험설계사: 금융상품판매대리ㆍ중개업자
11. 「보험업법」에 따른 보험대리점: 금융상품판매대리ㆍ중개업자
12. 「보험업법」에 따른 보험중개사: 금융상품판매대리ㆍ중개업자
13. 「상호저축은행법」에 따른 상호저축은행: 금융상품직접판매업자 또는 금융상품판매대리ㆍ중개업자
14. 「여신전문금융업법」에 따른 여신전문금융회사 및 같은 법에 따른 겸영여신업자: 금융상품직접판매업자 또는
금융상품판매대리ㆍ중개업자
15. 「여신전문금융업법」에 따른 모집인: 금융상품판매대리ㆍ중개업자
16. 제2조제7호아목에 해당하는 금융회사등: 대통령령으로 정하는 금융상품판매업자 또는 금융상품자문업자
 
제5조(적용범위) 이 법은 「자본시장과 금융투자업에 관한 법률」 제6조제5항제1호에 해당하는 경우에는 적용하지 아니
한다.
 
제6조(다른 법률과의 관계) 금융소비자 보호에 관하여 다른 법률에서 특별히 정한 경우를 제외하고는 이 법에서 정하는
바에 따른다.
 
       제2장 금융소비자의 권리와 책무 및 국가와 금융상품판매업자등의 책무
 
제7조(금융소비자의 기본적 권리) 금융소비자는 다음 각 호의 기본적 권리를 가진다.
1. 금융상품판매업자등의 위법한 영업행위로 인한 재산상 손해로부터 보호받을 권리
2. 금융상품을 선택하고 소비하는 과정에서 필요한 지식 및 정보를 제공받을 권리
3. 금융소비생활에 영향을 주는 국가 및 지방자치단체의 정책에 대하여 의견을 반영시킬 권리
법제처                                                            4                                                       국가법령정보센터
금융소비자 보호에 관한 법률
4. 금융상품의 소비로 인하여 입은 피해에 대하여 신속ㆍ공정한 절차에 따라 적절한 보상을 받을 권리
5. 합리적인 금융소비생활을 위하여 필요한 교육을 받을 권리
6. 금융소비자 스스로의 권익을 증진하기 위하여 단체를 조직하고 이를 통하여 활동할 수 있는 권리
 
제8조(금융소비자의 책무) ① 금융소비자는 금융상품판매업자등과 더불어 금융시장을 구성하는 주체임을 인식하여 금
융상품을 올바르게 선택하고, 제7조에 따른 금융소비자의 기본적 권리를 정당하게 행사하여야 한다.
② 금융소비자는 스스로의 권익을 증진하기 위하여 필요한 지식과 정보를 습득하도록 노력하여야 한다.
 
제9조(국가의 책무) 국가는 제7조에 따른 금융소비자의 기본적 권리가 실현되도록 하기 위하여 다음 각 호의 책무를 진
다.
1. 금융소비자 권익 증진을 위하여 필요한 시책의 수립 및 실시
2. 금융소비자 보호 관련 법령의 제정ㆍ개정 및 폐지
3. 필요한 행정조직의 정비 및 운영 개선
4. 금융소비자의 건전하고 자주적인 조직활동의 지원ㆍ육성
 
제10조(금융상품판매업자등의 책무) 금융상품판매업자등은 제7조에 따른 금융소비자의 기본적 권리가 실현되도록 하
기 위하여 다음 각 호의 책무를 진다.
1. 국가의 금융소비자 권익 증진 시책에 적극 협력할 책무
2. 금융상품을 제공하는 경우에 공정한 금융소비생활 환경을 조성하기 위하여 노력할 책무
3. 금융상품으로 인하여 금융소비자에게 재산에 대한 위해가 발생하지 아니하도록 필요한 조치를 강구할 책무
4. 금융상품을 제공하는 경우에 금융소비자의 합리적인 선택이나 이익을 침해할 우려가 있는 거래조건이나 거래방
법을 사용하지 아니할 책무
5. 금융소비자에게 금융상품에 대한 정보를 성실하고 정확하게 제공할 책무
6. 금융소비자의 개인정보가 분실ㆍ도난ㆍ누출ㆍ위조ㆍ변조 또는 훼손되지 아니하도록 개인정보를 성실하게 취급
할 책무
 
       제3장 금융상품판매업자등의 등록 등
 
제11조(금융상품판매업자등을 제외한 영업행위 금지) 누구든지 이 법에 따른 금융상품판매업자등을 제외하고는 금융
상품판매업등을 영위해서는 아니 된다.
 
제12조(금융상품판매업자등의 등록) ① 금융상품판매업등을 영위하려는 자는 금융상품직접판매업자, 금융상품판매대
리ㆍ중개업자 또는 금융상품자문업자별로 제3조에 따른 예금성 상품, 대출성 상품, 투자성 상품 및 보장성 상품 중
취급할 상품의 범위를 정하여 금융위원회에 등록하여야 한다. 다만, 다음 각 호의 어느 하나에 해당하는 경우에는 등
록을 하지 아니하고 금융상품판매업등을 영위할 수 있다.
1. 금융관계법률에서 금융상품판매업등에 해당하는 업무에 대하여 인허가를 받거나 등록을 하도록 규정한 경우
2. 금융관계법률에서 금융상품판매업등에 해당하는 업무에 대하여 해당 법률에 따른 인허가를 받거나 등록을 하지
아니하여도 업무를 영위할 수 있도록 규정한 경우
② 제1항에 따라 금융상품직접판매업자 또는 금융상품자문업자로 등록하려는 자는 다음 각 호의 요건을 모두 갖추
어야 한다. 다만, 금융상품직접판매업자에게는 제6호의 요건을 적용하지 아니한다.<개정 2020. 12. 29.>
1. 금융소비자 보호 및 업무 수행이 가능하도록 대통령령으로 정하는 인력과 전산 설비, 그 밖의 물적 설비를 갖출
것
2. 제1항에 따라 등록하려는 업무별로 대통령령으로 정하는 금액 이상의 자기자본을 갖출 것
3. 대통령령으로 정하는 건전한 재무상태와 사회적 신용을 갖출 것
4. 임원이 제4항제1호 각 목의 어느 하나에 해당하지 아니할 것
법제처                                                            5                                                       국가법령정보센터
금융소비자 보호에 관한 법률
5. 금융소비자와의 이해 상충을 방지하기 위한 체계로서 대통령령으로 정하는 요건을 갖출 것
6. 금융상품판매업자와 이해관계를 갖지 않는 자로서 다음 각 목의 요건을 갖출 것
가. 금융상품판매업(「자본시장과 금융투자업에 관한 법률」 제6조제8항에 따른 투자일임업은 제외한다)과 그 밖
에 대통령령으로 정하는 금융업을 겸영하지 아니할 것
나. 금융상품판매업자(「자본시장과 금융투자업에 관한 법률」 제8조제6항에 따른 투자일임업자는 제외한다. 이하
이 항에서 같다)와 「독점규제 및 공정거래에 관한 법률」 제2조제12호에 따른 계열회사 또는 대통령령으로 정
하는 관계가 있는 회사(이하 “계열회사등”이라 한다)가 아닐 것
다. 임직원이 금융상품판매업자의 임직원 직위를 겸직하거나 그로부터 파견받은 자가 아닐 것
라. 그 밖에 금융소비자와의 이해 상충 방지를 위하여 대통령령으로 정하는 요건
③ 제1항에 따라 금융상품판매대리ㆍ중개업자로 등록하려는 자는 다음 각 호의 요건을 모두 갖추어야 한다.
1. 교육 이수 등 대통령령으로 정하는 자격을 갖출 것
2. 제4항제2호 각 목의 어느 하나에 해당하지 아니할 것(금융상품판매대리ㆍ중개업자로 등록하려는 법인의 경우에
는 임원이 제4항제2호 각 목의 어느 하나에 해당하지 아니할 것)
3. 그 밖에 금융소비자 권익 보호 및 건전한 거래질서를 위하여 필요한 사항으로서 금융상품판매대리ㆍ중개업자의
업무 수행기준, 필요한 인력의 보유 등 대통령령으로 정하는 요건을 갖출 것
④ 다음 각 호의 구분에 따라 해당 호 각 목의 어느 하나에 해당하는 사람은 제1항에 따른 등록을 한 금융상품직접
판매업자, 금융상품자문업자 또는 법인인 금융상품판매대리ㆍ중개업자의 임원이 될 수 없다.
1. 금융상품직접판매업자 또는 금융상품자문업자의 경우
가. 미성년자, 피성년후견인 또는 피한정후견인
나. 파산선고를 받고 복권되지 아니한 사람
다. 금고 이상의 실형을 선고받고 그 집행이 끝나거나(집행이 끝난 것으로 보는 경우를 포함한다) 집행이 면제된
날부터 5년이 지나지 아니한 사람
라. 금고 이상의 형의 집행유예를 선고받고 그 유예기간 중에 있는 사람
마. 이 법, 대통령령으로 정하는 금융 관련 법률 또는 외국 금융 관련 법령에 따라 벌금 이상의 형을 선고받고 그
집행이 끝나거나(집행이 끝난 것으로 보는 경우를 포함한다) 집행이 면제된 날부터 5년이 지나지 아니한 사람
바. 이 법 또는 대통령령으로 정하는 금융 관련 법률에 따라 임직원 제재조치(퇴임 또는 퇴직한 임직원의 경우 해
당 조치에 상응하는 통보를 포함한다)를 받은 사람으로서 그 조치의 종류별로 5년을 초과하지 아니하는 범위
에서 대통령령으로 정하는 기간이 지나지 아니한 사람
사. 금융소비자 보호 및 건전한 거래질서를 해칠 우려가 있는 경우로서 대통령령으로 정하는 사람
2. 법인인 금융상품판매대리ㆍ중개업자의 경우
가. 제1호가목ㆍ나목 및 라목 중 어느 하나에 해당하는 사람
나. 금고 이상의 실형을 선고받고 그 집행이 끝나거나(집행이 끝난 것으로 보는 경우를 포함한다) 집행이 면제된
날부터 2년이 지나지 아니한 사람
다. 이 법, 대통령령으로 정하는 금융 관련 법률 또는 외국 금융 관련 법령에 따라 벌금 이상의 형을 선고받고 그
집행이 끝나거나(집행이 끝난 것으로 보는 경우를 포함한다) 집행이 면제된 날부터 2년이 지나지 아니한 사람
⑤ 제1항에 따라 금융상품판매업자등으로 등록을 신청하려는 자는 등록요건 심사 및 관리에 필요한 비용을 고려하
여 대통령령으로 정하는 바에 따라 수수료를 내야 한다.
⑥ 제1항부터 제5항까지에서 규정한 사항 외에 금융상품판매업자등의 등록에 필요한 사항은 대통령령으로 정한다.
 
       제4장 금융상품판매업자등의 영업행위 준수사항
         제1절 영업행위 일반원칙
 
제13조(영업행위 준수사항 해석의 기준) 누구든지 이 장의 영업행위 준수사항에 관한 규정을 해석ㆍ적용하려는 경우
금융소비자의 권익을 우선적으로 고려하여야 하며, 금융상품 또는 계약관계의 특성 등에 따라 금융상품 유형별 또는
법제처                                                            6                                                       국가법령정보센터
금융소비자 보호에 관한 법률
금융상품판매업자등의 업종별로 형평에 맞게 해석ㆍ적용되도록 하여야 한다.
 
제14조(신의성실의무 등) ① 금융상품판매업자등은 금융상품 또는 금융상품자문에 관한 계약의 체결, 권리의 행사 및
의무의 이행을 신의성실의 원칙에 따라 하여야 한다.
② 금융상품판매업자등은 금융상품판매업등을 영위할 때 업무의 내용과 절차를 공정히 하여야 하며, 정당한 사유
없이 금융소비자의 이익을 해치면서 자기가 이익을 얻거나 제3자가 이익을 얻도록 해서는 아니 된다.
 
제15조(차별금지) 금융상품판매업자등은 금융상품 또는 금융상품자문에 관한 계약을 체결하는 경우 정당한 사유 없이
성별ㆍ학력ㆍ장애ㆍ사회적 신분 등을 이유로 계약조건에 관하여 금융소비자를 부당하게 차별해서는 아니 된다.
 
제16조(금융상품판매업자등의 관리책임) ① 금융상품판매업자등은 임직원 및 금융상품판매대리ㆍ중개업자(「보험업법
」 제2조제11호에 따른 보험중개사는 제외한다. 이하 이 조에서 같다)가 업무를 수행할 때 법령을 준수하고 건전한
거래질서를 해치는 일이 없도록 성실히 관리하여야 한다.
② 법인인 금융상품판매업자등으로서 대통령령으로 정하는 자는 제1항에 따른 관리업무를 이행하기 위하여 그 임
직원 및 금융상품판매대리ㆍ중개업자가 직무를 수행할 때 준수하여야 할 기준 및 절차(이하 “내부통제기준”이라 한
다)를 대통령령으로 정하는 바에 따라 마련하여야 한다.
 
제16조의2(방문판매 및 전화권유판매 임직원의 명부 작성 등) ① 금융상품판매업자등은 방문판매(「방문판매 등에 관한
법률」 제2조제1호에 따른 방문판매를 말한다. 이하 같다) 및 전화권유판매(「방문판매 등에 관한 법률」 제2조제3호
에 따른 전화권유판매를 말한다. 이하 같다) 방식으로 금융상품을 판매하려는 경우 방문판매 및 전화권유판매를 하
려는 임직원의 명부를 대통령령으로 정하는 바에 따라 작성하여야 한다.
② 금융상품판매업자등은 금융소비자가 요청하면 언제든지 금융소비자로 하여금 방문판매 및 전화권유판매를 하
려는 임직원의 신원을 확인할 수 있도록 하여야 한다.
③ 방문판매 및 전화권유판매로 금융상품을 판매하려는 경우에는 금융소비자에게 미리 해당 방문 또는 전화가 판
매를 권유하기 위한 것이라는 점과 방문판매 및 전화권유판매를 하려는 임직원의 성명 또는 명칭, 판매하는 금융상
품의 종류 및 내용을 밝혀야 한다.
[본조신설 2023. 7. 11.]
 
         제2절 금융상품 유형별 영업행위 준수사항
 
제17조(적합성원칙) ① 금융상품판매업자등은 금융상품계약체결등을 하거나 자문업무를 하는 경우에는 상대방인 금융
소비자가 일반금융소비자인지 전문금융소비자인지를 확인하여야 한다.
② 금융상품판매업자등은 일반금융소비자에게 다음 각 호의 금융상품 계약 체결을 권유(금융상품자문업자가 자문
에 응하는 경우를 포함한다. 이하 이 조에서 같다)하는 경우에는 면담ㆍ질문 등을 통하여 다음 각 호의 구분에 따른
정보를 파악하고, 일반금융소비자로부터 서명(「전자서명법」 제2조제2호에 따른 전자서명을 포함한다. 이하 같다),
기명날인, 녹취 또는 그 밖에 대통령령으로 정하는 방법으로 확인을 받아 이를 유지ㆍ관리하여야 하며, 확인받은 내
용을 일반금융소비자에게 지체 없이 제공하여야 한다.
1. 「보험업법」 제108조제1항제3호에 따른 변액보험 등 대통령령으로 정하는 보장성 상품
가. 일반금융소비자의 연령
나. 재산상황(부채를 포함한 자산 및 소득에 관한 사항을 말한다. 이하 같다)
다. 보장성 상품 계약 체결의 목적
2. 투자성 상품(「자본시장과 금융투자업에 관한 법률」 제9조제27항에 따른 온라인소액투자중개의 대상이 되는 증
권 등 대통령령으로 정하는 투자성 상품은 제외한다. 이하 이 조에서 같다) 및 운용 실적에 따라 수익률 등의 변동
가능성이 있는 금융상품으로서 대통령령으로 정하는 예금성 상품
가. 일반금융소비자의 해당 금융상품 취득 또는 처분 목적
법제처                                                            7                                                       국가법령정보센터
금융소비자 보호에 관한 법률
나. 재산상황
다. 취득 또는 처분 경험
3. 대출성 상품
가. 일반금융소비자의 재산상황
나. 신용 및 변제계획
4. 그 밖에 일반금융소비자에게 적합한 금융상품 계약의 체결을 권유하기 위하여 필요한 정보로서 대통령령으로 정
하는 사항
③ 금융상품판매업자등은 제2항 각 호의 구분에 따른 정보를 고려하여 그 일반금융소비자에게 적합하지 아니하다
고 인정되는 계약 체결을 권유해서는 아니 된다. 이 경우 적합성 판단 기준은 제2항 각 호의 구분에 따라 대통령령
으로 정한다.
④ 제2항에 따라 금융상품판매업자등이 금융상품의 유형별로 파악하여야 하는 정보의 세부적인 내용은 대통령령으
로 정한다.
⑤ 금융상품판매업자등이 「자본시장과 금융투자업에 관한 법률」 제249조의2에 따른 전문투자형 사모집합투자기구
의 집합투자증권을 판매하는 경우에는 제1항부터 제3항까지의 규정을 적용하지 아니한다. 다만, 같은 법 제249조의
2에 따른 적격투자자 중 일반금융소비자 등 대통령령으로 정하는 자가 대통령령으로 정하는 바에 따라 요청하는 경
우에는 그러하지 아니하다.
⑥ 제5항에 따른 금융상품판매업자등은 같은 항 단서에 따라 대통령령으로 정하는 자에게 제1항부터 제3항까지의
규정의 적용을 별도로 요청할 수 있음을 대통령령으로 정하는 바에 따라 미리 알려야 한다.
 
제18조(적정성원칙) ① 금융상품판매업자는 대통령령으로 각각 정하는 보장성 상품, 투자성 상품 및 대출성 상품에 대
하여 일반금융소비자에게 계약 체결을 권유하지 아니하고 금융상품 판매 계약을 체결하려는 경우에는 미리 면담ㆍ
질문 등을 통하여 다음 각 호의 구분에 따른 정보를 파악하여야 한다.
1. 보장성 상품: 제17조제2항제1호 각 목의 정보
2. 투자성 상품: 제17조제2항제2호 각 목의 정보
3. 대출성 상품: 제17조제2항제3호 각 목의 정보
4. 금융상품판매업자가 금융상품 판매 계약이 일반금융소비자에게 적정한지를 판단하는 데 필요하다고 인정되는
정보로서 대통령령으로 정하는 사항
② 금융상품판매업자는 제1항 각 호의 구분에 따라 확인한 사항을 고려하여 해당 금융상품이 그 일반금융소비자에
게 적정하지 아니하다고 판단되는 경우에는 대통령령으로 정하는 바에 따라 그 사실을 알리고, 그 일반금융소비자
로부터 서명, 기명날인, 녹취, 그 밖에 대통령령으로 정하는 방법으로 확인을 받아야 한다. 이 경우 적정성 판단 기준
은 제1항 각 호의 구분에 따라 대통령령으로 정한다.
③ 제1항에 따라 금융상품판매업자가 금융상품의 유형별로 파악하여야 하는 정보의 세부적인 내용은 대통령령으로
정한다.
④ 금융상품판매업자가 「자본시장과 금융투자업에 관한 법률」 제249조의2에 따른 전문투자형 사모집합투자기구의
집합투자증권을 판매하는 경우에는 제1항과 제2항을 적용하지 아니한다. 다만, 같은 법 제249조의2에 따른 적격투
자자 중 일반금융소비자 등 대통령령으로 정하는 자가 대통령령으로 정하는 바에 따라 요청하는 경우에는 그러하
지 아니하다.
⑤ 제4항에 따른 금융상품판매업자는 같은 항 단서에 따라 대통령령으로 정하는 자에게 제1항과 제2항의 적용을
별도로 요청할 수 있음을 대통령령으로 정하는 바에 따라 미리 알려야 한다.
 
제19조(설명의무) ① 금융상품판매업자등은 일반금융소비자에게 계약 체결을 권유(금융상품자문업자가 자문에 응하는
것을 포함한다)하는 경우 및 일반금융소비자가 설명을 요청하는 경우에는 다음 각 호의 금융상품에 관한 중요한 사
항(일반금융소비자가 특정 사항에 대한 설명만을 원하는 경우 해당 사항으로 한정한다)을 일반금융소비자가 이해할
수 있도록 설명하여야 한다.
법제처                                                            8                                                       국가법령정보센터
금융소비자 보호에 관한 법률
1. 다음 각 목의 구분에 따른 사항
가. 보장성 상품
1) 보장성 상품의 내용
2) 보험료(공제료를 포함한다. 이하 같다)
3) 보험금(공제금을 포함한다. 이하 같다) 지급제한 사유 및 지급절차
4) 위험보장의 범위
5) 그 밖에 위험보장 기간 등 보장성 상품에 관한 중요한 사항으로서 대통령령으로 정하는 사항
나. 투자성 상품
1) 투자성 상품의 내용
2) 투자에 따른 위험
3) 대통령령으로 정하는 투자성 상품의 경우 대통령령으로 정하는 기준에 따라 금융상품직접판매업자가 정하는
위험등급
4) 그 밖에 금융소비자가 부담해야 하는 수수료 등 투자성 상품에 관한 중요한 사항으로서 대통령령으로 정하는
사항
다. 예금성 상품
1) 예금성 상품의 내용
2) 그 밖에 이자율, 수익률 등 예금성 상품에 관한 중요한 사항으로서 대통령령으로 정하는 사항
라. 대출성 상품
1) 금리 및 변동 여부, 중도상환수수료(금융소비자가 대출만기일이 도래하기 전 대출금의 전부 또는 일부를 상환
하는 경우에 부과하는 수수료를 의미한다. 이하 같다) 부과 여부ㆍ기간 및 수수료율 등 대출성 상품의 내용
2) 상환방법에 따른 상환금액ㆍ이자율ㆍ시기
3) 저당권 등 담보권 설정에 관한 사항, 담보권 실행사유 및 담보권 실행에 따른 담보목적물의 소유권 상실 등 권
리변동에 관한 사항
4) 대출원리금, 수수료 등 금융소비자가 대출계약을 체결하는 경우 부담하여야 하는 금액의 총액
5) 그 밖에 대출계약의 해지에 관한 사항 등 대출성 상품에 관한 중요한 사항으로서 대통령령으로 정하는 사항
2. 제1호 각 목의 금융상품과 연계되거나 제휴된 금융상품 또는 서비스 등(이하 “연계ㆍ제휴서비스등”이라 한다)이
있는 경우 다음 각 목의 사항
가. 연계ㆍ제휴서비스등의 내용
나. 연계ㆍ제휴서비스등의 이행책임에 관한 사항
다. 그 밖에 연계ㆍ제휴서비스등의 제공기간 등 연계ㆍ제휴서비스등에 관한 중요한 사항으로서 대통령령으로 정
하는 사항
3. 제46조에 따른 청약 철회의 기한ㆍ행사방법ㆍ효과에 관한 사항
4. 그 밖에 금융소비자 보호를 위하여 대통령령으로 정하는 사항
② 금융상품판매업자등은 제1항에 따른 설명에 필요한 설명서를 일반금융소비자에게 제공하여야 하며, 설명한 내
용을 일반금융소비자가 이해하였음을 서명, 기명날인, 녹취 또는 그 밖에 대통령령으로 정하는 방법으로 확인을 받
아야 한다. 다만, 금융소비자 보호 및 건전한 거래질서를 해칠 우려가 없는 경우로서 대통령령으로 정하는 경우에는
설명서를 제공하지 아니할 수 있다.
③ 금융상품판매업자등은 제1항에 따른 설명을 할 때 일반금융소비자의 합리적인 판단 또는 금융상품의 가치에 중
대한 영향을 미칠 수 있는 사항으로서 대통령령으로 정하는 사항을 거짓으로 또는 왜곡(불확실한 사항에 대하여 단
정적 판단을 제공하거나 확실하다고 오인하게 할 소지가 있는 내용을 알리는 행위를 말한다)하여 설명하거나 대통
령령으로 정하는 중요한 사항을 빠뜨려서는 아니 된다.
④ 제2항에 따른 설명서의 내용 및 제공 방법ㆍ절차에 관한 세부내용은 대통령령으로 정한다.
 
법제처                                                            9                                                       국가법령정보센터
금융소비자 보호에 관한 법률
제20조(불공정영업행위의 금지) ① 금융상품판매업자등은 우월적 지위를 이용하여 금융소비자의 권익을 침해하는 다
음 각 호의 어느 하나에 해당하는 행위(이하 “불공정영업행위”라 한다)를 해서는 아니 된다.
1. 대출성 상품, 그 밖에 대통령령으로 정하는 금융상품에 관한 계약체결과 관련하여 금융소비자의 의사에 반하여
다른 금융상품의 계약체결을 강요하는 행위
2. 대출성 상품, 그 밖에 대통령령으로 정하는 금융상품에 관한 계약체결과 관련하여 부당하게 담보를 요구하거나
보증을 요구하는 행위
3. 금융상품판매업자등 또는 그 임직원이 업무와 관련하여 편익을 요구하거나 제공받는 행위
4. 대출성 상품의 경우 다음 각 목의 어느 하나에 해당하는 행위
가. 자기 또는 제3자의 이익을 위하여 금융소비자에게 특정 대출 상환방식을 강요하는 행위
나. 1)부터 3)까지의 경우를 제외하고 수수료, 위약금 또는 그 밖에 어떤 명목이든 중도상환수수료를 부과하는 행
위
1) 대출계약이 성립한 날부터 3년 이내에 상환하는 경우
2) 다른 법령에 따라 중도상환수수료 부과가 허용되는 경우
3) 금융소비자 보호 및 건전한 거래질서를 해칠 우려가 없는 행위로서 대통령령으로 정하는 경우
다. 개인에 대한 대출 등 대통령령으로 정하는 대출상품의 계약과 관련하여 제3자의 연대보증을 요구하는 경우
5. 연계ㆍ제휴서비스등이 있는 경우 연계ㆍ제휴서비스등을 부당하게 축소하거나 변경하는 행위로서 대통령령으로
정하는 행위. 다만, 연계ㆍ제휴서비스등을 불가피하게 축소하거나 변경하더라도 금융소비자에게 그에 상응하는
다른 연계ㆍ제휴서비스등을 제공하는 경우와 금융상품판매업자등의 휴업ㆍ파산ㆍ경영상의 위기 등에 따른 불가
피한 경우는 제외한다.
6. 그 밖에 금융상품판매업자등이 우월적 지위를 이용하여 금융소비자의 권익을 침해하는 행위
② 불공정영업행위에 관하여 구체적인 유형 또는 기준은 대통령령으로 정한다.
 
제21조(부당권유행위 금지) 금융상품판매업자등은 계약 체결을 권유(금융상품자문업자가 자문에 응하는 것을 포함한
다. 이하 이 조에서 같다)하는 경우에 다음 각 호의 어느 하나에 해당하는 행위를 해서는 아니 된다. 다만, 금융소비
자 보호 및 건전한 거래질서를 해칠 우려가 없는 행위로서 대통령령으로 정하는 행위는 제외한다.
1. 불확실한 사항에 대하여 단정적 판단을 제공하거나 확실하다고 오인하게 할 소지가 있는 내용을 알리는 행위
2. 금융상품의 내용을 사실과 다르게 알리는 행위
3. 금융상품의 가치에 중대한 영향을 미치는 사항을 미리 알고 있으면서 금융소비자에게 알리지 아니하는 행위
4. 금융상품 내용의 일부에 대하여 비교대상 및 기준을 밝히지 아니하거나 객관적인 근거 없이 다른 금융상품과 비
교하여 해당 금융상품이 우수하거나 유리하다고 알리는 행위
5. 보장성 상품의 경우 다음 각 목의 어느 하나에 해당하는 행위
가. 금융소비자(이해관계인으로서 대통령령으로 정하는 자를 포함한다. 이하 이 호에서 같다)가 보장성 상품 계약
의 중요한 사항을 금융상품직접판매업자에게 알리는 것을 방해하거나 알리지 아니할 것을 권유하는 행위
나. 금융소비자가 보장성 상품 계약의 중요한 사항에 대하여 부실하게 금융상품직접판매업자에게 알릴 것을 권유
하는 행위
6. 투자성 상품의 경우 다음 각 목의 어느 하나에 해당하는 행위
가. 금융소비자로부터 계약의 체결권유를 해줄 것을 요청받지 아니하고 방문ㆍ전화 등 실시간 대화의 방법을 이
용하는 행위
나. 계약의 체결권유를 받은 금융소비자가 이를 거부하는 취지의 의사를 표시하였는데도 계약의 체결권유를 계속
하는 행위
7. 그 밖에 금융소비자 보호 또는 건전한 거래질서를 해칠 우려가 있는 행위로서 대통령령으로 정하는 행위
 
제21조의2(방문판매 및 전화권유판매 관련 준수사항) ① 금융상품판매업자등은 서면, 전자문서 또는 구두에 의한 방법
으로 다음 각 호의 사항을 일반금융소비자에게 알려야 한다.
법제처                                                            10                                                       국가법령정보센터
금융소비자 보호에 관한 법률
1. 일반금융소비자가 금융상품판매업자등에 대하여 금융상품을 소개하거나 계약 체결을 권유할 목적으로 본인에게
연락하는 것을 금지하도록 요구할 수 있다는 사항
2. 제1호에 따른 권리의 행사방법 및 절차
② 금융상품판매업자등은 일반금융소비자가 제1항제1호의 요구를 하면 즉시 이에 따라야 한다.
③ 금융상품판매업자등은 금융상품을 소개하거나 계약 체결을 권유할 목적으로 야간(오후 9시 이후부터 다음 날 오
전 8시까지를 말한다)에 금융소비자를 방문하거나 연락하여서는 아니 된다. 다만, 금융소비자가 요청하는 경우에는
제외한다.
④ 금융상품판매업자등은 대통령령으로 정하는 바에 따라 제2항에 따른 의무를 이행하기 위한 시스템을 갖추어야
한다.
⑤ 금융위원회는 제2항 또는 제3항의 위반 여부를 확인하기 위하여 금융상품판매업자등에 대하여 통신기록 등의
제출 또는 열람을 요청할 수 있다.
⑥ 그 밖에 제1항부터 제4항까지와 관련된 구체적인 내용 및 절차에 관하여 필요한 세부사항은 대통령령으로 정한
다.
[본조신설 2023. 7. 11.]
 
제22조(금융상품등에 관한 광고 관련 준수사항) ① 금융상품판매업자등이 아닌 자 및 투자성 상품에 관한 금융상품판
매대리ㆍ중개업자 등 대통령령으로 정하는 금융상품판매업자등은 금융상품판매업자등의 업무에 관한 광고 또는 금
융상품에 관한 광고(이하 “금융상품등에 관한 광고”라 한다)를 해서는 아니 된다. 다만, 다음 각 호의 어느 하나에 해
당하는 기관(이하 “협회등”이라 한다), 그 밖에 금융상품판매업자등이 아닌 자로서 금융상품판매업자등을 자회사 또
는 손자회사로 하는 금융지주회사 등 대통령령으로 정하는 자는 금융상품등에 관한 광고를 할 수 있다.
1. 「자본시장과 금융투자업에 관한 법률」 제283조에 따라 설립된 한국금융투자협회
2. 「보험업법」 제175조에 따라 설립된 보험협회 중 생명보험회사로 구성된 협회
3. 「보험업법」 제175조에 따라 설립된 보험협회 중 손해보험회사로 구성된 협회
4. 「상호저축은행법」 제25조에 따라 설립된 상호저축은행중앙회
5. 「여신전문금융업법」 제62조에 따라 설립된 여신전문금융업협회
6. 그 밖에 제1호부터 제5호까지의 기관에 준하는 기관으로서 대통령령으로 정하는 기관
② 금융상품판매업자등(제1항 단서에 해당하는 자를 포함한다. 이하 이 조에서 같다)이 금융상품등에 관한 광고를
하는 경우에는 금융소비자가 금융상품의 내용을 오해하지 아니하도록 명확하고 공정하게 전달하여야 한다.
③ 금융상품판매업자등이 하는 금융상품등에 관한 광고에는 다음 각 호의 내용이 포함되어야 한다. 다만, 제17조제
5항 본문에 따른 투자성 상품에 관한 광고에 대해서는 그러하지 아니하다.
1. 금융상품에 관한 계약을 체결하기 전에 금융상품 설명서 및 약관을 읽어 볼 것을 권유하는 내용
2. 금융상품판매업자등의 명칭, 금융상품의 내용
3. 다음 각 목의 구분에 따른 내용
가. 보장성 상품의 경우: 기존에 체결했던 계약을 해지하고 다른 계약을 체결하는 경우에는 계약체결의 거부 또는
보험료 등 금융소비자의 지급비용(이하 이 조에서 “보험료등”이라 한다)이 인상되거나 보장내용이 변경될 수
있다는 사항
나. 투자성 상품의 경우
1) 투자에 따른 위험
2) 과거 운용실적을 포함하여 광고를 하는 경우에는 그 운용실적이 미래의 수익률을 보장하는 것이 아니라는 사
항
다. 예금성 상품의 경우: 만기지급금 등을 예시하여 광고하는 경우에는 해당 예시된 지급금 등이 미래의 수익을
보장하는 것이 아니라는 사항(만기 시 지급금이 변동하는 예금성 상품으로서 대통령령으로 정하는 금융상품의
경우에 한정한다)
법제처                                                            11                                                       국가법령정보센터
금융소비자 보호에 관한 법률
라. 대출성 상품의 경우: 대출조건
4. 그 밖에 금융소비자 보호를 위하여 대통령령으로 정하는 내용
④ 금융상품판매업자등이 금융상품등에 관한 광고를 하는 경우 다음 각 호의 구분에 따른 행위를 해서는 아니 된다.
1. 보장성 상품
가. 보장한도, 보장 제한 조건, 면책사항 또는 감액지급 사항 등을 빠뜨리거나 충분히 고지하지 아니하여 제한 없
이 보장을 받을 수 있는 것으로 오인하게 하는 행위
나. 보험금이 큰 특정 내용만을 강조하거나 고액 보장 사례 등을 소개하여 보장내용이 큰 것으로 오인하게 하는
행위
다. 보험료를 일(日) 단위로 표시하거나 보험료의 산출기준을 불충분하게 설명하는 등 보험료등이 저렴한 것으로
오인하게 하는 행위
라. 만기 시 자동갱신되는 보장성 상품의 경우 갱신 시 보험료등이 인상될 수 있음을 금융소비자가 인지할 수 있
도록 충분히 고지하지 아니하는 행위
마. 금리 및 투자실적에 따라 만기환급금이 변동될 수 있는 보장성 상품의 경우 만기환급금이 보장성 상품의 만기
일에 확정적으로 지급되는 것으로 오인하게 하는 행위 등 금융소비자 보호를 위하여 대통령령으로 정하는 행
위
2. 투자성 상품
가. 손실보전(損失補塡) 또는 이익보장이 되는 것으로 오인하게 하는 행위. 다만, 금융소비자를 오인하게 할 우려
가 없는 경우로서 대통령령으로 정하는 경우는 제외한다.
나. 대통령령으로 정하는 투자성 상품에 대하여 해당 투자성 상품의 특성을 고려하여 대통령령으로 정하는 사항
외의 사항을 광고에 사용하는 행위
다. 수익률이나 운용실적을 표시하는 경우 수익률이나 운용실적이 좋은 기간의 수익률이나 운용실적만을 표시하
는 행위 등 금융소비자 보호를 위하여 대통령령으로 정하는 행위
3. 예금성 상품
가. 이자율의 범위ㆍ산정방법, 이자의 지급ㆍ부과 시기 및 부수적 혜택ㆍ비용을 명확히 표시하지 아니하여 금융
소비자가 오인하게 하는 행위
나. 수익률이나 운용실적을 표시하는 경우 수익률이나 운용실적이 좋은 기간의 것만을 표시하는 행위 등 금융소
비자 보호를 위하여 대통령령으로 정하는 행위
4. 대출성 상품
가. 대출이자율의 범위ㆍ산정방법, 대출이자의 지급ㆍ부과 시기 및 부수적 혜택ㆍ비용을 명확히 표시하지 아니하
여 금융소비자가 오인하게 하는 행위
나. 대출이자를 일 단위로 표시하여 대출이자가 저렴한 것으로 오인하게 하는 행위 등 금융소비자 보호를 위하여
대통령령으로 정하는 행위
⑤ 금융상품등에 관한 광고를 할 때 「표시ㆍ광고의 공정화에 관한 법률」 제4조제1항에 따른 표시ㆍ광고사항이 있
는 경우에는 같은 법에서 정하는 바에 따른다.
⑥ 협회등은 금융상품판매업자등의 금융상품등에 관한 광고와 관련하여 대통령령으로 정하는 바에 따라 제1항부터
제4항까지의 광고 관련 기준을 준수하는지를 확인하고 그 결과에 대한 의견을 해당 금융상품판매업자등에게 통보
할 수 있다.
⑦ 제2항부터 제4항까지의 규정과 관련된 구체적인 내용 및 광고의 방법과 절차는 대통령령으로 정한다.
 
제23조(계약서류의 제공의무) ① 금융상품직접판매업자 및 금융상품자문업자는 금융소비자와 금융상품 또는 금융상품
자문에 관한 계약을 체결하는 경우 금융상품의 유형별로 대통령령으로 정하는 계약서류를 금융소비자에게 지체 없
이 제공하여야 한다. 다만, 계약내용 등이 금융소비자 보호를 해칠 우려가 없는 경우로서 대통령령으로 정하는 경우
에는 계약서류를 제공하지 아니할 수 있다.
법제처                                                            12                                                       국가법령정보센터
금융소비자 보호에 관한 법률
② 제1항에 따른 계약서류의 제공 사실 또는 계약체결 사실 및 그 시기에 관하여 금융소비자와 다툼이 있는 경우에
는 금융상품직접판매업자 및 금융상품자문업자가 이를 증명하여야 한다.<개정 2023. 7. 11.>
③ 제1항에 따른 계약서류 제공의 방법 및 절차는 대통령령으로 정한다.
 
         제3절 금융상품판매업자등의 업종별 영업행위 준수사항
 
제24조(미등록자를 통한 금융상품판매 대리ㆍ중개 금지) 금융상품판매업자는 금융상품판매대리ㆍ중개업자가 아닌 자
에게 금융상품계약체결등을 대리하거나 중개하게 해서는 아니 된다.
 
제25조(금융상품판매대리ㆍ중개업자의 금지행위) ① 금융상품판매대리ㆍ중개업자는 다음 각 호의 어느 하나에 해당하
는 행위를 해서는 아니 된다.
1. 금융소비자로부터 투자금, 보험료 등 계약의 이행으로서 급부를 받는 행위. 다만, 금융상품직접판매업자로부터
급부 수령에 관한 권한을 부여받은 경우로서 대통령령으로 정하는 행위는 제외한다.
2. 금융상품판매대리ㆍ중개업자가 대리ㆍ중개하는 업무를 제3자에게 하게 하거나 그러한 행위에 관하여 수수료ㆍ
보수나 그 밖의 대가를 지급하는 행위. 다만, 금융상품직접판매업자의 이익과 상충되지 아니하고 금융소비자 보
호를 해치지 아니하는 경우로서 대통령령으로 정하는 행위는 제외한다.
3. 그 밖에 금융소비자 보호 또는 건전한 거래질서를 해칠 우려가 있는 행위로서 대통령령으로 정하는 행위
② 금융상품판매대리ㆍ중개업자는 금융상품판매 대리ㆍ중개 업무를 수행할 때 금융상품직접판매업자로부터 정해
진 수수료 외의 금품, 그 밖의 재산상 이익을 요구하거나 받아서는 아니 된다.
③ 제2항의 수수료의 범위, 재산상 이익의 내용에 관한 구체적인 사항은 대통령령으로 정한다.
 
제26조(금융상품판매대리ㆍ중개업자의 고지의무 등) ① 금융상품판매대리ㆍ중개업자는 금융상품판매 대리ㆍ중개 업
무를 수행할 때 금융소비자에게 다음 각 호의 사항 모두를 미리 알려야 한다.
1. 금융상품판매대리ㆍ중개업자가 대리ㆍ중개하는 금융상품직접판매업자의 명칭 및 업무 내용
2. 하나의 금융상품직접판매업자만을 대리하거나 중개하는 금융상품판매대리ㆍ중개업자인지 여부
3. 금융상품직접판매업자로부터 금융상품 계약체결권을 부여받지 아니한 금융상품판매대리ㆍ중개업자의 경우 자
신이 금융상품계약을 체결할 권한이 없다는 사실
4. 제44조와 제45조에 따른 손해배상책임에 관한 사항
5. 그 밖에 금융소비자 보호 또는 건전한 거래질서를 위하여 대통령령으로 정하는 사항
② 금융상품판매대리ㆍ중개업자는 금융상품판매 대리ㆍ중개 업무를 수행할 때 자신이 금융상품판매대리ㆍ중개업
자라는 사실을 나타내는 표지를 게시하거나 증표를 금융소비자에게 보여 주어야 한다.
③ 제2항에 따른 표지 게시 및 증표 제시에 관한 구체적인 사항은 대통령령으로 정한다.
 
제27조(금융상품자문업자의 영업행위준칙 등) ① 금융상품자문업자는 금융소비자에 대하여 선량한 관리자의 주의로
자문에 응하여야 한다.
② 금융상품자문업자는 금융소비자의 이익을 보호하기 위하여 자문업무를 충실하게 수행하여야 한다.
③ 금융상품자문업자는 자문업무를 수행하는 과정에서 다음 각 호의 사항을 금융소비자에게 알려야 하며, 자신이
금융상품자문업자라는 사실을 나타내는 표지를 게시하거나 증표를 금융소비자에게 내보여야 한다.
1. 제12조제2항제6호 각 목의 요건을 갖춘 자(이하 이 조에서 “독립금융상품자문업자”라 한다)인지 여부
2. 금융상품판매업자로부터 자문과 관련한 재산상 이익을 제공받는 경우 그 재산상 이익의 종류 및 규모. 다만, 경미
한 재산상 이익으로서 대통령령으로 정하는 경우는 제외한다.
3. 금융상품판매업을 겸영하는 경우 자신과 금융상품계약체결등 업무의 위탁관계에 있는 금융상품판매업자의 명칭
및 위탁 내용
4. 자문업무를 제공하는 금융상품의 범위
법제처                                                            13                                                       국가법령정보센터
금융소비자 보호에 관한 법률
5. 자문업무의 제공 절차
6. 그 밖에 금융소비자 권익 보호 또는 건전한 거래질서를 위하여 대통령령으로 정하는 사항
④ 독립금융상품자문업자가 아닌 자는 “독립”이라는 문자 또는 이와 같은 의미를 가지고 있는 외국어 문자로서 대
통령령으로 정하는 문자(이하 “독립문자”라 한다)를 명칭이나 광고에 사용할 수 없다.
⑤ 독립금융상품자문업자는 다음 각 호의 어느 하나에 해당하는 행위를 해서는 아니 된다.
1. 금융소비자의 자문에 대한 응답과 관련하여 금융상품판매업자(임직원을 포함한다)로부터 재산상 이익을 받는 행
위. 다만, 금융상품판매업자의 자문에 응하여 그 대가를 받는 경우 등 대통령령으로 정하는 경우는 제외한다.
2. 그 밖에 금융소비자와의 이해상충이 발생할 수 있는 행위로서 대통령령으로 정하는 행위
 
제28조(자료의 기록 및 유지ㆍ관리 등) ① 금융상품판매업자등은 금융상품판매업등의 업무와 관련한 자료로서 대통령
령으로 정하는 자료를 기록하여야 하며, 자료의 종류별로 대통령령으로 정하는 기간 동안 유지ㆍ관리하여야 한다.
② 금융상품판매업자등은 제1항에 따라 기록 및 유지ㆍ관리하여야 하는 자료가 멸실 또는 위조되거나 변조되지 아
니하도록 적절한 대책을 수립ㆍ시행하여야 한다.
③ 금융소비자는 제36조에 따른 분쟁조정 또는 소송의 수행 등 권리구제를 위한 목적으로 제1항에 따라 금융상품
판매업자등이 기록 및 유지ㆍ관리하는 자료의 열람(사본의 제공 또는 청취를 포함한다. 이하 이 조에서 같다)을 요
구할 수 있다.
④ 금융상품판매업자등은 제3항에 따른 열람을 요구받았을 때에는 해당 자료의 유형에 따라 요구받은 날부터 10일
이내의 범위에서 대통령령으로 정하는 기간 내에 금융소비자가 해당 자료를 열람할 수 있도록 하여야 한다. 이 경우
해당 기간 내에 열람할 수 없는 정당한 사유가 있을 때에는 금융소비자에게 그 사유를 알리고 열람을 연기할 수 있
으며, 그 사유가 소멸하면 지체 없이 열람하게 하여야 한다.
⑤ 금융상품판매업자등은 다음 각 호의 어느 하나에 해당하는 경우에는 금융소비자에게 그 사유를 알리고 열람을
제한하거나 거절할 수 있다.
1. 법령에 따라 열람을 제한하거나 거절할 수 있는 경우
2. 다른 사람의 생명ㆍ신체를 해칠 우려가 있거나 다른 사람의 재산과 그 밖의 이익을 부당하게 침해할 우려가 있는
경우
3. 그 밖에 열람으로 인하여 해당 금융회사의 영업비밀(「부정경쟁방지 및 영업비밀보호에 관한 법률」 제2조제2호
에 따른 영업비밀을 말한다)이 현저히 침해되는 등 열람하기 부적절한 경우로서 대통령령으로 정하는 경우
⑥ 금융상품판매업자등은 금융소비자가 열람을 요구하는 경우 대통령령으로 정하는 바에 따라 수수료와 우송료(사
본의 우송을 청구하는 경우만 해당한다)를 청구할 수 있다.
⑦ 제3항 및 제4항에 반하는 특약으로서 일반금융소비자에게 불리한 것은 무효로 한다.<신설 2023. 7. 11.>
⑧ 제3항부터 제5항까지의 규정에 따른 열람의 요구ㆍ제한, 통지 등의 방법 및 절차에 관하여 필요한 사항은 대통
령령으로 정한다.<개정 2023. 7. 11.>
 
       제5장 금융소비자 보호
         제1절 금융소비자정책 수립 및 금융교육 등
 
제29조(금융소비자 보호) ① 금융위원회는 금융소비자의 권익 보호와 금융상품판매업등의 건전한 시장질서 구축을 위
하여 금융소비자정책을 수립하여야 한다.
② 금융위원회는 금융소비자의 권익 증진, 건전한 금융생활 지원 및 금융소비자의 금융역량 향상을 위하여 노력하
여야 한다.
 
제30조(금융교육) ① 금융위원회는 금융교육을 통하여 금융소비자가 금융에 관한 높은 이해력을 바탕으로 합리적인 의
사결정을 내리고 이를 기반으로 하여 장기적으로 금융복지를 누릴 수 있도록 노력하여야 하며, 예산의 범위에서 이
에 필요한 지원을 할 수 있다.
법제처                                                            14                                                       국가법령정보센터
금융소비자 보호에 관한 법률
② 금융위원회는 금융환경 변화에 따라 금융소비자의 금융역량 향상을 위한 교육프로그램을 개발하여야 한다.
③ 금융위원회는 금융교육과 학교교육ㆍ평생교육을 연계하여 금융교육의 효과를 높이기 위한 시책을 수립ㆍ시행
하여야 한다.
④ 금융위원회는 3년마다 금융소비자의 금융역량에 관한 조사를 하고, 그 결과를 금융교육에 관한 정책 수립에 반
영하여야 한다.
⑤ 금융위원회는 제2항부터 제4항까지의 규정에 따른 금융교육에 관한 업무를 대통령령으로 정하는 바에 따라 금
융감독원(「금융위원회의 설치 등에 관한 법률」에 따른 금융감독원을 말한다. 이하 같다)의 장(이하 “금융감독원장
”이라 한다) 또는 금융교육 관련 기관ㆍ단체에 위탁할 수 있다.
 
제31조(금융교육협의회) ① 금융교육에 대한 정책을 심의ㆍ의결하기 위하여 금융위원회에 금융교육협의회(이하 “협의
회”라 한다)를 둔다.
② 협의회는 다음 각 호의 사항을 심의ㆍ의결한다.
1. 금융교육의 종합적 추진에 관한 사항
2. 금융소비자 교육과 관련한 평가, 제도개선 및 부처 간 협력에 관한 사항
3. 그 밖에 의장이 금융소비자의 금융역량 강화를 위하여 토의에 부치는 사항
③ 협의회는 의장 1명을 포함하여 25명 이내의 위원으로 구성한다.
④ 협의회의 의장은 금융위원회 부위원장이 된다.
⑤ 협의회의 위원은 다음 각 호의 사람이 된다.<개정 2025. 10. 1.>
1. 금융위원회, 공정거래위원회, 재정경제부, 교육부, 행정안전부, 고용노동부 등 금융교육과 관련 있는 대통령령으
로 정하는 관계 행정기관의 고위공무원단에 속하는 공무원으로서 소속 기관의 장이 지명하는 사람
2. 금융소비자보호 업무를 담당하는 금융감독원의 부원장
⑥ 협의회는 제2항에 따른 심의ㆍ의결을 위하여 필요한 경우 관련 자료의 제출을 제5항 각 호의 기관에 요구할 수
있다.
⑦ 제1항부터 제6항까지에서 규정한 사항 외에 협의회의 구성 및 운영에 필요한 사항은 대통령령으로 정한다.
 
제32조(금융상품 비교공시 등) ① 금융위원회는 금융소비자가 금융상품의 주요 내용을 알기 쉽게 비교할 수 있도록 제
3조에 따른 금융상품의 유형별로 금융상품의 주요 내용을 비교하여 공시할 수 있다.
② 금융감독원장은 대통령령으로 정하는 금융상품판매업자등의 금융소비자 보호실태를 평가하고 그 결과를 공표
할 수 있다.
③ 대통령령으로 정하는 금융상품판매업자등은 금융소비자 불만 예방 및 신속한 사후구제를 통하여 금융소비자를
보호하기 위하여 그 임직원이 직무를 수행할 때 준수하여야 할 기본적인 절차와 기준(이하 “금융소비자보호기준”이
라 한다)을 정하여야 한다.
④ 제1항에 따른 비교공시 대상 금융상품의 범위, 내용 및 절차, 제2항에 따른 금융소비자 보호실태 내용 및 평가와
공표의 절차, 제3항에 따른 금융소비자보호기준의 내용 및 절차에 관하여 필요한 사항은 대통령령으로 정한다.
 
         제2절 금융분쟁의 조정
 
제33조(분쟁조정기구) 「금융위원회의 설치 등에 관한 법률」 제38조 각 호의 기관(이하 “조정대상기관”이라 한다), 금융
소비자 및 그 밖의 이해관계인 사이에 발생하는 금융 관련 분쟁의 조정에 관한 사항을 심의ㆍ의결하기 위하여 금융
감독원에 금융분쟁조정위원회를 둔다.
 
제34조(조정위원회의 구성) ① 제33조에 따른 금융분쟁조정위원회(이하 “조정위원회”라 한다)는 위원장 1명을 포함하
여 35명 이내의 위원으로 구성한다.
② 조정위원회 위원장은 금융감독원장이 소속 부원장 중에서 지명한다.
법제처                                                            15                                                       국가법령정보센터
금융소비자 보호에 관한 법률
③ 조정위원회 위원은 금융감독원장이 소속 부원장보 중에서 지명하는 사람 및 다음 각 호의 어느 하나에 해당하는
사람 중에서 성별을 고려하여 금융감독원장이 위촉한 사람으로 한다.
1. 판사ㆍ검사 또는 변호사 자격이 있는 사람
2. 「소비자기본법」에 따른 한국소비자원 및 같은 법에 따라 등록한 소비자단체의 임원, 임원으로 재직하였던 사람
또는 15년 이상 근무한 경력이 있는 사람
3. 조정대상기관 또는 금융 관계 기관ㆍ단체에서 15년 이상 근무한 경력이 있는 사람
4. 금융 또는 소비자 분야에 관한 학식과 경험이 있는 사람
5. 전문의(專門醫) 자격이 있는 의사
6. 그 밖에 분쟁조정과 관련하여 금융감독원장이 필요하다고 인정하는 사람
④ 제3항 각 호의 위원의 임기는 2년으로 한다.
⑤ 조정위원회 위원장이 부득이한 사유로 직무를 수행할 수 없을 때에는 금융감독원장이 지명하는 조정위원회 위
원이 직무를 대행한다.
⑥ 조정위원회의 위원 중 공무원이 아닌 위원은 「형법」 제129조부터 제132조까지의 규정을 적용할 때에는 공무원
으로 본다.
 
제35조(조정위원회 위원의 지명철회ㆍ위촉해제) 금융감독원장은 조정위원회 위원이 다음 각 호의 어느 하나에 해당하
는 경우에는 해당 위원의 지명을 철회하거나 해당 위원의 위촉을 해제할 수 있다.
1. 심신장애로 인하여 직무를 수행할 수 없게 된 경우
2. 직무와 관련된 비위사실이 있는 경우
3. 직무태만, 품위손상이나 그 밖의 사유로 위원에 적합하지 아니하다고 인정되는 경우
4. 제38조제1항 각 호의 어느 하나에 해당함에도 불구하고 회피하지 아니한 경우
5. 위원 스스로 직무를 수행하기 어렵다는 의사를 밝히는 경우
 
제36조(분쟁의 조정) ① 조정대상기관, 금융소비자 및 그 밖의 이해관계인은 금융과 관련하여 분쟁이 있을 때에는 금융
감독원장에게 분쟁조정을 신청할 수 있다.
② 금융감독원장은 제1항에 따른 분쟁조정 신청을 받았을 때에는 관계 당사자에게 그 내용을 통지하고 합의를 권고
할 수 있다. 다만, 분쟁조정의 신청내용이 다음 각 호의 어느 하나에 해당하는 경우에는 합의를 권고하지 아니하거
나 제4항에 따른 조정위원회에의 회부를 하지 아니할 수 있다.
1. 신청한 내용이 분쟁조정대상으로서 적합하지 아니하다고 금융감독원장이 인정하는 경우
2. 신청한 내용이 관련 법령 또는 객관적인 증명자료 등에 따라 합의권고절차 또는 조정절차를 진행할 실익이 없는
경우
3. 그 밖에 제1호나 제2호에 준하는 사유로서 대통령령으로 정하는 경우
③ 금융감독원장은 제2항 각 호 외의 부분 단서에 따라 합의권고를 하지 아니하거나 조정위원회에 회부하지 아니할
때에는 그 사실을 관계 당사자에게 서면으로 통지하여야 한다.
④ 금융감독원장은 분쟁조정 신청을 받은 날부터 30일 이내에 제2항 각 호 외의 부분 본문에 따른 합의가 이루어지
지 아니할 때에는 지체 없이 조정위원회에 회부하여야 한다.
⑤ 조정위원회는 제4항에 따라 조정을 회부받았을 때에는 이를 심의하여 조정안을 60일 이내에 작성하여야 한다.
⑥ 금융감독원장은 조정위원회가 조정안을 작성하였을 때에는 신청인과 관계 당사자에게 제시하고 수락을 권고할
수 있다.
⑦ 신청인과 관계 당사자가 제6항에 따라 조정안을 제시받은 날부터 20일 이내에 조정안을 수락하지 아니한 경우
에는 조정안을 수락하지 아니한 것으로 본다.
 
제37조(조정위원회의 회의) ① 조정위원회의 회의는 조정위원회 위원장과 조정위원회 위원장이 회의마다 지명하는
6명 이상 10명 이하의 조정위원회 위원으로 구성하며, 회의는 조정위원회 위원장이 소집한다.
법제처                                                            16                                                       국가법령정보센터
금융소비자 보호에 관한 법률
② 조정위원회는 제1항에 따른 구성원 과반수의 출석과 출석위원 과반수의 찬성으로 의결한다.
 
제38조(위원의 제척ㆍ기피 및 회피) ① 조정위원회 위원은 다음 각 호의 어느 하나에 해당하는 경우에는 그 분쟁조정신
청사건(이하 “사건”이라 한다)의 심의ㆍ의결에서 제척(除斥)된다.
1. 위원이나 그 배우자 또는 배우자였던 사람이 해당 사건의 당사자(당사자가 법인ㆍ단체 등인 경우에는 그 임원을
포함한다. 이하 이 호 및 제2호에서 같다)가 되거나 그 사건의 당사자와 공동권리자 또는 공동의무자인 경우
2. 위원이 해당 사건의 당사자와 친족이거나 친족이었던 경우
3. 위원이 해당 사건의 당사자인 법인 또는 단체(계열회사등을 포함한다. 이하 이 항에서 같다)에 속하거나 조정신
청일 전 최근 5년 이내에 속하였던 경우
4. 위원 또는 위원이 속한 법인 또는 단체, 사무소가 해당 사건에 관하여 증언ㆍ법률자문 또는 손해사정 등을 한 경
우
5. 위원 또는 위원이 속한 법인 또는 단체, 사무소가 해당 사건에 관하여 당사자의 대리인으로서 관여하거나 관여하
였던 경우
② 당사자는 위원에게 공정한 심의ㆍ의결을 기대하기 어려운 사정이 있는 경우에는 조정위원회 위원장에게 기피
(忌避)신청을 할 수 있으며, 조정위원회 위원장은 기피신청이 타당하다고 인정할 때에는 기피의 결정을 한다.
③ 위원이 제1항 각 호의 제척 사유에 해당하는 경우에는 스스로 그 사건의 심의ㆍ의결에서 회피(回避)하여야 한다.
 
제39조(조정의 효력) 양 당사자가 제36조제5항에 따른 조정안을 수락한 경우 해당 조정안은 재판상 화해와 동일한 효
력을 갖는다.
 
제40조(시효의 중단) ① 제36조제1항에 따른 분쟁조정의 신청은 시효중단의 효력이 있다. 다만, 같은 조 제2항 단서에
따라 합의권고를 하지 아니하거나 조정위원회에 회부하지 아니할 때에는 그러하지 아니하다.
② 제1항 단서의 경우에 1개월 이내에 재판상의 청구, 파산절차참가, 압류 또는 가압류, 가처분을 한 때에는 시효는
최초의 분쟁조정의 신청으로 인하여 중단된 것으로 본다.
③ 제1항 본문에 따라 중단된 시효는 다음 각 호의 어느 하나에 해당하는 때부터 새로이 진행한다.
1. 양 당사자가 조정안을 수락한 경우
2. 분쟁조정이 이루어지지 아니하고 조정절차가 종료된 경우
 
제41조(소송과의 관계) ① 조정이 신청된 사건에 대하여 신청 전 또는 신청 후 소가 제기되어 소송이 진행 중일 때에는
수소법원(受訴法院)은 조정이 있을 때까지 소송절차를 중지할 수 있다.
② 조정위원회는 제1항에 따라 소송절차가 중지되지 아니하는 경우에는 해당 사건의 조정절차를 중지하여야 한다.
③ 조정위원회는 조정이 신청된 사건과 동일한 원인으로 다수인이 관련되는 동종ㆍ유사 사건에 대한 소송이 진행
중인 경우에는 조정위원회의 결정으로 조정절차를 중지할 수 있다.
 
제42조(소액분쟁사건에 관한 특례) 조정대상기관은 다음 각 호의 요건 모두를 총족하는 분쟁사건(이하 “소액분쟁사건
”이라 한다)에 대하여 조정절차가 개시된 경우에는 제36조제6항에 따라 조정안을 제시받기 전에는 소를 제기할 수
없다. 다만, 제36조제3항에 따라 서면통지를 받거나 제36조제5항에서 정한 기간 내에 조정안을 제시받지 못한 경우
에는 그러하지 아니하다.
1. 일반금융소비자가 신청한 사건일 것
2. 조정을 통하여 주장하는 권리나 이익의 가액이 2천만원 이내에서 대통령령으로 정하는 금액 이하일 것
 
제43조(조정위원회의 운영 등) 조정위원회의 구성ㆍ운영 및 분쟁조정 절차에 관하여 필요한 사항은 대통령령으로 정한
다.
 
         제3절 손해배상책임 등
법제처                                                            17                                                       국가법령정보센터
금융소비자 보호에 관한 법률
제44조(금융상품판매업자등의 손해배상책임) ① 금융상품판매업자등이 고의 또는 과실로 이 법을 위반하여 금융소비
자에게 손해를 발생시킨 경우에는 그 손해를 배상할 책임이 있다.
② 금융상품판매업자등이 제19조를 위반하여 금융소비자에게 손해를 발생시킨 경우에는 그 손해를 배상할 책임을
진다. 다만, 그 금융상품판매업자등이 고의 및 과실이 없음을 입증한 경우에는 그러하지 아니하다.
 
제45조(금융상품직접판매업자의 손해배상책임) ① 금융상품직접판매업자는 금융상품계약체결등의 업무를 대리ㆍ중개
한 금융상품판매대리ㆍ중개업자(제25조제1항제2호 단서에서 정하는 바에 따라 대리ㆍ중개하는 제3자를 포함하고,
「보험업법」 제2조제11호에 따른 보험중개사는 제외한다) 또는 「보험업법」 제83조제1항제4호에 해당하는 임원 또
는 직원(이하 이 조에서 “금융상품판매대리ㆍ중개업자등”이라 한다)이 대리ㆍ중개 업무를 할 때 금융소비자에게 손
해를 발생시킨 경우에는 그 손해를 배상할 책임이 있다. 다만, 금융상품직접판매업자가 금융상품판매대리ㆍ중개업
자등의 선임과 그 업무 감독에 대하여 적절한 주의를 하였고 손해를 방지하기 위하여 노력한 경우에는 그러하지 아
니하다.
② 제1항 본문에 따른 금융상품직접판매업자의 손해배상책임은 금융상품판매대리ㆍ중개업자등에 대한 금융상품직
접판매업자의 구상권 행사를 방해하지 아니한다.
 
제46조(청약의 철회) ① 금융상품판매업자등과 대통령령으로 각각 정하는 보장성 상품, 투자성 상품, 대출성 상품 또는
금융상품자문에 관한 계약의 청약을 한 일반금융소비자는 다음 각 호의 구분에 따른 기간(거래 당사자 사이에 다음
각 호의 기간보다 긴 기간으로 약정한 경우에는 그 기간) 내에 청약을 철회할 수 있다.
1. 보장성 상품: 일반금융소비자가 「상법」 제640조에 따른 보험증권을 받은 날부터 15일과 청약을 한 날부터 30일
중 먼저 도래하는 기간
2. 투자성 상품, 금융상품자문: 다음 각 목의 어느 하나에 해당하는 날부터 7일
가. 제23조제1항 본문에 따라 계약서류를 제공받은 날
나. 제23조제1항 단서에 따른 경우 계약체결일
3. 대출성 상품: 다음 각 목의 어느 하나에 해당하는 날[다음 각 목의 어느 하나에 해당하는 날보다 계약에 따른 금
전ㆍ재화ㆍ용역(이하 이 조에서 “금전ㆍ재화등”이라 한다)의 지급이 늦게 이루어진 경우에는 그 지급일]부터
14일
가. 제23조제1항 본문에 따라 계약서류를 제공받은 날
나. 제23조제1항 단서에 따른 경우 계약체결일
② 제1항에 따른 청약의 철회는 다음 각 호에서 정한 시기에 효력이 발생한다.
1. 보장성 상품, 투자성 상품, 금융상품자문: 일반금융소비자가 청약의 철회의사를 표시하기 위하여 서면(대통령령
으로 정하는 방법에 따른 경우를 포함한다. 이하 이 절에서 “서면등”이라 한다)을 발송한 때
2. 대출성 상품: 일반금융소비자가 청약의 철회의사를 표시하기 위하여 서면등을 발송하고, 다음 각 목의 금전ㆍ재
화등(이미 제공된 용역은 제외하며, 일정한 시설을 이용하거나 용역을 제공받을 수 있는 권리를 포함한다. 이하
이 항에서 같다)을 반환한 때
가. 이미 공급받은 금전ㆍ재화등
나. 이미 공급받은 금전과 관련하여 대통령령으로 정하는 이자
다. 해당 계약과 관련하여 금융상품판매업자등이 제3자에게 이미 지급한 수수료 등 대통령령으로 정하는 비용
③ 제1항에 따라 청약이 철회된 경우 금융상품판매업자등이 일반금융소비자로부터 받은 금전ㆍ재화등의 반환은 다
음 각 호의 어느 하나에 해당하는 방법으로 한다.
1. 보장성 상품: 금융상품판매업자등은 청약의 철회를 접수한 날부터 3영업일 이내에 이미 받은 금전ㆍ재화등을 반
환하고, 금전ㆍ재화등의 반환이 늦어진 기간에 대하여는 대통령령으로 정하는 바에 따라 계산한 금액을 더하여
지급할 것
2. 투자성 상품, 금융상품자문: 금융상품판매업자등은 청약의 철회를 접수한 날부터 3영업일 이내에 이미 받은 금전
ㆍ재화등을 반환하고, 금전ㆍ재화등의 반환이 늦어진 기간에 대해서는 대통령령으로 정하는 바에 따라 계산한 금
액을 더하여 지급할 것. 다만, 대통령령으로 정하는 금액 이내인 경우에는 반환하지 아니할 수 있다.
법제처                                                            18                                                       국가법령정보센터
금융소비자 보호에 관한 법률
3. 대출성 상품: 금융상품판매업자등은 일반금융소비자로부터 제2항제2호에 따른 금전ㆍ재화등, 이자 및 수수료를
반환받은 날부터 3영업일 이내에 일반금융소비자에게 대통령령으로 정하는 바에 따라 해당 대출과 관련하여 일
반금융소비자로부터 받은 수수료를 포함하여 이미 받은 금전ㆍ재화등을 반환하고, 금전ㆍ재화등의 반환이 늦어
진 기간에 대해서는 대통령령으로 정하는 바에 따라 계산한 금액을 더하여 지급할 것
④ 제1항에 따라 청약이 철회된 경우 금융상품판매업자등은 일반금융소비자에 대하여 청약의 철회에 따른 손해배
상 또는 위약금 등 금전의 지급을 청구할 수 없다.
⑤ 보장성 상품의 경우 청약이 철회된 당시 이미 보험금의 지급사유가 발생한 경우에는 청약 철회의 효력은 발생하
지 아니한다. 다만, 일반금융소비자가 보험금의 지급사유가 발생했음을 알면서 청약을 철회한 경우에는 그러하지
아니하다.
⑥ 제1항부터 제5항까지의 규정에 반하는 특약으로서 일반금융소비자에게 불리한 것은 무효로 한다.
⑦ 제1항부터 제3항까지의 규정에 따른 청약 철회권의 행사 및 그에 따른 효과 등에 관하여 필요한 사항은 대통령
령으로 정한다.
 
제47조(위법계약의 해지) ① 금융소비자는 금융상품판매업자등이 제17조제3항, 제18조제2항, 제19조제1항ㆍ제3항, 제
20조제1항 또는 제21조를 위반하여 대통령령으로 정하는 금융상품에 관한 계약을 체결한 경우 5년 이내의 대통령령
으로 정하는 기간 내에 서면등으로 해당 계약의 해지를 요구할 수 있다. 이 경우 금융상품판매업자등은 해지를 요구
받은 날부터 10일 이내에 금융소비자에게 수락여부를 통지하여야 하며, 거절할 때에는 거절사유를 함께 통지하여야
한다.
② 금융소비자는 금융상품판매업자등이 정당한 사유 없이 제1항의 요구를 따르지 않는 경우 해당 계약을 해지할 수
있다.
③ 제1항 및 제2항에 따라 계약이 해지된 경우 금융상품판매업자등은 수수료, 위약금 등 계약의 해지와 관련된 비
용을 요구할 수 없다.
④ 제1항부터 제3항까지의 규정에 따른 계약의 해지요구권의 행사요건, 행사범위 및 정당한 사유 등과 관련하여 필
요한 사항은 대통령령으로 정한다.
 
       제6장 감독 및 처분
 
제48조(금융상품판매업자등에 대한 감독) ① 금융위원회는 금융소비자의 권익을 보호하고 건전한 거래질서를 위하여
금융상품판매업자등이 이 법 또는 이 법에 따른 명령이나 처분을 적절히 준수하는지를 감독하여야 한다.
② 제12조에 따라 등록을 한 금융상품자문업자는 매 사업연도 개시일부터 3개월간ㆍ6개월간ㆍ9개월간 및 12개월
간의 업무보고서를 작성하여 각각의 기간 경과 후 45일의 범위에서 대통령령으로 정하는 기간 내에 업무보고서를
금융위원회에 제출하여야 한다.
③ 제12조에 따른 요건을 갖추어 등록한 금융상품판매업자등 중 대통령령으로 정하는 자는 등록요건 중 대통령령
으로 정하는 사항이 변동된 경우 1개월 이내에 그 변동사항을 금융위원회에 보고하여야 한다.
④ 제2항에 따른 업무보고서의 기재사항 및 제3항에 따른 변경보고의 방법ㆍ절차, 그 밖에 필요한 사항은 대통령령
으로 정한다.
 
제49조(금융위원회의 명령권) ① 금융위원회는 금융소비자의 권익 보호 및 건전한 거래질서를 위하여 필요하다고 인정
하는 경우에는 금융상품판매업자등에게 다음 각 호의 사항에 관하여 시정ㆍ중지 등 필요한 조치를 명할 수 있다.
1. 금융상품판매업자등의 경영 및 업무개선에 관한 사항
2. 영업의 질서유지에 관한 사항
3. 영업방법에 관한 사항
4. 금융상품에 대하여 투자금 등 금융소비자가 부담하는 급부의 최소 또는 최대한도 설정에 관한 사항
5. 그 밖에 금융소비자의 권익 보호 또는 건전한 거래질서를 위하여 필요한 사항으로서 대통령령으로 정하는 사항
법제처                                                            19                                                       국가법령정보센터
금융소비자 보호에 관한 법률
② 금융위원회는 금융상품으로 인하여 금융소비자의 재산상 현저한 피해가 발생할 우려가 있다고 명백히 인정되는
경우로서 대통령령으로 정하는 경우에는 그 금융상품을 판매하는 금융상품판매업자에 대하여 해당 금융상품 계약
체결의 권유 금지 또는 계약 체결의 제한ㆍ금지를 명할 수 있다.
 
제50조(금융상품판매업자등에 대한 검사) ① 금융상품판매업자등은 그 업무와 재산상황에 관하여 금융감독원장의 검
사를 받아야 한다.
② 금융감독원장은 제1항에 따른 검사를 할 때 필요하다고 인정하는 경우에는 금융상품판매업자등에게 업무 또는
재산에 관한 보고, 자료의 제출, 관계인의 출석 및 의견 진술을 요구하거나 금융감독원 소속 직원으로 하여금 금융
상품판매업자등의 사무소나 사업장에 출입하여 업무상황이나 장부ㆍ서류ㆍ시설 또는 그 밖에 필요한 물건을 검사
하게 할 수 있다.
③ 제2항에 따라 검사를 하는 사람은 그 권한을 표시하는 증표를 지니고 관계인에게 보여 주어야 한다.
④ 금융감독원장은 제1항에 따른 검사를 한 경우에는 그 결과를 금융위원회에 보고하여야 한다. 이 경우 이 법 또는
이 법에 따른 명령이나 처분을 위반한 사실이 있을 때에는 그 처리에 관한 의견서를 첨부하여야 한다.
⑤ 금융감독원장은 「주식회사 등의 외부감사에 관한 법률」에 따라 금융상품판매업자등이 선임한 외부감사인에게
해당 금융상품판매업자등을 감사한 결과 알게 된 정보, 그 밖에 영업행위와 관련되는 자료의 제출을 사용목적에 필
요한 최소한의 범위에서 서면으로 요구할 수 있다.
⑥ 금융위원회는 검사의 방법ㆍ절차 등 검사업무와 관련하여 필요한 사항을 정하여 고시할 수 있다.
 
제51조(금융상품판매업자등에 대한 처분 등) ① 금융위원회는 금융상품판매업자등 중 제12조에 따른 등록을 한 금융상
품판매업자등이 다음 각 호의 어느 하나에 해당하는 경우에는 제12조에 따른 금융상품판매업등의 등록을 취소할 수
있다. 다만, 제1호에 해당하는 경우에는 그 등록을 취소하여야 한다.
1. 거짓이나 그 밖의 부정한 방법으로 제12조의 등록을 한 경우
2. 제12조제2항 또는 제3항에서 정한 요건을 유지하지 아니하는 경우. 다만, 일시적으로 등록요건을 유지하지 못한
경우로서 대통령령으로 정하는 경우는 제외한다.
3. 업무의 정지기간 중에 업무를 한 경우
4. 금융위원회의 시정명령 또는 중지명령을 받고 금융위원회가 정한 기간 내에 시정하거나 중지하지 아니한 경우
5. 그 밖에 금융소비자의 이익을 현저히 해칠 우려가 있거나 해당 금융상품판매업등을 영위하기 곤란하다고 인정되
는 경우로서 대통령령으로 정하는 경우
② 금융위원회는 금융상품판매업자등이 제1항제2호부터 제5호까지의 어느 하나에 해당하거나 이 법 또는 이 법에
따른 명령을 위반하여 건전한 금융상품판매업등을 영위하지 못할 우려가 있다고 인정되는 경우로서 대통령령으로
정하는 경우에는 대통령령으로 정하는 바에 따라 다음 각 호의 어느 하나에 해당하는 조치를 할 수 있다. 다만, 제
1호의 조치는 금융상품판매업자등 중 제12조에 따른 등록을 한 금융상품판매업자등에 한정한다.
1. 6개월 이내의 업무의 전부 또는 일부의 정지
2. 위법행위에 대한 시정명령
3. 위법행위에 대한 중지명령
4. 위법행위로 인하여 조치를 받았다는 사실의 공표명령 또는 게시명령
5. 기관경고
6. 기관주의
7. 그 밖에 위법행위를 시정하거나 방지하기 위하여 필요한 조치로서 대통령령으로 정하는 조치
③ 제2항에도 불구하고 제2조제6호가목ㆍ다목ㆍ마목, 같은 조 제7호라목ㆍ마목ㆍ바목에 해당하는 금융상품판매업
자에 대해서는 다음 각 호에서 정하는 바에 따른다.
1. 금융위원회는 제2조제6호가목에 해당하는 금융상품판매업자등에 대해서는 금융감독원장의 건의에 따라 제2항
제2호, 제4호 및 제7호의 어느 하나에 해당하는 조치를 하거나 금융감독원장으로 하여금 제2항제3호, 제5호 및
제6호에 해당하는 조치를 하게 할 수 있다.
법제처                                                            20                                                       국가법령정보센터
금융소비자 보호에 관한 법률
2. 금융위원회는 제2조제6호다목ㆍ마목, 같은 조 제7호라목ㆍ마목ㆍ바목에 해당하는 금융상품판매업자등에 대해서
는 금융감독원장의 건의에 따라 제2항제2호부터 제7호까지의 어느 하나에 해당하는 조치를 하거나 금융감독원
장으로 하여금 제2항제5호 또는 제6호에 해당하는 조치를 하게 할 수 있다.
 
제52조(금융상품판매업자등의 임직원에 대한 조치) ① 금융위원회는 법인인 금융상품판매업자등의 임원이 이 법 또는
이 법에 따른 명령을 위반하여 건전한 금융상품판매업등을 영위하지 못할 우려가 있다고 인정되는 경우로서 대통령
령으로 정하는 경우에는 다음 각 호의 어느 하나에 해당하는 조치를 할 수 있다.
1. 해임요구
2. 6개월 이내의 직무정지
3. 문책경고
4. 주의적 경고
5. 주의
② 금융위원회는 금융상품판매업자등의 직원이 이 법 또는 이 법에 따른 명령을 위반하여 건전한 금융상품판매업
등을 영위하지 못할 우려가 있다고 인정되는 경우로서 대통령령으로 정하는 경우에는 다음 각 호의 어느 하나에 해
당하는 조치를 할 것을 그 금융상품판매업자등에게 요구할 수 있다.
1. 면직
2. 6개월 이내의 정직
3. 감봉
4. 견책
5. 주의
③ 제1항에도 불구하고 제2조제6호가목ㆍ다목ㆍ마목, 같은 조 제7호라목ㆍ마목ㆍ바목에 해당하는 금융상품판매업
자등의 임원에 대해서는 다음 각 호에서 정하는 바에 따른다.
1. 금융위원회는 제2조제6호가목에 해당하는 금융상품판매업자등의 임원에 대해서는 금융감독원장의 건의에 따라
제1항제1호 또는 제2호의 조치를 할 수 있으며, 금융감독원장으로 하여금 제1항제3호부터 제5호까지의 어느 하
나에 해당하는 조치를 하게 할 수 있다.
2. 금융위원회는 제2조제6호다목ㆍ마목, 같은 조 제7호라목ㆍ마목ㆍ바목에 해당하는 금융상품판매업자등의 임원에
대해서는 금융감독원장의 건의에 따라 제1항 각 호의 어느 하나에 해당하는 조치를 하거나, 금융감독원장으로 하
여금 제1항제3호부터 제5호까지의 어느 하나에 해당하는 조치를 하게 할 수 있다.
④ 제2항에도 불구하고 제2조제6호가목ㆍ다목ㆍ마목, 같은 조 제7호라목ㆍ마목ㆍ바목에 해당하는 금융상품판매업
자등의 직원에 대해서는 다음 각 호에서 정하는 바에 따른다
1. 금융감독원장은 제2조제6호가목에 해당하는 금융상품판매업자등의 직원에 대해서는 제2항 각 호의 어느 하나에
해당하는 조치를 그 금융상품판매업자에게 요구할 수 있다.
2. 금융위원회는 제2조제6호다목ㆍ마목, 같은 조 제7호라목ㆍ마목ㆍ바목에 해당하는 금융상품판매업자등의 직원에
대해서는 제2항 각 호의 어느 하나에 해당하는 조치를 할 것을 금융감독원장의 건의에 따라 그 금융상품판매업자
에게 요구하거나 금융감독원장으로 하여금 요구하게 할 수 있다.
⑤ 금융위원회 또는 금융감독원장은 제1항부터 제4항까지의 규정에 따라 금융상품판매업자등의 임직원에 대하여
조치를 하거나 금융상품판매업자등에게 조치를 요구하는 경우 그 임직원에 대해서 관리ㆍ감독의 책임이 있는 임직
원에 대한 조치를 함께 하거나 이를 요구할 수 있다. 다만, 관리ㆍ감독의 책임이 있는 사람이 그 임직원의 관리ㆍ감
독에 적절한 주의를 다한 경우에는 조치를 감경하거나 면제할 수 있다.
 
제53조(퇴임한 임원 등에 대한 조치내용 통보) 금융위원회(제52조에 따라 조치를 하거나 조치를 할 것을 요구할 수 있
는 금융감독원장을 포함한다)는 금융상품판매업자등의 퇴임한 임원 또는 퇴직한 직원이 재임 또는 재직 중이었더라
면 제52조에 따른 조치를 받았을 것으로 인정되는 경우에는 그 받았을 것으로 인정되는 조치의 내용을 해당 금융상
품판매업자등의 장에게 통보할 수 있다. 이 경우 통보를 받은 금융상품판매업자등은 그 내용을 해당 임원 또는 직원
에게 통보하여야 한다.
법제처                                                            21                                                       국가법령정보센터
금융소비자 보호에 관한 법률
제54조(청문) 금융위원회는 다음 각 호의 어느 하나에 해당하는 처분 또는 조치를 하려면 청문을 하여야 한다.
1. 제51조제1항에 따른 금융상품판매업자등에 대한 등록의 취소
2. 제52조제1항부터 제5항까지의 조치 중 임원의 해임요구 또는 직원의 면직요구
 
제55조(이의신청) ① 제51조 및 제52조에 따른 처분 또는 조치(등록의 취소, 해임요구 또는 면직요구는 제외한다)에 불
복하는 자는 처분 또는 조치를 고지받은 날부터 30일 이내에 불복 사유를 갖추어 이의를 신청할 수 있다.
② 금융위원회는 제1항에 따른 이의신청에 대하여 60일 이내에 결정을 하여야 한다. 다만, 부득이한 사정으로 그 기
간 내에 결정을 할 수 없을 경우에는 30일의 범위에서 그 기간을 연장할 수 있다.
 
제56조(처분 등의 기록 등) ① 금융위원회 및 금융감독원장은 제49조, 제51조 또는 제52조에 따라 처분 또는 조치를 한
경우에는 그 내용을 기록하고 유지ㆍ관리하여야 한다.
② 금융상품판매업자등은 제52조에 따른 금융위원회 또는 금융감독원장의 요구에 따라 해당 임직원을 조치한 경우
와 제53조에 따라 퇴임한 임원 등에 대한 조치의 내용을 통보받은 경우에는 그 내용을 기록하고 유지ㆍ관리하여야
한다.
③ 금융상품판매업자등 또는 그 임직원(임직원이었던 사람을 포함한다)은 금융위원회, 금융감독원 또는 금융상품판
매업자등에게 자기에 대한 제49조 또는 제51조부터 제53조까지에 따른 처분 또는 조치 여부 및 그 내용의 조회를
요청할 수 있다.
④ 금융위원회, 금융감독원 또는 금융상품판매업자등은 제3항에 따른 조회를 요청받은 경우에는 정당한 사유가 없
으면 처분 또는 조치 여부 및 그 내용을 그 조회요청자에게 통보하여야 한다.
 
제57조(과징금) ① 금융위원회는 금융상품직접판매업자 또는 금융상품자문업자가 다음 각 호의 어느 하나에 해당하는
경우 그 위반행위와 관련된 계약으로 얻은 수입 또는 이에 준하는 금액(이하 이 조에서 “수입등”이라 한다)의 100분
의 50 이내에서 과징금을 부과할 수 있다. 다만, 위반행위를 한 자가 그 위반행위와 관련된 계약으로 얻은 수입등이
없거나 수입등의 산정이 곤란한 경우로서 대통령령으로 정하는 경우에는 10억원을 초과하지 아니하는 범위에서 과
징금을 부과할 수 있다.
1. 제19조제1항을 위반하여 중요한 사항을 설명하지 아니하거나 같은 조 제2항을 위반하여 설명서를 제공하지 아
니하거나 확인을 받지 아니한 경우
2. 제20조제1항 각 호의 어느 하나에 해당하는 행위를 한 경우
3. 제21조 각 호의 어느 하나에 해당하는 행위를 한 경우
4. 제22조제3항 또는 제4항을 위반하여 금융상품등에 관한 광고를 한 경우
② 금융위원회는 금융상품직접판매업자가 금융상품계약체결등을 대리하거나 중개하게 한 금융상품판매대리ㆍ중개
업자(이 법 또는 다른 금융 관련 법령에 따라 하나의 금융상품직접판매업자만을 대리하는 금융상품판매대리ㆍ중개
업자로 한정한다) 또는 금융상품직접판매업자의 소속 임직원이 제1항 각 호의 어느 하나에 해당하는 행위를 한 경
우에는 그 금융상품직접판매업자에 대하여 그 위반행위와 관련된 계약으로 얻은 수입등의 100분의 50 이내에서 과
징금을 부과할 수 있다. 다만, 금융상품직접판매업자가 그 위반행위를 방지하기 위하여 해당 업무에 관하여 적절한
주의와 감독을 게을리하지 아니한 경우에는 그 금액을 감경하거나 면제할 수 있다.
③ 금융위원회는 금융상품판매업자등에 대하여 제51조제2항제1호에 따라 업무정지를 명할 수 있는 경우로서 업무
정지가 금융소비자 등 이해관계인에게 중대한 영향을 미치거나 공익을 침해할 우려가 있는 경우에는 대통령령으로
정하는 바에 따라 업무정지처분을 갈음하여 업무정지기간 동안 얻을 이익의 범위에서 과징금을 부과할 수 있다.
④ 제1항에 따른 위반행위와 관련된 계약으로 얻은 수입등의 산정에 관한 사항은 금융시장 환경변화로 인한 변동요
인, 금융상품 유형별 특성, 금융상품계약체결등의 방식 및 금융상품판매업자등의 사업규모 등을 고려하여 대통령령
으로 정한다.
 
제58조(과징금의 부과) ① 금융위원회는 제57조에 따라 과징금을 부과하는 경우에는 대통령령으로 정하는 기준에 따라
다음 각 호의 사항을 고려하여야 한다.
법제처                                                            22                                                       국가법령정보센터
금융소비자 보호에 관한 법률
1. 위반행위의 내용 및 정도
2. 위반행위의 기간 및 위반횟수
3. 위반행위로 인하여 취득한 이익의 규모
4. 업무정지기간(제57조제3항에 따라 과징금을 부과하는 경우만 해당한다)
② 금융위원회는 이 법을 위반한 법인이 합병을 하는 경우 그 법인이 한 위반행위는 합병 후 존속하거나 합병으로
신설된 법인이 행한 행위로 보아 과징금을 부과ㆍ징수할 수 있다.
③ 제1항과 제2항에서 규정한 사항 외에 과징금의 부과에 필요한 사항은 대통령령으로 정한다.
 
제59조(이의신청) ① 제57조 또는 제58조제2항에 따른 과징금 부과처분에 불복하는 자는 처분을 고지받은 날부터
30일 이내에 불복 사유를 갖추어 금융위원회에 이의를 신청할 수 있다.
② 금융위원회는 제1항에 따른 이의신청에 대하여 60일 이내에 결정을 하여야 한다. 다만, 부득이한 사정으로 그 기
간 내에 결정을 할 수 없을 경우에는 30일의 범위에서 그 기간을 연장할 수 있다.
 
제60조(과징금의 납부기한 연기 및 분할 납부) ① 금융위원회는 제57조 또는 제58조제2항에 따라 과징금을 부과받은
자(이하 “과징금납부의무자”라 한다)에 대하여 「행정기본법」 제29조 단서에 따라 과징금 납부기한을 연기하거나 과
징금을 분할 납부하게 할 수 있으며, 이 경우 필요하다고 인정하면 담보를 제공하게 할 수 있다.
② 과징금납부의무자는 제1항에 따라 과징금의 납부기한을 연기받거나 분할 납부를 하려는 경우에는 그 납부기한
의 10일 전까지 금융위원회에 신청하여야 한다.
③ 금융위원회는 제1항에 따라 과징금 납부기한이 연기되거나 분할 납부가 허용된 과징금납부의무자가 다음 각 호
의 어느 하나에 해당하게 된 때에는 그 납부기한의 연기 또는 분할 납부 결정을 취소하고 과징금을 일시에 징수할
수 있다.
1. 분할 납부하기로 한 과징금을 그 납부기한까지 내지 아니한 경우
2. 담보 제공 요구에 따르지 아니하거나 제공된 담보의 가치를 훼손하는 행위를 한 경우
3. 강제집행, 경매의 개시, 파산선고, 법인의 해산, 국세 강제징수 또는 지방세 체납처분 등의 사유로 과징금의 전부
또는 나머지를 징수할 수 없다고 인정되는 경우
4. 「행정기본법」 제29조 각 호의 사유가 해소되어 과징금을 한꺼번에 납부할 수 있다고 인정되는 경우
5. 그 밖에 제1호부터 제4호까지에 준하는 사유가 있는 경우
④ 제1항부터 제3항까지에서 규정한 사항 외에 과징금의 납부기한 연기, 분할 납부 또는 담보 제공 등에 관하여 필
요한 사항은 대통령령으로 정한다.
[전문개정 2023. 9. 14.]
 
제61조(과징금의 징수 및 체납처분) ① 금융위원회는 과징금납부의무자가 납부기한까지 과징금을 납부하지 아니한 경
우에는 납부기한의 다음 날부터 납부한 날의 전일까지의 기간에 대하여 대통령령으로 정하는 가산금을 징수할 수
있다. 이 경우 가산금을 징수하는 기간은 60개월을 초과할 수 없다.
② 금융위원회는 과징금납부의무자가 납부기한까지 과징금을 납부하지 아니한 경우에는 기간을 정하여 독촉을 하
고, 그 지정된 기간 내에 과징금과 제1항에 따른 가산금을 납부하지 아니한 경우에는 국세체납처분의 예에 따라 징
수한다.
③ 금융위원회는 제1항과 제2항에 따른 과징금 및 가산금의 징수 또는 체납처분에 관한 업무를 국세청장에게 위탁
할 수 있다.
④ 제1항부터 제3항까지에서 규정한 사항 외에 과징금 또는 가산금의 징수에 필요한 사항은 대통령령으로 정한다.
 
제62조(과오납금의 환급) ① 금융위원회는 과징금납부의무자가 이의신청의 재결 또는 법원의 판결 등을 근거로 과징금
과오납금의 환급을 청구하는 경우에는 지체 없이 환급하여야 하며, 과징금납부의무자의 청구가 없는 경우에도 금융
위원회가 확인한 과오납금은 환급하여야 한다.
법제처                                                            23                                                       국가법령정보센터
금융소비자 보호에 관한 법률
② 금융위원회는 제1항에 따라 과오납금을 환급하는 경우 환급받을 자가 금융위원회에 납부하여야 하는 다른 과징
금이 있으면 환급하는 금액을 그 과징금에 충당할 수 있다.
 
제63조(환급가산금) 금융위원회는 제62조제1항에 따라 과징금을 환급하는 경우에는 과징금을 납부한 날부터 환급한
날까지의 기간에 대하여 대통령령으로 정하는 가산금 이율을 적용하여 환급가산금을 환급받을 자에게 지급하여야
한다.
 
제64조(결손처분) 금융위원회는 과징금납부의무자에게 다음 각 호의 어느 하나에 해당하는 사유가 있으면 결손처분을
할 수 있다.
1. 체납처분이 끝나고 체납액에 충당된 배분금액이 체납액에 미치지 못하는 경우
2. 과징금 등의 징수권에 대한 소멸시효가 완성된 경우
3. 체납자의 행방이 분명하지 아니하거나 재산이 없다는 것이 판명된 경우
4. 체납처분의 목적물인 총재산의 추산가액이 체납처분 비용에 충당하면 남을 여지가 없음이 확인된 경우
5. 체납처분의 목적물인 총재산이 과징금 등보다 우선하는 국세, 지방세, 전세권ㆍ질권ㆍ저당권 및 「동산ㆍ채권 등
의 담보에 관한 법률」에 따른 담보권으로 담보된 채권 등의 변제에 충당하면 남을 여지가 없음이 확인된 경우
6. 그 밖에 징수할 가능성이 없는 경우로서 대통령령으로 정하는 사유에 해당하는 경우
 
       제7장 보칙
 
제65조(업무의 위탁) ① 금융위원회는 이 법에 따른 업무의 일부를 대통령령으로 정하는 바에 따라 금융감독원장 또는
협회등에 위탁할 수 있다.
② 금융감독원장은 이 법에 따른 업무의 일부를 대통령령으로 정하는 바에 따라 협회등에 위탁할 수 있다.
③ 제1항과 제2항에 따라 금융위원회 또는 금융감독원장의 업무의 일부를 위탁받아 수행하는 협회등의 임직원은 「
형법」 제129조부터 제132조까지의 규정을 적용할 때에는 공무원으로 본다.
 
제66조(금융감독원장에 대한 지도ㆍ감독 등) ① 금융위원회는 이 법에 따른 권한을 행사하는 데에 필요한 경우에는 금
융감독원장에 대하여 지도ㆍ감독, 그 밖에 감독상 필요한 조치를 명할 수 있다.
② 금융감독원은 이 법에 따라 금융위원회의 지도ㆍ감독을 받아 이 법에 따라 부여된 업무, 금융위원회로부터 위탁
받은 업무를 수행한다.
 
제66조의2(전속관할) 방문판매 및 유선ㆍ무선ㆍ화상통신ㆍ컴퓨터 등 정보통신기술을 활용한 비대면 방식을 통한 금융
상품 계약과 관련된 소(訴)는 제소 당시 금융소비자 주소를, 주소가 없는 경우에는 거소를 관할하는 지방법원의 전속
관할로 한다. 다만, 제소 당시 금융소비자의 주소 또는 거소가 분명하지 아니한 경우에는 「민사소송법」의 관계 규정
을 준용한다.
[본조신설 2023. 7. 11.]
 
       제8장 벌칙
 
제67조(벌칙) 다음 각 호의 어느 하나에 해당하는 자는 5년 이하의 징역 또는 2억원 이하의 벌금에 처한다.
1. 제12조를 위반하여 금융상품판매업등의 등록을 하지 아니하고 금융상품판매업등을 영위한 자
2. 거짓이나 그 밖의 부정한 방법으로 제12조에 따른 등록을 한 자
3. 제24조를 위반하여 금융상품판매대리ㆍ중개업자가 아닌 자에게 금융상품계약체결등을 대리하거나 중개하게 한
자
 
제67조의2(벌칙) 제16조의2제3항을 위반하여 성명 등을 거짓으로 밝힌 자는 1천만원 이하의 벌금에 처한다.
법제처                                                            24                                                       국가법령정보센터
금융소비자 보호에 관한 법률
[본조신설 2023. 7. 11.]
 
제68조(양벌규정) 법인(단체를 포함한다. 이하 이 조에서 같다)의 대표자나 법인 또는 개인의 대리인, 사용인, 그 밖의
종업원이 그 법인 또는 개인의 업무에 관하여 제67조의 위반행위를 하면 그 행위자를 벌하는 외에 그 법인 또는 개
인에게도 해당 조문의 벌금형을 과(科)한다. 다만, 법인 또는 개인이 그 위반행위를 방지하기 위하여 해당 업무에 관
하여 적절한 주의와 감독을 게을리하지 아니한 경우에는 그러하지 아니하다.
 
제69조(과태료) ① 다음 각 호의 어느 하나에 해당하는 자에게는 1억원 이하의 과태료를 부과한다.
1. 제16조제2항을 위반하여 내부통제기준을 마련하지 아니한 자
2. 제19조제1항을 위반하여 중요한 사항을 설명하지 아니하거나 같은 조 제2항을 위반하여 설명서를 제공하지 아
니하거나 확인을 받지 아니한 자
3. 제20조제1항 각 호의 어느 하나에 해당하는 행위를 한 자
4. 제21조 각 호의 어느 하나에 해당하는 행위를 한 자
5. 제22조제1항ㆍ제3항 또는 제4항을 위반하여 금융상품등에 관한 광고를 한 자
6. 금융상품판매대리ㆍ중개업자가 금융상품계약체결등의 업무를 대리하거나 중개하게 한 금융상품판매대리ㆍ중개
업자가 다음 각 목의 어느 하나에 해당하는 행위를 한 경우에 그 업무를 대리하거나 중개하게 한 금융상품판매대
리ㆍ중개업자. 다만, 업무를 대리하거나 중개하게 한 금융상품판매대리ㆍ중개업자로서 그 위반행위를 방지하기
위하여 해당 업무에 관하여 적절한 주의와 감독을 게을리하지 아니한 자는 제외한다.
가. 제19조제1항을 위반하여 중요한 사항을 설명하지 아니하거나 같은 조 제2항을 위반하여 설명서를 제공하지
아니하거나 확인을 받지 아니한 경우
나. 제20조제1항 각 호의 어느 하나에 해당하는 행위를 한 경우
다. 제21조 각 호의 어느 하나에 해당하는 행위를 한 경우
라. 제22조제3항 또는 제4항을 위반하여 금융상품등에 관한 광고를 한 경우
7. 제23조제1항을 위반하여 금융소비자에게 계약서류를 제공하지 아니한 자
8. 금융상품직접판매업자가 금융상품계약체결등의 업무를 대리하거나 중개하게 한 금융상품판매대리ㆍ중개업자가
제25조제1항제2호에 해당하는 행위를 한 경우에 그 업무를 대리하거나 중개하게 한 금융상품직접판매업자. 다만,
업무를 대리하거나 중개하게 한 금융상품직접판매업자로서 그 위반행위를 방지하기 위하여 해당 업무에 관하여
적절한 주의와 감독을 게을리하지 아니한 자는 제외한다.
9. 제27조제3항을 위반하여 같은 항 각 호의 어느 하나에 해당하는 사항을 금융소비자에게 알리지 아니한 자 또는
표지를 게시하지 아니하거나 증표를 내보이지 아니한 자
10. 제27조제4항을 위반하여 독립문자를 명칭에 사용하거나 광고에 사용한 자
11. 제27조제5항 각 호의 어느 하나에 해당하는 행위를 한 자
12. 제28조제1항을 위반하여 자료를 기록하지 아니하거나 자료의 종류별로 유지ㆍ관리하지 아니한 자
13. 제50조제1항에 따른 검사를 정당한 사유 없이 거부ㆍ방해 또는 기피한 자
② 다음 각 호의 어느 하나에 해당하는 자에게는 3천만원 이하의 과태료를 부과한다.
1. 제17조제2항을 위반하여 정보를 파악하지 아니하거나 확인을 받지 아니하거나 이를 유지ㆍ관리하지 아니하거나
확인받은 내용을 지체 없이 제공하지 아니한 자
2. 제17조제3항을 위반하여 계약 체결을 권유한 자
3. 제18조제1항을 위반하여 정보를 파악하지 아니한 자
4. 제18조제2항을 위반하여 해당 금융상품이 적정하지 아니하다는 사실을 알리지 아니하거나 확인을 받지 아니한
자
5. 제25조제1항 각 호의 어느 하나에 해당하는 행위를 한 자
6. 제25조제2항을 위반하여 수수료 외의 금품, 그 밖의 재산상 이익을 요구하거나 받은 자
7. 제26조제1항을 위반하여 같은 항 각 호의 어느 하나에 해당하는 사항을 미리 금융소비자에게 알리지 아니한 자
또는 같은 조 제2항을 위반하여 표지를 게시하지 아니하거나 증표를 보여 주지 아니한 자
법제처                                                            25                                                       국가법령정보센터
금융소비자 보호에 관한 법률
③ 다음 각 호의 어느 하나에 해당하는 자에게는 1천만원 이하의 과태료를 부과한다.<개정 2023. 7. 11.>
1. 제21조의2제2항을 위반하여 일반금융소비자에게 금융상품을 소개하거나 계약 체결을 권유할 목적으로 연락한
자
2. 제21조의2제3항을 위반하여 일반금융소비자에게 금융상품을 소개하거나 계약 체결을 권유할 목적으로 방문하거
나 연락한 자
3. 제48조제3항을 위반하여 등록요건에 대한 변동사항을 보고하지 아니한 자
④ 제16조의2제1항을 위반하여 방문판매 및 전화권유판매를 하려는 임직원의 명부를 작성하지 아니하거나 같은 조
제2항을 위반하여 방문판매 및 전화권유판매를 하려는 임직원의 신원을 확인할 수 있도록 하지 아니한 자 또는 같
은 조 제3항을 위반하여 성명 등을 밝히지 아니한 자에게는 500만원 이하의 과태료를 부과한다.<신설 2023. 7.
11.>
⑤ 제1항부터 제4항까지에 따른 과태료는 대통령령으로 정하는 바에 따라 금융위원회가 부과ㆍ징수한다.<개정
2023. 7. 11.>
  
부칙 <제21065호,2025. 10. 1.>(정부조직법)
제1조(시행일) 이 법은 공포한 날부터 시행한다. 다만, 부칙 제7조에 따라 개정되는 법률 중 이 법 시행 전에 공포되었
으나 시행일이 도래하지 아니한 법률을 개정한 부분은 각각 해당 법률의 시행일부터 시행하고, 다음 각 호의 개정규
정은 해당 호에서 정하는 날부터 시행한다.
1. 다음 각 목의 개정규정은 2026년 1월 2일부터 시행한다. 다만, 부칙 제7조에 따라 개정되는 법률(가목 및 나목의
개정규정과 관련되는 부분으로 한정한다) 중 본문에 따른 시행일 전에 공포되었으나 본문에 따른 시행일이 도래
하지 아니한 법률을 개정한 부분은 각각 해당 법률의 시행일부터 시행한다.
가. 제19조제4항, 제23조, 제29조제1항제1호 및 제30조의 개정규정
나. 제12조제2항, 제19조제3항, 제22조 및 제29조제2항 단서의 개정규정(재정경제부장관 및 재정경제부에 관한 부
분으로 한정한다)
다. 부칙 제7조에 따라 개정되는 법률(가목 및 나목의 개정규정과 관련되는 부분으로 한정한다)
2. 생략
제2조부터 제6조까지 생략
제7조(다른 법률의 개정) ①부터 <598>까지 생략
<599> 금융소비자 보호에 관한 법률 일부를 다음과 같이 개정한다.
제31조제5항제1호 중 “기획재정부”를 “재정경제부”로 한다.
<600>부터 <626>까지 생략
제8조 생략",ok,
regulations/은행법 시행령(대통령령)(제36417호)(20260701).pdf,은행법 시행령(대통령령)(제36417호)(20260701).pdf,regulations,28,"법제처                                                            1                                                       국가법령정보센터
은행법 시행령
 
은행법 시행령
[시행 2026. 7. 1.] [대통령령 제36417호, 2026. 6. 16., 일부개정]
금융위원회 (은행과-총괄) 02-2100-2953
금융위원회 (은행과-검사·제재) 02-2100-2952
 
제1조(목적) 이 영은 「은행법」에서 위임된 사항과 그 시행에 필요한 사항을 규정함을 목적으로 한다.
[전문개정 2010. 11. 15.]
 
제1조의2(자기자본의 범위) 「은행법」(이하 “법”이라 한다) 제2조제1항제5호에 따른 자기자본에 포함되는 기본자본과
보완자본은 다음 각 호의 기준에 따라 금융위원회가 정하여 고시하는 것으로 한다. <개정 2011. 12. 28.>
1. 기본자본은 다음 각 목의 합계액으로 할 것
가. 보통주 발행으로 인한 자본금ㆍ자본잉여금, 이익잉여금 등 은행의 손실을 가장 먼저 보전(補塡)할 수 있는 것
나. 영구적 성격을 지닌 자본증권의 발행으로 인한 자본금ㆍ자본잉여금 등으로서 은행의 손실을 가목의 기본자본
다음의 순위로 보전할 수 있는 것
2. 보완자본은 제1호에 준하는 성격의 것으로서 제1호에 포함되지 않는 후순위채권 등 은행의 청산 시 은행의 손실
을 보전할 수 있는 것으로 할 것
3. 해당 은행이 보유하고 있는 자기주식 등 실질적으로 자본충실에 기여하지 아니하는 것은 기본자본 및 보완자본
에 포함시키지 아니할 것
[전문개정 2010. 11. 15.]
 
제1조의3(신용공여의 범위) ① 법 제2조제1항제7호에 따른 신용공여의 범위는 다음 각 호의 것으로서 금융위원회가 정
하여 고시하는 것으로 한다.
1. 대출
2. 지급보증
3. 지급보증에 따른 대지급금(代支給金)의 지급
4. 어음 및 채권의 매입
5. 그 밖에 거래 상대방의 지급불능 시 이로 인하여 은행에 손실을 끼칠 수 있는 거래
6. 은행이 직접적으로 제1호부터 제5호까지에 해당하는 거래를 한 것은 아니나 실질적으로 그에 해당하는 결과를
가져올 수 있는 거래
② 금융위원회는 다음 각 호의 어느 하나에 해당하는 거래에 대해서는 제1항에도 불구하고 이를 신용공여의 범위에
포함시키지 아니할 수 있다.
1. 은행에 손실을 끼칠 가능성이 매우 적은 것으로 판단되는 거래
2. 금융시장에 미치는 영향 등 해당 거래의 상황에 비추어 신용공여의 범위에 포함시키지 아니하는 것이 타당하다
고 판단되는 거래
[전문개정 2010. 11. 15.]
 
제1조의4(특수관계인의 범위) ① 법 제2조제1항제8호에서 “대통령령으로 정하는 특수관계에 있는 자”란 본인과 다음
각 호의 어느 하나에 해당하는 관계에 있는 자(이하 “특수관계인”이라 한다)를 말한다. <개정 2021. 12. 28., 2022.
12. 27.>
1. 배우자, 6촌 이내의 혈족 및 4촌 이내의 인척. 다만, 「독점규제 및 공정거래에 관한 법률 시행령」 제5조제1항제
2호가목에 따른 독립경영자 및 같은 목에 따라 공정거래위원회가 동일인관련자의 범위로부터 분리를 인정하는
사람은 제외한다.
2. 본인 및 제1호 또는 제4호의 사람이 임원의 과반수를 차지하거나 이들이 제3호 또는 제5호의 자와 합하여 100분
의 50 이상을 출연하였거나 이들 중의 1명이 설립자로 되어 있는 비영리법인ㆍ조합 또는 단체
법제처                                                            2                                                       국가법령정보센터
은행법 시행령
3. 본인 및 제1호ㆍ제2호ㆍ제4호의 자가 의결권 있는 발행주식 총수(지분을 포함한다. 이하 같다)의 100분의 30 이
상을 소유하고 있거나 이들이 최다수 주식소유자로서 경영에 참여하고 있는 회사
4. 본인, 제2호 또는 제3호의 자에게 고용된 사람(사용자가 법인ㆍ조합 또는 단체인 경우에는 임원을 말하고, 개인
인 경우에는 상업사용인, 고용계약에 따라 고용된 사람 또는 그 개인의 금전이나 재산으로 생계를 유지하는 사람
을 말한다)
5. 본인 및 제1호부터 제4호까지의 자가 의결권 있는 발행주식 총수의 100분의 30 이상을 소유하고 있거나 이들이
최다수 주식소유자로서 경영에 참여하고 있는 회사
6. 본인이 「독점규제 및 공정거래에 관한 법률」 제2조제11호에 따른 기업집단(이하 “기업집단”이라 한다)을 지배하
는 자(이하 “계열주”라 한다)인 경우에 그가 지배하는 기업집단에 속하는 회사(계열주가 단독으로 또는 같은 법
시행령 제4조제1항제1호 각 목의 어느 하나 및 같은 항 제2호 각 목의 어느 하나에 해당하는 관계에 있는 자와
합하여 같은 항 제1호 및 제2호의 요건에 해당하는 외국법인을 포함한다. 이하 이 조에서 같다) 및 그 회사의 임
원
7. 본인이 계열주와 제1호 또는 제2호에 따른 관계에 있는 자이거나 계열주가 지배하는 기업집단에 속하는 회사의
임원인 경우에 그 계열주가 지배하는 기업집단에 속하는 회사 및 그 회사의 임원
8. 본인이 기업집단에 속하는 회사인 경우에 그 회사와 같은 기업집단에 속하는 회사 및 그 회사의 임원
9. 본인 또는 제1호부터 제8호까지의 자와 합의 또는 계약 등으로 은행의 발행주식에 대한 의결권(의결권의 행사를
지시할 수 있는 권한을 포함한다)을 공동으로 행사하는 자
② 제1항에도 불구하고 다음 각 호의 어느 하나에 해당하는 자는 특수관계인의 범위에서 제외한다.<개정 2010. 12.
30., 2015. 10. 23., 2021. 2. 17., 2021. 10. 21.>
1. 「사회기반시설에 대한 민간투자법」 제8조의2에 따라 주무관청의 지정을 받은 민간투자대상사업을 경영하는 회
사. 다만, 「국가재정법」 제5조에 따른 기금 또는 그 기금을 관리ㆍ운용하는 법인(법률에 따라 기금의 관리ㆍ운용
을 위탁받은 법인을 포함하며, 이하 “기금등”이라 한다)이 포함된 동일인이 아닌 경우에는 「조세특례제한법」 제
104조의31제1항에 해당하는 회사로 한정한다.
2. 은행 또는 「금융지주회사법」 제2조제1항제5호에 따른 은행지주회사(이하 “은행지주회사”라 한다)의 자회사등(같
은 법 제4조제1항제2호에 따른 자회사등을 말한다. 이하 이 조에서 같다)인 금융기관(같은 법 제2조제1항제1호에
따른 금융기관을 말한다)이 「기업구조조정 촉진법」, 「채무자 회생 및 파산에 관한 법률」에 따른 기업구조조정이
나 회생을 위하여 출자전환 등으로 다른 회사의 주식을 취득하는 경우(이에 준하는 경우를 포함한다) 그 다른 회
사
3. 다음 각 목의 어느 하나에 해당하는 기관전용 사모집합투자기구 (「자본시장과 금융투자업에 관한 법률」에 따른
기관전용 사모집합투자기구를 말한다. 이하 “기관전용 사모집합투자기구”라 한다)가 투자한 기업의 가치를 높여
그 수익을 사원에게 배분하기 위한 목적으로 다른 회사의 주식을 취득한 경우 그 다른 회사
가. 법 제37조제2항 각 호 외의 부분 단서에 따른 은행의 자회사등인 기관전용 사모집합투자기구
나. 은행지주회사의 자회사등인 기관전용 사모집합투자기구
[전문개정 2010. 11. 15.]
 
제1조의5(금융업의 범위 등) ① 법 제2조제1항제9호가목에서 “대통령령으로 정하는 금융업”이란 다음 각 호의 어느 하
나에 해당하는 업종 또는 업무를 말한다. <개정 2017. 10. 17., 2025. 10. 1.>
1. 「통계법」 제22조제1항에 따라 국가데이터처장이 고시하는 한국표준산업분류에 따른 금융 및 보험업(「금융지주
회사법」 제2조제1항제1호에 따른 금융지주회사가 아닌 지주회사는 제외한다. 이하 “금융업”이라 한다)
2. 다음 각 목의 어느 하나에 해당하는 업무
가. 금융업을 경영하는 회사에 대한 전산ㆍ정보처리 등 용역의 제공
나. 금융업을 경영하는 회사가 보유한 부동산이나 그 밖의 자산의 관리
다. 금융업과 관련된 조사ㆍ연구
법제처                                                            3                                                       국가법령정보센터
은행법 시행령
라. 그 밖에 금융업을 경영하는 회사의 고유 업무와 직접 관련되는 업무
② 법 제2조제1항제9호나목에서 “대통령령으로 정하는 금액”이란 2조원을 말한다.
[전문개정 2010. 11. 15.]
 
제1조의6(사실상 영향력 행사 기준 및 경영 관여 기준) ① 법 제2조제1항제10호나목에 따라 은행의 주요 경영사항에
대하여 사실상 영향력을 행사하는 자는 다음 각 호의 어느 하나에 해당하는 자로 한다.
1. 단독으로 또는 다른 주주와의 합의ㆍ계약 등으로 은행장 또는 이사의 과반수를 선임한 주주
2. 경영전략, 조직변경 등 주요 의사결정이나 업무집행에 지배적인 영향력을 행사한다고 인정되는 자로서 금융위원
회가 지정한 자
② 삭제<2014. 2. 11.>
[전문개정 2010. 11. 15.]
 
제1조의7(은행업 인가의 세부요건) ① 법 제8조제2항제5호에 따른 사업계획(이하 이 조에서 “사업계획”이라 한다)은 다
음 각 호의 요건을 모두 갖추어야 한다.
1. 추정재무제표와 수익 전망이 타당하고 실현 가능성이 있을 것
2. 법 제34조제2항에 따른 경영지도기준을 충족할 수 있을 것
3. 위험관리와 금융사고 예방 등을 위한 적절한 내부통제장치가 마련되어 있을 것
4. 은행이용자 보호를 위한 적절한 업무방법을 갖출 것
② 법 제8조제2항제7호에 따른 인력, 영업시설, 전산체계 및 그 밖의 물적 설비는 다음 각 호의 요건을 충족하여야
한다.
1. 은행업에 관한 전문성과 건전성을 갖춘 인력과 은행업을 경영하기 위한 전산요원 등 필요한 인력을 적절하게 갖
출 것
2. 다음 각 목의 물적 설비를 갖출 것
가. 은행업을 경영하기 위하여 필요한 전산설비와 통신수단
나. 전산설비 등의 물적 설비를 안전하게 보호할 수 있는 보안설비
다. 정전, 화재 등의 사고가 발생할 경우 업무의 연속성을 유지하기 위하여 필요한 보완설비
③ 제1항 및 제2항에서 규정한 사항 외에 은행업 인가의 세부요건은 금융위원회가 정하여 고시한다.
④ 금융위원회는 법 제8조제4항에 따라 은행업을 인가할 때에 조건을 붙인 경우에는 그 이행 여부를 확인하여야 한
다.
[전문개정 2010. 11. 15.]
 
제2조(자본금 감소의 승인) ① 법 제10조제1항에서 “주식 수 감소 등 대통령령으로 정하는 자본금의 감소에 해당하는
행위”란 은행이 주식 수를 줄이거나 주식의 금액을 낮추어 자본금을 실질적으로 감소시키는 것을 말한다.
② 법 제10조제1항에 따른 승인을 받으려는 자는 다음 각 호의 사항을 적은 승인신청서를 금융위원회에 제출하여
야 한다.<개정 2016. 6. 28.>
1. 자본금 감소의 목적
2. 자본금의 변동 내용
3. 자본금 감소 절차 및 일정 등에 관한 사항
4. 그 밖에 승인 신청에 필요한 사항으로서 금융위원회가 정하여 고시하는 사항
③ 제2항에 따른 승인신청서에는 다음 각 호의 서류를 첨부하여야 한다.<신설 2016. 6. 28.>
1. 정관
2. 승인을 신청하는 사유에 관하여 이사회나 주주총회의 의결이 있는 경우에는 그 의사록
3. 승인을 신청하는 사유와 관련된 계약서가 있는 경우에는 그 사본
4. 그 밖에 승인 심사에 필요한 서류로서 금융위원회가 정하여 고시하는 서류
법제처                                                            4                                                       국가법령정보센터
은행법 시행령
[전문개정 2010. 11. 15.]
[제목개정 2016. 6. 28.]
 
제3조(은행업 인가신청서의 내용 등) ① 법 제11조제1항에 따라 금융위원회에 제출하는 인가신청서에는 다음 각 호의
사항을 적어야 한다.
1. 상호
2. 본점과 지점 등 영업소의 소재지
3. 발기인(개인인 경우만 해당한다) 및 임원에 관한 사항
4. 자본금 등 재무에 관한 사항
5. 사업계획에 관한 사항
6. 인력, 영업시설, 전산체계 및 그 밖의 물적 설비에 관한 사항
7. 주주구성계획
8. 그 밖에 인가 요건의 심사에 필요한 사항으로서 금융위원회가 정하여 고시하는 사항
② 제1항에 따른 인가신청서에는 다음 각 호의 서류를 첨부하여야 한다.<개정 2014. 2. 11., 2016. 7. 28.>
1. 정관
2. 본점과 지점, 그 밖의 영업소의 소재지와 명칭을 적은 서류
3. 발기인총회, 창립주주총회 또는 이사회의 의사록 등 설립이나 인가 신청의 의사결정을 증명하는 서류
4. 발기인(개인인 경우만 해당한다) 및 임원이 「금융회사의 지배구조에 관한 법률」 제5조제1항 각 호의 어느 하나
에 해당하지 아니함을 증명하는 서류
5. 최근 3개 사업연도의 재무제표와 그 부속명세서(설립 중인 법인은 제외하며, 설립일부터 3개 사업연도가 지나지
아니한 법인의 경우에는 설립일부터 최근 사업연도까지의 재무제표와 그 부속명세서를 말한다)
6. 업무 개시 후 3개 사업연도의 사업계획서(추정재무제표를 포함한다) 및 예상수지계산서
7. 인력, 영업시설, 전산체계 및 그 밖의 물적 설비 등의 현황을 확인할 수 있는 서류
8. 주주구성계획이 법 제15조, 제15조의3 및 제16조의2에 적합함을 증명하는 서류
9. 법 제11조의2에 따른 예비인가(이하 “예비인가”라 한다)에 조건을 붙인 경우에는 조건의 이행을 증명하는 서류
10. 그 밖에 인가요건의 심사에 필요한 서류로서 금융위원회가 정하여 고시하는 서류
③ 예비인가를 신청한 자로서 은행업 인가를 받으려는 자는 예비인가를 신청할 때 제출한 예비인가 신청서 및 첨부
서류의 내용이 변경되지 아니한 경우에는 그 부분을 구체적으로 제시하여 이를 참조하는 뜻을 적는 방법으로 제1항
에 따른 인가신청서의 기재사항 중 일부를 적지 아니하거나 제2항에 따른 첨부서류 중 일부의 제출을 생략할 수 있
다.
④ 제1항부터 제3항까지에서 규정한 사항 외에 은행업 인가 신청과 심사에 필요한 사항은 금융위원회가 정하여 고
시한다.
[본조신설 2010. 11. 15.]
 
제3조의2(예비인가) ① 법 제11조의2제1항에 따라 예비인가를 신청하려는 자는 다음 각 호의 사항을 적은 예비인가 신
청서를 금융위원회에 제출하여야 한다.
1. 상호
2. 본점과 지점 등 영업소의 소재지
3. 발기인(개인인 경우만 해당한다) 및 임원에 관한 사항
4. 자본금 등 재무에 관한 사항
5. 사업계획에 관한 사항
6. 인력, 영업시설, 전산체계 및 그 밖의 물적 설비에 관한 사항
7. 주주구성계획
8. 그 밖에 예비인가 요건의 심사에 필요한 사항으로서 금융위원회가 정하여 고시하는 사항
법제처                                                            5                                                       국가법령정보센터
은행법 시행령
② 제1항에 따른 예비인가 신청서에는 다음 각 호의 서류를 첨부하여야 한다.<개정 2014. 2. 11., 2016. 7. 28.>
1. 정관이나 정관안
2. 본점과 지점, 그 밖의 영업소의 소재지와 명칭을 적은 서류
3. 발기인총회, 창립주주총회 또는 이사회의 의사록 등 설립이나 인가 신청의 의사결정을 증명하는 서류
4. 발기인(개인인 경우만 해당한다) 및 임원이 「금융회사의 지배구조에 관한 법률」 제5조제1항 각 호의 어느 하나
에 해당하지 아니함을 증명하는 서류
5. 최근 3개 사업연도의 재무제표와 그 부속명세서(설립 중인 법인은 제외하며, 설립일부터 3개 사업연도가 지나지
아니한 법인의 경우에는 설립일부터 최근 사업연도까지의 재무제표와 그 부속명세서를 말한다)
6. 업무 개시 후 3개 사업연도의 사업계획서(추정재무제표를 포함한다) 및 예상수지계산서
7. 인력, 영업시설, 전산체계 및 그 밖의 물적 설비 등(채용, 구매 등이 예정된 인력 및 물적 설비 등을 포함한다)의
현황을 확인할 수 있는 서류
8. 주주구성계획이 법 제15조, 제15조의3 및 제16조의2에 적합함을 증명하는 서류
9. 그 밖에 예비인가 요건의 심사에 필요한 서류로서 금융위원회가 정하여 고시하는 서류
[본조신설 2010. 11. 15.]
 
제3조의3(국외현지법인 등의 신설계획 사전 신고 대상) 법 제13조제2항 각 호 외의 부분에서 “대통령령으로 정하는 경
우”란 해당 은행의 개별 국외현지법인(법 제13조제1항에 따른 국외현지법인을 말한다. 이하 같다) 또는 국외지점(법
제13조제1항에 따른 국외지점을 말한다. 이하 같다)에 대한 투자액이 은행 자기자본의 100분의 1을 초과하는 경우
로서 다음 각 호의 어느 하나에 해당하는 경우를 말한다. <개정 2014. 2. 11., 2018. 5. 29.>
1. 해당 은행이 다음 각 목의 어느 하나에 해당하는 경우
가. 해당 은행의 전 분기 말 현재 국제결제은행의 기준에 따른 위험가중자산에 대한 자기자본비율이 금융위원회
가 정하여 고시하는 기준 이하인 경우
나. 해당 은행에 대한 경영건전성을 평가한 결과가 금융위원회가 정하여 고시하는 기준 이하인 경우
2. 해당 은행이 금융위원회가 해당 은행의 자기자본 등을 고려하여 고시하는 규모를 초과하는 법인으로서 다음 각
목의 어느 하나에 해당하는 법인에 대하여 출자 또는 인수ㆍ합병의 방법으로 국외현지법인을 설립하려는 경우
가. 금융위원회가 정하여 고시하는 투자적격 이하인 법인
나. 해당 법인의 경영건전성을 평가한 결과가 금융위원회가 정하여 고시하는 기준에 미치지 못하는 법인
3. 국외현지법인 또는 국외지점이 다음 각 목의 구분에 따른 업무 외의 업무를 수행할 예정인 경우
가. 국외현지법인의 경우
1) 법 제27조에 따른 은행업무(이하 “은행업무”라 한다)
2) 법 제27조의2에 따른 부수업무(이하 “부수업무”라 한다)
3) 법 제28조에 따른 겸영업무(이하 “겸영업무”라 한다)
나. 국외지점의 경우: 해당 은행이 국외지점을 설립하려는 때에 수행하고 있는 업무
4. 국외현지법인 또는 국외지점이 있는 국가가 다음 각 목의 어느 하나에 해당하는 국가인 경우
가. 금융위원회가 정하여 고시하는 투자적격 이하인 국가
나. 대한민국과 수교하지 아니한 국가
5. 그 밖에 금융위원회가 정하여 고시하는 경우
[본조신설 2010. 11. 15.]
 
제3조의4(상호의 제한) 법 제14조에서 “대통령령으로 정하는 문자”란 bank 또는 banking(그 한글표기문자를 포함한다
)이나 그와 같은 의미를 가지는 다른 외국어문자(그 한글표기문자를 포함한다)를 말한다.
[본조신설 2010. 11. 15.]
 
제4조(자료 제출 요구 등) ① 은행은 동일인이 보유하는 주식의 범위를 확정하기 위하여 관련 주주에게 필요한 자료의
제출을 요구할 수 있다.
법제처                                                            6                                                       국가법령정보센터
은행법 시행령
② 은행은 제1항에 따라 자료 제출을 요구받은 관련 주주가 자료 제출을 요구받은 날부터 10일 이내에 자료를 제출
하지 아니하거나 거짓 자료를 제출한 경우에는 은행이 알고 있거나 얻을 수 있는 자료를 근거로 동일인이 보유하는
주식의 범위를 확정한다.
③ 은행은 제1항 및 제2항에 따라 동일인이 보유하는 주식의 범위를 확정하였을 때에는 관련 주주에게 이를 통지하
여야 하며, 「금융위원회의 설치 등에 관한 법률」에 따라 설립된 금융감독원의 원장(이하 “금융감독원장”이라 한다
)이 정하는 바에 따라 동일인의 해당 은행 주식보유현황을 금융감독원장에게 보고하여야 한다.
④ 금융감독원장은 은행이 확정한 동일인이 보유하는 주식의 범위에 오류가 있다고 인정되는 경우에는 관련 주주
에게 직접 필요한 자료의 제출을 요구할 수 있다.
[전문개정 2010. 11. 15.]
 
제4조의2(주식보유상황 등의 보고) ① 법 제15조제2항 각 호 외의 부분에서 “대통령령으로 정하는 자”란 다음 각 호의
어느 하나에 해당하는 자를 말한다. <개정 2014. 12. 30.>
1. 정부
2. 「예금자보호법」에 따른 예금보험공사
3. 「한국산업은행법」에 따른 한국산업은행(「금융산업의 구조개선에 관한 법률」에 따라 설치된 금융안정기금의 부
담으로 주식을 취득하는 경우로 한정한다)
② 법 제15조제2항 각 호 외의 부분에서 “대통령령으로 정하는 사항”이란 다음 각 호의 사항을 말한다.<개정 2014.
2. 11., 2015. 10. 23., 2021. 10. 21.>
1. 동일인에 관한 사항
2. 기관전용 사모집합투자기구등(법 제15조의3제2항에 따른 기관전용 사모집합투자기구등을 말한다. 이하 같다)의
경우 다음 각 목에 관한 사항
가. 주주 또는 사원
나. 기관전용 사모집합투자기구의 유한책임사원ㆍ무한책임사원의 출자액
3. 주식보유 또는 변동의 현황 및 사유에 관한 사항
4. 주식보유의 목적 및 은행에 대한 경영 관여 여부에 관한 사항
5. 그 밖에 주식보유상황 또는 주식보유비율의 변동상황을 확인하기 위하여 필요한 세부사항으로서 금융위원회가
정하여 고시하는 사항
③ 동일인은 법 제15조제2항에 따라 같은 항 각 호에 따른 보고 사유에 해당하게 된 날(은행의 주식을 취득하거나
매각하지 않았음에도 보고 사유에 해당하게 된 경우에는 그 사유에 해당하게 된 사실을 안 날을 말한다. 이하 제4항
에서 같다)부터 10영업일 이내에 제2항 각 호의 사항을 금융위원회에 보고해야 한다. 이 경우 본인과 특수관계인이
함께 보고하는 경우에는 보유주식의 수가 가장 많은 자를 대표자로 선정하여 연명(連名)으로 보고할 수 있다.<개정
2016. 6. 28., 2022. 5. 9.>
④ 제3항에도 불구하고 기금등, 그 밖에 금융위원회가 정하여 고시하는 자는 그 보고 사유에 해당하게 된 날이 속하
는 분기의 다음 달 10일까지 보고할 수 있다.
⑤ 제1항부터 제4항까지에서 규정한 사항 외에 주식보유상황 등의 보고에 필요한 사항은 금융위원회가 정하여 고
시한다.
[전문개정 2010. 11. 15.]
 
제4조의3(주식보유 승인의 처리기간) 법 제15조제4항에서 “대통령령으로 정하는 기간”이란 승인신청을 받은 날부터
60일을 말한다. 다만, 승인신청서의 흠을 보완하는 기간 등 금융위원회가 정하여 고시하는 기간은 처리기간에 산입
하지 아니한다.
[전문개정 2010. 11. 15.]
 
제5조(한도초과보유주주의 초과보유 요건) 법 제15조제5항에 따라 은행의 주식을 보유하려는 자는 별표 1의 요건을 충
족하여야 한다.
법제처                                                            7                                                       국가법령정보센터
은행법 시행령
[전문개정 2010. 11. 15.]
 
제6조 삭제 <2002. 8. 21.>
 
제7조 삭제 <2002. 8. 21.>
 
제8조(주식보유 승인의 방법 및 절차) ① 금융위원회는 법 제15조제3항에 따른 승인을 할 때 신청인의 자격 요건, 은행
의 소유지분 분포 등에 비추어 보아 필요하다고 인정하면 주식취득의 시기 및 방법 등을 제한할 수 있다.
② 법 제15조제3항에 따른 승인을 받으려는 자는 다음 각 호의 사항을 적은 승인신청서를 금융위원회에 제출하여
야 한다.
1. 신청인에 관한 사항
2. 은행이 발행한 주식의 보유 현황
3. 은행이 발행한 주식의 취득 계획
③ 제2항에 따른 승인신청서에는 다음 각 호의 서류를 첨부하여야 한다.<개정 2018. 10. 30.>
1. 정관(법인인 경우만 해당한다)
2. 외국기업의 경우에는 법인 등기사항증명서에 준하는 서류
3. 최근 사업연도 말 현재 재무제표 및 최근 사업연도 말 이후 반기재무제표(법인인 경우만 해당한다)
4. 제3호에 따른 재무제표에 대한 회계감사인(「주식회사 등의 외부감사에 관한 법률」 제2조제7호에 따른 감사인을
말한다. 이하 같다)의 감사보고서 및 검토보고서
5. 승인을 받으려는 자가 「금융위원회의 설치 등에 관한 법률」 제38조에 따라 금융감독원으로부터 검사를 받는 기
관인 경우에는 그 기관에 적용되는 재무건전성 기준에 따라 산출한 재무상태 및 이에 대한 회계감사인의 검토보
고서
6. 그 밖에 승인 요건의 심사에 필요한 서류로서 금융위원회가 정하여 고시하는 서류
④ 제2항에 따른 승인신청서를 받은 금융위원회는 「전자정부법」 제36조제1항에 따른 행정정보의 공동이용을 통하
여 다음 각 호의 행정정보를 확인하여야 한다. 다만, 신청인이 제2호의 주민등록표 등본의 확인에 동의하지 아니하
는 경우에는 그 서류를 첨부하게 하여야 한다.
1. 법인 등기사항증명서(국내 법인인 경우만 해당한다)
2. 주민등록표 등본(사업자등록증으로 갈음할 수 있다)
3. 주식을 취득하려는 은행의 법인 등기사항증명서
⑤ 제2항부터 제4항까지에서 규정한 사항 외에 은행 주식의 보유에 대한 승인신청서의 서식, 승인신청의 방법 및
절차 등에 관하여 필요한 세부사항은 금융위원회가 정하여 고시한다.
[전문개정 2010. 11. 15.]
 
제9조 삭제 <2014. 2. 11.>
 
제10조(기관전용 사모집합투자기구등의 주식보유에 대한 승인 등) ① 삭제 <2014. 2. 11.>
② 법 제15조의3제2항에 따른 승인을 받으려는 기관전용 사모집합투자기구등은 그 기관전용 사모집합투자기구의
업무집행사원 또는 그 업무집행사원의 임원(「상법」 제401조의2제1항제3호에 해당하는 자를 포함한다. 이하 이 항
에서 같다)이 다음 각 호의 기준을 모두 충족하여야 한다.<개정 2014. 2. 11., 2015. 10. 23., 2016. 7. 28., 2021. 10.
21.>
1. 업무집행사원이 법인이며, 해당 법인 설립 후 3년이 지났을 것
2. 업무집행사원의 임원은 「금융회사의 지배구조에 관한 법률」 제5조제1항 각 호의 어느 하나에 해당하지 아니할
것
3. 다음 각 목의 기준을 충족할 것. 다만, 금융위원회가 그 위반 등의 정도가 경미하다고 인정하는 경우는 제외한다.
가. 최근 5년간 「금융회사의 지배구조에 관한 법률 시행령」 제5조에 따른 법령(이하 “금융관련법령”이라 한다), 「
독점규제 및 공정거래에 관한 법률」 또는 「조세범 처벌법」을 위반하여 벌금형 이상에 해당하는 형사처벌을
법제처                                                            8                                                       국가법령정보센터
은행법 시행령
받은 사실이 없을 것
나. 최근 5년간 「금융산업의 구조개선에 관한 법률」에 따라 부실금융기관으로 지정되었거나 금융관련법령에 따
라 영업의 허가ㆍ인가 등이 취소된 기관의 최대주주, 의결권 있는 발행주식 총수의 100분의 10을 초과하여 보
유한 주주 또는 그 특수관계인이 아닐 것. 다만, 법원의 판결에 의하여 부실책임이 없다고 인정된 자 또는 부실
에 따른 경제적 책임을 부담하는 등 금융위원회가 정하여 고시하는 기준에 해당하는 자는 제외한다.
4. 자신이 업무집행사원으로 있거나 있었던 기관전용 사모집합투자기구등이  다음 각 목의 어느 하나에 해당할 것
가. 1개의 기관전용 사모집합투자기구등에 출자된 가액(해당 업무집행사원이 출자한 가액은 제외한다)이 5천억원
이상으로서 금융위원회가 정하여 고시하는 금액 이상인 경우
나. 1개의 기관전용 사모집합투자기구등에 대하여 그 자산 운용대상을 미리 정하지 아니하고 주주 또는 사원이
기관전용 사모집합투자기구등에 출자하여 2개 이상의 투자대상기업에 실제 투자된 가액(해당 업무집행사원이
출자한 가액 중 투자된 가액은 제외한다)이 3천억원 이상으로서 금융위원회가 정하여 고시하는 금액 이상인
경우
5. 그 밖에 자산운용 능력ㆍ경험 및 사회적 신용 등에 관하여 필요한 세부사항으로서 금융위원회가 정하여 고시하
는 기준
③ 법 제15조의3제3항에서 “기관전용 사모집합투자기구등의 정관, 그 밖에 그 주주 또는 사원 사이에 체결된 계약
내용 등 대통령령으로 정하는 정보 또는 자료”란 다음 각 호의 정보 또는 자료를 말한다.<개정 2015. 10. 23., 2021.
10. 21.>
1. 기관전용 사모집합투자기구등의 정관
2. 기관전용 사모집합투자기구등의 주주 또는 사원 사이에 체결된 계약내용
3. 기관전용 사모집합투자기구등의 주주 및 사원 내역
4. 기관전용 사모집합투자기구등의 주주 및 사원의 특수관계인의 내역
5. 그 밖에 법 제15조의3제2항의 승인 요건에 해당하는지를 확인하기 위하여 필요한 것으로서 금융위원회가 정하
여 고시하는 정보 또는 자료
④ 법 제15조의3제4항에서 “대통령령으로 정하는 기간”이란 승인신청을 받은 날부터 30일을 말한다. 다만, 승인신
청서의 흠을 보완하는 기간 등 금융위원회가 정하여 고시하는 기간은 처리기간에 산입하지 아니한다.
⑤ 기관전용 사모집합투자기구등의 은행 주식보유 승인에 관하여는 제8조제2항부터 제5항까지의 규정을 준용한다.
<개정 2015. 10. 23., 2021. 10. 21.>
[전문개정 2010. 11. 15.]
[제목개정 2021. 10. 21.]
 
제10조의2(한도초과주식의 의결권 제한 등) ① 법 제16조제2항제1호가목 및 같은 항 제2호가목에서 “대통령령으로 정
하는 기간”이란 각각 법 제33조제1항제3호에 따른 은행주식 전환형 조건부자본증권(이하 “은행주식 전환형 조건부
자본증권”이라 한다)에 대하여 발행 당시 객관적이고 합리적인 기준에 따라 미리 정하는 사유(이하 “예정사유”라 한
다)가 발생한 날부터 5영업일을 말한다.
② 법 제16조제2항제1호나목 본문 및 같은 항 제2호나목 본문에서 “대통령령으로 정하는 기간”이란 각각 은행주식
전환형 조건부자본증권의 예정사유가 발생한 날부터 6개월을 말한다.
[본조신설 2016. 6. 28.]
 
제11조(비금융주력자로 간주되는 기간 등) ① 법 제16조의2제1항에서 “대통령령으로 정하는 기간”이란 3개월을 말한다
.
② 법 제16조의2제2항에서 “재무건전성 등 대통령령으로 정하는 요건”이란 별표 2에 따른 요건을 말한다.<개정
2014. 2. 11.>
[전문개정 2010. 11. 15.]
 
법제처                                                            9                                                       국가법령정보센터
은행법 시행령
제11조의2(전환계획의 승인 요건 등) ① 법 제16조의2제3항제1호에 따른 전환계획(이하 이 조에서 “전환계획”이라 한
다)은 다음 각 호의 요건을 갖추어야 한다.
1. 시장상황에 대한 전망 등 전환계획의 전제가 된 가정이 합리적일 것
2. 처분 대상인 비금융회사의 발행주식 규모, 자산 규모 등에 비추어 전환계획이 제시된 이행기간 내에 실현될 수
있을 것
3. 분기별 이행계획이 포함되어 있을 것
② 법 제16조의3제2항에 따라 금융위원회는 전환계획 이행 상황을 분기별로 점검하여야 한다.
③ 금융위원회는 제1항 각 호의 요건에 관한 구체적인 기준 및 제2항에 따른 점검방법 등 전환계획 이행 상황의 점
검을 위하여 필요한 사항을 정하여 고시할 수 있다.
[전문개정 2010. 11. 15.]
 
제11조의3(기금등의 이해상충 방지 요건 등) ① 법 제16조의2제3항제3호가목에서 “대통령령으로 정하는 체계”란 다음
각 호의 요건을 모두 갖춘 체계를 말한다.
1. 이해상충을 방지할 수 있는 의결권 행사기준을 마련할 것. 이 경우 해당 기준에는 의결권 행사기준에 마련되어
있지 아니한 사안에 대하여 의결권을 행사하는 경우로서 기금등이 보유한 은행의 주식 수가 법 제16조의2제1항
에서 정한 한도에 해당하는 주식 수를 초과하는 경우에는 기금등이 보유한 주식을 발행한 은행의 주주총회에 참
석한 주주가 보유한 주식 수에서 기금등이 보유한 주식 수 중 법 제16조의2제1항에서 정한 한도를 초과하는 주식
수를 뺀 주식 수의 결의 내용에 영향을 미치지 아니하도록 의결권을 행사한다는 내용이 포함되어야 한다.
2. 주식을 보유한 은행의 주주로서 취득한 정보는 주주권 행사 목적 외로 활용되지 아니하도록 관리하는 등 이해상
충이 발생할 가능성을 파악ㆍ평가ㆍ관리할 수 있는 내부통제기준을 갖출 것
3. 그 밖에 이해상충을 방지하기 위하여 필요한 사항으로 금융위원회가 정하여 고시하는 사항
② 법 제16조의2제3항제3호다목에서 “대통령령으로 정하는 요건”이란 기금등이 「국가재정법」 제79조에 따라 정한
자산운용지침을 준수하는 것을 말한다.
[전문개정 2010. 11. 15.]
 
제11조의4(한도초과보유주주등에 대한 적격성심사 절차 등) ① 금융위원회는 법 제16조의4제1항에 따라 한도초과보유
주주등이 초과보유요건등을 충족하는지를 반기(半期)마다 정기적으로 심사하여야 한다. 다만, 한도초과보유주주등과
은행과의 불법거래 징후가 있는 경우 등 특별히 필요하다고 인정할 때에는 수시심사를 할 수 있다.
② 제1항에 따른 한도초과보유주주등에 대한 적격성심사의 절차ㆍ방법 등에 관하여 필요한 세부사항은 금융위원회
가 정하여 고시한다.
[전문개정 2010. 11. 15.]
 
제12조 삭제 <2016. 7. 28.>
 
제13조 삭제 <2016. 7. 28.>
 
제13조의2 삭제 <2002. 8. 21.>
 
제14조 삭제 <1999. 5. 12.>
 
제15조 삭제 <2016. 7. 28.>
 
제16조 삭제 <2016. 7. 28.>
 
제17조 삭제 <2016. 7. 28.>
 
제17조의2 삭제 <2016. 7. 28.>
법제처                                                            10                                                       국가법령정보센터
은행법 시행령
제17조의3 삭제 <2016. 7. 28.>
 
제17조의4 삭제 <2016. 7. 28.>
 
제17조의5 삭제 <2016. 7. 28.>
 
제18조(부수업무의 범위 등) ① 법 제27조의2제2항제11호에서 “대통령령으로 정하는 업무”란 다음 각 호의 업무를 말
한다. <개정 2014. 2. 11., 2016. 6. 28.>
1. 부동산의 임대. 다만, 제21조의2제4항에 따른 업무용 부동산이 아닌 경우에는 법 제39조에 따라 처분하여야 하는
날까지의 임대로 한정한다.
2. 수입인지, 복권, 상품권 또는 입장권 등의 판매 대행
3. 은행의 인터넷 홈페이지, 서적, 간행물 및 전산 설비 등 물적 설비를 활용한 광고 대행
4. 그 밖에 법 제27조의2제4항 각 호의 어느 하나에 해당할 우려가 없는 업무로서 금융위원회가 정하여 고시하는
업무
② 법 제27조의2제3항에서 “업무계획 및 예상손익에 관한 서류 등 대통령령으로 정하는 서류”란 다음 각 호의 서류
를 말한다.
1. 업무계획서
2. 손익예상서
3. 정관
4. 부수업무 운영을 결의한 이사회 의사록 사본
5. 그 밖에 부수업무 운영과 관련된 서류로서 금융위원회가 정하여 고시하는 서류
③ 금융위원회는 은행이 법 제27조의2제2항 각 호 외의 부분 본문에 따라 부수업무를 신고한 경우에는 신고일부터
7일 이내에 다음 각 호의 사항을 인터넷 홈페이지 등에 공고하여야 한다.
1. 은행의 명칭
2. 부수업무의 신고일
3. 부수업무의 개시 예정일
4. 부수업무의 내용
④ 금융위원회는 법 제27조의2제4항에 따라 제한 또는 시정명령을 한 경우에는 그 내용과 사유를 인터넷 홈페이지
등에 공고하여야 한다.
[전문개정 2010. 11. 15.]
 
제18조의2(겸영업무의 범위) ① 법 제28조제1항제1호에서 “대통령령으로 정하는 금융 관련 법령”이란 금융관련법령을
말한다. <개정 2016. 7. 28.>
② 법 제28조제1항제1호에서 “대통령령으로 정하는 금융업무”란 다음 각 호의 업무를 말한다.<개정 2013. 9. 9.,
2016. 6. 28., 2020. 8. 4.>
1. 「자본시장과 금융투자업에 관한 법률」 제3조제2항제2호에 따른 파생상품의 매매ㆍ중개 업무
2. 「자본시장과 금융투자업에 관한 법률」 제4조제2항제5호에 따른 파생결합증권(금융위원회가 정하여 고시하는 파
생결합증권으로 한정한다)의 매매업무
3. 「자본시장과 금융투자업에 관한 법률」 제4조제3항에 따른 국채증권, 지방채증권 및 특수채증권의 인수ㆍ매출 업
무
4. 「자본시장과 금융투자업에 관한 법률」 제4조제3항에 따른 국채증권, 지방채증권, 특수채증권 및 사채권의 매매
업무
5. 「자본시장과 금융투자업에 관한 법률」 제4조제3항에 따른 국채증권, 지방채증권 및 특수채증권의 모집ㆍ매출 주
선업무
법제처                                                            11                                                       국가법령정보센터
은행법 시행령
6. 「자본시장과 금융투자업에 관한 법률」 제6조제4항에 따른 집합투자업(같은 법 제9조제18항제1호에 따른 투자신
탁을 통한 경우로 한정하며, 이하 제18조의3에서 “집합투자업”이라 한다)
7. 「자본시장과 금융투자업에 관한 법률」 제6조제6항에 따른 투자자문업(이하 제18조의3에서 “투자자문업”이라 한
다)
8. 「자본시장과 금융투자업에 관한 법률」 제6조제8항에 따른 신탁업(이하 제18조의3에서 “신탁업”이라 한다)
9. 「자본시장과 금융투자업에 관한 법률」 제9조제21항에 따른 집합투자증권에 대한 투자매매업(이하 제18조의3에
서 “집합투자증권에 대한 투자매매업”이라 한다)
10. 「자본시장과 금융투자업에 관한 법률」 제9조제21항에 따른 집합투자증권에 대한 투자중개업(이하 제18조의
3에서 “집합투자증권에 대한 투자중개업”이라 한다)
11. 「자본시장과 금융투자업에 관한 법률」 제254조에 따른 일반사무관리회사의 업무(이하 제18조의3에서 “일반사
무관리회사의 업무”라 한다)
12. 「자본시장과 금융투자업에 관한 법률」 제365조에 따른 명의개서대행회사의 업무
13. 「자본시장과 금융투자업에 관한 법률 시행령」 제81조제1항제1호에 따른 환매조건부매도 및 같은 영 제85조제
3호나목에 따른 환매조건부매수의 업무(이하 제18조의3에서 “환매조건부매매의 업무”라 한다)
14. 「보험업법」 제91조에 따른 보험대리점의 업무
15. 「근로자퇴직급여 보장법」 제2조제13호에 따른 퇴직연금사업자의 업무(이하 제18조의3에서 “퇴직연금사업자의
업무”라 한다)
16. 「여신전문금융업법」 제2조제2호에 따른 신용카드업
17. 「담보부사채신탁법」 제5조에 따른 담보부사채에 관한 신탁업(이하 제18조의3에서 “담보부사채에 관한 신탁업
”이라 한다)
18. 「자본시장과 금융투자업에 관한 법률 시행령」 제98조제2항에 따른 자산구성형 개인종합자산관리계약에 관한
「자본시장과 금융투자업에 관한 법률」 제6조제7항에 따른 투자일임업
19. 「신용정보의 이용 및 보호에 관한 법률」에 따른 본인신용정보관리업
20. 그 밖에 금융관련법령에 따라 인가ㆍ허가 및 등록 등을 받은 금융업무
③ 법 제28조제1항제2호에서 “대통령령으로 정하는 법령”이란 금융관련법령을 말한다.<개정 2016. 7. 28.>
④ 법 제28조제1항제3호에서 “대통령령으로 정하는 금융업무”란 다음 각 호의 업무를 말한다.<개정 2014. 2. 11.,
2014. 12. 9., 2016. 6. 28.>
1. 「자산유동화에 관한 법률」 제2조제5호에 따른 유동화전문회사의 유동화자산 관리의 수탁업무 및 채권추심 업무
의 수탁업무
2. 삭제<2023. 5. 16.>
3. 기업의 인수 및 합병의 중개ㆍ주선 또는 대리 업무
4. 기업의 경영, 구조조정 및 금융 관련 상담ㆍ조력 업무
5. 증권의 투자 및 대차거래(貸借去來) 업무
6. 상업어음 및 무역어음의 매출
7. 금융관련법령에 따라 금융업을 경영하는 자의 금융상품 및 「무역보험법」에 따른 무역보험의 판매 대행
8. 대출 및 대출채권매매의 중개ㆍ주선 또는 대리 업무
9. 국외지점이 소재하는 국가의 관련 법령에 따라 영위할 수 있는 업무(해당 국외지점이 영위하는 경우로 한정한다)
10. 그 밖에 해당 업무를 운영하여도 법 제27조의2제4항 각 호의 어느 하나에 해당할 우려가 없는 업무로서 금융위
원회가 정하여 고시하는 업무
[전문개정 2010. 11. 15.]
 
제18조의3(이해상충의 관리) ① 은행은 법 제28조의2제1항에 따라 다음 각 호의 구분에 따른 해당 호에서의 업무 간에
는 이해상충이 발생할 가능성에 대하여 인식ㆍ평가하고 정보교류를 차단하는 등 공정하게 관리하여야 한다. <개정
2013. 9. 9., 2023. 5. 16.>
법제처                                                            12                                                       국가법령정보센터
은행법 시행령
1. 다음 각 목의 업무 간의 경우
가. 은행의 업무[나목부터 라목까지의 업무, 제2호다목에 따른 업무 및 제4호나목에 따른 투자자문업ㆍ투자매매
업등(같은 호 각 목 외의 부분에 해당하는 경우로 한정한다)을 제외한 은행업무, 부수업무 및 겸영업무를 말한
다]
나. 집합투자업
다. 신탁업
라. 일반사무관리회사의 업무
2. 다음 각 목의 업무 간의 경우
가. 집합투자업
나. 일반사무관리회사의 업무
다. 퇴직연금사업자의 업무, 담보부사채에 관한 신탁업, 제18조의2제4항제1호에 따른 유동화전문회사의 유동화
자산 관리의 수탁업무 및 채권추심 업무의 수탁업무
3. 투자자문업과 제18조의2제4항제5호에 따른 업무 간의 경우
4. 신탁업[「자본시장과 금융투자업에 관한 법률」 제9조제20항에 따른 집합투자재산(이하 이 호에서 “집합투자재산
”이라 한다)을 보관ㆍ관리하는 업무는 제외한다]을 투자자문업 또는 투자매매업등(집합투자증권에 대한 투자매매
업, 집합투자증권에 대한 투자중개업 및 환매조건부매매의 업무를 말한다. 이하 이 호에서 같다)과 함께 영위하는
경우에는 다음 각 목의 업무 간의 경우
가. 집합투자업
나. 신탁업(집합투자재산을 보관ㆍ관리하는 업무는 제외한다), 투자자문업 및 투자매매업등
다. 신탁업(집합투자재산을 보관ㆍ관리하는 업무만 해당한다)
라. 일반사무관리회사의 업무
② 은행은 법 제28조의2제2항에 따라 이해상충의 관리를 위하여 다음 각 호의 구분에 따른 사항을 「금융회사의 지
배구조에 관한 법률」 제24조제1항에 따른 내부통제기준(이하 “내부통제기준”이라 한다)에 반영하여야 한다.<개정
2013. 9. 9., 2016. 7. 28.>
1. 제1항제1호 각 목의 업무 간의 경우, 같은 항 제2호 각 목의 업무 간의 경우 및 같은 항 제4호 각 목의 업무 간의
경우(같은 호 각 목 외의 부분에 해당하는 경우로 한정한다): 「자본시장과 금융투자업에 관한 법률」 제250조제
3항부터 제7항까지에서 규정한 사항
2. 제1항제3호 업무 간의 경우: 다음 각 목의 행위를 금지하기 위하여 필요한 사항
가. 금융투자상품(「자본시장과 금융투자업에 관한 법률」 제3조에 따른 금융투자상품을 말한다. 이하 이 목에서
같다)의 투자 판단 자문에 응한 내용, 금융투자상품의 매매 및 소유 현황의 정보를 제공하는 행위. 다만, 이해
상충이 발생할 가능성이 크지 아니한 경우로서 금융위원회가 정하여 고시하는 경우는 제외한다.
나. 임원(대표이사, 감사 및 사외이사가 아닌 감사위원회의 위원은 제외한다) 또는 직원을 겸직하게 하는 행위
다. 사무공간 또는 전산설비를 공동으로 이용하는 행위
라. 업무 간에 담당 부서를 독립된 부서로 구분하지 아니하거나, 담당 부서가 그 업무를 독립적으로 처리하지 아
니하는 행위
③ 법 제28조의2제6항에서 “대통령령으로 정하는 겸영업무 및 부수업무”란 다음 각 호의 어느 하나에 해당하는 업
무를 말한다.<개정 2013. 9. 9.>
1. 집합투자업
2. 신탁업
3. 집합투자증권에 대한 투자매매업
4. 집합투자증권에 대한 투자중개업
5. 「여신전문금융업법」 제2조제2호에 따른 신용카드업
④ 제3항 각 호의 업무를 수행하는 은행은 법 제28조의2제6항에 따라 그 업무를 은행업무와 구별하고 별도의 장부
와 기록을 보유하여야 한다. 이 경우 제3항제2호의 업무를 수행하는 은행은 해당 업무에 속하는 자금, 유가증권 또
법제처                                                            13                                                       국가법령정보센터
은행법 시행령
는 소유물을 구별하여 별도의 장부와 기록을 보유하여야 한다.
[전문개정 2010. 11. 15.]
 
제18조의4(금리인하 요구) ① 은행과 신용공여 계약을 체결한 자는 법 제30조의2제1항에 따라 다음 각 호의 어느 하나
에 해당하는 경우 은행에 금리인하를 요구할 수 있다. <개정 2020. 8. 4.>
1. 개인이 신용공여 계약을 체결한 경우: 취업, 승진, 재산 증가 또는 개인신용평점 상승 등 신용상태의 개선이 나타
났다고 인정되는 경우
2. 개인이 아닌 자(개인사업자를 포함한다)가 신용공여 계약을 체결한 경우: 재무상태 개선, 신용등급 또는 개인신용
평점 상승 등 신용상태의 개선이 나타났다고 인정되는 경우
② 제1항에 따라 금리인하 요구를 받은 은행은 해당 요구의 수용 여부를 판단할 때 신용상태의 개선이 금리 산정에
영향을 미치는지 여부 등 금융위원회가 정하여 고시하는 사항을 고려할 수 있다.
③ 은행은 제1항에 따른 금리인하 요구를 받은 날부터 10영업일 이내(금리인하 요구자에게 자료의 보완을 요구하
는 날부터 자료가 제출되는 날까지의 기간은 포함하지 않는다)에 해당 요구의 수용 여부 및 그 사유를 금리인하 요
구자에게 전화, 서면, 문자메시지, 전자우편, 팩스 또는 그 밖에 이와 유사한 방법으로 알려야 한다.
④ 제1항부터 제3항까지에서 규정한 사항 외에 금리인하 요구의 요건 및 절차 등에 관하여 필요한 사항은 금융위원
회가 정하여 고시한다.
[본조신설 2019. 6. 11.]
 
제18조의5(대출금리의 산정) 법 제30조의3제2항 각 호 외의 부분에서 “대통령령으로 정하는 비율”이란 다음 각 호의
구분에 따른 비율을 말한다.
1. 법 제30조의3제2항 각 호에 따른 기금 등의 보증을 받아 취급하는 대출의 경우: 100분의 50
2. 그 밖의 대출의 경우: 100분의 0
[본조신설 2026. 6. 16.]
 
제19조(금융채의 발행 등) ① 법 제33조제1항 각 호 외의 부분 본문에서 “대통령령으로 정하는 한도”란 자기자본의 5배
를 말한다. 다만, 법 제33조제1항 각 호의 사채(이하 “금융채”라 한다)를 새로 발행하지 아니하였음에도 불구하고 자
기자본의 감소, 합병, 전환 등의 사유로 금융채의 발행금액이 자기자본의 5배를 초과하게 되는 경우에는 그 발행금
액이 자기자본의 5배 이내가 될 때까지 새로 금융채를 발행할 수 없다. <개정 2011. 12. 28., 2016. 6. 28.>
② 은행이 이미 발행한 금융채를 상환하기 위하여 새로 금융채를 발행하는 경우에는 상환할 금융채의 발행금액은
법 제33조제1항 각 호 외의 부분 본문에 따른 사채발행한도에 산입하지 아니한다. 이 경우 상환하기로 한 금융채는
새로 금융채를 발행한 후 1개월 이내에 상환하여야 한다.<개정 2016. 6. 28.>
③ 은행은 금융채를 매출기간을 미리 정하여 매출의 방법으로 발행할 수 있다.
④ 삭제<2016. 6. 28.>
⑤ 법 제33조제1항제5호에서 “대통령령으로 정하는 사채”란 은행이 국제결제은행의 기준에 따라 발행한 채무증권
또는 금융업을 경영하는 자가 금융관련법령 및 이에 상당하는 외국의 금융관련법령에 따라 발행할 수 있는 채무증
권으로서 금융위원회가 정하여 고시한 사채를 말한다.<신설 2016. 6. 28.>
⑥ 법 제33조제1항제2호부터 제4호까지에 따른 사채(이하 “조건부자본증권”이라 한다)를 발행하는 경우 그 만기를
발행은행이 청산ㆍ파산하는 때로 할 수 있다.<신설 2016. 6. 28.>
⑦ 법 제33조제1항제2호부터 제4호까지에 따른 예정사유는 다음 각 호의 기준을 모두 충족하여야 한다.<신설
2016. 6. 28.>
1. 조건부자본증권을 발행하였거나 발행하려고 하는 은행(이하 “발행은행”이라 한다)이나 그 발행은행의 주주 및 투
자자 등 조건부자본증권의 발행과 관련하여 이해관계를 가지는 자의 통상적인 노력으로 변동되거나 발생할 가능
성이 현저히 낮은 사유로서 금융위원회가 정하여 고시하는 요건에 맞을 것
2. 「자본시장과 금융투자업에 관한 법률 시행령」 제176조의12제2항제2호에 따라 충분히 공시ㆍ공표될 수 있을 것
법제처                                                            14                                                       국가법령정보센터
은행법 시행령
⑧ 제1항부터 제7항까지에서 규정한 사항 외에 금융채의 발행조건 및 발행방법 등에 관하여 필요한 세부사항은 금
융위원회가 정하여 고시한다.<신설 2016. 6. 28.>
[전문개정 2010. 11. 15.]
 
제19조의2(은행지주회사주식 전환형 조건부자본증권의 발행절차 등) ① 법 제33조의3제1항 각 호 외의 부분에서 “은행
지주회사주식 전환형 조건부자본증권의 총액 등 대통령령으로 정하는 사항”이란 다음 각 호의 사항을 말한다.
1. 은행지주회사주식 전환형 조건부자본증권의 총액
2. 법 제33조의3제11항에 따라 비상장은행 및 상장은행지주회사의 정관에 규정하여야 하는 사항
3. 비상장은행 및 상장은행지주회사의 자본금 또는 준비금이 증가하는 경우에는 증가하는 자본금 또는 준비금에 관
한 사항
4. 법 제33조의3제1항제1호에 따른 비상장은행의 이사회 의결일 및 같은 항 제2호에 따른 상장은행지주회사의 이
사회 의결일과 주주총회 결의일
5. 법 제33조의3제8항 단서에 따라 달리 정하려는 사항
6. 법 제33조의4제1항 후단에 따라 특별결의를 거치지 아니하고 은행지주회사주식 전환형 조건부자본증권을 발행
할 수 있다는 뜻
② 법 제33조의3제3항에서 “은행지주회사주식 전환형 조건부자본증권의 총액 등 대통령령으로 정하는 사항”이란
다음 각 호의 사항을 말한다.
1. 은행지주회사주식 전환형 조건부자본증권의 총액
2. 각 은행지주회사주식 전환형 조건부자본증권의 금액
3. 각 은행지주회사주식 전환형 조건부자본증권의 납입금액
4. 제5항 각 호의 사항
③ 법 제33조의3제6항에서 “대통령령으로 정하는 날”이란 예정사유가 발생한 날부터 제10영업일이 되는 날을 말한
다.
④ 법 제33조의3제11항에 따라 비상장은행 및 상장은행지주회사의 정관에 규정하여야 하는 사항은 다음 각 호와
같다.
1. 은행지주회사주식 전환형 조건부자본증권을 발행할 수 있다는 뜻
2. 은행지주회사주식 전환형 조건부자본증권의 총액
3. 예정사유
4. 전환 및 교환으로 인하여 발행할 주식의 종류와 내용
5. 주주에게 은행지주회사주식 전환형 조건부자본증권의 인수권을 준다는 뜻과 인수권의 목적인 은행지주회사주식
전환형 조건부자본증권의 금액
6. 주주 외의 자에게 은행지주회사주식 전환형 조건부자본증권을 발행한다는 뜻과 그 발행할 은행지주회사주식 전
환형 조건부자본증권의 금액
⑤ 은행지주회사주식 전환형 조건부자본증권의 사채청약서 및 사채원부에는 다음 각 호의 사항이 기재되어야 한다.
1. 은행지주회사주식 전환형 조건부자본증권을 비상장은행의 주식으로 전환함과 동시에 그 전환된 주식을 상장은
행지주회사의 주식과 교환할 수 있다는 뜻
2. 예정사유, 주식으로의 전환가격 등 전환 및 교환의 조건
3. 전환 및 교환으로 인하여 발행할 주식의 종류와 내용
⑥ 은행지주회사주식 전환형 조건부자본증권의 주식으로의 전환가격에 관하여 필요한 세부사항은 금융위원회가
정하여 고시한다.
⑦ 제1항부터 제6항까지에서 규정한 사항 외에 은행지주회사주식 전환형 조건부자본증권의 발행 등에 필요한 세부
사항은 금융위원회가 정하여 고시한다.
[본조신설 2016. 6. 28.]
법제처                                                            15                                                       국가법령정보센터
은행법 시행령
제19조의3(사채등의 범위) 법 제33조의5제1항에서 “대통령령으로 정하는 권리”란 다음 각 호의 권리를 말한다.
1. 「중소기업은행법」 제36조의2에 따른 중소기업금융채권에 표시될 수 있거나 표시되어야 할 권리
2. 「한국산업은행법」 제23조에 따른 산업금융채권에 표시될 수 있거나 표시되어야 할 권리
3. 양도성 예금증서에 표시될 수 있거나 표시되어야 할 권리
[본조신설 2019. 6. 25.]
 
제19조의4(사채등 등록의 신청) ① 법 제33조의5제1항에 따른 사채등(이하 “사채등”이라 한다)의 소유자ㆍ질권자, 그
밖의 이해관계자가 그 권리를 등록하려는 경우에는 해당 사채등을 발행하는 은행(이하 “발행은행”이라 한다)에 등록
할 각 사채등의 금액, 채권 번호 및 그 밖에 등록에 필요한 사항을 적은 등록신청서를 제출해야 한다.
② 법 제33조의5제1항에 따른 등록의 원인이 양도나 질권 설정 등 상대방이 있는 행위인 경우에는 등록으로 권리를
취득하는 자(대리인을 포함하며, 이하 “등록권리자”라 한다) 및 그 상대방(대리인을 포함하며, 이하 “등록의무자”라
한다)은 공동으로 등록을 신청해야 한다. 다만, 등록의무자의 승낙서를 등록신청서에 첨부한 경우에는 등록권리자
가 단독으로 등록을 신청할 수 있다.
③ 제1항 및 제2항에 따른 등록신청서, 등록의 방법ㆍ절차 및 제출서류 등 등록의 신청에 필요한 사항은 금융위원
회가 정하여 고시한다.
[본조신설 2019. 6. 25.]
 
제19조의5(등록증명서의 발급) 발행은행은 사채등의 등록을 마친 경우에는 금융위원회가 정하여 고시하는 바에 따라
등록증명서를 발급해야 한다.
[본조신설 2019. 6. 25.]
 
제19조의6(사채등 등록 말소의 신청) ① 등록된 사채등의 등록 말소를 신청하려는 자는 등록 말소신청서에 등록을 말
소해야 할 각 사채등의 금액 및 채권 번호와 그 밖에 필요한 사항을 적고 제19조의5에 따른 등록증명서를 첨부하여
제출해야 한다.
② 제1항에 따른 등록 말소신청서, 등록 말소의 방법ㆍ절차 및 제출서류 등 등록 말소의 신청에 필요한 사항은 금융
위원회가 정하여 고시한다.
[본조신설 2019. 6. 25.]
 
제19조의7(등록의무자가 행방불명인 경우의 등록 말소) ① 등록권리자는 등록의무자의 행방을 알 수 없어 등록의 말소
를 신청할 수 없는 경우에는 「민사소송법」에 따라 공시최고(公示催告)를 신청할 수 있다.
② 등록권리자는 등록의무자의 행방을 알 수 없어 등록의 말소를 신청할 수 없는 경우 제권판결(除權判決)이 있을
때에는 등록말소신청서에 제권판결 정본 또는 등본을 첨부하여 단독으로 등록 말소를 신청할 수 있다.
[본조신설 2019. 6. 25.]
 
제19조의8(등록부의 작성ㆍ비치 및 관리) ① 발행은행은 제19조의4제1항에 따라 등록신청서가 제출되면 접수번호, 등
록의 연월일, 등록권리자의 성명 및 주소, 등록의 원인 등 등록에 필요한 사항을 기재하여 등록부를 작성해야 한다.
② 제1항에 따른 등록부의 작성방법 및 절차, 비치ㆍ관리 등에 필요한 사항은 금융위원회가 정하여 고시한다.
[본조신설 2019. 6. 25.]
 
제19조의9(등록한 사채등에 관한 권리의 순위) ① 등록을 한 사채등에 관한 권리의 순위는 등록을 한 순서에 따른다.
② 등록의 순서는 등록부 중 같은 난에서 한 등록의 경우는 순위번호에 따르고, 별란(別欄)에서 한 등록의 경우는 접
수번호에 따른다.
③ 부기등록(附記登錄)의 순위는 주등록(主登錄)의 순위에 따른다. 다만, 같은 주등록에 관한 부기등록 상호간의 순
위는 부기등록을 한 순서에 따른다.
[본조신설 2019. 6. 25.]
법제처                                                            16                                                       국가법령정보센터
은행법 시행령
제19조의10(등록한 무기명 사채등의 공탁) 등록한 무기명 사채등의 소유자에 관하여 「상법」 제491조제4항 및 제492조
제2항과 「담보부사채신탁법」 제45조제2항 및 제84조제2항을 적용할 때에는 등록증명서의 공탁(供託)을 그 증권이
나 증서의 공탁으로 본다.
[본조신설 2019. 6. 25.]
 
제20조(경영지도기준 등) ①법 제34조제2항에 따른 경영지도기준에는 다음 각 호의 사항이 포함되어야 한다. <개정
2011. 12. 28.>
1. 국제결제은행의 기준에 따른 위험가중자산에 대한 자기자본비율 등 은행의 신용위험에 대응하는 자기자본의 보
유기준에 관한 사항
2. 대출채권 등 은행이 보유하는 자산의 건전성 분류기준에 관한 사항
3. 신용공여를 통합하여 관리할 필요가 있다고 인정하여 금융위원회가 정하여 고시하는 자에 대한 신용공여 관리기
준에 관한 사항
4. 유동성부채에 대한 유동성자산의 보유기준에 관한 사항
5. 그 밖에 은행 경영의 건전성 확보를 위하여 금융위원회가 정하여 고시하는 사항
② 금융위원회는 법 제34조제4항에 따른 조치로서 은행이 제1항에 따른 경영지도기준을 준수하지 못할 우려가 있
거나 경영상 취약한 부분이 있다고 판단되는 경우에는 해당 은행에 대하여 이의 개선을 위한 계획 또는 약정서를
제출하도록 요구하거나 해당 은행과 경영개선을 위한 협약을 체결할 수 있다.<신설 2011. 12. 28.>
③ 제2항에 따른 계획 또는 약정서의 제출요구, 협약 체결에 대한 절차, 방법, 그 밖에 필요한 사항은 금융위원회가
정하여 고시한다.<신설 2011. 12. 28.>
[본조신설 2010. 11. 15.]
[제목개정 2011. 12. 28.]
 
제20조의2(불건전 영업행위의 구체적인 유형 등) 법 제34조의2제1항 각 호에 따른 불건전 영업행위의 구체적인 유형
또는 기준은 다음 각 호와 같다. <개정 2018. 5. 29.>
1. 은행이용자에게 부당하게 편익을 제공하기 위하여 자기앞수표ㆍ양도성예금증서 등을 선(先)발행하는 등 실제 자
금을 수취하지 아니하였음에도 입금처리하는 행위
2. 은행이용자의 조세포탈ㆍ회계분식ㆍ부당내부거래 등 부당한 거래를 지원하기 위하여 은행이용자가 대출을 받아
그 재원을 예금하고 예금담보대출을 받게 하는 행위 또는 타인이 은행이용자 명의로 양도성예금증서 또는 「자본
시장과 금융투자업에 관한 법률」 제4조제3항에 따른 채무증권을 발행ㆍ매매하도록 하는 행위
3. 은행이용자에게 은행업무, 부수업무 또는 겸영업무(제18조의2제2항제1호부터 제6호까지, 제8호부터 제10호까지,
제13호 및 제18호에 따른 업무를 제외한다)와 관련하여 금융위원회가 정하여 고시하는 정상적인 수준을 초과하
여 재산상 이익을 제공하는 행위
4. 은행과 은행이용자 간, 특정 은행이용자와 다른 은행이용자 간에 이해상충이 발생할 수 있는 거래에 활용하기 위
하여 은행업무, 부수업무 또는 겸영업무(이하 “은행업무등”이라 한다)과 관련하여 취득한 정보 등을 이용하는 행
위
5. 그 밖에 은행업무등과 관련하여 은행의 건전한 운영 또는 신용질서를 해치는 행위로서 금융위원회가 정하여 고
시하는 행위
[본조신설 2016. 6. 28.]
[종전 제20조의2는 제20조의4로 이동 <2016. 6. 28.>]
 
제20조의3(금융사고 예방대책 등) ① 법 제34조의3제1항제1호에서 “대통령령으로 정하는 사항”이란 다음 각 호의 사항
을 말한다.
1. 은행 임직원의 사기ㆍ횡령ㆍ배임ㆍ절도ㆍ금품수수 등 범죄혐의가 있는 행위에 대한 방지 대책
2. 과거에 발생한 금융사고 또는 이와 유사한 금융사고에 대한 재발 방지 대책
법제처                                                            17                                                       국가법령정보센터
은행법 시행령
3. 그 밖에 위법 또는 부당한 업무처리로 은행이용자의 보호에 지장을 가져오는 행위를 방지하기 위한 대책으로서
금융위원회가 정하여 고시하는 사항
② 법 제34조의3제1항제2호에서 “대통령령으로 정하는 사항”이란 금융사고 예방대책 이행상황에 대한 점검ㆍ평가
등 지점의 업무운영에 관한 자체적인 검사 계획 및 검사 실시 기준을 말한다.
③ 법 제34조의3제1항제3호에서 “대통령령으로 정하는 사항”이란 은행이용자의 정보보호를 위하여 예금, 대출 등
은행이 취급하는 상품의 홍보ㆍ판매 등의 과정에서 준수하여야 하는 은행이용자의 정보이용 기준 및 절차를 말한
다.<개정 2021. 3. 23.>
④ 법 제34조의3제1항제4호에서 “대통령령으로 정하는 사항”이란 전산사무, 현금수송사무 등 금융사고 가능성이
높은 사무에 관하여 필요한 검사기법 개발ㆍ운영 대책 및 이와 관련된 금융사고 예방대책을 말한다.
⑤ 은행은 금융사고 금액(해당 금융사고가 발생한 때 은행이 입은 피해 금액으로서 회수가 될 것으로 예상되는 금
액을 차감하지 아니한 금액을 말한다. 이하 같다)이 3억원 이상인 경우에는 법 제34조의3제3항에 따라 금융사고가
발생한 날의 다음 날까지 그 금융사고 내용을 금융위원회에 보고하고, 금융사고가 발생한 날부터 15일 이내에 은행
인터넷 홈페이지 등을 이용하여 공시하여야 한다. 다만, 해당 금융사고 금액이 10억원 미만인 경우에는 공시하지 아
니할 수 있다.
⑥ 법 제34조의3제3항에 따른 보고ㆍ공시 절차 및 방법 등에 관하여 필요한 사항은 금융위원회가 정하여 고시한다.
[본조신설 2016. 6. 28.]
[종전 제20조의3은 제20조의5로 이동 <2016. 6. 28.>]
 
제20조의4(신용위험을 공유하는 자의 범위) 법 제35조제1항 각 호 외의 부분 본문에서 “대통령령으로 정하는 신용위험
을 공유하는 자”란 「독점규제 및 공정거래에 관한 법률」 제2조제11호에 따른 기업집단에 속하는 회사를 말한다.
<개정 2021. 12. 28.>
[전문개정 2010. 11. 15.]
[제20조의2에서 이동, 종전 제20조의4는 제20조의6으로 이동 <2016. 6. 28.>]
 
제20조의5(신용공여한도의 초과 사유) ① 법 제35조제1항제1호의 사유로 은행의 신용공여가 자기자본의 100분의 25를
초과할 수 있는 경우는 다음 각 호와 같다.
1. 「채무자 회생 및 파산에 관한 법률」에 따른 회생절차가 진행 중이거나 기업구조조정 등을 위하여 은행 공동으로
경영 정상화를 추진 중인 회사에 대하여 추가로 신용공여를 하는 경우
2. 제1호에 해당하는 회사를 인수한 자에 대하여 인수계약에서 정하는 바에 따라 추가로 신용공여를 하는 경우
3. 사회기반시설사업의 추진 등 산업발전 또는 국민생활 안정을 위하여 불가피하다고 금융위원회가 인정하는 경우
② 법 제35조제1항제2호의 사유로 은행의 신용공여가 자기자본의 100분의 25를 초과할 수 있는 경우는 다음 각 호
와 같다.
1. 환율변동에 따라 원화환산액이 증가한 경우
2. 해당 은행의 자기자본이 감소한 경우
3. 동일차주(同一借主)의 구성에 변동이 있는 경우
4. 신용공여를 받은 기업 간의 합병 또는 영업의 양도ㆍ양수가 있는 경우
5. 그 밖에 급격한 경제 여건의 변화 등 불가피한 사유로 은행의 귀책사유 없이 신용공여한도를 초과하였다고 금융
위원회가 인정하는 경우
[전문개정 2010. 11. 15.]
[제20조의3에서 이동, 종전 제20조의5는 제20조의7로 이동 <2016. 6. 28.>]
 
제20조의6(신용공여한도 초과기간의 연장 사유) 법 제35조제2항 단서에서 “대통령령으로 정하는 부득이한 사유에 해
당하는 경우”란 다음 각 호의 어느 하나에 해당하는 경우를 말한다. <개정 2016. 6. 28.>
1. 이미 제공한 신용공여의 기한이 도래하지 아니하여 기간 내에 회수가 곤란한 경우
법제처                                                            18                                                       국가법령정보센터
은행법 시행령
2. 제20조의5제2항제1호 또는 제2호에 따른 사유가 장기간 지속되고 해당 신용공여를 회수할 경우 신용공여를 받
은 자의 경영안정을 크게 해칠 우려가 있는 경우
3. 그 밖에 제1호 및 제2호에 준하는 경우로서 한도 초과 상태가 일정 기간 계속되어도 해당 은행의 자산건전성을
크게 해치지 아니한다고 금융위원회가 인정하는 경우
[전문개정 2010. 11. 15.]
[제20조의4에서 이동, 종전 제20조의6은 제20조의8로 이동 <2016. 6. 28.>]
 
제20조의7(은행의 대주주에 대한 신용공여한도 등) ① 법 제35조의2제1항에서 “대통령령으로 정하는 비율”이란 자기자
본의 100분의 25를 말한다.
② 법 제35조의2제1항에 따른 대주주의 해당 은행에 대한 출자비율에 해당하는 금액은 대주주가 보유하는 해당 은
행의 의결권 있는 주식 수를 해당 은행의 의결권 있는 발행주식 총수로 나눈 비율에 해당 은행의 자기자본을 곱한
금액으로 한다.
③ 법 제35조의2제2항에서 “대통령령으로 정하는 비율”이란 자기자본의 100분의 25를 말한다.
④ 은행이 추가로 신용공여를 하지 아니하였음에도 불구하고 다음 각 호의 어느 하나에 해당하는 사유로 제1항부터
제3항까지의 규정에서 정한 한도를 초과하게 된 경우에는 그 사유가 발생한 날부터 3개월 이내에 이를 적합하게 하
기 위한 계획을 금융위원회에 제출하여 승인을 받아야 한다.
1. 환율변동에 따른 원화환산액의 증가
2. 해당 은행의 자기자본 감소
3. 동일인 구성의 변동
4. 기업 간 합병 또는 영업의 양수
5. 그 밖에 금융위원회가 인정하는 불가피한 사유
⑤ 법 제35조의2제4항 전단 및 제5항에서 “대통령령으로 정하는 금액”이란 단일거래금액이 자기자본의 1만분의
10에 해당하는 금액 또는 50억원 중 적은 금액을 말한다. 이 경우 단일거래금액의 구체적인 산정기준은 금융위원회
가 정하여 고시한다.
⑥ 법 제35조의2제4항 전단에서 “대통령령으로 정하는 거래”란 「자본시장과 금융투자업에 관한 법률」 제9조제7항
및 제9항에 따른 모집 또는 매출의 방법으로 발행되는 사채권을 취득하는 거래를 말한다.
⑦ 법 제35조의2제6항에 따라 은행은 매 분기 말 현재 대주주에 대한 신용공여 규모, 분기 중 신용공여의 증감액,
신용공여의 거래조건, 그 밖에 금융위원회가 정하여 고시하는 사항을 매 분기가 지난 후 1개월 이내에 공시하여야
한다.
⑧ 법 제35조의2제8항에 따른 대주주에는 그 특수관계인 중 다음 각 호의 요건을 모두 충족하는 비영리법인ㆍ조합
또는 단체(이하 “공익법인등”이라 한다)는 포함되지 아니한다.<개정 2016. 6. 28.>
1. 「상속세 및 증여세법」 제16조제1항에 따른 공익법인등에 해당할 것
2. 법 제35조의2제8항에 따른 양도 또는 매매 등이 금융위원회가 정하여 고시하는 기준을 준수할 것
[전문개정 2010. 11. 15.]
[제20조의5에서 이동, 종전 제20조의7은 제20조의9로 이동 <2016. 6. 28.>]
 
제20조의8(대주주가 발행한 지분증권의 취득한도 등) ① 법 제35조의3제1항 본문에서 “대통령령으로 정하는 비율”이란
자기자본의 100분의 1을 말한다.
② 은행이 위탁자(위탁자가 지정하는 자를 포함한다)가 신탁재산인 금전의 운용방법을 지정하는 신탁에 의하여 지
분증권(「자본시장과 금융투자업에 관한 법률」 제4조제4항에 따른 지분증권을 말한다. 이하 같다)을 취득하는 것은
법 제35조의3제1항 본문에 따른 지분증권의 취득으로 보지 아니한다.
③ 법 제35조의3제3항에서 “대통령령으로 정하는 기간”이란 1년을 말한다. 다만, 금융위원회는 은행이 초과 보유한
지분증권의 규모, 증권시장의 상황 등에 비추어 부득이하다고 인정되는 경우에는 그 기간을 정하여 연장할 수 있다.
④ 법 제35조의3제4항 전단 및 제5항에서 “대통령령으로 정하는 금액”이란 단일거래금액(법 제35조의3제4항의 경
우에는 「자본시장과 금융투자업에 관한 법률」에 따른 증권시장 또는 이와 유사한 시장으로서 외국에 있는 시장에
법제처                                                            19                                                       국가법령정보센터
은행법 시행령
서 취득하는 금액은 제외한다)이 자기자본의 1만분의 10에 해당하는 금액 또는 50억원 중 적은 금액을 말한다.
⑤ 법 제35조의3제6항에 따라 은행은 매 분기 말 현재 대주주가 발행한 지분증권을 취득한 규모, 분기 중 보유한 지
분증권의 증감액, 보유한 지분증권의 취득가격, 그 밖에 금융위원회가 정하여 고시하는 사항을 매 분기가 지난 후
1개월 이내에 공시하여야 한다.
[전문개정 2010. 11. 15.]
[제20조의6에서 이동, 종전 제20조의8은 제20조의10으로 이동 <2016. 6. 28.>]
 
제20조의9(대주주의 부당한 영향력 행사의 금지) 법 제35조의4제4호에서 “대통령령으로 정하는 행위”란 다음 각 호의
어느 하나에 해당하는 행위를 말한다. <개정 2016. 6. 28.>
1. 경쟁사업자에 대한 신용공여 시 정당한 이유 없이 금리, 담보 등 계약조건을 불리하게 하도록 요구하는 행위
2. 은행으로 하여금 제20조의7제8항에 따른 공익법인등에게 자산을 무상으로 양도하게 하거나 통상의 거래조건에
비추어 그 은행에게 현저하게 불리한 조건으로 매매ㆍ교환 또는 신용공여를 하게 하는 행위
[전문개정 2013. 7. 8.]
[제20조의7에서 이동 <2016. 6. 28.>]
 
제20조의10(대주주와의 거래제한 등) ① 법 제35조의5제2항에서 “대통령령으로 정하는 경우”란 대주주가 다음 각 호의
어느 하나의 사유에 해당하여 해당 은행과 불법거래할 가능성이 크다고 인정되는 경우를 말한다. <개정 2013. 8.
27.>
1. 부채가 자산을 초과하는 경우
2. 대주주에 대한 신용공여가 가장 많은 은행(해당 대주주가 대주주인 은행은 제외한다)이 금융위원회가 정하여 고
시하는 자산건전성 분류기준에 따라 그 대주주의 신용위험을 평가한 결과 금융위원회가 정하여 고시하는 기준
이하로 분류된 경우
3. 「자본시장과 금융투자업에 관한 법률」 제335조의3에 따라 신용평가업인가를 받은 신용평가회사 둘 이상이 투자
부적격 등급으로 평가한 경우
② 법 제35조의5제2항에서 “대주주에 대한 신용공여의 제한을 명하는 등 대통령령으로 정하는 조치”란 다음 각 호
의 조치를 말한다.<개정 2016. 6. 28.>
1. 대주주에 대한 신규 신용공여의 금지
2. 제20조의7제6항에 따른 거래의 제한
3. 대주주가 발행한 주식의 신규 취득 금지
[전문개정 2010. 11. 15.]
[제20조의8에서 이동 <2016. 6. 28.>]
 
제21조(자회사등에 대한 출자한도 등) ① 법 제37조제2항제1호에서 “대통령령으로 정하는 비율”이란 100분의 20을 말
한다. <개정 2016. 6. 28.>
② 법 제37조제2항제2호에 따라 금융위원회는 다른 회사의 지분증권을 취득할 수 있는 은행의 요건으로 다음 각 호
의 사항에 관한 요건을 정할 수 있다.
1. 은행의 경영상태
2. 은행이 이미 출자한 자회사등(법 제37조제2항 각 호 외의 부분 단서에 따른 자회사등을 말한다. 이하 같다)의 경
영상태
3. 자회사등에 대한 출자의 총한도
③ 법 제37조제2항제2호를 적용하는 경우 출자 총액을 산정할 때에는 원본(元本) 보전(補塡)의 약정이 있는 신탁계
정에서의 출자액은 포함하되, 법령에 따라 출자하는 금액과 구조조정 등에 드는 금액으로서 금융위원회가 인정하는
금액은 제외한다.
④ 법 제37조제2항제2호에서 “대통령령으로 정하는 비율”이란 100분의 30을 말한다.
법제처                                                            20                                                       국가법령정보센터
은행법 시행령
⑤ 법 제37조제3항제1호에서 “대통령령으로 정하는 기준”이란 자회사등 각각에 대해서는 해당 은행 자기자본의
100분의 10을, 자회사등 전체에 대해서는 해당 은행 자기자본의 100분의 20을 말한다.
⑥ 법 제37조제3항제1호에서 “그 은행의 자회사등이 합병되는 등 대통령령으로 정하는 경우”란 다음 각 호의 어느
하나에 해당하는 경우를 말한다.
1. 은행 이사회에서 합병하기로 결의한 자회사등에 대하여 신용공여를 하는 것이 불가피한 경우
2. 은행 공동으로 경영 정상화를 추진 중인 자회사등에 대하여 신용공여를 하기로 합의한 경우
⑦ 은행이 추가로 신용공여를 하지 아니하였음에도 불구하고 다음 각 호의 어느 하나에 해당하는 사유로 제5항에서
정한 기준을 초과하게 된 경우에는 이를 적합하게 하기 위한 계획을 그 사유가 발생한 날부터 1개월 이내에 금융위
원회에 제출하여야 한다.
1. 환율변동에 따른 원화환산액의 증가
2. 해당 은행의 자기자본 감소
3. 자회사등 간의 합병 또는 영업의 양도ㆍ양수
4. 그 밖에 금융위원회가 정하여 고시하는 사유
⑧ 법 제37조제3항제4호에서 “대통령령으로 정하는 행위”란 다음 각 호의 어느 하나에 해당하는 행위를 말한다.
1. 정당한 사유 없이 자회사등이 부담하여야 할 경비를 부담하는 행위
2. 업무상 알게 된 은행이용자에 대한 정보를 은행이용자의 동의 없이 자회사등에 제공하거나 자회사등으로부터 제
공받는 행위. 다만, 법령에 따라 제공하거나 제공받는 경우는 제외한다.
3. 그 밖에 정당한 사유 없이 자회사등을 우대하는 행위로서 금융위원회가 정하여 고시하는 행위
⑨ 법 제37조제6항제1호에서 “대통령령으로 정하는 경우”란 다음 각 호의 어느 하나에 해당하는 경우를 말한다.
1. 자은행이 모은행(법 제37조제5항에 따른 모은행을 말한다. 이하 같다)의 새로운 다른 자은행이 발행한 주식을 이
미 소유하고 있는 경우
2. 모은행의 새로운 자은행이 그 모은행 또는 그 자은행이 발행한 주식을 이미 소유하고 있는 경우
3. 「상법」 제342조의2제1항에 따라 모은행등(법 제37조제6항제1호에 따른 모은행등을 말한다. 이하 같다)이 발행
한 주식을 소유하는 경우
⑩ 자은행이 제9항 각 호의 어느 하나의 사유로 모은행등이 발행한 주식을 소유한 경우에는 그 날부터 2년 이내에
해당 주식을 처분하여야 한다. 다만, 금융위원회는 자은행이 소유한 주식의 규모, 증권시장의 상황 등에 비추어 부
득이하다고 인정되는 경우에는 그 기간을 연장할 수 있다.
⑪ 법 제37조제6항제3호에서 “대통령령으로 정하는 기준”이란 다음 각 호의 기준을 말한다. 다만, 제12항 각 호에
해당하는 경우에는 그 사유가 발생한 날부터 2년 이내에 다음 각 호의 기준에 적합하도록 하되, 자은행의 신용공여
규모 등에 비추어 부득이하다고 인정되는 경우 금융위원회는 그 기간을 연장할 수 있다.
1. 모은행에 대한 신용공여의 금지
2. 다른 자은행에 대한 신용공여는 해당 자은행 자기자본의 100분의 10 이내
3. 다른 자은행에 대한 신용공여의 합계액은 해당 자은행 자기자본의 100분의 20 이내
⑫ 제11항에서 “제12항 각 호에 해당하는 경우”란 다음 각 호의 어느 하나에 해당하는 경우를 말한다.<개정 2016.
6. 28.>
1. 모자관계를 형성하기 이전에 이미 모은행에 신용공여를 한 경우
2. 모은행의 새로운 자은행에 대한 신용공여의 규모가 이미 제11항제2호 및 제3호에 따른 한도를 초과한 경우
3. 제20조의7제4항제1호ㆍ제2호ㆍ제4호 및 제5호의 사유로 제11항에 따른 기준을 위반하게 된 경우
⑬ 법 제37조제6항제4호에서 “대통령령으로 정하는 행위”란 다음 각 호의 행위를 말한다.
1. 모은행등이 발행한 주식을 담보로 하거나 이를 매입시키기 위한 신용공여
2. 모은행등의 임원 또는 직원에 대한 대출(금융위원회가 정하는 소액대출은 제외한다)
⑭ 법 제37조제7항 본문에 따라 자은행이 모은행등에 대하여 신용공여를 하는 경우에는 신용공여액의 100분의
150의 범위에서 유가증권, 부동산 등 담보의 종류에 따라 금융위원회가 정하여 고시하는 비율 이상의 담보를 확보
하여야 한다.
법제처                                                            21                                                       국가법령정보센터
은행법 시행령
⑮ 법 제37조제7항 단서에서 “그 자은행과 모은행등의 구조조정에 필요한 신용공여 등 대통령령으로 정하는 요건
에 해당하는 경우”란 다음 각 호의 어느 하나에 해당하는 경우를 말한다.
1. 해당 자은행과 모은행등의 구조조정에 필요한 신용공여에 해당하는 경우
2. 해당 자은행이 모은행의 자은행이 되기 전에 한 신용공여에 해당하는 경우. 다만, 해당 자은행이 모은행의 자은행
이 된 날부터 2년 이내에 제13항에 적합하게 하는 경우로 한정한다.
3. 「자본시장과 금융투자업에 관한 법률」에 따른 자금중개회사를 통한 통상적 수준 이내에서의 단기자금거래에 해
당하는 경우
4. 추심 중에 있는 자산을 근거로 제공한 일시적 신용공여에 해당하는 경우
5. 당일 자금 상환을 조건으로 제공한 통상적 수준 이내에서의 당좌대출에 해당하는 경우
1^ 법 제37조제8항 본문에서 “대통령령으로 정하는 불량자산”이란 경영내용, 재무상태 및 미래의 현금흐름 등을 고
려할 때 상환에 어려움이 있거나 있을 것으로 판단되는 채무자 등에 대한 채권 등으로서 금융위원회가 정하여 고시
하는 자산을 말한다.
[전문개정 2010. 11. 15.]
 
제21조의2(증권에 대한 투자한도 등) ① 법 제38조제1호 각 목 외의 부분 전단에서 “대통령령으로 정하는 비율”이란
100분의 100을 말한다. <개정 2014. 12. 9.>
② 법 제38조제1호다목에서 “대통령령으로 정하는 것”이란 「자본시장과 금융투자업에 관한 법률」 제4조제7항에
따른 파생결합증권으로서 상환기간이 3년을 초과하는 것을 말한다.
③ 법 제38조제1호라목에서 “대통령령으로 정하는 증권”이란 「자본시장과 금융투자업에 관한 법률」 제4조제2항에
따른 수익증권, 투자계약증권 및 증권예탁증권으로서 상환기간이 3년을 초과하는 것을 말한다.
④ 법 제38조제2호에서 “대통령령으로 정하는 업무용 부동산”이란 다음 각 호의 어느 하나에 해당하는 부동산을 말
한다.
1. 영업소, 사무소 등 영업시설
2. 연수시설
3. 복리후생시설
4. 제1호부터 제3호까지의 시설 용도로 사용할 토지ㆍ건물 및 그 부대시설
⑤ 법 제38조제3호에서 “대통령령으로 정하는 비율”이란 100분의 60을 말한다.<신설 2014. 12. 9.>
⑥ 은행이 제4항에 따른 업무용 부동산(이하 이 항에서 “업무용 부동산”이라 한다)을 새로 취득하지 아니하였음에도
불구하고 손실발생 등으로 부득이 하게 자기자본이 감소하여 제5항에 따른 한도를 초과하게 된 경우에는 초과하게
된 날부터 1년 이내에 그 한도에 적합하게 하여야 한다. 다만, 금융위원회는 은행이 초과 보유한 업무용 부동산의
규모, 부동산시장의 상황 등에 비추어 부득이하다고 인정되는 경우에는 해당 은행의 신청에 따라 그 기간을 연장할
수 있다.<개정 2014. 12. 9.>
[전문개정 2010. 11. 15.]
 
제21조의3 삭제 <2010. 11. 15.>
 
제22조 삭제 <2002. 8. 21.>
 
제23조(외국은행 지점의 이익준비금의 적립 시기) 외국은행의 지점(법 제59조제1항 본문에 따른 외국은행의 지점을 말
한다. 이하 같다)이 법 제40조에 따라 이익준비금을 적립하는 경우 법 제40조에서 “결산 순이익금을 배당할 때”란 결
산할 때를 말한다.
[전문개정 2010. 11. 15.]
 
제24조(경영공시) ① 법 제43조의3에서 “대통령령으로 정하는 사항”이란 다음 각 호의 사항을 말한다.
1. 재무 및 손익에 관한 사항
법제처                                                            22                                                       국가법령정보센터
은행법 시행령
2. 자금의 조달 및 운용에 관한 사항
3. 법 제53조에 따른 제재 조치나 「금융산업의 구조개선에 관한 법률」 제10조 및 제14조에 따른 조치 또는 처분을
받은 경우에는 그 내용
② 금융위원회는 제1항제1호부터 제3호까지의 공시사항에 관한 세부기준을 정할 수 있다.
[전문개정 2010. 11. 15.]
 
제24조의2(정기주주총회 보고) 법 제43조의4제1항제2호에서 “대통령령으로 정하는 금액”이란 100억원을 말한다.
[본조신설 2023. 8. 22.]
[종전 제24조의2는 제24조의3으로 이동 <2023. 8. 22.>]
 
제24조의3(정관변경 등의 보고) ① 은행은 법 제47조 각 호의 어느 하나에 해당하는 경우에는 그 사실을 금융위원회에
지체 없이 보고하여야 한다. 다만, 법 제47조제7호에 해당하는 경우로서 금융위원회가 정하여 고시하는 자회사등에
유한책임사원으로 출자를 하는 경우에는 그 사실을 반기마다 보고할 수 있다. <개정 2014. 12. 9.>
② 법 제47조제10호에서 “대통령령으로 정하는 행위를 한 때”란 다음 각 호의 어느 하나에 해당하는 때를 말한다.
<개정 2022. 5. 9.>
1. 은행의 국외현지법인 또는 국외지점이 현지 감독기관으로부터 제재(미합중국 화폐 2천달러 미만의 금전 제재는
제외한다)를 받거나 금융사고가 발생하는 등 주요 변동사항이 있는 때
2. 외국은행의 지점이 다음 각 목의 어느 하나에 해당할 때
가. 외국은행의 정관, 상호 및 자본금에 변동이 있을 때
나. 외국은행의 은행장이 해임되었을 때
다. 외국은행이 합병 또는 해산되었을 때
3. 영업의 일부를 양도하거나 양수하였을 때. 다만, 법 제55조제1항제3호에 따라 인가를 받았을 때는 제외한다.
4. 그 밖에 금융위원회가 정하여 고시하는 사항에 해당할 때
[전문개정 2010. 11. 15.]
[제24조의2에서 이동, 종전 제24조의3은 제24조의4로 이동 <2023. 8. 22.>]
 
제24조의4(적립금 보유 등 요구) 법 제50조에서 “불건전한 자산을 위한 적립금의 보유 등 대통령령으로 정하는 조치”란
다음 각 호의 조치를 말한다.
1. 불건전한 자산을 위한 적립금의 보유
2. 자산의 장부가격의 변경
3. 가치가 없다고 인정되는 자산의 손실처리
[전문개정 2010. 11. 15.]
[제24조의3에서 이동, 종전 제24조의4는 제24조의5로 이동 <2023. 8. 22.>]
 
제24조의5(약관의 변경 등) ① 법 제52조제1항 단서에서 “대통령령으로 정하는 경우”란 다음 각 호의 어느 하나에 해당
하는 경우를 말한다.
1. 금융거래와 관련된 약관(이하 “약관”이라 한다)의 제정으로서 기존 금융서비스의 제공 내용ㆍ방식ㆍ형태 등과 차
별성이 있는 내용을 포함하는 경우
2. 은행이용자의 권리를 축소하거나 의무를 확대하기 위한 약관의 변경으로서 다음 각 목의 어느 하나에 해당하는
경우
가. 변경 전 약관을 적용받는 기존 이용자에게 변경된 약관을 적용하는 경우
나. 기존 금융서비스의 제공 내용ㆍ방식ㆍ형태 등과 차별성이 있는 내용을 포함하는 경우
3. 그 밖에 은행이용자 보호 등을 위하여 금융위원회가 정하여 고시하는 경우
② 제1항에도 불구하고 다음 각 호의 경우는 법 제52조제1항 단서에 따라 사전신고하는 경우에 해당하지 않는다.
<개정 2022. 5. 9.>
법제처                                                            23                                                       국가법령정보센터
은행법 시행령
1. 법 제52조제1항에 따라 보고 또는 신고된 약관과 동일하거나 유사한 내용으로 약관을 제정하거나 변경하는 경우
2. 법 제44조에 따른 명령 또는 법 제52조제5항에 따른 변경권고에 따라 약관을 제정하거나 변경하는 경우
3. 「약관의 규제에 관한 법률」 제19조의3에 따른 표준약관의 제정 또는 변경에 따라 약관을 제정하거나 변경하는
경우
4. 법령의 제정 또는 개정에 따라 약관을 제정하거나 변경하는 경우
5. 그 밖에 이용자의 권리나 의무에 중대한 영향을 미칠 우려가 없다고 인정하는 경우로서 금융위원회가 정하여 고
시하는 경우
[본조신설 2019. 12. 31.]
[제24조의4에서 이동, 종전 제24조의5는 제24조의6으로 이동 <2023. 8. 22.>]
 
제24조의6(금융거래상 중요 정보 제공) ① 삭제 <2021. 3. 23.>
② 은행은 법 제52조의2제2항에 따라 예금자 등 은행이용자를 보호하고 금융분쟁의 발생을 방지하기 위하여 다음
각 호의 조치를 하여야 한다.<개정 2021. 3. 23.>
1. 금리, 계약 해지 및 예금자 보호에 관한 사항 등 은행이용자가 유의하여야 할 사항을 공시할 것
2. 금융거래(「금융소비자 보호에 관한 법률」에 따른 금융상품의 계약에 따른 거래는 제외한다) 단계별로 다음 각 목
의 구분에 따라 해당 정보나 자료를 제공하고 그 내용을 설명할 것. 다만, 이미 체결된 계약과 같은 내용으로 계약
을 갱신하는 경우 등 금융위원회가 정하여 고시하는 경우에는 정보나 자료의 제공 및 설명을 생략할 수 있다.
가. 계약체결을 권유하는 경우: 계약조건, 거래비용 등 계약의 주요 내용
나. 은행이용자가 청약하는 경우: 약관
다. 계약을 체결하는 경우: 계약 서류
③ 은행이용자(「금융소비자 보호에 관한 법률」에 따른 금융소비자는 제외한다)는 약관 및 계약서류에 대한 열람을
신청할 수 있다. 이 경우 은행은 정당한 사유가 없으면 이에 따라야 한다.<개정 2021. 3. 23.>
④ 제2항 및 제3항에서 규정한 사항 외에 금융거래상 중요 정보 제공에 필요한 사항은 금융위원회가 정하여 고시한
다.<개정 2021. 3. 23.>
[본조신설 2010. 11. 15.]
[제목개정 2021. 3. 23.]
[제24조의5에서 이동 <2023. 8. 22.>]
 
제24조의7(고객응대직원의 보호를 위한 조치) 법 제52조의4제1항제4호에서 “법적 조치 등 대통령령으로 정하는 조치
”란 다음 각 호의 조치를 말한다.
1. 고객의 폭언이나 성희롱, 폭행 등(이하 “폭언등”이라 한다)이 관계 법률의 형사처벌규정에 위반된다고 판단되고
그 행위로 피해를 입은 직원이 요청하는 경우: 관할 수사기관 등에 고발
2. 고객의 폭언등이 관계 법률의 형사처벌규정에 위반되지는 아니하나 그 행위로 피해를 입은 직원의 피해정도 및
그 직원과 다른 직원에 대한 장래 피해발생 가능성 등을 고려하여 필요하다고 판단되는 경우: 관할 수사기관 등에
필요한 조치 요구
3. 직원이 직접 폭언등의 행위를 한 고객에 대한 관할 수사기관 등에 고소, 고발, 손해배상 청구 등의 조치를 하는
데 필요한 행정적, 절차적 지원
4. 고객의 폭언등을 예방하거나 이에 대응하기 위한 직원의 행동요령 등에 대한 교육 실시
5. 그 밖에 고객의 폭언등으로부터 직원을 보호하기 위하여 필요한 사항으로서 금융위원회가 정하여 고시하는 조치
[본조신설 2016. 6. 28.]
[제24조의6에서 이동, 종전 제24조의7은 제24조의8로 이동 <2019. 12. 31.>]
 
제24조의8(기관전용 사모집합투자기구등에 대한 제재 등) ① 법 제53조의2제3항제5호에서 “대통령령으로 정하는 조치
”란 다음 각 호의 어느 하나에 해당하는 조치를 말한다.
법제처                                                            24                                                       국가법령정보센터
은행법 시행령
1. 업무방법의 개선요구나 개선권고
2. 그 밖에 금융위원회가 법, 이 영, 그 밖의 관련 법령 등에 따라 할 수 있는 조치
② 법 제53조의2제4항제1호마목에서 “대통령령으로 정하는 조치”란 제1항 각 호의 어느 하나에 해당하는 조치를
말한다.
③ 법 제53조의2제4항제2호마목에서 “대통령령으로 정하는 조치”란 다음 각 호의 어느 하나에 해당하는 조치를 말
한다.
1. 주의
2. 그 밖에 금융위원회가 법, 이 영, 그 밖의 관련 법령 등에 따라 할 수 있는 조치
④ 법 제53조의2제4항제3호바목에서 “대통령령으로 정하는 조치”란 다음 각 호의 어느 하나에 해당하는 조치를 말
한다.
1. 경고
2. 그 밖에 금융위원회가 법, 이 영, 그 밖의 관련 법령 등에 따라 할 수 있는 조치
[전문개정 2010. 11. 15.]
[제목개정 2021. 10. 21.]
[제24조의7에서 이동, 종전 제24조의8은 제24조의9로 이동 <2019. 12. 31.>]
 
제24조의9(합병 등의 인가) ① 금융위원회는 법 제55조제1항제1호에 따라 분할 또는 합병의 인가를 하려는 때에는 다
음 각 호의 기준을 충족하는지를 심사하여야 한다.
1. 금융산업의 효율화와 신용질서의 유지에 지장을 주지 아니할 것
2. 분할 또는 합병에 따른 영업계획 및 조직운영계획이 적정할 것
3. 분할 또는 합병에 따른 은행의 소유구조 변경이 법령에 적합할 것
4. 「상법」 및 「자본시장과 금융투자업에 관한 법률」, 그 밖의 관계 법령에 따른 절차 이행에 하자가 없을 것
② 금융위원회는 법 제55조제1항제2호에 따라 해산 또는 은행업 폐지의 인가를 하려는 때에는 다음 각 호의 기준을
충족하는지를 심사하여야 한다.
1. 해당 은행의 경영 및 재무상태 등에 비추어 부득이할 것
2. 예금자 등 이용자 보호와 신용질서 유지에 지장을 주지 아니할 것
3. 「상법」 및 「자본시장과 금융투자업에 관한 법률」, 그 밖의 관계 법령에 따른 절차 이행에 하자가 없을 것
③ 법 제55조제1항제3호에 따른 영업양수의 인가에 관하여는 제1항을 준용하고 영업양도의 인가에 관하여는 제
2항을 준용한다.
④ 금융위원회는 법 제55조제1항에 따른 인가의 세부요건ㆍ신청서류, 그 밖에 필요한 사항을 정할 수 있다.
⑤ 법 제55조제1항제2호에서 “대통령령으로 정하는 중요한 일부의 폐업”이란 은행업무 일부의 폐업으로서 다음 각
호의 어느 하나에 해당하는 폐업을 말한다.<신설 2023. 8. 22.>
1. 폐업하려는 업무에 속하는 자산의 합계액이 직전 사업연도 말 기준 재무제표(법 제41조제1항 본문의 연결재무제
표를 작성하는 은행의 경우에는 연결재무제표를 말한다. 이하 이 조에서 같다)에 표시된 자산총액의 100분의 10
이상인 폐업
2. 폐업하려는 업무에 속하는 영업이익이 직전 사업연도 말 기준 재무제표에 표시된 영업이익의 100분의 10 이상인
폐업
⑥ 법 제55조제1항제3호에서 “대통령령으로 정하는 중요한 일부의 양도ㆍ양수”란 은행업무, 부수업무 또는 겸영업
무 일부의 양도ㆍ양수로서 다음 각 호의 어느 하나에 해당하는 양도ㆍ양수를 말한다.<개정 2023. 8. 22.>
1. 양도ㆍ양수하려는 업무에 속하는 자산의 합계액(직전 사업연도 말 기준 재무제표에 표시된 자산의 합계액과 양
도ㆍ양수 계약서에 표시된 자산의 합계액 중 큰 금액을 말한다)이 직전 사업연도 말 기준 재무제표에 표시된 자
산총액의 100분의 10 이상인 양도ㆍ양수
2. 양도ㆍ양수하려는 업무에 속하는 영업이익의 합계액이 직전 사업연도 말 기준 재무제표에 표시된 영업이익의
100분의 10 이상인 양도ㆍ양수
법제처                                                            25                                                       국가법령정보센터
은행법 시행령
3. 양수하려는 업무에 속하는 부채의 합계액(직전 사업연도 말 기준 재무제표에 표시된 부채의 합계액과 양도ㆍ양
수 계약서에 표시된 부채의 합계액 중 큰 금액을 말한다)이 직전 사업연도 말 기준 재무제표에 표시된 부채총액
의 100분의 10 이상인 양수
[전문개정 2010. 11. 15.]
[제24조의8에서 이동, 종전 제24조의9는 제24조의10으로 이동 <2019. 12. 31.>]
 
제24조의10(외국은행의 지점 신설 등의 인가) ① 금융위원회는 법 제58조제1항에 따라 외국은행의 지점ㆍ대리점의 신
설인가를 하려는 때에는 해당 외국은행의 본점 및 대표자에 관한 사항을 확인하여야 한다.
② 금융위원회는 법 제58조제1항에 따라 외국은행의 지점ㆍ대리점의 폐쇄인가를 하려는 때에는 다음 각 호의 기준
을 충족하는지를 심사하여야 한다.
1. 폐쇄에 따른 자산 및 부채의 정리계획이 적정하고 국내 예금자 등 채권자 보호에 지장을 주지 아니할 것
2. 내국인 근무 직원에 대한 퇴직금 지급 등의 조치계획이 적정할 것
③ 금융위원회는 법 제58조제1항에 따른 인가의 세부요건ㆍ인가신청서류, 그 밖에 필요한 사항을 정할 수 있다.
[전문개정 2010. 11. 15.]
[제24조의9에서 이동 <2019. 12. 31.>]
 
제25조(국내 보유 자산의 범위) 법 제62조제1항에 따라 외국은행의 지점이 국내에 보유하여야 하는 자산의 범위는 제
26조에 따른 영업기금에 상당하는 자산으로 한다.
[전문개정 2010. 11. 15.]
 
제26조(자본금의 의제) 법 제63조에 따라 외국은행의 지점에 대해서는 다음 각 호의 어느 하나에 해당하는 것으로서 금
융위원회가 인정한 영업기금을 자본금으로 본다. <개정 2016. 6. 28.>
1. 외국은행의 지점 설치 및 영업행위를 위하여 그의 본점이 다음 각 목의 어느 하나에 해당하는 금융기관에 외화자
금을 매각하여 해당 지점에 공급한 원화자금
가. 「한국은행법」에 따른 한국은행
나. 「한국산업은행법」에 따른 한국산업은행
다. 「한국수출입은행법」에 따른 한국수출입은행
라. 「중소기업은행법」에 따른 중소기업은행
마. 「농업협동조합법」에 따른 농협은행
바. 「수산업협동조합법」에 따른 수협은행
사. 법 제8조에 따른 인가를 받은 은행
2. 법 제40조에 따른 해당 외국은행의 지점 적립금에서 전입하는 자금
3. 외국은행의 지점을 추가로 설치하기 위하여 이미 국내에 설치된 외국은행의 지점 이월이익잉여금에서 전입하는
자금
4. 외국은행의 지점이 한국은행에 외화자금을 매각하여 조달한 원화자금
5. 외국은행의 본점 또는 국외지점으로부터 상환기간이 1년을 초과하는 조건으로 차입한 자금 중 국내에서 운용하
는 자금
[전문개정 2010. 11. 15.]
 
제26조의2(권한의 위탁) ① 금융위원회는 법 제65조에 따라 별표 3 각 호에 따른 권한을 금융감독원장에게 위탁한다.
② 금융감독원장은 제1항에 따라 위탁받은 업무의 처리내용을 6개월마다 금융위원회에 보고하여야 한다. 다만, 금
융위원회는 금융위원회가 정하여 고시하는 업무에 대해서는 보고 주기를 달리 정할 수 있다.
[본조신설 2010. 11. 15.]
[종전 제26조의2는 제26조의3으로 이동 <2010. 11. 15.>]
법제처                                                            26                                                       국가법령정보센터
은행법 시행령
제26조의3(과징금의 부과기준 등) ① 법 제65조의3에 따른 과징금의 부과기준은 별표 3의2와 같다. <신설 2017. 10.
17.>
② 금융위원회는 법 제65조의4에 따라 과징금을 부과하려는 때에는 그 위반행위의 종류와 해당 과징금의 금액을
구체적으로 밝혀 과징금을 낼 것을 서면으로 통지하여야 한다.<개정 2017. 10. 17.>
③ 제2항에 따라 통지를 받은 자는 통지받은 날부터 60일 이내에 금융위원회가 정하는 수납기관에 과징금을 내야
한다.<개정 2017. 10. 17.>
④ 이 영에서 규정한 사항 외에 과징금의 부과에 필요한 사항은 금융위원회가 정하여 고시한다.<개정 2017. 10.
17.>
[전문개정 2010. 11. 15.]
[제목개정 2017. 10. 17.]
[제26조의2에서 이동, 종전 제26조의3은 제26조의4로 이동 <2010. 11. 15.>]
 
제26조의4(과징금의 납부기한 연기 및 분할 납부) ① 금융위원회가 「행정기본법」 제29조 단서에 따라 법 제65조의7제
1항에 따른 과징금의 납부기한을 연기하는 경우에는 그 납부기한의 다음 날부터 1년을 초과할 수 없다.
② 금융위원회가 「행정기본법」 제29조 단서에 따라 법 제65조의7제1항에 따른 과징금을 분할 납부하게 하는 경우
각 분할된 납부기한 간의 간격은 6개월 이내로 하며, 분할 납부의 횟수는 3회 이내로 한다.
③ 제1항 및 제2항에서 규정한 사항 외에 납부기한의 연기 또는 분할 납부의 신청서 등에 관하여 필요한 사항은 금
융위원회가 정하여 고시한다.
[전문개정 2023. 12. 12.]
 
제26조의5(가산금) 법 제65조의8제1항 전단에서 “대통령령으로 정하는 가산금”이란 체납된 과징금에 연 100분의 6을
적용하여 계산한 금액을 말한다. <개정 2017. 10. 17.>
[전문개정 2010. 11. 15.]
[제26조의4에서 이동, 종전 제26조의5는 제26조의6으로 이동 <2010. 11. 15.>]
 
제26조의6(독촉) ① 법 제65조의8제2항에 따른 독촉은 납부기한이 지난 후 15일 이내에 서면으로 하여야 한다.
② 제1항에 따라 독촉장을 발급하는 경우 체납된 과징금의 납부기한은 독촉장 발급일부터 10일 이내로 한다.
[전문개정 2010. 11. 15.]
[제26조의5에서 이동, 종전 제26조의6은 제26조의7로 이동 <2010. 11. 15.>]
 
제26조의7(체납처분의 위탁) ① 금융위원회는 법 제65조의8제3항에 따라 체납처분에 관한 업무를 국세청장에게 위탁
할 때에는 다음 각 호의 서류를 첨부한 서면으로 하여야 한다.
1. 금융위원회의 의결서
2. 세입징수 결의서 및 고지서
3. 납부독촉장
② 국세청장은 제1항에 따라 체납처분 업무를 위탁받은 경우에는 그 사유가 발생한 날부터 30일 이내에 다음 각 호
의 어느 하나에 해당하는 사항을 금융위원회에 서면으로 통보하여야 한다.
1. 체납처분에 관한 업무가 끝난 경우에는 그 업무가 끝난 일시와 그 밖에 필요한 사항
2. 금융위원회로부터 진행 상황에 대한 통보 요청을 받은 경우에는 그 진행 상황
[전문개정 2010. 11. 15.]
[제26조의6에서 이동 <2010. 11. 15.>]
 
제27조(환급가산금의 이율) 법 제65조의10제2항에서 “대통령령으로 정하는 가산금 이율”이란 은행의 1년 만기 정기예
금 이자율을 고려하여 금융위원회가 정하여 고시하는 이율을 말한다.
[본조신설 2010. 11. 15.]
법제처                                                            27                                                       국가법령정보센터
은행법 시행령
제28조(결손처분) 법 제65조의11제6호에서 “대통령령으로 정하는 사유”란 「채무자 회생 및 파산에 관한 법률」 제
251조 본문에 따라 회생채권 등이 면책되는 것을 말한다.
[본조신설 2010. 11. 15.]
 
제29조(민감정보 및 고유식별정보의 처리) ①금융위원회(제26조의2제1항 및 별표 3에 따라 금융위원회의 권한을 위탁
받은 자를 포함한다) 또는 금융감독원장은 다음 각 호의 사무를 수행하기 위하여 불가피한 경우 「개인정보 보호법
시행령」 제18조제2호에 따른 범죄경력자료에 해당하는 정보, 같은 법 시행령 제19조제1호 또는 제4호에 따른 주민
등록번호 또는 외국인등록번호가 포함된 자료를 처리할 수 있다. <개정 2014. 8. 6., 2015. 10. 23., 2016. 6. 28., 2019.
12. 31., 2021. 10. 21.>
1. 법 제8조에 따른 은행업의 인가에 관한 사무
2. 법 제11조 및 이 영 제3조에 따른 신청서 등의 제출에 관한 사무
3. 법 제11조의2 및 이 영 제3조의2에 따른 예비인가에 관한 사무
4. 법 제15조, 이 영 제4조의2, 제8조에 따른 동일인 주식보유 한도 등에 관한 사무
5. 삭제<2014. 2. 11.>
6. 법 제15조의3 및 이 영 제10조에 따른 기관전용 사모집합투자기구등의 주식보유에 관한 승인 등에 관한 사무
7. 법 제15조의4에 따른 기관전용 사모집합투자기구등의 보고사항에 관한 사무
8. 법 제16조의2에 따른 비금융주력자의 주식보유제한 등에 관한 사무
9. 법 제16조의3에 따른 전환계획에 대한 평가 및 점검 등에 관한 사무
10. 법 제16조의4에 따른 한도초과보유주주등에 대한 적격성심사 등에 관한 사무
11. 법 제16조의5에 따른 외국은행등에 대한 특례에 관한 사무
12. 삭제<2016. 7. 28.>
13. 삭제<2016. 7. 28.>
14. 법 제35조에 따른 동일차주 등에 대한 신용공여의 한도에 관한 사무
15. 법 제35조의2 및 이 영 제20조의7에 따른 은행의 대주주에 대한 신용공여한도 등에 관한 사무
16. 법 제35조의3에 따른 대주주가 발행한 자본증권의 취득한도 등에 관한 사무
17. 법 제35조의4에 따른 대주주의 부당한 영향력 행사의 금지에 관한 사무
18. 법 제35조의5에 따른 대주주에 대한 자료 제출 요구 및 이에 따른 사후조치 등에 관한 사무
19. 법 제37조 및 이 영 제21조에 따른 다른 회사 등에 대한 출자제한 등에 관한 사무
20. 법 제43조의2에 따른 업무보고서 등의 제출 등에 관한 사무
21. 법 제47조에 따른 정관변경 등의 보고에 관한 사무
22. 법 제48조에 따른 검사 및 이에 따른 사후조치 등에 관한 사무
23. 법 제48조의2에 따른 대주주등에 대한 검사 및 이에 따른 사후조치 등에 관한 사무
24. 법 제53조에 따른 은행에 대한 제재에 관한 사무
25. 법 제53조의2에 따른 기관전용 사모집합투자기구등에 대한 제재 등에 관한 사무
26. 법 제54조에 따른 임직원에 대한 제재에 관한 사무
27. 법 제54조의2에 따른 퇴임한 임원 등에 대한 조치 내용의 통보에 관한 사무
28. 법 제55조 및 이 영 제24조의9에 따른 합병ㆍ해산ㆍ폐업의 인가에 관한 사무
29. 법 제58조 및 이 영 제24조의10에 따른 외국은행의 은행업 인가 등에 관한 사무
30. 법 제64조에 따른 청문에 관한 사무
31. 제4조에 따른 자료 제출 요구 등에 관한 사무
② 은행은 다음 각 호의 사무를 수행하기 위하여 불가피한 경우 「개인정보 보호법 시행령」 제19조제1호 또는 제
4호에 따른 주민등록번호 또는 외국인등록번호가 포함된 자료를 처리할 수 있다.<신설 2014. 8. 6., 2019. 6. 25.,
2019. 12. 31.>
법제처                                                            28                                                       국가법령정보센터
은행법 시행령
1. 법 제27조의2제2항제4호에 따른 보호예수에 관한 사무
2. 법 제27조의2제2항제5호에 따른 수납 및 지급대행에 관한 사무
3. 법 제27조의2제2항제11호 및 이 영 제18조제1항제4호에 따른 부수업무에 관한 사무
3의2. 법 제33조의5 및 이 영 제19조의3부터 제19조의8까지의 규정에 따른 사채등의 등록 및 말소, 등록증명서의
발급 및 회수, 등록부의 작성ㆍ비치 및 관리에 관한 사무
4. 법 제34조제2항제4호 및 이 영 제20조제1항제5호에 따른 경영의 건전성 확보를 위한 경영지도기준 준수에 관한
사무
5. 삭제<2021. 3. 23.>
[본조신설 2012. 1. 6.]
 
제30조 삭제 <2026. 3. 24.>
 
제31조(과태료의 부과기준) 법 제69조제1항부터 제5항까지에 따른 과태료의 부과기준은 별표 4와 같다. <개정 2016.
6. 28., 2020. 8. 19.>
[본조신설 2014. 2. 11.]
  
부칙 <제36417호,2026. 6. 16.>
이 영은 2026년 7월 1일부터 시행한다.",ok,
regulations/은행법(법률)(제21296호)(20260701).pdf,은행법(법률)(제21296호)(20260701).pdf,regulations,31,"법제처                                                            1                                                       국가법령정보센터
은행법
 
은행법
[시행 2026. 7. 1.] [법률 제21296호, 2025. 12. 30., 일부개정]
금융위원회 (은행과-총괄) 02-2100-2953
금융위원회 (은행과-검사·제재) 02-2100-2952
       제1장 총칙 <개정 2010. 5. 17.>
 
제1조(목적) 이 법은 은행의 건전한 운영을 도모하고 자금중개기능의 효율성을 높이며 예금자를 보호하고 신용질서를
유지함으로써 금융시장의 안정과 국민경제의 발전에 이바지함을 목적으로 한다.
[전문개정 2010. 5. 17.]
 
제2조(정의) ① 이 법에서 사용하는 용어의 뜻은 다음과 같다. <개정 2013. 8. 13., 2015. 7. 24., 2021. 4. 20.>
1. “은행업”이란 예금을 받거나 유가증권 또는 그 밖의 채무증서를 발행하여 불특정 다수인으로부터 채무를 부담함
으로써 조달한 자금을 대출하는 것을 업(業)으로 하는 것을 말한다.
2. “은행”이란 은행업을 규칙적ㆍ조직적으로 경영하는 한국은행 외의 모든 법인을 말한다.
3. “상업금융업무”란 대부분 요구불예금을 받아 조달한 자금을 1년 이내의 기한으로 대출하거나 금융위원회가 예금
총액을 고려하여 정하는 최고 대출한도를 초과하지 아니하는 범위에서 1년 이상 3년 이내의 기한으로 대출하는
업무를 말한다.
4. “장기금융업무”란 자본금ㆍ적립금 및 그 밖의 잉여금, 1년 이상의 기한부 예금 또는 사채(社債)나 그 밖의 채권을
발행하여 조달한 자금을 1년을 초과하는 기한으로 대출하는 업무를 말한다.
5. “자기자본”이란 국제결제은행의 기준에 따른 기본자본과 보완자본의 합계액을 말한다.
6. “지급보증”이란 은행이 타인의 채무를 보증하거나 인수하는 것을 말한다.
7. “신용공여”란 대출, 지급보증 및 유가증권의 매입(자금지원적 성격인 것만 해당한다), 그 밖에 금융거래상의 신용
위험이 따르는 은행의 직접적ㆍ간접적 거래를 말한다.
8. “동일인”이란 본인 및 그와 대통령령으로 정하는 특수관계에 있는 자(이하 “특수관계인”이라 한다)를 말한다.
9. “비금융주력자”란 다음 각 목의 어느 하나에 해당하는 자를 말한다.
가. 동일인 중 비금융회사(대통령령으로 정하는 금융업이 아닌 업종을 운영하는 회사를 말한다. 이하 같다)인 자
의 자본총액(재무상태표상 자산총액에서 부채총액을 뺀 금액을 말한다. 이하 같다)의 합계액이 동일인 중 회사
인 자의 자본총액의 합계액의 100분의 25 이상인 경우의 그 동일인
나. 동일인 중 비금융회사인 자의 자산총액의 합계액이 2조원 이상으로서 대통령령으로 정하는 금액 이상인 경우
의 그 동일인
다. 「자본시장과 금융투자업에 관한 법률」에 따른 투자회사(이하 “투자회사”라 한다)로서 가목 또는 나목의 자가
그 발행주식 총수의 100분의 4를 초과하여 주식을 보유(동일인이 자기 또는 타인의 명의로 주식을 소유하거나
계약 등에 의하여 의결권을 가지는 것을 말한다. 이하 같다)하는 경우의 그 투자회사
라. 「자본시장과 금융투자업에 관한 법률」에 따른 기관전용 사모집합투자기구(이하 “기관전용 사모집합투자기구
”라 한다)로서 다음 각각의 어느 하나에 해당하는 기관전용 사모집합투자기구
1) 가목부터 다목까지의 어느 하나에 해당하는 자가 기관전용 사모집합투자기구 출자총액의 100분의 10 이상
지분을 보유하는 유한책임사원인 경우(이 경우 지분계산에 있어서 해당 사원과 다른 유한책임사원으로서
해당 사원의 특수관계인의 지분을 포함한다)
2) 가목부터 다목까지의 어느 하나에 해당하는 자가 기관전용 사모집합투자기구의 무한책임사원인 경우[다만,
가목부터 다목까지의 어느 하나에 해당하지 아니하는 무한책임사원이 다른 기관전용 사모집합투자기구를
통하여 비금융회사의 주식 또는 지분에 투자함으로써 가목부터 다목까지의 어느 하나에 해당하게 된 경우
로서 해당 기관전용 사모집합투자기구의 유한책임사원(해당 사원과 다른 유한책임사원으로서 해당 사원의
특수관계인을 포함한다)이 그 다른 기관전용 사모집합투자기구에 출자하지 아니한 경우에는 이를 제외한다
법제처                                                            2                                                       국가법령정보센터
은행법
]
3) 다른 상호출자제한기업집단(「독점규제 및 공정거래에 관한 법률」에 따른 상호출자제한기업집단을 말한다.
이하 같다)에 속하는 각각의 계열회사(「독점규제 및 공정거래에 관한 법률」에 따른 계열회사를 말한다. 이
하 같다)가 취득한 기관전용 사모집합투자기구의 지분의 합이 기관전용 사모집합투자기구 출자총액의
100분의 30 이상인 경우
마. 라목에 해당하는 기관전용 사모집합투자기구(「자본시장과 금융투자업에 관한 법률」에 따른 투자목적회사의
주식 또는 지분을 취득한 자 중 이 호 가목부터 다목까지의 어느 하나에 해당하는 자를 포함한다)가 투자목적
회사의 주식 또는 지분의 100분의 4를 초과하여 취득ㆍ보유하거나 임원의 임면 등 주요 경영사항에 대하여 사
실상의 영향력을 행사하는 경우의 해당 투자목적회사
10. “대주주(大株主)”란 다음 각 목의 어느 하나에 해당하는 자를 말한다.
가. 은행의 주주 1인을 포함한 동일인이 은행의 의결권 있는 발행주식 총수의 100분의 10[전국을 영업구역으로
하지 아니하는 은행(이하 “지방은행”이라 한다)의 경우에는 100분의 15]을 초과하여 주식을 보유하는 경우의
그 주주 1인
나. 은행의 주주 1인을 포함한 동일인이 은행(지방은행은 제외한다)의 의결권 있는 발행주식 총수(제16조의2제
2항에 따라 의결권을 행사할 수 없는 주식은 제외한다)의 100분의 4를 초과하여 주식을 보유하는 경우로서 그
동일인이 최대주주이거나 대통령령으로 정하는 바에 따라 임원을 임면(任免)하는 등의 방법으로 그 은행의 주
요 경영사항에 대하여 사실상 영향력을 행사하고 있는 자인 경우의 그 주주 1인
② 자기자본 및 신용공여의 구체적 범위에 대하여는 대통령령으로 정하는 바에 따라 금융위원회가 정한다.
[전문개정 2010. 5. 17.]
 
제3조(적용 법규) ① 대한민국에 있는 모든 은행은 이 법, 「한국은행법」, 「금융위원회의 설치 등에 관한 법률」, 「금융회
사의 지배구조에 관한 법률」 및 이에 따른 규정 및 명령에 따라 운영되어야 한다. <개정 2015. 7. 31.>
② 이 법과 「한국은행법」은 「상법」이나 그 밖의 법령에 우선하여 적용한다.
[전문개정 2010. 5. 17.]
 
제4조(법인) 법인이 아니면 은행업을 경영할 수 없다.
[전문개정 2010. 5. 17.]
 
제5조 삭제 <2016. 5. 29.>
 
제6조(보험사업자 등) 보험사업자와 상호저축은행업무 또는 신탁업무만을 경영하는 회사는 은행으로 보지 아니한다.
[전문개정 2010. 5. 17.]
 
제7조(은행 해당 여부의 결정) ① 법인이 은행에 해당하는지 여부는 금융위원회가 결정한다.
② 금융위원회는 제1항에 따른 결정을 위하여 필요하면 해당 법인에 장부와 그 밖의 서류를 제출하도록 요구할 수
있다.
[전문개정 2010. 5. 17.]
 
       제2장 은행업의 인가 등 <개정 2010. 5. 17.>
 
제8조(은행업의 인가) ① 은행업을 경영하려는 자는 금융위원회의 인가를 받아야 한다.
② 제1항에 따른 은행업 인가를 받으려는 자는 다음 각 호의 요건을 모두 갖추어야 한다.<개정 2013. 8. 13., 2015.
7. 31.>
1. 자본금이 1천억원 이상일 것. 다만, 지방은행의 자본금은 250억원 이상으로 할 수 있다.
2. 은행업 경영에 드는 자금 조달방안이 적정할 것
법제처                                                            3                                                       국가법령정보센터
은행법
3. 주주구성계획이 제15조, 제15조의3 및 제16조의2에 적합할 것
4. 대주주가 충분한 출자능력, 건전한 재무상태 및 사회적 신용을 갖출 것
5. 사업계획이 타당하고 건전할 것
6. 발기인(개인인 경우만 해당한다) 및 임원이 「금융회사의 지배구조에 관한 법률」 제5조에 적합할 것
7. 은행업을 경영하기에 충분한 인력, 영업시설, 전산체계 및 그 밖의 물적 설비를 갖출 것
③ 제2항에 따른 요건 등에 관하여 필요한 세부사항은 대통령령으로 정한다.
④ 금융위원회는 제1항에 따른 인가를 하는 경우에 금융시장의 안정, 은행의 건전성 확보 및 예금자 보호를 위하여
필요한 조건을 붙일 수 있다.
⑤ 제4항에 따라 조건이 붙은 은행업 인가를 받은 자는 사정의 변경, 그 밖에 정당한 사유가 있는 경우에는 금융위
원회에 그 조건의 취소 또는 변경을 신청할 수 있다. 이 경우 금융위원회는 2개월 이내에 조건의 취소 또는 변경 여
부를 결정하고, 그 결과를 지체 없이 신청인에게 문서로 알려야 한다.
[전문개정 2010. 5. 17.]
 
제9조(최저자본금) 은행은 제8조에 따른 인가를 받아 은행업을 경영할 때 같은 조 제2항제1호에 따른 자본금을 유지하
여야 한다.
[전문개정 2010. 5. 17.]
 
제10조(자본금 감소의 승인) ① 은행이 주식 수 감소 등 대통령령으로 정하는 자본금의 감소에 해당하는 행위를 하려는
경우에는 금융위원회의 승인을 받아야 한다. <개정 2016. 3. 29.>
② 제1항에 따른 승인을 받으려는 자는 다음 각 호의 요건을 모두 갖추어 신청하여야 한다.<개정 2016. 3. 29.>
1. 자본금 감소가 관계 법령에 위반되지 아니할 것
2. 재무구조의 개선 목적 등 자본금 감소의 불가피성이 인정될 것
3. 예금자 등 은행이용자의 권익을 침해하지 아니할 것
③ 금융위원회는 제2항에 따른 신청이 있는 때에는 신청일부터 30일 이내에 승인여부를 결정하여야 한다.<신설
2016. 3. 29.>
④ 제2항에 따른 요건 등에 관하여 필요한 세부 사항은 대통령령으로 정한다.<신설 2016. 3. 29.>
⑤ 금융위원회가 제1항에 따른 승인을 하는 경우에는 제8조제4항 및 제5항을 준용한다.<신설 2016. 3. 29.>
[전문개정 2010. 5. 17.]
[제목개정 2016. 3. 29.]
 
제11조(신청서 등의 제출) ① 제8조에 따른 인가를 받으려는 자는 신청서를 금융위원회에 제출하여야 한다.
② 제1항에 따른 신청서의 내용과 종류는 대통령령으로 정한다.
[전문개정 2010. 5. 17.]
 
제11조의2(예비인가) ① 제8조에 따른 인가(이하 이 조에서 “본인가”라 한다)를 받으려는 자는 미리 금융위원회에 예비
인가를 신청할 수 있다.
② 금융위원회는 제1항에 따른 예비인가 여부를 결정할 때 예비인가를 받으려는 자가 본인가 요건을 모두 충족할
수 있는지를 확인하여야 한다.
③ 금융위원회는 제2항에 따른 예비인가에 조건을 붙일 수 있다.
④ 금융위원회는 예비인가를 받은 자가 본인가를 신청하는 경우에는 제3항에 따른 예비인가 조건을 이행하였는지
와 본인가 요건을 모두 충족하는지를 확인한 후 본인가 여부를 결정하여야 한다.
⑤ 예비인가에 관하여는 제8조제3항 및 제11조를 준용한다.
[본조신설 2010. 5. 17.]
 
제12조(인가 등의 공고) 금융위원회는 제8조에 따른 인가를 하거나 제53조제2항에 따라 인가를 취소한 경우에는 지체
없이 그 내용을 관보에 공고하고 인터넷 홈페이지 등을 이용하여 일반인에게 알려야 한다.
법제처                                                            4                                                       국가법령정보센터
은행법
[전문개정 2010. 5. 17.]
 
제13조(국외현지법인 등의 신설) ① 은행이 대한민국 외에 소재하는 제37조제2항에 따른 자회사등(이하 “국외현지법인
”이라 한다) 또는 지점(이하 “국외지점”이라 한다)을 신설하려는 경우에는 신설계획을 수립하여야 한다.
② 제1항에 따른 신설계획을 수립한 은행 중 다음 각 호의 사항 등을 고려하여 대통령령으로 정하는 경우에는 그
계획을 미리 금융위원회에 신고하여야 한다.
1. 해당 은행, 그 국외현지법인 및 국외지점의 경영건전성
2. 해당 은행의 국외현지법인 및 국외지점의 진출방식
3. 해당 은행의 국외현지법인 및 국외지점의 업무범위
4. 해당 은행의 국외현지법인 및 국외지점이 소재할 국가의 특성
③ 금융위원회는 제2항에 따라 신고받은 내용이 은행의 경영건전성 및 금융시장의 안정성을 해칠 우려가 있는 경우
신설계획의 보완, 변경 및 제한을 명할 수 있다.
[전문개정 2010. 5. 17.]
 
제14조(유사상호 사용 금지) 한국은행과 은행이 아닌 자는 그 상호 중에 은행이라는 문자를 사용하거나 그 업무를 표시
할 때 은행업 또는 은행업무라는 문자를 사용할 수 없으며, 은행ㆍ은행업 또는 은행업무와 같은 의미를 가지는 외국
어 문자로서 대통령령으로 정하는 문자를 사용할 수 없다.
[전문개정 2010. 5. 17.]
 
       제3장 은행 주식의 보유한도 등 <개정 2010. 5. 17.>
 
제15조(동일인의 주식보유한도 등) ① 동일인은 은행의 의결권 있는 발행주식 총수의 100분의 10을 초과하여 은행의
주식을 보유할 수 없다. 다만, 다음 각 호의 어느 하나에 해당하는 경우와 제3항 및 제16조의2제3항의 경우에는 그러
하지 아니하다.
1. 정부 또는 「예금자보호법」에 따른 예금보험공사가 은행의 주식을 보유하는 경우
2. 지방은행의 의결권 있는 발행주식 총수의 100분의 15 이내에서 보유하는 경우
② 동일인(대통령령으로 정하는 자를 제외한다)은 다음 각 호의 어느 하나에 해당하게 된 경우에는 은행 주식보유
상황 또는 주식보유비율의 변동상황 확인을 위하여 필요한 사항으로서 대통령령으로 정하는 사항을 금융위원회에
보고하여야 한다.<개정 2015. 7. 24., 2021. 4. 20.>
1. 은행(지방은행은 제외한다. 이하 이 항에서 같다)의 의결권 있는 발행주식 총수의 100분의 4를 초과하여 주식을
보유하게 되었을 때
2. 제1호에 해당하는 동일인이 해당 은행의 최대주주가 되었을 때
3. 제1호에 해당하는 동일인의 주식보유비율이 해당 은행의 의결권 있는 발행주식 총수의 100분의 1 이상 변동되었
을 때
4. 은행의 의결권 있는 발행주식총수의 100분의 4를 초과하여 보유한 기관전용 사모집합투자기구의 경우 그 사원
의 변동이 있을 때
5. 은행의 의결권 있는 발행주식총수의 100분의 4를 초과하여 보유한 투자목적회사의 경우 그 주주 또는 사원의 변
동이 있을 때(해당 투자목적회사의 주주 또는 사원인 기관전용 사모집합투자기구의 사원의 변동이 있을 때를 포
함한다)
③ 제1항 각 호 외의 부분 본문에도 불구하고 동일인은 다음 각 호의 구분에 따른 한도를 각각 초과할 때마다 금융
위원회의 승인을 받아 은행의 주식을 보유할 수 있다. 다만, 금융위원회는 은행업의 효율성과 건전성에 기여할 가능
성, 해당 은행 주주의 보유지분 분포 등을 고려하여 필요하다고 인정되는 경우에만 각 호에서 정한 한도 외에 따로
구체적인 보유한도를 정하여 승인할 수 있으며, 동일인이 그 승인받은 한도를 초과하여 주식을 보유하려는 경우에
는 다시 금융위원회의 승인을 받아야 한다.
법제처                                                            5                                                       국가법령정보센터
은행법
1. 제1항 각 호 외의 부분 본문에서 정한 한도(지방은행의 경우에는 제1항제2호에서 정한 한도)
2. 해당 은행의 의결권 있는 발행주식 총수의 100분의 25
3. 해당 은행의 의결권 있는 발행주식 총수의 100분의 33
④ 금융위원회는 제3항에 따른 승인을 하지 아니하는 경우에는 대통령령으로 정하는 기간 이내에 신청인에게 그 사
유를 명시하여 알려야 한다.
⑤ 제2항을 적용할 때 보고의 절차ㆍ방법ㆍ세부기준과 제3항을 적용할 때 은행의 주식을 보유할 수 있는 자의 자격
, 주식보유와 관련한 승인의 요건ㆍ절차, 그 밖에 필요한 사항은 다음 각 호의 사항 등을 고려하여 대통령령으로 정
한다.
1. 해당 은행의 건전성을 해칠 위험성
2. 자산규모 및 재무상태의 적정성
3. 해당 은행으로부터 받은 신용공여의 규모
4. 은행업의 효율성과 건전성에 기여할 가능성
⑥ 투자회사가 제3항에 따른 승인을 받아 은행의 주식을 보유하는 경우 그 투자회사에 대하여는 「자본시장과 금융
투자업에 관한 법률」 제81조제1항제1호가목부터 다목까지를 적용하지 아니한다.
⑦ 금융위원회는 해당 은행이 다음 각 호의 어느 하나에 해당하는 경우에는 제5항에 따른 승인의 요건을 갖추지 아
니한 경우에도 승인을 할 수 있다.<개정 2015. 12. 22.>
1. 「금융산업의 구조개선에 관한 법률」 제2조제2호에 따른 부실금융기관인 경우
2. 「예금자보호법」 제2조제5호에 따른 부실금융회사인 경우
3. 「예금자보호법」 제2조제6호에 따른 부실우려금융회사인 경우
4. 제34조제2항에 따른 경영지도기준을 준수하지 못하는 등 금융위원회가 정하여 고시하는 경우
⑧ 금융위원회 또는 은행은 그 은행의 주식을 보유하고 있는 동일인과 그 동일인이 보유하는 주식의 범위를 확인하
기 위하여 그 은행의 주주에게 필요한 자료의 제출을 요구할 수 있다.
⑨ 제8항에 따른 자료 제출 요구와 관련하여 필요한 사항은 대통령령으로 정한다.
[전문개정 2010. 5. 17.]
 
제15조의2 삭제 <2013. 8. 13.>
 
제15조의3(기관전용 사모집합투자기구등의 주식보유에 대한 승인 등) ① 삭제 <2013. 8. 13.>
② 기관전용 사모집합투자기구 또는 투자목적회사(이하 “기관전용 사모집합투자기구등”이라 한다)가 제15조제3항
에 따른 승인을 받고자 하는 경우에는 다음 각 호의 요건을 모두 갖추어야 한다.<개정 2013. 8. 13., 2015. 7. 24.,
2021. 4. 20.>
1. 기관전용 사모집합투자기구의 업무집행사원에 관한 요건
가. 법인으로서 자신이 업무집행사원으로 있거나 그 재산운용을 위탁받은 기관전용 사모집합투자기구등의 다른
사원 또는 주주의 특수관계인이 아닐 것
나. 자신이 업무집행사원으로 있거나 그 재산운용을 위탁받은 기관전용 사모집합투자기구등의 다른 사원 또는 주
주가 해당 기관전용 사모집합투자기구등의 재산인 주식 또는 지분에 대하여 영향력을 행사하는 것을 배제할
수 있을 정도의 자산운용 능력ㆍ경험 및 사회적 신용을 갖출 것
2. 그 밖에 기관전용 사모집합투자기구등의 주식보유가 해당 은행의 건전성에 미치는 영향 등을 고려하여 대통령령
으로 정하는 요건
③ 금융위원회는 제15조제3항에 따른 승인을 위한 심사를 함에 있어서 제2항의 요건에 해당하는지 여부를 확인하
기 위하여 필요한 경우에는 해당 기관전용 사모집합투자기구등 또는 그 재산운용 등을 담당하는 업무집행사원에게
해당 기관전용 사모집합투자기구등의 정관, 그 밖에 그 주주 또는 사원 사이에 체결된 계약내용 등 대통령령으로 정
하는 정보 또는 자료의 제공을 요구할 수 있다.<개정 2013. 8. 13., 2015. 7. 24., 2021. 4. 20.>
④ 금융위원회는 제15조제3항에 따른 승인을 하지 아니하는 경우에는 대통령령으로 정하는 기간 이내에 신청인에
게 그 사유를 명시하여 통지하여야 한다.<개정 2013. 8. 13.>
법제처                                                            6                                                       국가법령정보센터
은행법
⑤ 삭제<2013. 8. 13.>
⑥ 금융위원회는 제15조제3항에 따른 승인을 함에 있어서 해당 은행 주주의 보유지분분포ㆍ구성내역, 해당 기관전
용 사모집합투자기구등의 사원 또는 주주의 구성내역 등을 고려하여 해당 기관전용 사모집합투자기구등이 은행의
주요 경영사항에 대하여 사실상 영향력 행사의 가능성이 높은 경우에는 경영관여 등과 관련하여 필요한 조건을 붙
일 수 있다.<개정 2013. 8. 13., 2015. 7. 24., 2021. 4. 20.>
⑦ 제15조제3항에 따른 승인의 절차ㆍ심사방법, 제2항의 요건의 세부기준, 그 밖에 필요한 사항은 대통령령으로 정
한다.<개정 2013. 8. 13.>
[전문개정 2010. 5. 17.]
[제목개정 2015. 7. 24., 2021. 4. 20.]
 
제15조의4(기관전용 사모집합투자기구등의 보고사항) 제15조제3항에 따른 승인을 받아 은행의 주식을 보유한 기관전
용 사모집합투자기구등이 제15조의3제3항에 따라 금융위원회에 제출한 정보 또는 자료의 내용에 변경이 있는 경우
에는 지체 없이 그 사실을 금융위원회에 보고하여야 한다. <개정 2013. 8. 13., 2015. 7. 24., 2021. 4. 20.>
[전문개정 2010. 5. 17.]
[제목개정 2015. 7. 24., 2021. 4. 20.]
 
제15조의5(기관전용 사모집합투자기구등의 의무) 기관전용 사모집합투자기구등 또는 그 주주ㆍ사원은 제15조제3항에
따른 승인을 받아 은행의 주식을 보유한 경우 다음 각 호의 어느 하나에 해당하는 행위를 하여서는 아니 된다. <개정
2013. 8. 13., 2015. 7. 24., 2021. 4. 20.>
1. 기관전용 사모집합투자기구의 유한책임사원 또는 투자목적회사로부터 재산운용을 위탁받은 기관전용 사모집합
투자기구의 업무집행사원 이외의 자가 기관전용 사모집합투자기구등이 보유한 은행의 주식의 의결권 행사에 영
향을 미치는 행위
2. 비금융회사의 주식 또는 지분에 투자함으로써 「자본시장과 금융투자업에 관한 법률」 제249조의7제5항제1호 또
는 제2호의 요건을 충족하게 되는 행위
3. 이 법 또는 이 법에 따른 명령을 위반하는 행위
4. 주주 또는 사원 사이에 이 법 또는 다른 금융 관련 법령을 위반하는 계약을 체결하는 행위 등 대통령령으로 정하
는 행위
[전문개정 2010. 5. 17.]
[제목개정 2015. 7. 24., 2021. 4. 20.]
 
제16조(한도초과주식의 의결권 제한 등) ① 동일인이 제15조제1항ㆍ제3항 또는 제16조의2제1항ㆍ제2항에 따른 주식
의 보유한도를 초과하여 은행의 주식을 보유하는 경우 제15조제1항ㆍ제3항 또는 제16조의2제1항ㆍ제2항에 따른 한
도를 초과하는 주식에 대하여는 그 의결권을 행사할 수 없으며, 지체 없이 그 한도에 적합하도록 하여야 한다. <개정
2013. 8. 13.>
② 제1항에도 불구하고 제33조제1항제3호에 따라 발행된 은행주식 전환형 조건부자본증권이 은행의 주식으로 전
환됨에 따라 동일인이 다음 각 호의 어느 하나에 해당하게 되는 경우에는 해당 각 호의 구분에 따른다.<신설 2016.
3. 29.>
1. 제15조제1항ㆍ제3항에 따른 주식의 보유한도를 초과하여 은행의 주식을 보유하게 되는 경우: 다음 각 목의 절차
를 모두 완료하여야 하며, 그 완료 전까지는 보유한도를 초과하여 보유하는 주식에 대하여 그 의결권을 행사할 수
없다.
가. 대통령령으로 정하는 기간 이내에 제15조제1항ㆍ제3항에 따른 한도를 초과하는 은행 주식의 보유사실을 금
융위원회에 보고할 것
나. 대통령령으로 정하는 기간 이내에 다음의 어느 하나에 해당하는 조치를 완료할 것. 다만, 불가피한 사유가 있
는 경우에는 금융위원회의 승인을 받아 6개월 이내의 범위에서 그 기간을 연장할 수 있다.
법제처                                                            7                                                       국가법령정보센터
은행법
1) 제15조제3항에 따른 금융위원회의 승인을 받는 조치
2) 제15조제1항ㆍ제3항에 따른 한도를 초과하지 아니하도록 하는 조치
2. 제16조의2제1항에 따른 주식의 보유한도(지방은행의 경우는 제외한다)를 초과하고, 같은 조 제2항에 따른 주식
의 보유한도 이내에서 은행의 주식을 보유하게 되는 경우: 보유한도를 초과하여 보유하는 주식에 대해서는 그 의
결권을 행사할 수 없으며, 다음 각 목의 절차를 모두 완료하여야 한다.
가. 대통령령으로 정하는 기간 이내에 제16조의2제1항에 따른 한도를 초과하는 은행 주식의 보유사실을 금융위
원회에 보고할 것
나. 대통령령으로 정하는 기간 이내에 다음의 어느 하나에 해당하는 조치를 완료할 것. 다만, 불가피한 사유가 있
는 경우에는 금융위원회의 승인을 받아 6개월 이내의 범위에서 그 기간을 연장할 수 있다.
1) 제16조의2제2항에 따른 금융위원회의 승인을 받는 조치
2) 제16조의2제1항에 따른 한도를 초과하지 아니하도록 하는 조치
3. 제16조의2제1항에 따른 주식의 보유한도(지방은행의 경우만 해당한다) 또는 같은 조 제2항에 따른 주식의 보유
한도를 초과하여 은행의 주식을 보유하게 되는 경우: 보유한도를 초과하여 보유하는 주식에 대해서는 그 의결권
을 행사할 수 없으며, 지체 없이 그 한도에 적합하도록 하여야 한다.
③ 금융위원회는 동일인이 제1항 또는 제2항을 준수하지 아니하는 경우에는 6개월 이내의 기간을 정하여 그 한도
를 초과하는 주식을 처분할 것을 명할 수 있다.<개정 2013. 8. 13., 2016. 3. 29.>
④ 제2항제1호가목 및 제2호가목에 따른 보고의 절차 및 방법 등은 금융위원회가 정하여 고시한다.<신설 2016. 3.
29.>
[전문개정 2010. 5. 17.]
 
제16조의2(비금융주력자의 주식보유제한 등) ① 비금융주력자(「독점규제 및 공정거래에 관한 법률」 제32조에 따라 상
호출자제한기업집단등에서 제외되어 비금융주력자에 해당하지 아니하게 된 자로서 그 제외된 날부터 대통령령으로
정하는 기간이 지나지 아니한 자를 포함한다. 이하 제2항에서 같다)는 제15조제1항에도 불구하고 은행의 의결권 있
는 발행주식 총수의 100분의 4(지방은행의 경우에는 100분의 15)를 초과하여 은행의 주식을 보유할 수 없다. <개정
2013. 8. 13., 2020. 12. 29.>
② 제1항에도 불구하고 비금융주력자가 제1항에서 정한 한도(지방은행인 경우는 제외한다)를 초과하여 보유하려는
은행의 주식에 대한 의결권을 행사하지 아니하는 조건으로 재무건전성 등 대통령령으로 정하는 요건을 충족하여
금융위원회의 승인을 받은 경우에는 제15조제1항 각 호 외의 부분 본문에서 정한 한도까지 주식을 보유할 수 있다.
③ 다음 각 호의 어느 하나에 해당하는 비금융주력자에 대하여는 제1항ㆍ제2항에도 불구하고 제15조제1항 각 호
외의 부분 본문 및 같은 조 제3항을 적용한다.<개정 2013. 8. 13.>
1. 2년 이내에 비금융주력자가 아닌 자로 전환하기 위한 계획(이하 “전환계획”이라 한다)을 금융위원회에 제출하여
승인을 받은 비금융주력자
2. 「외국인투자 촉진법」에 따른 외국인(이하 “외국인”이라 한다)의 은행에 대한 주식보유비율 이내에서 주식을 보유
하는 비금융주력자
3. 「국가재정법」 제5조에 따른 기금 또는 그 기금을 관리ㆍ운용하는 법인(법률에 따라 기금의 관리ㆍ운용을 위탁받
은 법인을 포함하며, 이하 이 호에서 “기금등”이라 한다)으로서 다음 각 목의 요건을 모두 갖추어 금융위원회의
승인을 받은 비금융주력자
가. 은행의 주식을 보유한 기금등과 은행의 예금자, 다른 주주 등 이해관계자 사이에 발생할 수 있는 이해상충을
방지하기 위하여 대통령령으로 정하는 체계를 갖출 것
나. 가목의 이해상충의 방지를 위하여 금융위원회가 정하여 고시하는 기관으로부터 필요한 범위 내에서 감독 및
검사를 받을 것
다. 그 밖에 기금등의 주식보유가 은행의 건전성에 미치는 영향 등을 고려하여 대통령령으로 정하는 요건
④ 비금융주력자가 제3항제2호에 따라 은행의 주식을 보유한 후 외국인의 주식보유비율을 초과하게 된 경우에는
그 초과 보유한 주식에 대하여는 의결권을 행사할 수 없다.
법제처                                                            8                                                       국가법령정보센터
은행법
⑤ 금융위원회는 1년 이내의 기간을 정하여 제4항에 따라 비금융주력자가 초과 보유한 주식을 처분할 것을 명할 수
있다. 다만, 금융위원회는 비금융주력자가 초과 보유한 주식의 규모, 증권시장의 상황 등에 비추어 부득이하다고 인
정되는 경우에는 그 기간을 정하여 주식의 처분기한을 연장할 수 있다.
⑥ 비금융주력자가 제3항제2호에 따라 주식을 보유할 수 있는 은행의 수는 1개로 제한한다.
⑦ 제3항제1호에 따른 전환계획의 승인 요건 및 제3항제3호의 승인의 절차ㆍ방법, 그 밖에 승인 심사에 필요한 사
항은 대통령령으로 정한다.
[전문개정 2010. 5. 17.]
 
제16조의3(전환계획에 대한 평가 및 점검 등) ① 제16조의2제3항제1호에 따른 승인을 신청하려는 비금융주력자는 전
환계획을 금융위원회에 제출하여야 하며, 금융위원회는 전환계획에 대한 전문기관의 평가가 필요하다고 인정하는
경우에는 금융위원회가 정하는 바에 따라 그 평가를 할 수 있다.
② 금융위원회는 제16조의2제3항제1호에 따라 전환계획에 대한 승인을 받아 같은 조 제1항에서 정한 한도를 초과
하여 은행의 주식을 보유하는 비금융주력자(이하 “전환대상자”라 한다)의 전환계획 이행 상황을 대통령령으로 정하
는 바에 따라 정기적으로 점검하고 그 결과를 인터넷 홈페이지 등을 이용하여 공시하여야 한다.
③ 금융위원회는 제2항에 따른 점검 결과 전환대상자가 전환계획을 이행하지 아니하고 있다고 인정되는 경우에는
6개월 이내의 기간을 정하여 그 이행을 명할 수 있다.
④ 다음 각 호의 어느 하나에 해당하는 전환대상자는 제16조의2제1항에서 정한 한도를 초과하여 보유하는 은행의
주식에 대하여는 의결권을 행사할 수 없다.
1. 금융위원회로부터 제3항에 따른 이행명령을 받은 전환대상자
2. 제48조의2제1항제1호나목의 사유에 따라 제43조의2제1항에 따른 금융감독원장의 검사 결과 은행과의 불법거래
사실이 확인된 전환대상자
⑤ 금융위원회는 전환대상자가 다음 각 호의 어느 하나에 해당하면 6개월 이내의 기간을 정하여 제16조의2제1항에
서 정한 한도를 초과하여 보유하는 은행의 주식을 처분할 것을 명할 수 있다.
1. 제3항에 따른 이행명령을 이행하지 아니하는 경우
2. 제4항제2호에 해당하는 경우
[전문개정 2010. 5. 17.]
 
제16조의4(한도초과보유주주등에 대한 적격성심사 등) ① 금융위원회는 제15조제3항 및 제16조의2제3항에 따라 은행
의 주식을 보유하는 자(이하 이 조에서 “한도초과보유주주등”이라 한다)가 그 주식을 보유한 후에도 각각 제15조제
5항 및 제15조의3제7항에 따른 자격 및 승인의 요건(이하 이 조에서 “초과보유요건등”이라 한다)을 충족하는지 여부
를 대통령령으로 정하는 바에 따라 심사하여야 한다. <개정 2013. 8. 13.>
② 금융위원회는 제1항에 따른 심사를 위하여 필요한 경우에는 은행 또는 한도초과보유주주등에 대하여 필요한 자
료 또는 정보의 제공을 요구할 수 있다.
③ 금융위원회는 제1항에 따른 심사 결과 한도초과보유주주등이 초과보유요건등을 충족하지 못하고 있다고 인정되
는 경우에는 6개월 이내의 기간을 정하여 초과보유요건등을 충족하도록 명할 수 있다.
④ 제3항에 따른 명령을 받은 한도초과보유주주등은 그 명령을 이행할 때까지 제15조제3항제1호에서 정한 한도(한
도초과보유주주등이 비금융주력자인 경우에는 제16조의2제1항에서 정한 한도를 말한다. 이하 제5항에서 같다)를
초과하여 보유하는 은행의 주식에 대하여는 의결권을 행사할 수 없다.<개정 2013. 8. 13.>
⑤ 금융위원회는 제3항에 따른 명령을 받은 한도초과보유주주등이 그 명령을 이행하지 아니하는 경우에는 6개월
이내의 기간을 정하여 그 한도초과보유주주등이 제15조제3항제1호에서 정한 한도를 초과하여 보유하는 은행의 주
식을 처분할 것을 명할 수 있다.
⑥ 금융위원회는 제1항의 초과보유요건등의 충족 여부를 심사할 경우 제16조의2제3항제3호에 해당하는 자에 대하
여 같은 호 각 목의 요건을 충족하고 있는지 여부를 심사하여야 한다.
[전문개정 2010. 5. 17.]
법제처                                                            9                                                       국가법령정보센터
은행법
제16조의5(외국은행등에 대한 특례) ① 금융위원회는 외국에서 은행업을 주로 경영하는 회사 또는 해당 법인의 지주회
사(이하 이 조에서 “외국은행등”이라 한다)를 포함하는 동일인이 제2조제1항제9호가목 및 나목에 해당하는지 여부를
판단할 때 외국은행등이 다음 각 호의 요건을 모두 충족하는 경우로서 그 외국은행등의 신청이 있는 경우에는 제2조
제1항제8호에도 불구하고 그 외국은행등이 직접적ㆍ간접적으로 주식 또는 출자지분을 보유하는 외국 법인으로서
외국법에 따라 설립된 법인(또는 이에 준하는 것으로서 금융위원회가 인정하는 단체ㆍ조합 등을 포함한다)을 동일인
의 범위에서 제외할 수 있다. 다만, 그 외국 법인이 그 외국은행등이 주식을 보유하는 은행의 주식을 직접적ㆍ간접적
으로 보유하는 경우에는 그러하지 아니하다.
1. 자산총액, 영업규모 등에 비추어 국제적 영업활동에 적합하고 국제적 신인도가 높을 것
2. 해당 외국의 금융감독기관으로부터 해당 외국은행등의 건전성 등과 관련한 감독을 충분히 받을 것
3. 금융위원회가 해당 외국의 금융감독당국과 정보교환 등 업무협조 관계에 있을 것
② 금융위원회는 제1항에 따른 요건의 세부기준, 해당 외국은행등의 신청의 절차 및 방법 등에 관하여 필요한 사항
을 정하여 고시할 수 있다.
[전문개정 2010. 5. 17.]
 
제17조 삭제 <2010. 5. 17.>
 
       제4장 지배구조 <개정 2010. 5. 17.>
 
제18조 삭제 <2015. 7. 31.>
 
제19조 삭제 <1999. 2. 5.>
 
제20조 삭제 <2015. 7. 31.>
 
제21조 삭제 <2010. 5. 17.>
 
제21조의2(비공개정보 누설 등의 금지) 은행의 임직원(임직원이었던 자를 포함한다)은 업무상 알게 된 공개되지 아니한
정보 또는 자료를 외부(은행의 대주주 또는 그 대주주의 특수관계인을 포함한다)에 누설하거나 업무목적 외로 이용
하여서는 아니 된다.
[전문개정 2010. 5. 17.]
 
제22조 삭제 <2015. 7. 31.>
 
제23조 삭제 <2015. 7. 31.>
 
제23조의2 삭제 <2015. 7. 31.>
 
제23조의3 삭제 <2015. 7. 31.>
 
제23조의4 삭제 <2015. 7. 31.>
 
제23조의5 삭제 <2015. 7. 31.>
 
제24조 삭제 <2015. 7. 31.>
 
제25조 삭제 <2015. 7. 31.>
 
제26조 삭제 <2010. 5. 17.>
법제처                                                            10                                                       국가법령정보센터
은행법
 
       제5장 은행업무 <개정 2010. 5. 17.>
 
제27조(업무범위) ① 은행은 이 법 또는 그 밖의 관계 법률의 범위에서 은행업에 관한 모든 업무(이하 “은행업무”라 한
다)를 운영할 수 있다.
② 은행업무의 범위는 다음 각 호와 같다
1. 예금ㆍ적금의 수입 또는 유가증권, 그 밖의 채무증서의 발행
2. 자금의 대출 또는 어음의 할인
3. 내국환ㆍ외국환
[전문개정 2010. 5. 17.]
 
제27조의2(부수업무의 운영) ① 은행은 은행업무에 부수하는 업무(이하 “부수업무”라 한다)를 운영할 수 있다.
② 은행이 부수업무를 운영하려는 경우에는 그 업무를 운영하려는 날의 7일 전까지 금융위원회에 신고하여야 한다.
다만, 부수업무 중 다음 각 호에서 정하는 업무는 신고를 하지 아니하고 운영할 수 있다.
1. 채무의 보증 또는 어음의 인수
2. 상호부금(相互賦金)
3. 팩토링(기업의 판매대금 채권의 매수ㆍ회수 및 이와 관련된 업무를 말한다)
4. 보호예수(保護預受)
5. 수납 및 지급대행
6. 지방자치단체의 금고대행
7. 전자상거래와 관련한 지급대행
8. 은행업과 관련된 전산시스템 및 소프트웨어의 판매 및 대여
9. 금융 관련 연수, 도서 및 간행물 출판업무
10. 금융 관련 조사 및 연구업무
11. 그 밖에 은행업무에 부수하는 업무로서 대통령령으로 정하는 업무
③ 은행이 제2항에 따른 신고를 하는 경우에는 업무계획 및 예상손익에 관한 서류 등 대통령령으로 정하는 서류를
첨부하여야 한다.
④ 금융위원회는 제2항에 따른 신고내용이 다음 각 호의 어느 하나에 해당하는 경우에는 그 부수업무의 운영을 제
한하거나 시정할 것을 명할 수 있다.
1. 은행의 경영건전성을 해치는 경우
2. 예금자 등 은행 이용자의 보호에 지장을 가져오는 경우
3. 금융시장 등의 안정성을 해치는 경우
⑤ 금융위원회는 제2항에 따라 신고받은 부수업무 및 제4항에 따라 제한 또는 시정명령을 한 부수업무를 대통령령
으로 정하는 방법 및 절차에 따라 인터넷 홈페이지 등에 공고하여야 한다.
[본조신설 2010. 5. 17.]
 
제28조(겸영업무의 운영) ① 은행은 은행업이 아닌 업무로서 다음 각 호의 업무(이하 “겸영업무”라 한다)를 직접 운영할
수 있다.
1. 대통령령으로 정하는 금융 관련 법령에서 인가ㆍ허가 및 등록 등을 받아야 하는 업무 중 대통령령으로 정하는 금
융업무
2. 대통령령으로 정하는 법령에서 정하는 금융 관련 업무로서 해당 법령에서 은행이 운영할 수 있도록 한 업무
3. 그 밖에 그 업무를 운영하여도 제27조의2제4항 각 호의 어느 하나에 해당할 우려가 없는 업무로서 대통령령으로
정하는 금융업무
② 은행이 겸영업무를 직접 운영하려는 경우에는 다음 각 호에 따라 금융위원회에 신고하여야 한다.
법제처                                                            11                                                       국가법령정보센터
은행법
1. 제1항제1호에 따른 업무: 금융 관련 법령에 따라 인가ㆍ허가 및 등록 등을 신청할 때 신고
2. 제1항제2호 및 제3호에 따른 업무: 그 업무를 운영하려는 날의 7일 전까지 신고
③ 금융위원회는 제2항에 따른 신고내용이 제27조의2제4항 각 호의 어느 하나에 해당할 우려가 있는 경우에는 그
겸영업무의 운영을 제한하거나 시정할 것을 명할 수 있다.
[전문개정 2010. 5. 17.]
 
제28조의2(이해상충의 관리) ① 은행은 이 법에 따른 업무를 운영할 때 은행과 은행이용자 간, 특정 이용자와 다른 이용
자 간의 이해상충(利害相衝)을 방지하기 위하여 대통령령으로 정하는 업무 간에는 이해상충이 발생할 가능성에 대하
여 인식ㆍ평가하고 정보교류를 차단하는 등 공정하게 관리하여야 한다.
② 은행은 제1항에 따른 이해상충을 관리하는 방법 및 절차 등을 대통령령으로 정하는 바에 따라 「금융회사의 지배
구조에 관한 법률」 제24조에 따른 내부통제기준(이하 “내부통제기준”이라 한다)에 반영하여야 한다.<개정 2015. 7.
31.>
③ 은행은 이해상충을 공정하게 관리하는 것이 어렵다고 인정되는 경우에는 그 사실을 미리 해당 이용자 등에게 충
분히 알려야 하며, 그 이해상충이 발생할 가능성을 내부통제기준이 정하는 방법 및 절차에 따라 은행이용자 보호 등
에 문제가 없는 수준으로 낮춘 후 거래를 하여야 한다.
④ 은행은 제3항에 따라 그 이해상충이 발생할 가능성을 낮추는 것이 어렵다고 판단되는 경우에는 거래를 하여서는
아니 된다.
⑤ 금융위원회는 은행이용자 보호 등을 위하여 필요하다고 인정되는 경우에는 이해상충에 관한 내부통제기준의 변
경을 권고할 수 있다.
⑥ 은행은 대통령령으로 정하는 겸영업무 및 부수업무의 경우에는 대통령령으로 정하는 바에 따라 은행업무와 구
별하고 별도의 장부와 기록을 보유하여야 한다.
[본조신설 2010. 5. 17.]
 
제29조 삭제 <2010. 5. 17.>
 
제30조(예금지급준비금과 금리 등에 관한 준수 사항) ① 은행은 「한국은행법」 제55조에 따른 지급준비금 적립대상 채
무에 대한 지급준비를 위하여 「한국은행법」 제4장제2절에 따른 최저율 이상의 지급준비금과 지급준비자산을 보유
하여야 한다. 다만, 제28조에 따라 운영하는 신탁업무에 대하여는 지급준비금과 지급준비자산을 보유하지 아니할 수
있다. <개정 2011. 9. 16.>
② 은행은 「한국은행법」에 따른 금융통화위원회가 하는 다음 각 호의 결정 및 제한 등을 준수하여야 한다.
1. 은행의 각종 예금에 대한 이자 및 그 밖의 지급금의 최고율의 결정
2. 은행의 각종 대출 등 여신업무에 대한 이자 및 그 밖의 요금의 최고율의 결정
3. 은행 대출의 최장기한 및 담보의 종류에 대한 제한
4. 극심한 통화팽창기 등 국민경제상 절실한 경우 일정한 기간 내의 은행의 대출과 투자의 최고한도 또는 분야별 최
고한도의 제한
5. 극심한 통화팽창기 등 국민경제상 절실한 경우 은행의 대출에 대한 사전승인
[전문개정 2010. 5. 17.]
 
제30조의2(금리인하 요구) ① 은행과 신용공여 계약을 체결한 자는 재산 증가나 신용등급 또는 개인신용평점 상승 등
신용상태 개선이 나타났다고 인정되는 경우 은행에 금리인하를 요구할 수 있다. <개정 2020. 2. 4.>
② 은행은 신용공여 계약을 체결하려는 자에게 제1항에 따라 금리인하를 요구할 수 있음을 알려야 한다.
③ 그 밖에 금리인하 요구의 요건 및 절차에 관한 구체적 사항은 대통령령으로 정한다.
[본조신설 2018. 12. 11.]
 
제30조의3(대출금리의 산정) ① 은행은 대출금리에 다음 각 호의 어느 하나에 해당하는 항목을 반영하여서는 아니 된
다.
법제처                                                            12                                                       국가법령정보센터
은행법
1. 제30조제1항에 따른 지급준비금
2. 「예금자보호법」 제30조에 따른 보험료
3. 「서민의 금융생활 지원에 관한 법률」 제47조에 따른 서민금융진흥원 출연금
4. 「교육세법」 제5조제1항제1호에 따른 교육세. 다만, 과세표준이 되는 수익금액의 1천분의 5를 초과하는 금액에
한정한다.
② 은행은 대출금리에 다음 각 호의 어느 하나에 해당하는 출연금의 100분의 50 이하의 범위에서 대통령령으로 정
하는 비율 이상을 반영하여서는 아니 된다.
1. 「기술보증기금법」 제13조에 따른 기술보증기금 출연금
2. 「농림수산업자 신용보증법」 제4조에 따른 농림수산업자 신용보증기금 출연금
3. 「신용보증기금법」 제6조에 따른 신용보증기금 출연금
4. 「지역신용보증재단법」 제7조제3항에 따른 지역신용보증재단 및 신용보증재단중앙회 출연금
5. 「한국주택금융공사법」 제56조에 따른 주택금융신용보증기금 출연금
③ 은행은 제1항과 제2항의 준수 여부를 연 2회 이상 점검하고 그 결과를 기록ㆍ관리하여야 한다.
④ 은행은 제1항과 제2항에 따른 대출금리 반영 금지 의무와 제3항에 따른 점검 및 기록ㆍ관리 의무를 내부통제기
준에 반영하여야 한다.
[본조신설 2025. 12. 30.]
 
제31조(상업금융업무 및 장기금융업무) 은행은 상업금융업무와 장기금융업무를 모두 운영할 수 있다.
[전문개정 2010. 5. 17.]
 
제32조(당좌예금의 취급) 당좌예금은 상업금융업무를 운영하는 은행만이 취급할 수 있다.
[전문개정 2010. 5. 17.]
 
제33조(금융채의 발행) ① 은행은 자기자본의 5배의 범위에서 대통령령으로 정하는 한도 내에서 다음 각 호의 사채(이
하 “금융채”라 한다)를 발행할 수 있다. 다만, 제4호의 사채는 비상장은행(「자본시장과 금융투자업에 관한 법률」 제
9조제15항제4호에 따른 주권비상장법인인 은행을 말한다. 이하 같다)만이 발행할 수 있다.
1. 「상법」에 따른 사채
2. 「자본시장과 금융투자업에 관한 법률」 제165조의11제1항에 따른 사채 중 해당 사채의 발행 당시 객관적이고 합
리적인 기준에 따라 미리 정하는 사유(이하 “예정사유”라 한다)가 발생하는 경우 그 사채의 상환과 이자지급 의무
가 감면된다는 조건이 붙은 사채(이하 “상각형 조건부자본증권”이라 한다)
3. 「자본시장과 금융투자업에 관한 법률」 제165조의11제1항에 따른 사채 중 해당 사채의 발행 당시 예정사유가 발
생하는 경우 은행의 주식으로 전환된다는 조건이 붙은 사채(이하 “은행주식 전환형 조건부자본증권”이라 한다)
4. 「상법」 제469조제2항, 제513조 및 제516조의2에 따른 사채와 다른 종류의 사채로서 해당 사채의 발행 당시 예정
사유가 발생하는 경우 비상장은행의 주식으로 전환됨과 동시에 그 전환된 주식이 상장은행지주회사(해당 사채의
발행 당시 비상장은행의 발행주식 총수를 보유한 「자본시장과 금융투자업에 관한 법률」 제9조제15항제3호에 따
른 주권상장법인인 은행지주회사를 말한다. 이하 같다)의 주식과 교환된다는 조건이 붙은 사채(이하 “은행지주회
사주식 전환형 조건부자본증권”이라 한다)
5. 그 밖에 제1호부터 제4호까지의 사채에 준하는 사채로서 대통령령으로 정하는 사채
② 금융채의 발행조건 및 발행방법 등에 관하여 필요한 사항은 대통령령으로 정한다.
③ 금융위원회는 은행이 제33조의2 또는 제33조의3에 따른 이사회의 의결 또는 주주총회의 결의를 거치지 아니하
고 금융채를 발행한 경우 그 은행에 대하여 6개월 이내의 기간을 정하여 금융채 발행의 금지를 명할 수 있다.
[전문개정 2016. 3. 29.]
 
제33조의2(상각형 조건부자본증권 및 은행주식 전환형 조건부자본증권의 발행절차 등) ① 상각형 조건부자본증권의
발행 등에 관하여는 「자본시장과 금융투자업에 관한 법률」 제165조의11제2항 및 제314조제8항을 준용한다.
법제처                                                            13                                                       국가법령정보센터
은행법
② 은행주식 전환형 조건부자본증권의 발행 등에 관하여는 「자본시장과 금융투자업에 관한 법률」 제165조의6제
1항ㆍ제2항ㆍ제4항, 제165조의9, 제165조의11제2항 및 제314조제8항을 준용한다.
[본조신설 2016. 3. 29.]
 
제33조의3(은행지주회사주식 전환형 조건부자본증권의 발행절차 등) ① 비상장은행이 은행지주회사주식 전환형 조건
부자본증권을 발행하려면 비상장은행 및 상장은행지주회사는 각각의 정관으로 정하는 바에 따라 은행지주회사주식
전환형 조건부자본증권의 총액 등 대통령령으로 정하는 사항을 포함한 주식교환계약서를 작성하여 다음 각 호의 구
분에 따른 절차를 거쳐야 한다.
1. 비상장은행의 경우: 이사회의 의결
2. 상장은행지주회사의 경우: 이사회의 의결과 「상법」 제434조에 따른 주주총회의 결의
② 비상장은행은 은행지주회사주식 전환형 조건부자본증권을 발행하는 경우 「공사채 등록법」 제3조에 따른 등록
기관에 등록하여 발행하여야 한다. 이 경우 「자본시장과 금융투자업에 관한 법률」 제309조제5항에 따른 방법으로
그 은행지주회사주식 전환형 조건부자본증권이 등록되도록 하여야 한다.
③ 비상장은행 및 상장은행지주회사는 비상장은행이 은행지주회사주식 전환형 조건부자본증권을 발행한 경우 「상
법」 제476조에 따른 납입이 완료된 날부터 2주일 이내에 각각의 본점 소재지에서 은행지주회사주식 전환형 조건부
자본증권의 총액 등 대통령령으로 정하는 사항을 등기하여야 한다.
④ 제1항제2호에 따른 이사회의 의결이 있는 경우 그 의결에 반대하는 상장은행지주회사의 주주가 주주총회 전에
상장은행지주회사에 대하여 서면으로 그 의결에 반대하는 의사를 통지한 경우 그 주주총회의 결의일부터 20일 이
내에 주식의 종류와 수를 적은 서면으로 상장은행지주회사에 대하여 자기가 소유하고 있는 주식의 매수를 청구할
수 있다. 이 경우 주식의 매수기간 및 매수가액의 결정 등에 관하여는 「상법」 제374조의2제2항부터 제5항까지의
규정을 준용한다.
⑤ 비상장은행 및 상장은행지주회사는 비상장은행이 은행지주회사주식 전환형 조건부자본증권을 발행하는 날부터
제6항에 따른 효력발생일과 만기일 중 먼저 도래하는 날까지 전환 및 교환으로 인하여 새로 발행할 주식의 수를 유
보(留保)하여야 한다.
⑥ 은행지주회사주식 전환형 조건부자본증권의 비상장은행 주식으로의 전환 및 그 전환된 주식의 상장은행지주회
사 주식과의 교환은 예정사유가 발생한 날부터 제15영업일이 되는 날까지 중 대통령령으로 정하는 날에 그 효력이
발생한다.
⑦ 「상법」 제355조제1항에도 불구하고 비상장은행은 제6항에 따른 효력이 발생하는 경우에도 주권을 발행하지 아
니할 수 있다.
⑧ 비상장은행이 은행지주회사주식 전환형 조건부자본증권을 발행한 이후 상장은행지주회사가 비상장은행을 지배
(「금융지주회사법」 제2조제1항제1호에 따른 지배를 말한다)하지 아니하게 된 때에는 그 때까지 발행된 예정사유가
발생하지 아니한 은행지주회사주식 전환형 조건부자본증권은 예정사유 및 전환의 조건이 동일한 은행주식 전환형
조건부자본증권으로 변경되는 것으로 본다. 다만, 제1항에 따른 주식교환계약서에서 달리 정한 경우에는 그러하지
아니하다.
⑨ 비상장은행 및 상장은행지주회사는 은행지주회사주식 전환형 조건부자본증권의 변경등기를 다음 각 호의 구분
에 따라 각각의 본점 소재지에서 하여야 한다.
1. 제6항에 따른 전환ㆍ교환으로 인한 변경등기: 같은 항에 따른 효력발생일부터 2주일 이내
2. 제8항에 따른 변경으로 인한 변경등기: 같은 항에 따라 변경되는 날부터 2주일 이내
⑩ 은행지주회사주식 전환형 조건부자본증권의 발행에 관하여는 「상법」 제424조, 제424조의2 및 제429조부터 제
432조까지의 규정과 「자본시장과 금융투자업에 관한 법률」 제165조의6제1항ㆍ제2항ㆍ제4항, 제165조의9 및 제
314조제8항을 준용하며, 은행지주회사주식 전환형 조건부자본증권의 비상장은행 주식으로의 전환 및 그 전환된 주
식의 상장은행지주회사 주식과의 교환에 관하여는 「상법」 제339조, 제348조, 제350조제2항ㆍ제3항, 제360조의4,
제360조의7, 제360조의11, 제360조의12 및 제360조의14를 준용한다.
법제처                                                            14                                                       국가법령정보센터
은행법
⑪ 제1항부터 제10항까지에서 규정한 사항 외에 정관에 규정하여야 하는 사항, 예정사유의 구체적인 기준, 그 밖에
은행지주회사주식 전환형 조건부자본증권의 발행 등에 필요한 세부 사항은 대통령령으로 정한다.
[본조신설 2016. 3. 29.]
 
제33조의4(소규모 은행지주회사주식 전환형 조건부자본증권의 발행절차 등에 관한 특례) ① 비상장은행이 발행하는
은행지주회사주식 전환형 조건부자본증권의 발행가액이 상장은행지주회사 자본총액(재무상태표상 자산총액에서 부
채총액을 뺀 금액을 말한다)의 100분의 5를 초과하지 아니하는 경우에는 제33조의3제1항제2호에 따른 상장은행지
주회사 주주총회의 결의(이하 이 조에서 “특별결의”라 한다)는 같은 호에 따른 상장은행지주회사 이사회의 의결(정관
에서 「상법」 제368조제1항에 따른 주주총회의 결의를 거치도록 한 경우에는 그 주주총회의 결의)로 갈음할 수 있다.
이 경우 제33조의3제1항에 따른 주식교환계약서에 특별결의를 거치지 아니하고 은행지주회사주식 전환형 조건부자
본증권을 발행할 수 있다는 뜻을 적어야 한다. <개정 2021. 4. 20.>
② 상장은행지주회사는 제1항 후단에 따라 주식교환계약서를 작성한 날부터 2주일 이내에 비상장은행의 상호와 본
점, 은행지주회사주식 전환형 조건부자본증권을 발행할 날 및 특별결의를 거치지 아니하고 은행지주회사주식 전환
형 조건부자본증권을 발행한다는 뜻을 공고하거나 주주에게 통지하여야 한다.
③ 상장은행지주회사의 발행주식 총수의 100분의 20 이상에 해당하는 주식을 가지는 주주가 제2항에 따른 공고 또
는 통지를 한 날부터 2주일 이내에 상장은행지주회사에 대하여 서면으로 은행지주회사주식 전환형 조건부자본증권
발행에 반대하는 의사를 통지하는 경우에는 제1항에 따른 방법으로 은행지주회사주식 전환형 조건부자본증권을 발
행할 수 없다.
④ 제1항의 경우에는 제33조의3제4항을 적용하지 아니한다.
⑤ 제1항부터 제4항까지에서 규정한 사항 외에 소규모 은행지주회사주식 전환형 조건부자본증권의 발행 등에 관하
여는 「상법」 제360조의10제6항을 준용한다.
[본조신설 2016. 3. 29.]
 
제33조의5(사채등의 등록) ① 사채, 그 밖에 등록에 적합한 것으로서 대통령령으로 정하는 권리(이하 이 조에서 “사채등
”이라 한다)의 소유자ㆍ질권자, 그 밖의 이해관계자는 해당 사채등을 발행하는 은행(이하 이 조에서 “발행은행”이라
한다)에 각각 그 권리를 등록할 수 있다.
② 등록한 사채등에 대해서는 증권(證券)이나 증서(證書)를 발행하지 아니하며, 발행은행은 이미 증권이나 증서가
발행된 사채등을 등록하는 경우에는 그 증권이나 증서를 회수하여야 한다.
③ 사채등의 소유자는 언제든지 발행은행에 사채등의 등록을 말소하고 사채등이 표시된 증권이나 증서의 발행을
청구할 수 있다. 다만, 사채등의 발행 조건에서 증권이나 증서를 발행하지 아니하기로 정한 경우에는 그러하지 아니
하다.
④ 등록한 사채등을 이전하거나 담보권의 목적으로 하거나 신탁재산으로 위탁한 경우에는 그 사실을 등록하지 아
니하면 발행은행이나 그 밖의 제3자에게 대항하지 못한다.
⑤ 등록한 사채등을 법령에 따라 담보로서 공탁(供託)하거나 임치(任置)하는 경우에는 그 사실을 등록함으로써 담보
를 갈음할 수 있다.
⑥ 제1항부터 제5항까지에서 규정한 사항 외에 사채등의 등록 및 말소의 방법과 절차, 등록부의 작성ㆍ비치 및 관
리 등에 필요한 사항은 대통령령으로 정한다.
[본조신설 2016. 3. 22.]
 
       제6장 건전경영의 유지 <개정 2010. 5. 17.>
 
제34조(건전경영의 지도) ① 은행은 은행업을 경영할 때 자기자본을 충실하게 하고 적정한 유동성을 유지하는 등 경영
의 건전성을 확보하여야 한다.
② 은행은 경영의 건전성을 유지하기 위하여 다음 각 호의 사항에 관하여 대통령령으로 정하는 바에 따라 금융위원
회가 정하는 경영지도기준을 지켜야 한다.
법제처                                                            15                                                       국가법령정보센터
은행법
1. 자본의 적정성에 관한 사항
2. 자산의 건전성에 관한 사항
3. 유동성에 관한 사항
4. 그 밖에 경영의 건전성 확보를 위하여 필요한 사항
③ 제2항에 따라 금융위원회가 경영지도기준을 정할 때에는 국제결제은행이 권고하는 은행의 건전성 감독에 관한
원칙을 충분히 반영하여야 한다.
④ 금융위원회는 은행이 제2항에 따른 경영지도기준을 충족시키지 못하는 등 경영의 건전성을 크게 해칠 우려가 있
거나 경영의 건전성을 유지하기 위하여 불가피하다고 인정될 때에는 자본금의 증액, 이익배당의 제한, 유동성이 높
은 자산의 확보, 일정한 규모의 조건부자본증권(제33조제1항제2호부터 제4호까지의 사채를 말한다)의 발행ㆍ보유
등 경영개선을 위하여 필요한 조치를 요구할 수 있다.<개정 2016. 3. 29.>
[본조신설 2010. 5. 17.]
 
제34조의2(불건전 영업행위의 금지) ① 은행은 다음 각 호의 어느 하나에 해당하는 행위를 해서는 아니 된다. <개정
2020. 3. 24.>
1. 실제 자금을 수취하지 아니하였음에도 입금처리하는 행위 등 은행이용자에게 부당하게 편익을 제공하는 행위
2. 예금, 대출 등 은행이 취급하는 상품을 비정상적으로 취급하여 은행이용자의 조세포탈ㆍ회계분식ㆍ부당내부거래
등 부당한 거래를 지원하는 행위
3. 은행업무, 부수업무 또는 겸영업무와 관련하여 은행이용자에게 정상적인 수준을 초과하여 재산상 이익을 제공하
는 행위
4. 그 밖에 은행업무, 부수업무 또는 겸영업무와 관련하여 취득한 정보 등을 활용하여 은행의 건전한 운영 또는 신
용질서를 해치는 행위
② 제1항 각 호에 따른 행위의 구체적인 유형 또는 기준은 대통령령으로 정한다.
[본조신설 2016. 3. 29.]
 
제34조의3(금융사고의 예방) ① 은행은 다음 각 호의 사항을 포함한 금융사고 예방대책을 마련하여 내부통제기준에 반
영하고 이를 준수하여야 한다. <개정 2017. 4. 18.>
1. 지점(대리점, 국외현지법인 및 국외지점을 포함한다. 이하 제2호에서 같다)의 금융사고 관리에 관한 사항으로서
대통령령으로 정하는 사항
2. 지점의 업무운영에 관한 자체적인 검사에 관한 사항으로서 대통령령으로 정하는 사항
3. 은행이용자의 정보보호에 관한 사항으로서 대통령령으로 정하는 사항
4. 전산사무, 현금수송사무 등 금융사고 가능성이 높은 사무에 관한 사항으로서 대통령령으로 정하는 사항
② 삭제<2017. 4. 18.>
③ 은행은 은행의 경영에 중대한 영향을 미칠 수 있는 금융사고에 관한 사항으로서 대통령령으로 정하는 사항이 발
생한 경우에는 대통령령으로 정하는 기간 이내에 그 내용을 금융위원회에 보고하고, 인터넷 홈페이지 등을 이용하
여 공시하여야 한다.
[본조신설 2016. 3. 29.]
 
제35조(동일차주 등에 대한 신용공여의 한도) ① 은행은 동일한 개인ㆍ법인 및 그 개인ㆍ법인과 대통령령으로 정하는
신용위험을 공유하는 자[이하 “동일차주”(同一借主)라 한다]에 대하여 그 은행의 자기자본의 100분의 25를 초과하는
신용공여를 할 수 없다. 다만, 다음 각 호의 어느 하나에 해당하는 경우로서 대통령령으로 정하는 경우에는 그러하지
아니하다.
1. 국민경제를 위하여 또는 은행의 채권 확보의 실효성을 높이기 위하여 필요한 경우
2. 은행이 추가로 신용공여를 하지 아니하였음에도 불구하고 자기자본의 변동, 동일차주 구성의 변동 등으로 인하
여 본문에 따른 한도를 초과하게 되는 경우
법제처                                                            16                                                       국가법령정보센터
은행법
② 은행이 제1항제2호에 따라 제1항ㆍ제3항 및 제4항 본문에 규정된 한도를 초과하게 되는 경우에는 그 한도가 초
과하게 된 날부터 1년 이내에 제1항ㆍ제3항 및 제4항 본문에 규정된 한도에 맞도록 하여야 한다. 다만, 대통령령으
로 정하는 부득이한 사유에 해당하는 경우에는 금융위원회가 그 기간을 정하여 연장할 수 있다.
③ 은행은 동일한 개인이나 법인 각각에 대하여 그 은행의 자기자본의 100분의 20을 초과하는 신용공여를 할 수 없
다. 다만, 제1항 단서에 해당하는 경우에는 그러하지 아니하다.
④ 동일한 개인이나 법인 또는 동일차주 각각에 대한 은행의 신용공여가 그 은행의 자기자본의 100분의 10을 초과
하는 거액 신용공여인 경우 그 총합계액은 그 은행의 자기자본의 5배를 초과할 수 없다. 다만, 제1항 단서에 해당하
는 경우에는 그러하지 아니하다.
[전문개정 2010. 5. 17.]
 
제35조의2(은행의 대주주에 대한 신용공여한도 등) ① 은행이 그 은행의 대주주(국외현지법인을 제외한 특수관계인을
포함한다. 이하 이 조에서 같다)에게 할 수 있는 신용공여는 그 은행 자기자본의 100분의 25의 범위에서 대통령령으
로 정하는 비율에 해당하는 금액과 그 대주주의 그 은행에 대한 출자비율에 해당하는 금액 중 적은 금액을 초과할
수 없다.
② 은행이 그 은행의 전체 대주주에게 할 수 있는 신용공여는 그 은행 자기자본의 100분의 25의 범위에서 대통령령
으로 정하는 비율에 해당하는 금액을 초과할 수 없다.
③ 은행은 제1항 및 제2항에 따른 신용공여한도를 회피하기 위한 목적으로 다른 은행과 교차하여 신용공여를 하여
서는 아니 된다.
④ 은행은 그 은행의 대주주에 대하여 대통령령으로 정하는 금액 이상의 신용공여(대통령령으로 정하는 거래를 포
함한다. 이하 이 조에서 같다)를 하려는 경우에는 미리 이사회의 의결을 거쳐야 한다. 이 경우 이사회는 재적이사 전
원의 찬성으로 의결한다.
⑤ 은행은 그 은행의 대주주에 대하여 대통령령으로 정하는 금액 이상의 신용공여를 한 경우에는 지체 없이 그 사
실을 금융위원회에 보고하고 인터넷 홈페이지 등을 이용하여 공시하여야 한다.
⑥ 은행은 그 은행의 대주주에 대한 신용공여에 관한 사항을 대통령령으로 정하는 바에 따라 분기별로 인터넷 홈페
이지 등을 이용하여 공시하여야 한다.
⑦ 은행은 그 은행의 대주주의 다른 회사에 대한 출자를 지원하기 위한 신용공여를 하여서는 아니 된다.
⑧ 은행은 그 은행의 대주주에게 자산을 무상으로 양도하거나 통상의 거래조건에 비추어 그 은행에게 현저하게 불
리한 조건으로 매매 또는 교환하거나 신용공여를 하여서는 아니 된다.
[전문개정 2010. 5. 17.]
 
제35조의3(대주주가 발행한 지분증권의 취득한도 등) ① 은행은 자기자본의 100분의 1의 범위에서 대통령령으로 정하
는 비율에 해당하는 금액을 초과하여 그 은행의 대주주(제37조제2항에 따른 자회사등을 제외한 특수관계인을 포함
한다. 이하 같다)가 발행한 지분증권(「자본시장과 금융투자업에 관한 법률」 제4조제4항에 따른 지분증권을 말한다.
이하 같다)을 취득(대통령령으로 정하는 바에 따라 신탁업무를 운영함으로써 취득하는 것을 포함한다. 이하 이 조에
서 같다)하여서는 아니 된다. 다만, 「금융지주회사법」 제2조제1항제5호에 따른 은행지주회사의 자회사등(「금융지주
회사법」 제4조제1항제2호에 따른 자회사등을 말한다. 이하 이 항에서 같다)인 은행이 그 은행지주회사의 다른 자회
사등이 업무집행사원인 기관전용 사모집합투자기구에 출자하는 경우에는 그러하지 아니하다. <개정 2015. 7. 24.,
2021. 4. 20.>
② 금융위원회는 제1항 본문에 따른 취득한도 내에서 지분증권의 종류별로 취득한도를 따로 정할 수 있다.
③ 은행의 대주주가 아닌 자가 새로 대주주가 됨에 따라 은행이 제1항에 따른 한도를 초과하게 되는 경우 그 은행
은 대통령령으로 정하는 기간 이내에 그 한도를 초과한 지분증권을 처분하여야 한다.
④ 은행이 그 은행의 대주주가 발행한 지분증권을 대통령령으로 정하는 금액 이상으로 취득하려는 경우에는 미리
이사회의 의결을 거쳐야 한다. 이 경우 이사회는 재적이사 전원의 찬성으로 의결한다.
⑤ 은행이 그 은행의 대주주가 발행한 지분증권을 대통령령으로 정하는 금액 이상으로 취득한 경우에는 지체 없이
그 사실을 금융위원회에 보고하고 인터넷 홈페이지 등을 이용하여 공시하여야 한다.
법제처                                                            17                                                       국가법령정보센터
은행법
⑥ 은행은 그 은행의 대주주가 발행한 지분증권의 취득에 관한 사항을 대통령령으로 정하는 바에 따라 분기별로 인
터넷 홈페이지 등을 이용하여 공시하여야 한다.
⑦ 은행은 그 은행의 대주주가 발행한 지분증권의 의결권을 행사할 때 그 대주주 주주총회에 참석한 주주의 지분증
권수에서 그 은행이 소유한 지분증권수를 뺀 지분증권수의 의결 내용에 영향을 미치지 아니하도록 의결권을 행사
하여야 한다. 다만, 대주주의 합병, 영업의 양도ㆍ양수, 임원의 선임, 그 밖에 이에 준하는 사항으로서 그 은행에 손
실을 입히게 될 것이 명백하게 예상되는 경우에는 그러하지 아니하다.
[전문개정 2010. 5. 17.]
 
제35조의4(대주주의 부당한 영향력 행사의 금지) 은행의 대주주는 그 은행의 이익에 반하여 대주주 개인의 이익을 취
할 목적으로 다음 각 호의 어느 하나에 해당하는 행위를 하여서는 아니 된다. <개정 2015. 7. 31.>
1. 부당한 영향력을 행사하기 위하여 그 은행에 대하여 외부에 공개되지 아니한 자료 또는 정보의 제공을 요구하는
행위. 다만, 「금융회사의 지배구조에 관한 법률」 제33조제6항 및 「상법」 제466조에 따른 권리의 행사에 해당하
는 경우를 제외한다.
2. 경제적 이익 등 반대급부의 제공을 조건으로 다른 주주와 담합하여 그 은행의 인사 또는 경영에 부당한 영향력을
행사하는 행위
3. 경쟁사업자의 사업활동을 방해할 목적으로 신용공여를 조기 회수하도록 요구하는 등 은행의 경영에 영향력을 행
사하는 행위
3의2. 제35조의2제1항 및 제2항에서 정한 비율을 초과하여 은행으로부터 신용공여를 받는 행위
3의3. 은행으로 하여금 제35조의2제3항을 위반하게 하여 다른 은행으로부터 신용공여를 받는 행위
3의4. 은행으로  하여금 제35조의2제7항을 위반하게 하여 신용공여를 받는 행위
3의5. 은행으로 하여금 제35조의2제8항을 위반하게 하여 대주주에게 자산의 무상양도ㆍ매매ㆍ교환 및 신용공여를
하게 하는 행위
3의6. 제35조의3제1항에서 정한 비율을 초과하여 은행으로 하여금 대주주의 주식을 소유하게 하는 행위
4. 제1호부터 제3호까지의 행위에 준하는 행위로서 대통령령으로 정하는 행위
[전문개정 2010. 5. 17.]
 
제35조의5(대주주에 대한 자료 제출 요구 등) ① 금융위원회는 은행 또는 그 대주주가 제35조의2부터 제35조의4까지
를 위반한 혐의가 있다고 인정할 때에는 은행 또는 그 대주주에 대하여 필요한 자료의 제출을 요구할 수 있다.
② 금융위원회는 은행 대주주(회사만 해당한다)의 부채가 자산을 초과하는 등 재무구조의 부실화로 인하여 은행의
경영건전성을 현저히 해칠 우려가 있는 경우로서 대통령령으로 정하는 경우에는 그 은행 또는 그 대주주에 대하여
필요한 자료의 제출을 요구할 수 있으며 그 은행에 대하여 그 대주주에 대한 신용공여의 제한을 명하는 등 대통령
령으로 정하는 조치를 할 수 있다.
③ 금융위원회는 은행의 주주가 제2조제1항제10호나목에 따른 사실상 영향력을 행사하고 있는 자인지 여부를 확인
하기 위하여 은행 및 주주에게 필요한 자료의 제출을 요구할 수 있다.<신설 2021. 12. 7.>
[전문개정 2010. 5. 17.]
 
제36조(정부대행기관에 대한 대출) 「한국은행법」에 따른 정부대행기관에 대한 은행의 대출은 그 원리금의 상환에 관하
여 정부가 보증한 경우에만 할 수 있다.
[전문개정 2010. 5. 17.]
 
제37조(다른 회사 등에 대한 출자제한 등) ① 은행은 다른 회사등의 의결권 있는 지분증권의 100분의 15를 초과하는 지
분증권을 소유할 수 없다.
② 은행은 제1항에도 불구하고 금융위원회가 정하는 업종에 속하는 회사 등에 출자하는 경우 또는 기업구조조정 촉
진을 위하여 필요한 것으로 금융위원회의 승인을 받은 경우에는 의결권 있는 지분증권의 100분의 15를 초과하는
지분증권을 소유할 수 있다. 다만, 은행이 의결권 있는 지분증권의 100분의 15를 초과하는 지분증권을 소유하는 회
법제처                                                            18                                                       국가법령정보센터
은행법
사 등(이하 “자회사등”이라 한다)에 대한 출자 총액이 다음 각 호의 어느 하나의 금액을 초과하지 아니하는 경우만
해당한다.
1. 은행 자기자본의 100분의 20의 범위에서 대통령령으로 정하는 비율에 해당하는 금액
2. 은행과 그 은행의 자회사등의 경영상태 등을 고려하여 금융위원회가 정하여 고시하는 요건을 충족하는 경우에는
은행 자기자본의 100분의 40의 범위에서 대통령령으로 정하는 비율에 해당하는 금액
③ 은행은 그 은행의 자회사등과 거래를 할 때 다음 각 호의 어느 하나에 해당하는 행위를 하여서는 아니 된다.
1. 그 은행의 자회사등에 대한 신용공여로서 대통령령으로 정하는 기준을 초과하는 신용공여(그 은행의 자회사등이
합병되는 등 대통령령으로 정하는 경우는 제외한다)
2. 그 은행의 자회사등의 지분증권을 담보로 하는 신용공여와 그 은행의 자회사등의 지분증권을 사게 하기 위한 신
용공여
3. 그 은행의 자회사등의 임직원에 대한 대출(금융위원회가 정하는 소액대출은 제외한다)
4. 그 밖에 그 은행의 건전한 경영을 해치거나 예금자 등 은행이용자의 이익을 해칠 우려가 있는 행위로서 대통령령
으로 정하는 행위
④ 은행의 자회사등에 대한 출자에 관하여 구체적인 사항은 대통령령으로 정한다.
⑤ 제6항부터 제8항까지의 규정에서 “모은행(母銀行)” 및 “자은행”이란 은행이 다른 은행의 의결권 있는 발행주식
총수의 100분의 15를 초과하여 주식을 소유하는 경우의 그 은행과 그 다른 은행을 말한다. 이 경우 모은행과 자은
행이 합하여 자은행이 아닌 다른 은행의 의결권 있는 발행주식 총수의 100분의 15를 초과하여 주식을 소유하는 경
우 그 다른 은행은 그 모은행의 자은행으로 본다.
⑥ 자은행은 다음 각 호의 행위를 하여서는 아니 된다.
1. 모은행 및 그 모은행의 다른 자은행(이하 “모은행등”이라 한다)이 발행한 주식을 소유하는 행위(대통령령으로 정
하는 경우는 제외한다)
2. 다른 은행의 의결권 있는 발행주식의 100분의 15를 초과하여 주식을 소유하는 행위
3. 대통령령으로 정하는 기준을 초과하여 모은행등에 신용공여를 하는 행위
4. 그 밖에 그 자은행의 건전한 경영을 해치거나 예금자 등 은행이용자의 이익을 해칠 우려가 있는 행위로서 대통령
령으로 정하는 행위
⑦ 자은행과 모은행등 상호 간에 신용공여를 하는 경우에는 대통령령으로 정하는 기준에 따라 적정한 담보를 확보
하여야 한다. 다만, 그 자은행과 모은행등의 구조조정에 필요한 신용공여 등 대통령령으로 정하는 요건에 해당하는
경우에는 그러하지 아니하다.
⑧ 자은행과 모은행등 상호 간에는 대통령령으로 정하는 불량자산을 거래하여서는 아니 된다. 다만, 그 자은행과 모
은행등의 구조조정에 필요한 거래 등 금융위원회가 정하는 요건에 해당하는 경우에는 그러하지 아니하다.
[전문개정 2010. 5. 17.]
 
제38조(금지업무) 은행은 다음 각 호의 어느 하나에 해당하는 업무를 하여서는 아니 된다.
1. 다음 각 목의 증권에 대한 투자의 총 합계액이 은행의 자기자본의 100분의 100의 범위에서 대통령령으로 정하는
비율에 해당하는 금액을 초과하는 투자. 이 경우 금융위원회는 필요한 경우 같은 투자한도의 범위에서 다음 각 목
의 증권에 대한 투자한도를 따로 정할 수 있다.
가. 「자본시장과 금융투자업에 관한 법률」 제4조제3항에 따른 채무증권으로서 상환기간이 3년을 초과하는 것. 다
만, 국채 및 한국은행 통화안정증권, 「금융산업의 구조개선에 관한 법률」 제11조제6항제2호에 따른 채권은 제
외한다.
나. 지분증권. 다만, 「금융산업의 구조개선에 관한 법률」 제11조제6항제1호에 따른 주식은 제외한다.
다. 「자본시장과 금융투자업에 관한 법률」 제4조제7항에 따른 파생결합증권 중 대통령령으로 정하는 것
라. 그 밖에 「자본시장과 금융투자업에 관한 법률」 제4조제2항 각 호의 증권 중 대통령령으로 정하는 증권
2. 대통령령으로 정하는 업무용 부동산이 아닌 부동산(저당권 등 담보권의 실행으로 취득한 부동산은 제외한다)의
소유
법제처                                                            19                                                       국가법령정보센터
은행법
3. 자기자본의 100분의 100의 범위에서 대통령령으로 정하는 비율에 해당하는 금액을 초과하는 업무용 부동산의
소유
4. 직접ㆍ간접을 불문하고 해당 은행의 주식을 담보로 하는 대출
5. 직접ㆍ간접을 불문하고 해당 은행의 주식을 사게 하기 위한 대출
6. 해당 은행의 임직원에 대한 대출(금융위원회가 정하는 소액대출은 제외한다)
[전문개정 2010. 5. 17.]
 
제39조(비업무용 자산 등의 보고 및 처분) 은행은 그 소유물이나 그 밖의 자산 중 이 법에 따라 그 취득 또는 보유가 금
지되거나 저당권 등 담보권의 실행으로 취득한 자산이 있는 경우에는 금융위원회가 정하는 바에 따라 금융위원회에
보고하고, 이를 처분하여야 한다. <개정 2021. 12. 7.>
[전문개정 2010. 5. 17.]
[제목개정 2021. 12. 7.]
 
제40조(이익준비금의 적립) 은행은 적립금이 자본금의 총액이 될 때까지 결산 순이익금을 배당할 때마다 그 순이익금
의 100분의 10 이상을 적립하여야 한다.
[전문개정 2010. 5. 17.]
 
제41조(재무제표의 공고 등) ① 은행은 그 결산일 후 3개월 이내에 금융위원회가 정하는 서식에 따라 결산일 현재의 재
무상태표, 그 결산기(決算期)의 손익계산서 및 금융위원회가 정하는 연결재무제표(聯結財務諸表)를 공고하여야 한다.
다만, 부득이한 사유로 3개월 이내에 공고할 수 없는 서류에 대하여는 금융위원회의 승인을 받아 그 공고를 연기할
수 있다. <개정 2021. 4. 20.>
② 제1항에 따른 재무상태표, 손익계산서 및 연결재무제표에는 대표자 및 담당 책임자가 서명ㆍ날인하여야 한다.
<개정 2021. 4. 20.>
③ 은행의 결산일은 12월 31일로 한다. 다만, 금융위원회는 결산일의 변경을 지시할 수 있으며, 은행은 금융위원회
의 승인을 받아 결산일을 변경할 수 있다.
[전문개정 2010. 5. 17.]
 
제42조(재무상태표 등의 제출) ① 은행은 매월 말일을 기준으로 한 재무상태표를 다음 달 말일까지 한국은행이 정하는
서식에 따라 작성하여 한국은행에 제출하여야 하며, 한국은행은 이를 한국은행 통계월보(統計月報)에 게재하여야 한
다. <개정 2021. 4. 20.>
② 제1항에 따른 재무상태표에는 담당 책임자 또는 그 대리인이 서명ㆍ날인하여야 한다.<개정 2021. 4. 20.>
③ 은행은 법률에서 정하는 바에 따라 제1항에 따른 재무상태표 외에 한국은행의 업무 수행에 필요한 정기적 통계
자료 또는 정보를 한국은행에 제공하여야 한다.<개정 2021. 4. 20.>
[전문개정 2010. 5. 17.]
[제목개정 2021. 4. 20.]
 
제43조(자료 공개의 거부) 은행은 「상법」 제466조제1항에 따른 회계장부와 서류의 열람 또는 등사의 청구가 있는 경우
에도 은행이용자의 권익을 심하게 해칠 염려가 있을 때에는 그 청구를 거부할 수 있다.
[전문개정 2010. 5. 17.]
 
제43조의2(업무보고서 등의 제출) ① 은행은 매월의 업무 내용을 기술한 보고서를 다음 달 말일까지 「금융위원회의 설
치 등에 관한 법률」에 따라 설립된 금융감독원(이하 “금융감독원”이라 한다)의 원장(이하 “금융감독원장”이라 한다
)이 정하는 서식에 따라 금융감독원장에게 제출하여야 한다.
② 제1항에 따른 보고서에는 대표자와 담당 책임자 또는 그 대리인이 서명ㆍ날인하여야 한다.
③ 은행은 금융감독원장이 감독 및 검사 업무를 수행하기 위하여 요구하는 자료를 제공하여야 한다.
법제처                                                            20                                                       국가법령정보센터
은행법
[본조신설 2010. 5. 17.]
 
제43조의3(경영공시) 은행은 예금자와 투자자를 보호하기 위하여 필요한 사항으로서 대통령령으로 정하는 사항을 금
융위원회가 정하는 바에 따라 공시하여야 한다.
[본조신설 2010. 5. 17.]
 
제43조의4(정기주주총회 보고) ① 은행은 다음 각 호의 사항을 정기주주총회에 보고하여야 한다.
1. 해당 회계연도 중 변동된 부실여신 현황
2. 대통령령으로 정하는 금액 이상의 대출 및 지급보증 이용자에 대하여 해당 회계연도 중 신규 발생한 채권 재조정
현황
3. 해당 회계연도 중 지출한 기부금내역
4. 자회사등의 영업성과와 재무상태에 관한 경영평가 결과
5. 그 밖에 은행의 경영건전성에 영향을 미치고 주주가 알아야 할 필요가 있는 사항으로서 대통령령으로 정하는 사
항
② 제1항 각 호의 보고사항에 관한 세부기준, 제1항에 따른 보고의 방법 및 절차에 관하여 필요한 사항은 금융위원
회가 정한다.
[본조신설 2023. 3. 21.]
 
       제7장 감독ㆍ검사 <개정 2010. 5. 17.>
 
제44조(은행의 감독) 금융감독원은 금융위원회의 규정과 지시에서 정하는 바에 따라 이 법, 그 밖의 관계 법률, 금융위
원회의 규정ㆍ명령 및 지시에 대한 은행의 준수 여부를 감독하여야 한다.
[전문개정 2010. 5. 17.]
 
제45조 삭제 <2010. 5. 17.>
 
제46조(예금지급불능 등에 대한 조치) 금융위원회는 은행의 파산 또는 예금지급불능의 우려 등 예금자의 이익을 크게
해칠 우려가 있다고 인정할 때에는 예금 수입(受入) 및 여신(與信)의 제한, 예금의 전부 또는 일부의 지급정지, 그 밖
에 필요한 조치를 명할 수 있다.
[전문개정 2010. 5. 17.]
 
제47조(정관변경 등의 보고) 은행이 다음 각 호의 어느 하나에 해당하는 경우에는 대통령령으로 정하는 바에 따라 그
사실을 금융위원회에 보고하여야 한다.
1. 정관을 변경한 때
2. 제10조제1항에 해당하지 아니하는 자본금의 감소를 한 때
3. 본점이 그 본점이 소재한 특별시ㆍ광역시ㆍ도ㆍ특별자치도(이하 “시ㆍ도”라 한다)에서 다른 시ㆍ도로 이전한 때
4. 제13조제2항에 해당하지 아니하는 국외현지법인 또는 국외지점을 신설한 때, 은행이 국외현지법인 또는 국외지
점을 폐쇄한 때, 국외사무소 등을 신설ㆍ폐쇄한 때
5. 상호를 변경한 때
6. 삭제<2015. 7. 31.>
7. 자회사등에 출자를 한 때(기업구조조정 촉진을 위하여 금융위원회의 승인을 받은 경우는 제외한다)
8. 다른 회사 등의 지분증권의 100분의 20을 초과하는 지분증권을 담보로 하는 대출을 한 때
9. 외국은행이 지점 또는 대리점을 동일한 시ㆍ도로 이전하거나 사무소를 폐쇄한 때
10. 그 밖에 은행의 건전한 경영을 해치거나 예금자 등 은행이용자의 이익을 해칠 우려가 있는 행위로서 대통령령
으로 정하는 행위를 한 때
법제처                                                            21                                                       국가법령정보센터
은행법
[전문개정 2010. 5. 17.]
 
제48조(검사) ① 금융감독원장은 은행의 업무와 재산 상황을 검사한다.
② 금융감독원장은 제1항에 따른 검사를 하면서 필요하다고 인정할 때에는 은행에 대하여 업무 또는 재산에 관한
보고, 자료의 제출, 관계자의 출석 및 의견의 진술을 요구할 수 있다.
③ 금융감독원장은 「주식회사 등의 외부감사에 관한 법률」에 따라 은행이 선임한 외부감사인에게 그 은행을 감사
한 결과 알게 된 정보나 그 밖에 경영의 건전성에 관련되는 자료의 제출을 요구할 수 있다.<개정 2017. 10. 31.>
④ 제1항에 따라 검사를 하는 사람은 그 권한을 표시하는 증표를 지니고 이를 관계자에게 내보여야 한다.
[전문개정 2010. 5. 17.]
 
제48조의2(대주주등에 대한 검사) ① 금융위원회는 다음 각 호의 어느 하나에 해당되는 자(이하 이 조에서 “대주주등
”이라 한다)가 각각 다음 각 목의 어느 하나에 해당하는 경우에는 금융감독원장으로 하여금 그 목적에 필요한 최소
한의 범위에서 해당 대주주등의 업무 및 재산 상황을 검사하게 할 수 있다. <개정 2013. 8. 13.>
1. 전환대상자
가. 제16조의3제2항에 따른 점검결과를 확인하기 위하여 필요한 경우
나. 전환대상자가 차입금의 급격한 증가, 거액의 손실 발생 등 재무상황의 부실화로 인하여 은행과 불법거래를 할
가능성이 크다고 인정되는 경우
2. 제16조의2제3항제3호에 따라 승인을 얻은 비금융주력자
가. 제16조의2제3항제3호가목 및 다목의 요건을 충족하는 지 여부를 확인하기 위하여 필요한 경우
나. 해당 비금융주력자가 지배하는 비금융회사의 차입금의 급격한 증가 등 재무상황 부실로 인하여 은행과 불법
거래를 할 가능성이 크다고 인정되는 경우
3. 은행의 대주주(은행의 대주주가 되려고 하는 자를 포함한다)
가. 제15조제3항에 따른 승인심사를 위하여 필요한 경우
나. 제35조의4를 위반한 혐의가 인정되는 경우
다. 그 밖에 가목 및 나목에 준하는 경우로서 대통령령으로 정하는 경우
② 제1항에 따른 검사의 구체적 범위, 방법, 그 밖에 검사에 필요한 사항은 금융위원회가 정한다.
③ 제1항에 따른 검사에 관하여는 제48조제2항부터 제4항까지를 준용한다.
[전문개정 2010. 5. 17.]
 
제49조 삭제 <2010. 5. 17.>
 
제50조(적립금 보유 및 손실처리의 요구) 금융감독원장은 은행의 경영건전성 유지를 위하여 필요하다고 인정할 때에는
은행에 대하여 불건전한 자산을 위한 적립금의 보유 등 대통령령으로 정하는 조치를 요구할 수 있다.
[전문개정 2010. 5. 17.]
 
제51조 삭제 <2010. 5. 17.>
 
제52조(약관의 변경 등) ① 은행은 이 법에 따른 업무를 취급할 때 은행 이용자의 권익을 보호하여야 하며, 금융거래와
관련된 약관을 제정하거나 변경하는 경우에는 약관의 제정 또는 변경 후 10일 이내에 금융위원회에 보고하여야 한
다. 다만, 이용자의 권리나 의무에 중대한 영향을 미칠 우려가 있는 경우로서 대통령령으로 정하는 경우에는 약관의
제정 또는 변경 전에 미리 금융위원회에 신고하여야 한다. <개정 2018. 12. 31.>
② 은행은 약관을 제정 또는 변경하는 경우 다음 각 호의 사항을 준수하여야 한다.<신설 2021. 12. 7.>
1. 이 법 또는 다른 법령에 위반되는 내용을 포함하지 아니할 것
2. 부당하게 은행이용자에게 불리한 내용을 포함하지 아니할 것
3. 예금자 등 은행이용자의 권익을 보호하고 건전한 금융거래질서를 유지하기 위하여 금융위원회가 정하여 고시하
는 기준에 적합할 것
법제처                                                            22                                                       국가법령정보센터
은행법
③ 은행은 약관을 제정하거나 변경한 경우에는 인터넷 홈페이지 등을 이용하여 공시하여야 한다.<개정 2021. 12.
7.>
④ 제1항에 따라 약관을 보고 또는 신고받은 금융위원회는 그 약관을 공정거래위원회에 통보하여야 한다. 이 경우
공정거래위원회는 통보받은 약관이 「약관의 규제에 관한 법률」 제6조부터 제14조까지의 규정에 해당하는 사실이
있다고 인정될 때에는 금융위원회에 그 사실을 통보하고 그 시정에 필요한 조치를 취하도록 요청할 수 있으며, 금융
위원회는 특별한 사유가 없는 한 이에 응하여야 한다.<개정 2018. 12. 31., 2021. 12. 7.>
⑤ 금융위원회는 건전한 금융거래질서를 유지하기 위하여 필요한 경우에는 은행에 대하여 제1항에 따른 약관의 변
경을 권고할 수 있다.<개정 2021. 12. 7.>
⑥ 제1항에 따른 보고 또는 신고의 절차ㆍ방법 및 제5항에 따른 약관의 변경 권고와 관련한 심사기준 등은 금융위
원회가 정하여 고시한다.<개정 2021. 12. 7.>
[전문개정 2010. 5. 17.]
 
제52조의2(금융거래상 중요 정보 제공) ① 삭제 <2020. 3. 24.>
② 은행은 예금자 등 은행이용자를 보호하고 금융분쟁의 발생을 방지하기 위하여 은행이용자에게 금융거래상 중요
정보를 제공하는 등 적절한 조치를 마련하여야 한다.
③ 제2항에 따른 구체적 내용은 대통령령으로 정한다.<개정 2020. 3. 24.>
④ 삭제<2020. 3. 24.>
⑤ 금융위원회는 은행이용자의 보호 등이 필요하다고 인정하는 경우 제2항에 따른 조치에 대하여 시정 또는 보완을
명할 수 있다.
[본조신설 2010. 5. 17.]
[제목개정 2020. 3. 24.]
 
제52조의3 삭제 <2020. 3. 24.>
 
제52조의4(고객응대직원에 대한 보호 조치 의무) ① 은행은 이 법에 따른 업무를 운영할 때 고객을 직접 응대하는 직원
을 고객의 폭언이나 성희롱, 폭행 등으로부터 보호하기 위하여 다음 각 호의 조치를 하여야 한다.
1. 직원이 요청하는 경우 해당 고객으로부터의 분리 및 업무담당자 교체
2. 직원에 대한 치료 및 상담 지원
3. 고객을 직접 응대하는 직원을 위한 상시적 고충처리 기구 마련.다만, 「근로자참여 및 협력증진에 관한 법률」 제
26조에 따라 고충처리위원을 두는 경우에는 고객을 직접 응대하는 직원을 위한 고충처리위원의 선임 또는 위촉
4. 그 밖에 직원의 보호를 위하여 필요한 법적 조치 등 대통령령으로 정하는 조치
② 직원은 은행에 대하여 제1항 각 호의 조치를 요구할 수 있다.
③ 은행은 제2항에 따른 직원의 요구를 이유로 직원에게 불이익을 주어서는 아니 된다.
[본조신설 2016. 3. 29.]
 
제53조(은행에 대한 제재) ① 금융위원회는 은행이 이 법 또는 이 법에 따른 규정ㆍ명령 또는 지시를 위반하여 은행의
건전한 경영을 해칠 우려가 있다고 인정되거나 「금융회사의 지배구조에 관한 법률」 별표 각 호의 어느 하나에 해당
하는 경우(제2호에 해당하는 조치로 한정한다), 「금융소비자 보호에 관한 법률」 제51조제1항제4호, 제5호 또는 같은
조 제2항 각 호 외의 부분 본문 중 대통령령으로 정하는 경우에 해당하는 경우(제2호에 해당하는 조치로 한정한다
)에는 금융감독원장의 건의에 따라 다음 각 호의 어느 하나에 해당하는 조치를 하거나 금융감독원장으로 하여금 해
당 위반행위의 중지 및 경고 등 적절한 조치를 하게 할 수 있다. <개정 2015. 7. 31., 2020. 3. 24.>
1. 해당 위반행위에 대한 시정명령
2. 6개월 이내의 영업의 일부정지
② 금융위원회는 은행이 다음 각 호의 어느 하나에 해당하면 그 은행에 대하여 6개월 이내의 기간을 정하여 영업의
전부정지를 명하거나 은행업의 인가를 취소할 수 있다.<개정 2015. 7. 31., 2020. 3. 24.>
법제처                                                            23                                                       국가법령정보센터
은행법
1. 거짓이나 그 밖의 부정한 방법으로 은행업의 인가를 받은 경우
2. 인가 내용 또는 인가 조건을 위반한 경우
3. 영업정지 기간에 그 영업을 한 경우
4. 제1항제1호에 따른 시정명령을 이행하지 아니한 경우
5. 제1호부터 제4호까지의 경우 외의 경우로서 이 법 또는 이 법에 따른 명령이나 처분을 위반하여 예금자 또는 투
자자의 이익을 크게 해칠 우려가 있는 경우
6. 「금융회사의 지배구조에 관한 법률」 별표 각 호의 어느 하나에 해당하는 경우(영업의 전부정지를 명하는 경우로
한정한다)
7. 「금융소비자 보호에 관한 법률」 제51조제1항제4호 또는 제5호에 해당하는 경우
8. 「금융소비자 보호에 관한 법률」 제51조제2항 각 호 외의 부분 본문 중 대통령령으로 정하는 경우(영업의 전부정
지를 명하는 경우로 한정한다)
[전문개정 2010. 5. 17.]
 
제53조의2(기관전용 사모집합투자기구등에 대한 제재 등) ① 기관전용 사모집합투자기구등(제15조제3항에 따른 승인
을 얻어 은행의 주식을 보유한 기관전용 사모집합투자기구등에 한한다. 이하 이 조 제2항부터 제4항까지에서 같다
)과 기관전용 사모집합투자기구등의 주주 또는 사원이 제15조의5를 위반하는 경우 해당 기관전용 사모집합투자기구
등은 초과보유한 주식에 대하여 의결권을 행사할 수 없으며 초과보유한 주식은 지체 없이 처분하여야 한다. <개정
2013. 8. 13., 2015. 7. 24., 2021. 4. 20.>
② 금융위원회는 기관전용 사모집합투자기구등이 제1항을 준수하지 아니하는 경우에는 1개월 이내의 기간을 정하
여 초과보유 주식을 처분할 것을 명할 수 있다.<개정 2015. 7. 24., 2021. 4. 20.>
③ 금융위원회는 기관전용 사모집합투자기구등이 제15조의5 각 호의 어느 하나에 해당하는 경우 다음 각 호의 어
느 하나에 해당하는 조치를 할 수 있다.<개정 2015. 7. 24., 2021. 4. 20.>
1. 해당 행위의 시정명령 또는 중지명령
2. 해당 행위로 인한 조치를 받았다는 사실의 공표명령 또는 게시명령
3. 기관경고
4. 기관주의
5. 그 밖에 해당 행위를 시정하거나 방지하기 위하여 필요한 조치로서 대통령령으로 정하는 조치
④ 금융위원회는 기관전용 사모집합투자기구등의 재산 운용 등을 담당하는 업무집행사원이 제15조의5 각 호의 어
느 하나에 해당하는 경우 다음 각 호의 어느 하나에 해당하는 조치를 할 수 있다.<개정 2015. 7. 24., 2017. 4. 18.,
2021. 4. 20.>
1. 그 업무집행사원에 대한 조치
가. 해임요구
나. 6개월 이내의 직무정지
다. 기관경고
라. 기관주의
마. 그 밖에 해당 행위를 시정하거나 방지하기 위하여 필요한 조치로서 대통령령으로 정하는 조치
2. 그 업무집행사원의 임원(「금융회사의 지배구조에 관한 법률」 제2조제5호에 따른 업무집행책임자는 제외한다. 이
하 제54조 및 제54조의2에서 같다)에 대한 조치
가. 해임요구
나. 6개월 이내의 직무정지
다. 문책경고
라. 주의적 경고
마. 그 밖에 해당 행위를 시정하거나 방지하기 위하여 필요한 조치로서 대통령령으로 정하는 조치
법제처                                                            24                                                       국가법령정보센터
은행법
3. 그 업무집행사원의 직원(「금융회사의 지배구조에 관한 법률」 제2조제5호에 따른 업무집행책임자를 포함한다. 이
하 제54조 및 제54조의2에서 같다)에 대한 조치요구
가. 면직
나. 6개월 이내의 정직
다. 감봉
라. 견책
마. 주의
바. 그 밖에 위법행위를 시정하거나 방지하기 위하여 필요한 조치로서 대통령령으로 정하는 조치
⑤ 다음 각 호의 어느 하나에 해당하는 기관전용 사모집합투자기구등(그 주주 또는 사원을 포함한다)에 대하여는
제2항부터 제4항까지를 준용한다. 이 경우 업무집행사원이 개인인 경우에는 제4항제2호를 준용한다.<개정 2015. 7.
24., 2021. 4. 20.>
1. 제15조제1항ㆍ제3항에 따른 주식의 보유한도를 초과하여 은행의 주식을 보유하는 경우
2. 삭제<2013. 8. 13.>
3. 제16조의4제5항에 따라 주식처분 명령을 받은 경우
⑥ 제5항제1호에 해당하는 기관전용 사모집합투자기구등에 대하여는 제16조제3항을 적용하지 아니한다.<개정
2013. 8. 13., 2015. 7. 24., 2016. 3. 29., 2021. 4. 20.>
[전문개정 2010. 5. 17.]
[제목개정 2015. 7. 24., 2021. 4. 20.]
 
제54조(임직원에 대한 제재) ① 금융위원회는 은행의 임원이 이 법 또는 이 법에 따른 규정ㆍ명령 또는 지시를 고의로
위반하거나 은행의 건전한 운영을 크게 해치는 행위를 하는 경우에는 금융감독원장의 건의에 따라 해당 임원의 업
무집행 정지를 명하거나 주주총회에 그 임원의 해임을 권고할 수 있으며, 금융감독원장으로 하여금 경고 등 적절한
조치를 하게 할 수 있다.
② 금융감독원장은 은행의 직원이 이 법 또는 이 법에 따른 규정ㆍ명령 또는 지시를 고의로 위반하거나 은행의 건
전한 운영을 크게 해치는 행위를 하는 경우에는 면직ㆍ정직ㆍ감봉ㆍ견책 등 적절한 문책처분을 할 것을 해당 은행
의 장에게 요구할 수 있다.
[전문개정 2010. 5. 17.]
 
제54조의2(퇴임한 임원 등에 대한 조치 내용의 통보) ① 금융위원회(제54조제1항에 따라 조치를 하거나 같은 조 제2항
에 따라 문책처분을 할 것을 요구할 수 있는 금융감독원장을 포함한다)는 은행의 퇴임한 임원 또는 퇴직한 직원이
재임 중이었거나 재직 중이었더라면 제54조제1항 또는 제2항에 해당하는 조치를 받았을 것으로 인정되는 경우에는
그 조치의 내용을 해당 은행의 장에게 통보할 수 있다. <개정 2017. 4. 18.>
② 제1항에 따른 통보를 받은 은행의 장은 이를 퇴임ㆍ퇴직한 해당 임직원에게 통보하고, 그 내용을 기록ㆍ유지하
여야 한다.<개정 2017. 4. 18.>
[전문개정 2010. 5. 17.]
 
       제8장 합병ㆍ폐업ㆍ해산 <개정 2010. 5. 17.>
 
제55조(합병ㆍ해산ㆍ폐업의 인가) ① 은행이 다음 각 호의 어느 하나에 해당하는 행위를 하려는 경우에는 대통령령으
로 정하는 바에 따라 금융위원회의 인가를 받아야 한다. <개정 2016. 3. 29., 2023. 3. 21.>
1. 분할 또는 합병(분할합병을 포함한다)
2. 해산 또는 은행업의 전부 또는 대통령령으로 정하는 중요한 일부의 폐업
3. 영업의 전부 또는 대통령령으로 정하는 중요한 일부의 양도ㆍ양수
② 금융위원회가 제1항에 따른 인가를 하는 경우에는 제8조제4항 및 제5항을 준용한다.
법제처                                                            25                                                       국가법령정보센터
은행법
[전문개정 2010. 5. 17.]
 
제56조(인가 취소에 의한 해산) ① 삭제 <1999. 2. 5.>
② 은행은 제53조에 따라 은행업의 인가가 취소된 경우에는 해산한다.<개정 2010. 5. 17.>
③ 법원은 은행이 제2항에 따라 해산한 경우에는 이해관계인이나 금융위원회의 청구 또는 법원의 직권으로 청산인
을 선임하거나 해임할 수 있다.<개정 2010. 5. 17.>
[제목개정 2010. 5. 17.]
 
제57조(청산인 등의 선임) ① 은행이 해산하거나 파산한 경우에는 금융감독원장 또는 그 소속 직원 1명이 청산인이나
파산관재인으로 선임되어야 한다.
② 제1항에 따라 청산인이나 파산관재인으로 선임된 금융감독원장 또는 그 소속 직원은 그 임무에 대하여 보수를
청구할 수 없다. 다만, 그 임무를 수행하는 데에 든 정당한 경비는 해당 재산에서 받을 수 있다.
[전문개정 2010. 5. 17.]
 
       제9장 외국은행의 국내지점 <개정 2010. 5. 17.>
 
제58조(외국은행의 은행업 인가 등) ① 외국은행(외국 법령에 따라 설립되어 외국에서 은행업을 경영하는 자를 말한다.
이하 같다)이 대한민국에서 은행업을 경영하기 위하여 지점ㆍ대리점을 신설하거나 폐쇄하려는 경우에는 제8조제
2항 및 제55조에도 불구하고 대통령령으로 정하는 바에 따라 금융위원회의 인가를 받아야 한다.
② 금융위원회가 제1항에 따른 인가를 하는 경우에는 제8조제4항 및 제5항을 준용한다.
③ 외국은행이 제1항에 따라 인가를 받은 지점 또는 대리점을 다른 시ㆍ도로 이전하거나 사무소를 신설하려는 경우
에는 미리 금융위원회에 신고하여야 한다.
[전문개정 2010. 5. 17.]
 
제59조(외국은행에 대한 법 적용) ① 제58조제1항에 따라 인가를 받은 외국은행의 지점 또는 대리점은 이 법에 따른 은
행으로 보며, 외국은행의 국내 대표자는 이 법에 따른 은행의 임원으로 본다. 다만, 제4조, 제9조, 제15조, 제15조의
3부터 제15조의5까지, 제16조, 제16조의2부터 제16조의5까지, 제48조의2 및 제53조의2는 적용하지 아니한다. <개
정 2016. 3. 29.>
② 하나의 외국은행이 대한민국에 둘 이상의 지점 또는 대리점을 두는 경우 그 지점 또는 대리점 전부를 하나의 은
행으로 본다.
[전문개정 2010. 5. 17.]
 
제60조(인가취소 등) ① 금융위원회는 외국은행의 본점이 다음 각 호의 어느 하나에 해당하게 되면 그 외국은행의 지점
또는 대리점에 관한 제58조제1항에 따른 인가를 취소할 수 있다.
1. 합병이나 영업의 양도로 인하여 소멸한 경우
2. 위법행위, 불건전한 영업행위 등의 사유로 감독기관으로부터 징계를 받은 경우
3. 휴업하거나 영업을 중지한 경우
② 외국은행의 지점ㆍ대리점 또는 사무소는 그 외국은행의 본점이 제1항 각 호의 어느 하나에 해당하게 되면 그 사
유가 발생한 날부터 7일 이내에 그 사실을 금융위원회에 보고하여야 한다.
③ 외국은행의 본점이 해산 또는 파산하였거나 은행업을 폐업한 경우 또는 은행업의 인가가 취소된 경우에는 그 외
국은행의 지점 또는 대리점에 대한 제58조제1항에 따른 인가는 그 사유가 발생한 날에 취소된 것으로 본다. 다만,
금융위원회는 예금자 등 은행이용자의 이익을 보호할 필요가 있는 경우 취소된 날을 달리 정할 수 있다.
[전문개정 2010. 5. 17.]
 
제61조(인가취소 시의 지점폐쇄 및 청산) ① 외국은행의 지점 또는 대리점이 제53조, 제60조제1항 또는 제3항에 따라
인가가 취소되거나 취소된 것으로 보게 되는 경우에는 그 지점 또는 대리점은 폐쇄되며 대한민국에 있는 재산의 전
법제처                                                            26                                                       국가법령정보센터
은행법
부를 청산하여야 한다.
② 법원은 제1항의 경우에 이해관계인이나 금융위원회의 청구 또는 법원의 직권으로 청산인을 선임하거나 해임할
수 있다.
③ 제1항에 따른 청산에 관하여는 「상법」 제620조제2항을 준용한다.
[전문개정 2010. 5. 17.]
 
제62조(외국은행의 국내 자산) ① 외국은행의 지점 또는 대리점은 대통령령으로 정하는 바에 따라 자산의 전부 또는 일
부를 대한민국 내에 보유하여야 한다.
② 외국은행의 지점 또는 대리점이 청산을 하거나 파산한 경우 그 자산, 자본금, 적립금, 그 밖의 잉여금은 대한민국
국민과 대한민국에 주소 또는 거소(居所)를 둔 외국인의 채무를 변제하는 데에 우선 충당되어야 한다.
③ 외국은행의 지점 또는 대리점이 보유하는 대한민국 내 자산이 제1항에서 정한 자산보다 적은 경우 금융위원회가
정하여 고시하는 기간 이내에 이를 보전하여야 한다. 이 경우 금융위원회는 신속하게 보전할 필요가 있는 때에는
30일 이내의 기간을 정하여 부족한 자산을 보전할 것을 명할 수 있다.<신설 2021. 12. 7.>
[전문개정 2010. 5. 17.]
 
제63조(자본금에 관한 규정의 적용) 외국은행의 지점 또는 대리점에 대하여 이 법 중 은행의 자본금에 관한 규정을 적
용할 때에는 대통령령으로 정하는 바에 따른다.
[전문개정 2010. 5. 17.]
 
       제10장 보칙 <개정 2010. 5. 17.>
 
제64조(청문) 금융위원회는 다음 각 호의 어느 하나에 해당하는 처분을 하려면 청문을 하여야 한다.
1. 제53조에 따른 인가의 취소
2. 제60조제1항에 따른 외국은행의 지점 또는 대리점의 인가의 취소
[전문개정 2010. 5. 17.]
 
제65조(권한의 위탁) 금융위원회는 이 법에 따른 권한의 일부를 대통령령으로 정하는 바에 따라 금융감독원장에게 위
탁할 수 있다.
[전문개정 2010. 5. 17.]
 
제65조의2(전자문서에 의한 공고 등) 은행이 제41조, 제42조 또는 제43조의2에 따라 공고를 하거나 자료를 제출할 때
에는 각각 금융위원회, 한국은행 총재 또는 금융감독원장이 정하는 바에 따라 전자문서의 방법으로 할 수 있다.
[전문개정 2010. 5. 17.]
 
       제11장 과징금 등의 부과 및 징수 <개정 2010. 5. 17.>
 
제65조의3(과징금) 금융위원회는 은행이 제35조, 제35조의2, 제35조의3, 제37조, 제38조 또는 제62조를 위반하거나 대
주주가 제35조의4를 위반한 경우에는 다음 각 호의 구분에 따라 과징금을 부과할 수 있다. <개정 2017. 4. 18.>
1. 제35조제1항ㆍ제3항ㆍ제4항 또는 제37조제3항제1호ㆍ제6항제3호에 따른 신용공여한도를 초과한 경우: 초과한
신용공여액의 100분의 30 이하
2. 제35조의2제1항 또는 제2항에 따른 신용공여한도를 초과한 경우: 초과한 신용공여액 이하
3. 제35조의3제1항에 따른 지분증권의 취득한도를 초과한 경우:  초과 취득한 지분증권의 장부가액(帳簿價額) 합계
액 이하
4. 제37조제1항ㆍ제2항 또는 제6항제2호에 따른 지분증권의 소유한도를 초과한 경우: 초과 소유한 지분증권의 장부
가액 합계액의 100분의 30 이하
법제처                                                            27                                                       국가법령정보센터
은행법
5. 제37조제3항제2호를 위반하여 신용공여를 한 경우: 해당 신용공여액의 100분의 5 이하
6. 제37조제6항제1호를 위반하여 주식을 소유한 경우: 소유한 주식의 장부가액 합계액의 100분의 5 이하
7. 제37조제7항 본문을 위반하여 적정한 담보를 확보하지 아니하고 신용공여를 한 경우: 해당 신용공여액의 100분
의 30 이하
8. 제37조제8항 본문을 위반하여 불량자산을 거래한 경우: 해당 불량자산의 장부가액의 100분의 30 이하
9. 제38조제1호에 따른 투자한도를 초과한 경우: 초과 투자액의 100분의 30 이하
10. 제38조제2호를 위반하여 부동산을 소유한 경우: 소유한 부동산 취득가액의 100분의 30 이하
11. 제38조제3호에 따른 부동산 소유한도를 초과한 경우: 초과 소유한 부동산 취득가액의 100분의 30 이하
12. 제38조제4호를 위반하여 해당 은행의 주식을 담보로 대출한 경우: 대출금액의 100분의 5 이하
13. 제38조제5호를 위반하여 대출한 경우: 대출금액의 100분의 5 이하
14. 제62조제1항에 따른 자산을 보유하지 아니한 경우: 위반 금액의 100분의 5 이하
15. 제35조의2제7항 또는 제8항을 위반하여 신용공여하거나 자산을 무상양도ㆍ매매ㆍ교환한 경우: 해당 신용공여
액 또는 해당 자산의 장부가액 이하
16. 대주주가 제35조의4를 위반함으로써 은행이 제35조의2제1항 또는 제2항에 따른 신용공여한도를 초과하여 해
당 대주주에게 신용공여한 경우: 초과한 신용공여액 이하
17. 대주주가 제35조의4를 위반함으로써 은행이 제35조의2제7항 또는 제8항을 위반하여 해당 대주주에게 신용공
여하거나 자산을 무상양도ㆍ매매ㆍ교환한 경우: 해당 신용공여액 또는 해당 자산의 장부가액 이하
18. 대주주가 제35조의4를 위반함으로써 은행이 제35조의3제1항에 따른 주식취득한도를 초과하여 해당 대주주의
주식을 취득한 경우: 초과취득한 주식의 장부가액 합계액 이하
[전문개정 2010. 5. 17.]
 
제65조의4(과징금의 부과) ① 금융위원회는 제65조의3에 따라 과징금을 부과하는 경우에는 다음 각 호의 사항을 고려
하여야 한다.
1. 위반행위의 내용 및 정도
2. 위반행위의 기간 및 횟수
3. 위반행위로 인하여 취득한 이익의 규모
② 과징금의 부과에 관하여 그 밖에 필요한 사항은 대통령령으로 정한다.
[전문개정 2010. 5. 17.]
 
제65조의5(의견 제출) ① 금융위원회는 과징금을 부과하기 전에 미리 당사자 또는 이해관계인 등에게 의견을 제출할
기회를 주어야 한다.
② 제1항에 따른 당사자 또는 이해관계인 등은 금융위원회의 회의에 출석하여 의견을 진술하거나 필요한 자료를 제
출할 수 있다.
[전문개정 2010. 5. 17.]
 
제65조의6(이의신청 특례) ① 금융위원회는 제65조의3에 따른 과징금 부과처분에 대한 이의신청을 받으면 그 신청을
받은 날부터 30일 이내에 그 이의신청에 대한 결과를 신청인에게 통지하여야 한다. 다만, 부득이한 사유로 30일 이
내에 통지할 수 없는 경우에는 그 기간을 만료일 다음 날부터 기산하여 30일의 범위에서 한 차례 연장할 수 있다.
② 제1항에서 규정한 사항 외에 이의신청에 관한 사항은 「행정기본법」 제36조에 따른다.
[전문개정 2023. 9. 14.]
 
제65조의7(과징금의 납부기한 연기 및 분할 납부) ① 금융위원회는 과징금을 부과받은 자(이하 “과징금납부의무자”라
한다)에 대하여 「행정기본법」 제29조 단서에 따라 과징금 납부기한을 연기하거나 과징금을 분할 납부하게 할 수 있
으며, 이 경우 필요하다고 인정하면 담보를 제공하게 할 수 있다.
법제처                                                            28                                                       국가법령정보센터
은행법
② 과징금납부의무자는 제1항에 따라 과징금의 납부기한을 연기받거나 분할 납부를 하려는 경우에는 그 납부기한
의 10일 전까지 금융위원회에 신청하여야 한다.
③ 금융위원회는 제1항에 따라 과징금 납부기한이 연기되거나 분할 납부가 허용된 과징금납부의무자가 다음 각 호
의 어느 하나에 해당하게 된 때에는 그 납부기한의 연기 또는 분할 납부 결정을 취소하고 과징금을 일시에 징수할
수 있다.
1. 분할 납부하기로 한 과징금을 그 납부기한까지 내지 아니한 경우
2. 담보 제공 요구에 따르지 아니하거나 제공된 담보의 가치를 훼손하는 행위를 한 경우
3. 강제집행, 경매의 개시, 파산선고, 법인의 해산, 국세 강제징수 또는 지방세 체납처분 등의 사유로 과징금의 전부
또는 나머지를 징수할 수 없다고 인정되는 경우
4. 「행정기본법」 제29조 각 호의 사유가 해소되어 과징금을 한꺼번에 납부할 수 있다고 인정되는 경우
5. 그 밖에 제1호부터 제4호까지에 준하는 사유가 있는 경우
④ 제1항부터 제3항까지에서 규정한 사항 외에 과징금의 납부기한 연기, 분할 납부 또는 담보 제공 등에 관하여 필
요한 사항은 대통령령으로 정한다.
[전문개정 2023. 9. 14.]
 
제65조의8(과징금 징수 및 체납처분) ① 금융위원회는 과징금납부의무자가 납부기한까지 과징금을 내지 아니하면 납
부기한의 다음 날부터 과징금을 낸 날의 전날까지의 기간에 대하여 대통령령으로 정하는 가산금을 징수할 수 있다.
이 경우 가산금을 징수하는 기간은 60개월을 초과하지 못한다. <개정 2017. 4. 18.>
② 금융위원회는 과징금납부의무자가 납부기한까지 과징금을 내지 아니하면 기간을 정하여 독촉을 하고, 그 지정한
기간 이내에 과징금과 제1항에 따른 가산금을 내지 아니하면 국세 체납처분의 예에 따라 징수할 수 있다.
③ 금융위원회는 제1항 및 제2항에 따른 과징금 및 가산금의 징수 또는 체납처분에 관한 업무를 국세청장에게 위탁
할 수 있다.
④ 과징금의 징수에 관하여 그 밖에 필요한 사항은 대통령령으로 정한다.
[전문개정 2010. 5. 17.]
 
제65조의9(이행강제금) ① 금융위원회는 제16조제3항ㆍ제16조의2제5항ㆍ제16조의3제5항ㆍ제16조의4제5항 또는 제
53조의2제2항에 따른 주식처분명령을 받은 자가 그 정한 기간 이내에 그 명령을 이행하지 아니하면 이행기한이 지
난 날부터 1일당 그 처분하여야 하는 주식의 장부가액에 1만분의 3을 곱한 금액을 초과하지 아니하는 범위에서 이
행강제금을 부과할 수 있다. <개정 2013. 8. 13., 2016. 3. 29.>
② 이행강제금은 주식처분명령에서 정한 이행기간의 종료일 다음 날부터 주식처분을 이행하는 날[주권(株券) 지급
일을 말한다]까지의 기간에 대하여 부과한다.
③ 금융위원회는 주식처분명령을 받은 자가 주식처분명령에서 정한 이행기간의 종료일부터 90일이 지난 후에도 그
명령을 이행하지 아니하면 그 종료일부터 매 90일이 지나는 날을 기준으로 하여 이행강제금을 징수한다.
④ 이행강제금의 부과 및 징수에 관하여는 제65조의4부터 제65조의8까지를 준용한다.
[전문개정 2010. 5. 17.]
 
제65조의10(과오납금의 환급) ① 금융위원회는 과징금납부의무자가 이의신청의 재결 또는 법원의 판결 등의 사유로 과
징금 과오납금의 환급을 청구하는 경우에는 지체 없이 환급하여야 하며, 과징금납무의무자의 청구가 없어도 금융위
원회가 확인한 과오납금은 환급하여야 한다.
② 금융위원회가 제1항에 따라 과징금을 환급하는 경우에는 과징금을 납부한 날부터 환급한 날까지의 기간에 대하
여 대통령령으로 정하는 가산금 이율을 적용하여 환급가산금을 환급받을 자에게 지급하여야 한다.
[본조신설 2010. 5. 17.]
 
제65조의11(결손처분) 금융위원회는 과징금납무의무자에게 다음 각 호의 어느 하나에 해당하는 사유가 있으면 결손처
분을 할 수 있다.
법제처                                                            29                                                       국가법령정보센터
은행법
1. 체납처분이 끝나고 체납액에 충당된 배분금액이 체납액에 미치지 못하는 경우
2. 징수금 등의 징수권에 대한 소멸시효가 완성된 경우
3. 체납자의 행방이 분명하지 아니하거나 재산이 없다는 것이 판명된 경우
4. 체납처분의 목적물인 총재산의 추산가액이 체납처분 비용에 충당하면 남을 여지가 없음이 확인된 경우
5. 체납처분의 목적물인 총재산이 징수금 등보다 우선하는 국세, 지방세, 전세권ㆍ질권 또는 저당권으로 담보된 채
권 등의 변제에 충당하면 남을 여지가 없음이 확인된 경우
6. 그 밖에 징수할 가망이 없는 경우로서 대통령령으로 정하는 사유에 해당하는 경우
[본조신설 2010. 5. 17.]
 
       제12장 벌칙 <개정 2010. 5. 17.>
 
제66조(벌칙) ① 다음 각 호의 어느 하나에 해당하는 자는 10년 이하의 징역 또는 5억원 이하의 벌금에 처한다.
1. 제21조의2를 위반한 자
2. 제35조의2제1항부터 제3항까지 및 제7항ㆍ제8항을 위반하여 대주주에게 신용공여ㆍ무상양도를 한 자와 그로부
터 신용공여ㆍ무상양도를 받은 대주주 또는 자산을 매매ㆍ교환한 당사자
3. 제35조의3제1항을 위반하여 대주주가 발행한 지분증권을 취득한 자
4. 제35조의4를 위반한 자
② 제8조에 따른 인가를 받지 아니하고 은행업을 경영하는 자는 5년 이하의 징역 또는 2억원 이하의 벌금에 처한다.
[전문개정 2010. 5. 17.]
 
제67조(벌칙) 다음 각 호의 어느 하나에 해당하는 자는 3년 이하의 징역 또는 1억원 이하의 벌금에 처한다. <개정
2017. 4. 18.>
1. 제10조제1항을 위반하여 승인을 받지 아니하고 자본금의 감소에 해당하는 행위를 한 자
2. 제35조제1항ㆍ제3항 또는 제4항을 위반하여 신용공여를 한 자
3. 제37조제1항ㆍ제3항 또는 제6항부터 제8항까지의 규정 중 어느 하나를 위반한 자
[전문개정 2010. 5. 17.]
 
제68조(벌칙) ① 은행의 임원, 지배인, 대리점주(대리점주가 법인인 경우에는 그 업무를 집행하는 사원, 임원, 지배인, 그
밖의 법인의 대표자) 또는 청산인(이하 “은행의 임원등”이라 한다)이나 그 직원이 다음 각 호의 어느 하나에 해당하
는 행위를 한 경우에는 1년 이하의 징역 또는 3천만원 이하의 벌금에 처한다.
1. 제9조를 위반하여 최저자본금을 유지하지 아니한 경우
2. 제32조를 위반한 경우
3. 제33조를 위반하여 채권을 발행한 경우
4. 제38조를 위반하여 금지업무를 한 경우
5. 제40조를 위반하여 이익준비금을 적립하지 아니한 경우
6. 제55조제1항에 따른 인가를 받지 아니하고 같은 항 각 호에 규정된 행위를 한 경우
7. 제58조제1항(지점ㆍ대리점을 신설하기 위하여 인가를 받아야 하는 경우는 제외한다)을 위반한 경우
8. 제62조제1항 또는 제2항을 위반한 경우
② 삭제<2020. 3. 24.>
[전문개정 2010. 5. 17.]
 
제68조의2(양벌규정) 법인의 대표자나 법인 또는 개인의 대리인, 사용인, 그 밖의 종업원이 그 법인 또는 개인의 업무에
관하여 제66조부터 제68조까지의 어느 하나에 해당하는 위반행위를 하면 그 행위자를 벌하는 외에 그 법인 또는 개
인에게도 해당 조문의 벌금형을 과(科)한다. 다만, 법인 또는 개인이 그 위반행위를 방지하기 위하여 해당 업무에 관
하여 상당한 주의와 감독을 게을리하지 아니한 경우에는 그러하지 아니하다.
법제처                                                            30                                                       국가법령정보센터
은행법
[전문개정 2010. 5. 17.]
 
제69조(과태료) ① 다음 각 호의 어느 하나에 해당하는 자에게는 1억원 이하의 과태료를 부과한다. <개정 2013. 8. 13.,
2016. 3. 29., 2017. 4. 18.>
1. 제13조제2항 또는 제27조의2제2항 또는 제28조제2항을 위반하여 신고하지 아니한 자
2. 제14조를 위반하여 유사상호를 사용한 자
3. 제15조제2항 및 제15조의4를 위반하여 보고를 하지 아니한 자
4. 제15조의3제3항(제15조제3항에 따른 승인의 심사를 위한 경우를 포함한다), 제16조의4제2항 또는 제35조의5제
1항ㆍ제2항에 따른 자료제공 등의 요구에 따르지 아니한 자
5. 제30조를 위반한 은행
5의2. 제34조의2제1항을 위반한 은행
5의3. 제34조의3제1항을 위반한 은행
6. 제35조의2제4항 또는 제35조의3제4항을 위반하여 이사회의 의결을 거치지 아니한 은행
7. 제35조의2제5항ㆍ제6항 또는 제35조의3제5항ㆍ제6항을 위반하여 금융위원회에 대한 보고 또는 공시를 하지 아
니한 은행
7의2. 제41조에 따른 공고를 거짓으로 한 은행
7의3. 제43조의2를 위반하여 보고서를 제출하거나 보고서에 사실과 다른 내용을 적은 은행
7의4. 제43조의3을 위반하여 공시를 하거나 사실과 다른 내용을 공시한 은행
7의5. 제48조에 따른 검사를 거부ㆍ방해 또는 기피한 은행
8. 제48조의2에 따른 검사를 거부ㆍ방해 또는 기피한 자
9. 제52조의2를 위반한 은행
10. 삭제<2020. 3. 24.>
11. 그 밖에 이 법 또는 이 법에 따른 규정ㆍ명령 또는 지시를 위반한 은행
② 다음 각 호의 어느 하나에 해당하는 자에게는 5천만원 이하의 과태료를 부과한다.<신설 2016. 3. 29., 2017. 4.
18., 2023. 3. 21.>
1. 제34조의3제3항을 위반하여 보고 또는 공시를 하지 아니한 은행
2. 제43조의4제1항을 위반하여 정기주주총회에 보고를 하지 아니하거나 사실과 다른 내용을 보고한 은행
③ 제52조의4를 위반하여 직원의 보호를 위한 조치를 하지 아니하거나 직원에게 불이익을 준 은행에게는 3천만원
이하의 과태료를 부과한다.<신설 2016. 3. 29., 2017. 4. 18.>
④ 제30조의2제2항을 위반하여 금리인하요구권을 알리지 아니한 은행에는 2천만원 이하의 과태료를 부과한다.<신
설 2020. 5. 19.>
⑤ 은행의 임원등 또는 직원이 다음 각 호의 어느 하나에 해당하는 경우에는 2천만원 이하의 과태료를 부과한다.
<개정 2016. 3. 29., 2017. 4. 18., 2018. 12. 11., 2020. 5. 19.>
1. 삭제<2020. 5. 19.>
2. 삭제<2015. 7. 31.>
2의2. 삭제<2017. 4. 18.>
2의3. 삭제<2017. 4. 18.>
3. 삭제<2017. 4. 18.>
4. 삭제<2017. 4. 18.>
5. 제48조에 따른 검사를 거부ㆍ방해 또는 기피한 경우
6. 삭제<2017. 4. 18.>
7. 이 법에 따른 서류의 비치, 제출, 보고, 공고 또는 공시를 게을리한 경우
8. 그 밖에 이 법 또는 이 법에 따른 규정ㆍ명령 또는 지시를 위반한 경우
법제처                                                            31                                                       국가법령정보센터
은행법
⑥ 제1항부터 제5항까지에 따른 과태료는 대통령령으로 정하는 바에 따라 금융위원회가 부과ㆍ징수한다.<개정
2016. 3. 29., 2020. 5. 19.>
[전문개정 2010. 5. 17.]
  
부칙 <제21296호,2025. 12. 30.>
제1조(시행일) 이 법은 공포 후 6개월이 경과한 날부터 시행한다.
제2조(대출금리 산정에 관한 적용례) 제30조의3의 개정규정은 이 법 시행 이후 대출 계약을 체결하거나 갱신하는 경
우부터 적용한다.",ok,
regulations/자본시장과 금융투자업에 관한 법률(법률)(제21324호)(20260804).pdf,자본시장과 금융투자업에 관한 법률(법률)(제21324호)(20260804).pdf,regulations,213,"법제처                                                            1                                                       국가법령정보센터
자본시장과 금융투자업에 관한 법률
※ 본 법령은 공포 후 시행전 개정된 사항을 모두 포함한 법령이며, 개별 시행일별로 공포된 내용은
국가법령정보센터의 '연혁' 또는 조문 앞의 '연' 아이콘을 통해 확인할 수 있습니다.
 
자본시장과 금융투자업에 관한 법률 ( 약칭: 자본시장법 )
[시행 2026. 8. 4.] [법률 제21324호, 2026. 2. 3., 일부개정]
금융위원회 (자본시장과-투자매매중개업, 증권발행) 02-2100-2651
금융위원회 (자본시장과-파생상품) 02-2100-2654
금융위원회 (자산운용과-집합투자, 신탁, 투자일임, 투자자문) 02-2100-2661
금융위원회 (공정시장과-사업보고서, 상장회사특례, 불공정거래) 02-2100-2681
     제1편 총칙
 
제1조(목적) 이 법은 자본시장에서의 금융혁신과 공정한 경쟁을 촉진하고 투자자를 보호하며 금융투자업을 건전하게
육성함으로써 자본시장의 공정성ㆍ신뢰성 및 효율성을 높여 국민경제의 발전에 이바지함을 목적으로 한다.
 
제2조(국외행위에 대한 적용) 이 법은 국외에서 이루어진 행위로서 그 효과가 국내에 미치는 경우에도 적용한다.
 
제3조(금융투자상품) ① 이 법에서 “금융투자상품”이란 이익을 얻거나 손실을 회피할 목적으로 현재 또는 장래의 특정
(特定) 시점에 금전, 그 밖의 재산적 가치가 있는 것(이하 “금전등”이라 한다)을 지급하기로 약정함으로써 취득하는
권리로서, 그 권리를 취득하기 위하여 지급하였거나 지급하여야 할 금전등의 총액(판매수수료 등 대통령령으로 정하
는 금액을 제외한다)이 그 권리로부터 회수하였거나 회수할 수 있는 금전등의 총액(해지수수료 등 대통령령으로 정
하는 금액을 포함한다)을 초과하게 될 위험(이하 “투자성”이라 한다)이 있는 것을 말한다. 다만, 다음 각 호의 어느 하
나에 해당하는 것을 제외한다. <개정 2011. 7. 25., 2013. 5. 28.>
1. 원화로 표시된 양도성 예금증서
2. 「신탁법」 제78조제1항에 따른 수익증권발행신탁이 아닌 신탁으로서 다음 각 목의 어느 하나에 해당하는 신탁(제
103조제1항제1호의 재산을 신탁받는 경우는 제외하고 수탁자가 「신탁법」 제46조부터 제48조까지의 규정에 따
라 처분 권한을 행사하는 경우는 포함한다. 이하 “관리형신탁”이라 한다)의 수익권
가. 위탁자(신탁계약에 따라 처분권한을 가지고 있는 수익자를 포함한다)의 지시에 따라서만 신탁재산의 처분이
이루어지는 신탁
나. 신탁계약에 따라 신탁재산에 대하여 보존행위 또는 그 신탁재산의 성질을 변경하지 아니하는 범위에서 이용
ㆍ개량 행위만을 하는 신탁
3. 그 밖에 해당 금융투자상품의 특성 등을 고려하여 금융투자상품에서 제외하더라도 투자자 보호 및 건전한 거래
질서를 해할 우려가 없는 것으로서 대통령령으로 정하는 금융투자상품
② 제1항의 금융투자상품은 다음 각 호와 같이 구분한다.
1. 증권
2. 파생상품
가. 장내파생상품
나. 장외파생상품
 
제4조(증권) ① 이 법에서 “증권”이란 내국인 또는 외국인이 발행한 금융투자상품으로서 투자자가 취득과 동시에 지급
한 금전등 외에 어떠한 명목으로든지 추가로 지급의무(투자자가 기초자산에 대한 매매를 성립시킬 수 있는 권리를
행사하게 됨으로써 부담하게 되는 지급의무를 제외한다)를 부담하지 아니하는 것을 말한다. <개정 2013. 5. 28.,
2015. 7. 24., 2026. 2. 3.>
1. 삭제<2026. 2. 3.>
2. 삭제<2026. 2. 3.>
법제처                                                            2                                                       국가법령정보센터
자본시장과 금융투자업에 관한 법률
② 제1항의 증권은 다음 각 호와 같이 구분한다.
1. 채무증권
2. 지분증권
3. 수익증권
4. 투자계약증권
5. 파생결합증권
6. 증권예탁증권
③ 이 법에서 “채무증권”이란 국채증권, 지방채증권, 특수채증권(법률에 의하여 직접 설립된 법인이 발행한 채권을
말한다. 이하 같다), 사채권(「상법」 제469조제2항제3호에 따른 사채의 경우에는 제7항제1호에 해당하는 것으로 한
정한다. 이하 같다), 기업어음증권(기업이 사업에 필요한 자금을 조달하기 위하여 발행한 약속어음으로서 대통령령
으로 정하는 요건을 갖춘 것을 말한다. 이하 같다), 그 밖에 이와 유사(類似)한 것으로서 지급청구권이 표시된 것을
말한다.<개정 2013. 5. 28.>
④ 이 법에서 “지분증권”이란 주권, 신주인수권이 표시된 것, 법률에 의하여 직접 설립된 법인이 발행한 출자증권, 「
상법」에 따른 합자회사ㆍ유한책임회사ㆍ유한회사ㆍ합자조합ㆍ익명조합의 출자지분, 그 밖에 이와 유사한 것으로
서 출자지분 또는 출자지분을 취득할 권리가 표시된 것을 말한다.<개정 2013. 5. 28.>
⑤ 이 법에서 “수익증권”이란 제110조의 수익증권, 제189조의 수익증권, 그 밖에 이와 유사한 것으로서 신탁의 수익
권이 표시된 것을 말한다.
⑥ 이 법에서 “투자계약증권”이란 특정 투자자가 그 투자자와 타인(다른 투자자를 포함한다. 이하 이 항에서 같다)
간의 공동사업에 금전등을 투자하고 주로 타인이 수행한 공동사업의 결과에 따른 손익을 귀속받는 계약상의 권리
가 표시된 것을 말한다.
⑦ 이 법에서 “파생결합증권”이란 기초자산의 가격ㆍ이자율ㆍ지표ㆍ단위 또는 이를 기초로 하는 지수 등의 변동과
연계하여 미리 정하여진 방법에 따라 지급하거나 회수하는 금전등이 결정되는 권리가 표시된 것을 말한다. 다만, 다
음 각 호의 어느 하나에 해당하는 것은 제외한다.<개정 2013. 5. 28., 2016. 3. 29., 2017. 4. 18., 2022. 12. 31.>
1. 발행과 동시에 투자자가 지급한 금전등에 대한 이자, 그 밖의 과실(果實)에 대하여만 해당 기초자산의 가격ㆍ이
자율ㆍ지표ㆍ단위 또는 이를 기초로 하는 지수 등의 변동과 연계된 증권
2. 제5조제1항제2호에 따른 계약상의 권리(제5조제1항 각 호 외의 부분 단서에서 정하는 금융투자상품은 제외한다)
3. 해당 사채의 발행 당시 객관적이고 합리적인 기준에 따라 미리 정하는 사유가 발생하는 경우 주식으로 전환되거
나 그 사채의 상환과 이자지급 의무가 감면된다는 조건이 붙은 것으로서 제165조의11제1항에 따라 주권상장법
인이 발행하는 사채
3의2. 「은행법」 제33조제1항제2호부터 제4호까지의 규정에 따른 상각형 조건부자본증권, 은행주식 전환형 조건부
자본증권 및 은행지주회사주식 전환형 조건부자본증권
3의3. 「금융지주회사법」 제15조의2제1항제2호 또는 제3호에 따른 상각형 조건부자본증권 또는 전환형 조건부자본
증권
3의4. 「보험업법」 제114조의2제1항제1호에서 제3호까지의 규정에 따른 상각형 조건부자본증권, 보험회사주식 전
환형 조건부자본증권 및 금융지주회사주식 전환형 조건부자본증권
4. 「상법」 제469조제2항제2호, 제513조 및 제516조의2에 따른 사채
5. 그 밖에 제1호부터 제3호까지, 제3호의2부터 제3호의4까지 및 제4호에 따른 금융투자상품과 유사한 것으로서 대
통령령으로 정하는 금융투자상품
⑧ 이 법에서 “증권예탁증권”이란 제2항제1호부터 제5호까지의 증권을 예탁받은 자가 그 증권이 발행된 국가 외의
국가에서 발행한 것으로서 그 예탁받은 증권에 관련된 권리가 표시된 것을 말한다.
⑨ 제2항 각 호의 어느 하나에 해당하는 증권에 표시될 수 있거나 표시되어야 할 권리는 그 증권이 발행되지 아니
한 경우에도 그 증권으로 본다.
⑩ 이 법에서 “기초자산”이란 다음 각 호의 어느 하나에 해당하는 것을 말한다.
법제처                                                            3                                                       국가법령정보센터
자본시장과 금융투자업에 관한 법률
1. 금융투자상품
2. 통화(외국의 통화를 포함한다)
3. 일반상품(농산물ㆍ축산물ㆍ수산물ㆍ임산물ㆍ광산물ㆍ에너지에 속하는 물품 및 이 물품을 원료로 하여 제조하거
나 가공한 물품, 그 밖에 이와 유사한 것을 말한다)
4. 신용위험(당사자 또는 제삼자의 신용등급의 변동, 파산 또는 채무재조정 등으로 인한 신용의 변동을 말한다)
5. 그 밖에 자연적ㆍ환경적ㆍ경제적 현상 등에 속하는 위험으로서 합리적이고 적정한 방법에 의하여 가격ㆍ이자율
ㆍ지표ㆍ단위의 산출이나 평가가 가능한 것
 
제5조(파생상품) ① 이 법에서 “파생상품”이란 다음 각 호의 어느 하나에 해당하는 계약상의 권리를 말한다. 다만, 해당
금융투자상품의 유통 가능성, 계약당사자, 발행사유 등을 고려하여 증권으로 규제하는 것이 타당한 것으로서 대통령
령으로 정하는 금융투자상품은 그러하지 아니하다. <개정 2013. 5. 28.>
1. 기초자산이나 기초자산의 가격ㆍ이자율ㆍ지표ㆍ단위 또는 이를 기초로 하는 지수 등에 의하여 산출된 금전등을
장래의 특정 시점에 인도할 것을 약정하는 계약
2. 당사자 어느 한쪽의 의사표시에 의하여 기초자산이나 기초자산의 가격ㆍ이자율ㆍ지표ㆍ단위 또는 이를 기초로
하는 지수 등에 의하여 산출된 금전등을 수수하는 거래를 성립시킬 수 있는 권리를 부여하는 것을 약정하는 계약
3. 장래의 일정기간 동안 미리 정한 가격으로 기초자산이나 기초자산의 가격ㆍ이자율ㆍ지표ㆍ단위 또는 이를 기초
로 하는 지수 등에 의하여 산출된 금전등을 교환할 것을 약정하는 계약
4. 제1호부터 제3호까지의 규정에 따른 계약과 유사한 것으로서 대통령령으로 정하는 계약
② 이 법에서 “장내파생상품”이란 다음 각 호의 어느 하나에 해당하는 것을 말한다.<개정 2013. 5. 28.>
1. 파생상품시장에서 거래되는 파생상품
2. 해외 파생상품시장(파생상품시장과 유사한 시장으로서 해외에 있는 시장과 대통령령으로 정하는 해외 파생상품
거래가 이루어지는 시장을 말한다)에서 거래되는 파생상품
3. 그 밖에 금융투자상품시장을 개설하여 운영하는 자가 정하는 기준과 방법에 따라 금융투자상품시장에서 거래되
는 파생상품
③ 이 법에서 “장외파생상품”이란 파생상품으로서 장내파생상품이 아닌 것을 말한다.
④ 제1항 각 호의 어느 하나에 해당하는 계약 중 매매계약이 아닌 계약의 체결은 이 법을 적용함에 있어서 매매계
약의 체결로 본다.
 
제6조(금융투자업) ① 이 법에서 “금융투자업”이란 이익을 얻을 목적으로 계속적이거나 반복적인 방법으로 행하는 행
위로서 다음 각 호의 어느 하나에 해당하는 업(業)을 말한다.
1. 투자매매업
2. 투자중개업
3. 집합투자업
4. 투자자문업
5. 투자일임업
6. 신탁업
② 이 법에서 “투자매매업”이란 누구의 명의로 하든지 자기의 계산으로 금융투자상품의 매도ㆍ매수, 증권의 발행ㆍ
인수 또는 그 청약의 권유, 청약, 청약의 승낙을 영업으로 하는 것을 말한다.
③ 이 법에서 “투자중개업”이란 누구의 명의로 하든지 타인의 계산으로 금융투자상품의 매도ㆍ매수, 그 중개나 청
약의 권유, 청약, 청약의 승낙 또는 증권의 발행ㆍ인수에 대한 청약의 권유, 청약, 청약의 승낙을 영업으로 하는 것을
말한다.<개정 2013. 5. 28.>
④ 이 법에서 “집합투자업”이란 집합투자를 영업으로 하는 것을 말한다.
⑤ 제4항에서 “집합투자”란 2인 이상의 투자자로부터 모은 금전등을 투자자로부터 일상적인 운용지시를 받지 아니
하면서 재산적 가치가 있는 투자대상자산을 취득ㆍ처분, 그 밖의 방법으로 운용하고 그 결과를 투자자에게 배분하
여 귀속시키는 것을 말한다. 다만, 다음 각 호의 어느 하나에 해당하는 경우를 제외한다.<개정 2013. 5. 28., 2018. 3.
법제처                                                            4                                                       국가법령정보센터
자본시장과 금융투자업에 관한 법률
27.>
1. 대통령령으로 정하는 법률에 따라 사모(私募)의 방법으로 금전등을 모아 운용ㆍ배분하는 것으로서 대통령령으로
정하는 투자자의 총수가 대통령령으로 정하는 수 이하인 경우
2. 「자산유동화에 관한 법률」 제3조의 자산유동화계획에 따라 금전등을 모아 운용ㆍ배분하는 경우
3. 그 밖에 행위의 성격 및 투자자 보호의 필요성 등을 고려하여 대통령령으로 정하는 경우
⑥ 제5항 각 호 외의 부분 본문에도 불구하고 다음 각 호의 어느 하나에 해당하는 자로부터 위탁받은 금전등을 그
자로부터 일상적인 운용지시를 받지 아니하면서 재산적 가치가 있는 투자대상자산을 취득ㆍ처분, 그 밖의 방법으로
운용하고 그 결과를 그 자에게 귀속시키는 행위는 집합투자로 본다.<신설 2018. 3. 27., 2021. 12. 21.>
1. 「국가재정법」 제9조제4항에 따른 기금관리주체(이에 준하는 외국기관으로서 대통령령으로 정하는 자를 포함한
다)
2. 「농업협동조합법」에 따른 농업협동조합중앙회
3. 「수산업협동조합법」에 따른 수산업협동조합중앙회
4. 「신용협동조합법」에 따른 신용협동조합중앙회
5. 「상호저축은행법」에 따른 상호저축은행중앙회
6. 「산림조합법」에 따른 산림조합
7. 「새마을금고법」에 따른 새마을금고중앙회
8. 「우체국예금ㆍ보험에 관한 법률」에 따른 체신관서
9. 제251조제1항 전단에 따라 보험회사가 설정한 투자신탁
10. 법률에 따라 설립된 법인 또는 단체로서 다음 각 목의 어느 하나에 해당하는 자 중에서 대통령령으로 정하는 자
가. 공제조합
나. 공제회
다. 그 밖에 이와 비슷한 법인 또는 단체로서 같은 직장ㆍ직종에 종사하거나 같은 지역에 거주하는 구성원의 상호
부조, 복리증진 등을 목적으로 구성되어 공제사업을 하는 법인 또는 단체
11. 그 밖에 제7항에 따른 금융투자상품등에 대한 투자를 목적으로 2인 이상의 자로부터 금전등을 모아 설립한 기
구 또는 법인 등으로서 효율적이고 투명한 투자구조, 관리주체 등 대통령령으로 정하는 요건을 갖춘 자
⑦ 이 법에서 “투자자문업”이란 금융투자상품, 그 밖에 대통령령으로 정하는 투자대상자산(이하 “금융투자상품등
”이라 한다)의 가치 또는 금융투자상품등에 대한 투자판단(종류, 종목, 취득ㆍ처분, 취득ㆍ처분의 방법ㆍ수량ㆍ가격
및 시기 등에 대한 판단을 말한다. 이하 같다)에 관한 자문에 응하는 것을 영업으로 하는 것을 말한다.<개정 2013.
5. 28., 2018. 3. 27.>
⑧ 이 법에서 “투자일임업”이란 투자자로부터 금융투자상품등에 대한 투자판단의 전부 또는 일부를 일임받아 투자
자별로 구분하여 그 투자자의 재산상태나 투자목적 등을 고려하여 금융투자상품등을 취득ㆍ처분, 그 밖의 방법으로
운용하는 것을 영업으로 하는 것을 말한다.<개정 2013. 5. 28., 2018. 3. 27.>
⑨ 이 법에서 “신탁업”이란 신탁을 영업으로 하는 것을 말한다.<개정 2018. 3. 27.>
⑩ 이 법에서 “전담중개업무”란 제9조제19항제2호에 따른 일반 사모집합투자기구, 그 밖에 대통령령으로 정하는 투
자자(이하 이 조 및 제77조의3에서 “일반 사모집합투자기구등”이라 한다)에 대하여 다음 각 호의 어느 하나에 해당
하는 업무를 효율적인 신용공여와 담보관리 등을 위하여 대통령령으로 정하는 방법에 따라 연계하여 제공하는 업
무를 말한다.<신설 2013. 5. 28., 2015. 7. 24., 2018. 3. 27., 2021. 4. 20.>
1. 증권의 대여 또는 그 중개ㆍ주선이나 대리업무
2. 금전의 융자, 그 밖의 신용공여
3. 일반 사모집합투자기구등의 재산의 보관 및 관리
4. 그 밖에 일반 사모집합투자기구등의 효율적인 업무 수행을 지원하기 위하여 필요한 업무로서 대통령령으로 정하
는 업무
 
법제처                                                            5                                                       국가법령정보센터
자본시장과 금융투자업에 관한 법률
제7조(금융투자업의 적용배제) ① 자기가 증권을 발행하는 경우에는 투자매매업으로 보지 아니한다. 다만, 다음 각 호
의 어느 하나에 해당하는 증권은 그러하지 아니하다. <개정 2013. 5. 28.>
1. 투자신탁의 수익증권
2. 대통령령으로 정하는 파생결합증권
3. 제77조제1항에서 정하는 투자성 있는 예금계약, 그 밖에 이에 준하는 것으로서 대통령령으로 정하는 계약에 따
른 증권
4. 제77조제2항에서 정하는 투자성 있는 보험계약에 따른 증권
② 제51조제9항의 투자권유대행인이 투자권유를 대행하는 경우에는 투자중개업으로 보지 아니한다.
③ 간행물ㆍ출판물ㆍ통신물 또는 방송 등을 통하여 개별성 없는 조언(개별 투자자를 상정하지 아니하고 다수인을
대상으로 일방적으로 이루어지는 투자에 관한 조언을 말한다. 이하 같다)을 하는 경우에는 투자자문업으로 보지 아
니한다. 다만, 본문의 조언과 관련하여 온라인상에서 일정한 대가를 지급한 고객과 의견을 교환할 수 있는 경우에는
그러하지 아니하다.<개정 2024. 2. 13.>
④ 투자중개업자가 투자자의 매매주문을 받아 이를 처리하는 과정에서 금융투자상품에 대한 투자판단의 전부 또는
일부를 일임받을 필요가 있는 경우로서 대통령령으로 정하는 경우에는 투자일임업으로 보지 아니한다.
⑤ 「담보부사채신탁법」에 따른 담보부사채에 관한 신탁업, 「저작권법」에 따른 저작권신탁관리업의 경우에는 신탁
업으로 보지 아니한다.<개정 2009. 4. 22.>
⑥ 제1항부터 제5항까지 규정된 것 외에 다음 각 호의 어느 하나에 해당하는 경우에는 대통령령으로 정하는 바에
따라 제6조제1항 각 호의 금융투자업으로 보지 아니한다.<개정 2013. 5. 28., 2015. 7. 24., 2021. 4. 20.>
1. 제8조의2제2항에 따른 거래소가 증권시장 또는 파생상품시장을 개설ㆍ운영하는 경우
2. 투자매매업자를 상대방으로 하거나 투자중개업자를 통하여 금융투자상품을 매매하는 경우
3. 제9조제29항에 따른 일반 사모집합투자업자가 자신이 운용하는 제9조제19항제2호에 따른 일반 사모집합투자기
구의 집합투자증권을 판매하는 경우
4. 그 밖에 해당 행위의 성격 및 투자자 보호의 필요성 등을 고려하여 금융투자업의 적용에서 제외할 필요가 있는
것으로서 대통령령으로 정하는 경우
 
제8조(금융투자업자) ① 이 법에서 “금융투자업자”란 제6조제1항 각 호의 금융투자업에 대하여 금융위원회의 인가를
받거나 금융위원회에 등록하여 이를 영위하는 자를 말한다. <개정 2008. 2. 29.>
② 이 법에서 “투자매매업자”란 금융투자업자 중 투자매매업을 영위하는 자를 말한다.
③ 이 법에서 “투자중개업자”란 금융투자업자 중 투자중개업을 영위하는 자를 말한다.
④ 이 법에서 “집합투자업자”란 금융투자업자 중 집합투자업을 영위하는 자를 말한다.
⑤ 이 법에서 “투자자문업자”란 금융투자업자 중 투자자문업을 영위하는 자를 말한다.
⑥ 이 법에서 “투자일임업자”란 금융투자업자 중 투자일임업을 영위하는 자를 말한다.
⑦ 이 법에서 “신탁업자”란 금융투자업자 중 신탁업을 영위하는 자를 말한다.
⑧ 이 법에서 “종합금융투자사업자”란 투자매매업자 또는 투자중개업자 중 제77조의2에 따라 금융위원회의 지정을
받은 자를 말한다.<신설 2013. 5. 28.>
⑨ 이 법에서 “겸영금융투자업자”란 다음 각 호의 어느 하나에 해당하는 자로서 금융투자업을 겸영(兼營)하는 자를
말한다.<신설 2015. 7. 31., 2016. 5. 29.>
1. 「은행법」 제2조의 은행(이하 “은행”이라 한다)
2. 「보험업법」 제2조의 보험회사(이하 “보험회사”라 한다)
3. 그 밖에 대통령령으로 정하는 금융기관 등
 
제8조의2(금융투자상품시장 등) ① 이 법에서 “금융투자상품시장”이란 증권 또는 장내파생상품의 매매를 하는 시장을
말한다.
② 이 법에서 “거래소”란 증권 및 장내파생상품의 공정한 가격 형성과 그 매매, 그 밖의 거래의 안정성 및 효율성을
도모하기 위하여 제373조의2에 따른 금융위원회의 허가를 받아 금융투자상품시장을 개설하는 자를 말한다.
법제처                                                            6                                                       국가법령정보센터
자본시장과 금융투자업에 관한 법률
③ 이 법에서 “거래소시장”이란 거래소가 개설하는 금융투자상품시장을 말한다.
④ 거래소시장은 다음 각 호와 같이 구분한다.
1. 증권시장: 증권의 매매를 위하여 거래소가 개설하는 시장
2. 파생상품시장: 장내파생상품의 매매를 위하여 거래소가 개설하는 시장
⑤ 이 법에서 “다자간매매체결회사”란 정보통신망이나 전자정보처리장치를 이용하여 동시에 다수의 자를 거래상대
방 또는 각 당사자로 하여 다음 각 호의 어느 하나에 해당하는 매매가격의 결정방법으로 증권시장에 상장된 주권,
그 밖에 대통령령으로 정하는 증권(이하 “매매체결대상상품”이라 한다)의 매매 또는 그 중개ㆍ주선이나 대리 업무
(이하 “다자간매매체결업무”라 한다)를 하는 투자매매업자 또는 투자중개업자를 말한다.
1. 경쟁매매의 방법(매매체결대상상품의 거래량이 대통령령으로 정하는 기준을 넘지 아니하는 경우로 한정한다)
2. 매매체결대상상품이 상장증권인 경우 해당 거래소가 개설하는 증권시장에서 형성된 매매가격을 이용하는 방법
3. 그 밖에 공정한 매매가격 형성과 매매체결의 안정성 및 효율성 등을 확보할 수 있는 방법으로서 대통령령으로 정
하는 방법
[본조신설 2013. 5. 28.]
 
제9조(그 밖의 용어의 정의) ① 이 법에서 “대주주”란 「금융회사의 지배구조에 관한 법률」 제2조제6호에 따른 주주를
말한다. 이 경우 “금융회사”는 “법인”으로 본다. <개정 2015. 7. 31.>
② 이 법에서 “임원”이란 이사 및 감사를 말한다.
③ 이 법에서 “사외이사”란 상시적인 업무에 종사하지 아니하는 사람으로서 「금융회사의 지배구조에 관한 법률」 제
17조에 따라 선임되는 이사를 말한다.<개정 2015. 7. 31.>
④ 이 법에서 “투자권유”란 특정 투자자를 상대로 금융투자상품의 매매 또는 투자자문계약ㆍ투자일임계약ㆍ신탁계
약(관리형신탁계약 및 투자성 없는 신탁계약을 제외한다)의 체결을 권유하는 것을 말한다.<개정 2013. 5. 28.>
⑤ 이 법에서 “전문투자자”란 금융투자상품에 관한 전문성 구비 여부, 소유자산규모 등에 비추어 투자에 따른 위험
감수능력이 있는 투자자로서 다음 각 호의 어느 하나에 해당하는 자를 말한다. 다만, 전문투자자 중 대통령령으로
정하는 자가 일반투자자와 같은 대우를 받겠다는 의사를 금융투자업자에게 서면으로 통지하는 경우 금융투자업자
는 정당한 사유가 있는 경우를 제외하고는 이에 동의하여야 하며, 금융투자업자가 동의한 경우에는 해당 투자자는
일반투자자로 본다.<개정 2009. 2. 3.>
1. 국가
2. 한국은행
3. 대통령령으로 정하는 금융기관
4. 주권상장법인. 다만, 금융투자업자와 장외파생상품 거래를 하는 경우에는 전문투자자와 같은 대우를 받겠다는 의
사를 금융투자업자에게 서면으로 통지하는 경우에 한한다.
5. 그 밖에 대통령령으로 정하는 자
⑥ 이 법에서 “일반투자자”란 전문투자자가 아닌 투자자를 말한다.
⑦ 이 법에서 “모집”이란 대통령령으로 정하는 방법에 따라 산출한 50인 이상의 투자자에게 새로 발행되는 증권의
취득의 청약을 권유하는 것을 말한다.
⑧ 이 법에서 “사모”란 새로 발행되는 증권의 취득의 청약을 권유하는 것으로서 모집에 해당하지 아니하는 것을 말
한다.
⑨ 이 법에서 “매출”이란 대통령령으로 정하는 방법에 따라 산출한 50인 이상의 투자자에게 이미 발행된 증권의 매
도의 청약을 하거나 매수의 청약을 권유하는 것을 말한다.
⑩ 이 법에서 “발행인”이란 증권을 발행하였거나 발행하고자 하는 자를 말한다. 다만, 증권예탁증권을 발행함에 있
어서는 그 기초가 되는 증권을 발행하였거나 발행하고자 하는 자를 말한다.
⑪ 이 법에서 “인수”란 제삼자에게 증권을 취득시킬 목적으로 다음 각 호의 어느 하나에 해당하는 행위를 하거나 그
행위를 전제로 발행인 또는 매출인을 위하여 증권의 모집ㆍ사모ㆍ매출을 하는 것을 말한다.<개정 2013. 5. 28.>
법제처                                                            7                                                       국가법령정보센터
자본시장과 금융투자업에 관한 법률
1. 그 증권의 전부 또는 일부를 취득하거나 취득하는 것을 내용으로 하는 계약을 체결하는 것
2. 그 증권의 전부 또는 일부에 대하여 이를 취득하는 자가 없는 때에 그 나머지를 취득하는 것을 내용으로 하는 계
약을 체결하는 것
⑫ 이 법에서 “인수인”이란 증권을 모집ㆍ사모ㆍ매출하는 경우 인수를 하는 자를 말한다.<개정 2013. 5. 28.>
⑬ 이 법에서 “주선인”이란 제11항에 따른 행위 외에 발행인 또는 매출인을 위하여 해당 증권의 모집ㆍ사모ㆍ매출
을 하거나 그 밖에 직접 또는 간접으로 증권의 모집ㆍ사모ㆍ매출을 분담하는 자를 말한다.<개정 2013. 5. 28.>
⑭ 이 법에서 “매출인”이란 증권의 소유자로서 스스로 또는 인수인이나 주선인을 통하여 그 증권을 매출하였거나
매출하려는 자를 말한다.<개정 2013. 5. 28.>
⑮ 이 법에서 “상장법인”, “비상장법인”, “주권상장법인” 및 “주권비상장법인”이란 각각 다음 각 호의 자를 말한다.
<개정 2009. 2. 3.>
1. 상장법인 : 증권시장에 상장된 증권(이하 “상장증권”이라 한다)을 발행한 법인
2. 비상장법인 : 상장법인을 제외한 법인
3. 주권상장법인 : 다음 각 목의 어느 하나에 해당하는 법인
가. 증권시장에 상장된 주권을 발행한 법인
나. 주권과 관련된 증권예탁증권이 증권시장에 상장된 경우에는 그 주권을 발행한 법인
4. 주권비상장법인 : 주권상장법인을 제외한 법인
1^ 이 법에서 “외국법인등”이란 다음 각 호의 어느 하나에 해당하는 자를 말한다.
1. 외국 정부
2. 외국 지방자치단체
3. 외국 공공단체
4. 외국 법령에 따라 설립된 외국 기업
5. 대통령령으로 정하는 국제기구
6. 그 밖에 외국에 있는 법인 등으로서 대통령령으로 정하는 자
1& 이 법에서 “금융투자업관계기관”이란 다음 각 호의 자를 말한다.<개정 2009. 2. 3., 2013. 4. 5., 2013. 5. 28.>
1. 제283조에 따라 설립된 한국금융투자협회(이하 “협회”라 한다)
2. 제294조에 따라 설립된 한국예탁결제원(이하 “예탁결제원”이라 한다)
2의2. 제323조의3에 따라 인가를 받은 자(이하 “금융투자상품거래청산회사”라 한다)
3. 제324조제1항에 따라 인가를 받은 자(이하 “증권금융회사”라 한다)
3의2. 제335조의3에 따라 인가를 받은 자(이하 “신용평가회사”라 한다)
4. 제336조에 따른 종합금융회사
5. 제355조제1항에 따라 인가를 받은 자(이하 “자금중개회사”라 한다)
6. 제360조제1항에 따라 인가를 받은 자(이하 “단기금융회사”라 한다)
7. 제365조제1항에 따라 등록한 자(이하 “명의개서대행회사”라 한다)
8. 제370조에 따라 설립된 금융투자 관계 단체
1* 이 법에서 “집합투자기구”란 집합투자를 수행하기 위한 기구로서 다음 각 호의 것을 말한다.<개정 2013. 5. 28.>
1. 집합투자업자인 위탁자가 신탁업자에게 신탁한 재산을 신탁업자로 하여금 그 집합투자업자의 지시에 따라 투자
ㆍ운용하게 하는 신탁 형태의 집합투자기구(이하 “투자신탁”이라 한다)
2. 「상법」에 따른 주식회사 형태의 집합투자기구(이하 “투자회사”라 한다)
3. 「상법」에 따른 유한회사 형태의 집합투자기구(이하 “투자유한회사”라 한다)
4. 「상법」에 따른 합자회사 형태의 집합투자기구(이하 “투자합자회사”라 한다)
4의2. 「상법」에 따른 유한책임회사 형태의 집합투자기구(이하 “투자유한책임회사”라 한다)
5. 「상법」에 따른 합자조합 형태의 집합투자기구(이하 “투자합자조합”이라 한다)
6. 「상법」에 따른 익명조합 형태의 집합투자기구(이하 “투자익명조합”이라 한다)
법제처                                                            8                                                       국가법령정보센터
자본시장과 금융투자업에 관한 법률
7. 삭제<2015. 7. 24.>
1( 이 법에서 “사모집합투자기구”란 집합투자증권을 사모로만 발행하는 집합투자기구로서 대통령령으로 정하는 투
자자의 총수가 대통령령으로 정하는 방법에 따라 산출한 100인 이하인 것을 말하며, 다음 각 호와 같이 구분한다.
<개정 2015. 7. 24., 2021. 4. 20.>
1. 제249조의11제6항에 해당하는 자만을 사원으로 하는 투자합자회사인 사모집합투자기구(이하 “기관전용 사모집
합투자기구”라 한다)
2. 기관전용 사모집합투자기구를 제외한 사모집합투자기구(이하 “일반 사모집합투자기구”라 한다)
2) 이 법에서 “집합투자재산”이란 집합투자기구의 재산으로서 투자신탁재산, 투자회사재산, 투자유한회사재산, 투
자합자회사재산, 투자유한책임회사재산, 투자합자조합재산 및 투자익명조합재산을 말한다.<개정 2013. 5. 28.>
2! 이 법에서 “집합투자증권”이란 집합투자기구에 대한 출자지분(투자신탁의 경우에는 수익권을 말한다)이 표시된
것을 말한다.
2@ 이 법에서 “집합투자규약”이란 집합투자기구의 조직, 운영 및 투자자의 권리ㆍ의무를 정한 것으로서 투자신탁의
신탁계약, 투자회사ㆍ투자유한회사ㆍ투자합자회사ㆍ투자유한책임회사의 정관 및 투자합자조합ㆍ투자익명조합의
조합계약을 말한다.<개정 2013. 5. 28.>
2# 이 법에서 “집합투자자총회”란 집합투자기구의 투자자 전원으로 구성된 의사결정기관으로서 수익자총회, 주주총
회, 사원총회, 조합원총회 및 익명조합원총회를 말한다.
2$ 이 법에서 “신탁”이란 「신탁법」 제2조의 신탁을 말한다.<개정 2011. 7. 25.>
2% 이 법에서 “금융투자상품거래청산업”이란 금융투자업자 및 대통령령으로 정하는 자(이하 “청산대상업자”라 한다
)를 상대방으로 하여 청산대상업자가 대통령령으로 정하는 금융투자상품의 거래(이하 “청산대상거래”라 한다)를 함
에 따라 발생하는 채무를 채무인수, 경개(更改), 그 밖의 방법으로 부담하는 것을 영업으로 하는 것을 말한다.<신설
2013. 4. 5.>
2^ 이 법에서 “신용평가업”이란 다음 각 호의 어느 하나에 해당하는 것에 대한 신용상태를 평가(이하 “신용평가”라
한다)하여 그 결과에 대하여 기호, 숫자 등을 사용하여 표시한 등급(이하 “신용등급”이라 한다)을 부여하고 그 신용
등급을 발행인, 인수인, 투자자, 그 밖의 이해관계자에게 제공하거나 열람하게 하는 행위를 영업으로 하는 것을 말
한다.<신설 2013. 5. 28.>
1. 금융투자상품
2. 기업ㆍ집합투자기구, 그 밖에 대통령령으로 정하는 자
2& 이 법에서 “온라인소액투자중개업자”란 온라인상에서 누구의 명의로 하든지 타인의 계산으로 다음 각 호의 자가
, 대통령령으로 정하는 방법으로 발행하는 채무증권, 지분증권, 투자계약증권의 모집 또는 사모에 관한 중개(이하
“온라인소액투자중개”라 한다)를 영업으로 하는 투자중개업자를 말한다.<신설 2015. 7. 24., 2021. 12. 28.>
1. 「중소기업창업 지원법」 제2조제3호에 따른 창업기업 중 대통령령으로 정하는 자
2. 그 밖에 대통령령으로 정하는 요건에 부합하는 자
2* 이 법에서 “일반 사모집합투자업”이란 집합투자업 중 일반 사모집합투자기구를 통한 집합투자를 영업으로 하는
것을 말한다.<신설 2015. 7. 24., 2021. 4. 20.>
2( 이 법에서 “일반 사모집합투자업자”란 집합투자업자 중 일반 사모집합투자업을 영위하는 자를 말한다.<신설
2015. 7. 24., 2021. 4. 20.>
3) 이 법에서 “기업성장집합투자업”이란 집합투자업 중 제229조제6호에 따른 기업성장집합투자기구를 통한 집합투
자를 영업으로 하는 것을 말한다.<신설 2025. 9. 16.>
3! 이 법에서 “기업성장집합투자업자”란 집합투자업자 중 기업성장집합투자업을 영위하는 자를 말한다.<신설
2025. 9. 16.>
 
제10조(다른 법률과의 관계) ① 금융투자업에 관하여는 다른 법률에 특별한 규정이 있는 경우를 제외하고는 이 법이 정
하는 바에 따른다.
법제처                                                            9                                                       국가법령정보센터
자본시장과 금융투자업에 관한 법률
② 금융투자업자가 금융투자업을 영위하는 경우에는 「형법」 제246조를 적용하지 아니한다.
③ 기업어음증권을 발행하는 경우에는 「전자어음의 발행 및 유통에 관한 법률」 제6조의2를 적용하지 아니한다.<신
설 2010. 3. 12.>
 
     제2편 금융투자업
       제1장 금융투자업의 인가 및 등록
         제1절 인가요건 및 절차
 
제11조(무인가 영업행위 금지) 누구든지 이 법에 따른 금융투자업인가(변경인가를 포함한다)를 받지 아니하고는 금융
투자업(투자자문업, 투자일임업 및 일반 사모집합투자업은 제외한다. 이하 이 절에서 같다)을 영위하여서는 아니 된
다. <개정 2015. 7. 24., 2021. 4. 20.>
 
제11조의2(알선ㆍ중개행위 금지) 누구든지 제11조에 따른 무인가 영업행위를 목적으로 계좌의 대여를 알선하거나 중
개하여서는 아니 된다.
[본조신설 2021. 6. 8.]
 
제12조(금융투자업의 인가) ① 금융투자업을 영위하려는 자는 다음 각 호의 사항을 구성요소로 하여 대통령령으로 정
하는 업무 단위(이하 “인가업무 단위”라 한다)의 전부나 일부를 선택하여 금융위원회로부터 하나의 금융투자업인가
를 받아야 한다. <개정 2008. 2. 29.>
1. 금융투자업의 종류(투자매매업, 투자중개업, 집합투자업 및 신탁업을 말하되, 투자매매업 중 인수업을 포함한다)
2. 금융투자상품(집합투자업의 경우에는 제229조에 따른 집합투자기구의 종류를 말하며, 신탁업의 경우에는 제
103조제1항 각 호의 신탁재산을 말한다)의 범위(증권, 장내파생상품 및 장외파생상품을 말하되, 증권 중 국채증권
, 사채권, 그 밖에 대통령령으로 정하는 것을 포함하고 파생상품 중 주권을 기초자산으로 하는 파생상품ㆍ그 밖에
대통령령으로 정하는 것을 포함한다)
3. 투자자의 유형(전문투자자 및 일반투자자를 말한다. 이하 같다)
② 제1항에 따라 금융투자업인가를 받으려는 자는 다음 각 호의 요건을 모두 갖추어야 한다.<개정 2010. 3. 12.,
2013. 5. 28., 2015. 7. 31., 2025. 9. 16.>
1. 다음 각 목의 어느 하나에 해당하는 자일 것
가. 「상법」에 따른 주식회사이거나 대통령령으로 정하는 금융기관
나. 외국 금융투자업자(외국 법령에 따라 외국에서 금융투자업에 상당하는 영업을 영위하는 자를 말한다. 이하 같
다)로서 외국에서 영위하고 있는 영업에 상당하는 금융투자업 수행에 필요한 지점, 그 밖의 영업소를 설치한
자
2. 인가업무 단위별로 5억원 이상으로서 대통령령으로 정하는 금액 이상의 자기자본을 갖출 것
3. 사업계획이 타당하고 건전할 것
4. 투자자의 보호가 가능하고 그 영위하고자 하는 금융투자업을 수행하기에 충분한 인력과 전산설비, 그 밖의 물적
설비를 갖출 것
5. 임원이 「금융회사의 지배구조에 관한 법률」 제5조에 적합할 것
6. 대주주나 외국 금융투자업자가 다음 각 목의 구분에 따른 요건(기업성장집합투자업의 경우에는 제16조제2항의
완화된 요건으로 한다)을 갖출 것
가. 제1호가목의 경우 대주주(최대주주의 특수관계인인 주주를 포함하며, 최대주주가 법인인 경우 그 법인의 중
요한 경영사항에 대하여 사실상 영향력을 행사하고 있는 자로서 대통령령으로 정하는 자를 포함한다)가 충분
한 출자능력, 건전한 재무상태 및 사회적 신용을 갖출 것
나. 제1호나목의 경우 외국 금융투자업자가 충분한 출자능력, 건전한 재무상태 및 사회적 신용을 갖출 것
법제처                                                            10                                                       국가법령정보센터
자본시장과 금융투자업에 관한 법률
6의2. 대통령령으로 정하는 건전한 재무상태와 사회적 신용을 갖출 것
7. 금융투자업자와 투자자 간, 특정 투자자와 다른 투자자 간의 이해상충(利害相衝)을 방지하기 위한 체계를 갖출
것
③ 제2항의 인가요건에 관하여 필요한 세부사항은 대통령령으로 정한다.
 
제13조(인가의 신청 및 심사) ① 제12조제1항에 따른 금융투자업인가를 받으려는 자는 인가신청서를 금융위원회에 제
출하여야 한다. <개정 2008. 2. 29.>
② 금융위원회는 제1항의 인가신청서를 접수한 경우에는 그 내용을 심사하여 3개월(제14조에 따른 예비인가를 받
은 경우에는 1개월) 이내에 금융투자업인가 여부를 결정하고, 그 결과와 이유를 지체 없이 신청인에게 문서로 통지
하여야 한다. 이 경우 인가신청서에 흠결(欠缺)이 있는 때에는 보완을 요구할 수 있다.<개정 2008. 2. 29.>
③ 제2항 및 제5항 후단의 심사기간을 산정함에 있어서 인가신청서 흠결의 보완기간 등 총리령으로 정하는 기간은
심사기간에 산입(算入)하지 아니한다.<개정 2008. 2. 29., 2013. 5. 28.>
④ 금융위원회는 제2항에 따라 금융투자업인가를 하는 경우에는 경영의 건전성 확보 및 투자자 보호에 필요한 조건
을 붙일 수 있다.<개정 2008. 2. 29.>
⑤ 제4항에 따라 조건이 붙은 금융투자업인가를 받은 자는 사정의 변경, 그 밖에 정당한 사유가 있는 경우에는 금융
위원회에 조건의 취소 또는 변경을 신청할 수 있다. 이 경우 금융위원회는 2개월 이내에 조건의 취소 또는 변경 여
부를 결정하고, 그 결과를 지체 없이 신청인에게 문서로 통지하여야 한다.<개정 2008. 2. 29.>
⑥ 금융위원회는 제2항에 따라 금융투자업인가를 하거나 제5항에 따라 그 인가의 조건을 취소 또는 변경한 경우에
는 다음 각 호의 사항을 관보 및 인터넷 홈페이지 등에 공고하여야 한다.<개정 2008. 2. 29.>
1. 금융투자업인가의 내용
2. 금융투자업인가의 조건(조건을 붙인 경우에 한한다)
3. 금융투자업인가의 조건을 취소하거나 변경한 경우 그 내용(조건을 취소하거나 변경한 경우에 한한다)
⑦ 제1항부터 제6항까지의 규정에 따른 인가신청서 또는 조건의 취소ㆍ변경 신청서의 기재사항ㆍ첨부서류 등 인가
신청 또는 조건의 취소ㆍ변경의 신청에 관한 사항과 심사의 방법ㆍ절차, 그 밖에 필요한 사항은 대통령령으로 정한
다.<개정 2013. 5. 28.>
 
제14조(예비인가) ① 제12조에 따른 금융투자업인가(이하 이 조에서 “본인가”라 한다)를 받으려는 자는 미리 금융위원
회에 예비인가를 신청할 수 있다. <개정 2008. 2. 29.>
② 금융위원회는 예비인가를 신청받은 경우에는 2개월 이내에 제12조제2항 각 호의 요건을 갖출 수 있는지 여부를
심사하여 예비인가 여부를 결정하고, 그 결과와 이유를 지체 없이 신청인에게 문서로 통지하여야 한다. 이 경우 예
비인가신청에 관하여 흠결이 있는 때에는 보완을 요구할 수 있다.<개정 2008. 2. 29.>
③ 제2항의 심사기간을 산정함에 있어서 예비인가신청과 관련된 흠결의 보완기간 등 총리령으로 정하는 기간은 심
사기간에 산입하지 아니한다.<개정 2008. 2. 29.>
④ 금융위원회는 제2항에 따라 예비인가를 하는 경우에는 경영의 건전성 확보 및 투자자 보호에 필요한 조건을 붙
일 수 있다.<개정 2008. 2. 29.>
⑤ 금융위원회는 예비인가를 받은 자가 본인가를 신청하는 경우에는 제4항에 따른 예비인가의 조건을 이행하였는
지 여부와 제12조제2항 각 호의 요건을 갖추었는지 여부를 확인한 후 본인가 여부를 결정하여야 한다.<개정 2008.
2. 29.>
⑥ 제1항부터 제5항까지의 규정에 따른 예비인가의 신청서 및 그 기재사항ㆍ첨부서류 등 예비인가의 신청에 관한
사항과 예비인가심사의 방법ㆍ절차, 그 밖에 예비인가에 관하여 필요한 사항은 대통령령으로 정한다.
 
제15조(인가요건 등의 유지) ① 금융투자업자는 제12조에 따른 금융투자업인가를 받아 그 영업을 영위함에 있어서 제
12조제2항 각 호의 인가요건(같은 조 같은 항 제6호가목 및 같은 항 제6호의2를 제외하며, 같은 항 제2호 및 같은 항
제6호나목의 경우에는 대통령령으로 정하는 완화된 요건을 말한다)을 유지하여야 한다. <개정 2010. 3. 12., 2015. 7.
31., 2021. 6. 8.>
법제처                                                            11                                                       국가법령정보센터
자본시장과 금융투자업에 관한 법률
② 제16조의2에 따라 업무 단위 추가등록을 한 투자매매업자 또는 투자중개업자는 업무 단위 추가등록 이후 그 영
업을 영위할 때에는 제12조제2항 각 호의 요건(같은 항 제3호, 제6호 및 제6호의2는 제외하며, 같은 항 제2호의 경
우에는 대통령령으로 정하는 완화된 요건을 말한다)을 유지하여야 한다.<신설 2021. 6. 8.>
[제목개정 2021. 6. 8.]
 
제16조(업무의 추가 및 인가의 변경) ① 금융투자업자는 제12조에 따라 인가받은 인가업무 단위 외에 다른 인가업무 단
위를 추가하여 금융투자업을 영위하려는 경우에는 제12조 및 제13조에 따라 금융위원회의 변경인가를 받아야 한다.
이 경우 제14조를 적용한다. <개정 2008. 2. 29., 2009. 2. 3.>
② 제1항에 따른 변경인가를 함에 있어서 제12조제2항제6호의 인가요건에 관하여는 같은 호에도 불구하고 대통령
령으로 정하는 완화된 요건을 적용한다.<신설 2010. 3. 12.>
 
제16조의2(투자매매업 등의 업무 단위 추가 및 등록) ① 제12조에 따라 금융투자업인가를 받은 투자매매업자 또는 투
자중개업자(겸영금융투자업자는 제외한다)가 같은 금융투자업의 종류에 속하는 금융투자상품을 구성요소로 하여 대
통령령으로 정하는 업무 단위를 추가하여 금융투자업을 영위하려는 경우에는 제12조제1항에도 불구하고 금융위원
회에 이를 등록(이하 “업무 단위 추가등록”이라 한다)하여야 한다.
② 제1항에 따라 업무 단위 추가등록을 하려는 금융투자업자는 제12조제2항 각 호의 요건(같은 항 제3호 및 제6호
는 제외한다)을 갖추어 금융위원회에 등록신청서를 제출하여야 한다.
③ 금융위원회는 제2항의 등록신청서를 접수한 경우에는 그 내용을 검토하여 2개월 이내에 업무 단위 추가등록 여
부를 결정하고, 그 결과와 이유를 지체 없이 신청인에게 문서로 통지하여야 한다. 이 경우 등록신청서에 흠결이 있
는 때에는 보완을 요구할 수 있다.
④ 금융위원회는 제3항에 따라 업무 단위 추가등록 여부를 결정하는 경우 다음 각 호의 어느 하나에 해당하는 사유
가 없으면 등록을 거부하여서는 아니 된다.
1. 제2항에 따른 업무 단위 추가등록 요건을 갖추지 아니한 경우
2. 제2항에 따른 등록신청서를 거짓으로 작성한 경우
3. 제3항 후단에 따른 보완요구를 이행하지 아니한 경우
⑤ 금융위원회는 제3항에 따라 업무 단위 추가등록을 결정하는 경우 경영의 건전성 확보 및 투자자 보호에 필요한
조건을 붙일 수 있다.
⑥ 제5항에 따라 조건이 붙은 업무 단위 추가등록을 한 자는 사정의 변경, 그 밖의 정당한 사유가 있는 경우에는 금
융위원회에 조건의 취소 또는 변경을 신청할 수 있다. 이 경우 금융위원회는 그 내용을 심사하여 2개월 이내에 조건
의 취소 또는 변경 여부를 결정하고, 그 결과를 지체 없이 신청인에게 문서로 통지하여야 한다.
⑦ 제3항의 검토기간 및 제6항의 심사기간을 산정할 때에는 등록신청서 흠결의 보완기간 등 총리령으로 정하는 기
간은 그 기간에서 제외한다.
⑧ 금융위원회는 제3항에 따라 업무 단위 추가등록을 결정하거나 제6항에 따라 그 등록의 조건을 취소 또는 변경한
경우에는 투자매매업자등록부 또는 투자중개업자등록부에 필요한 사항을 기재하여야 하며, 다음 각 호의 사항을 관
보 및 인터넷 홈페이지 등에 공고하여야 한다.
1. 업무 단위 추가등록의 내용
2. 업무 단위 추가등록의 조건(조건을 붙인 경우에 한정한다)
3. 업무 단위 추가등록의 조건을 취소하거나 변경한 경우 그 내용(조건을 취소하거나 변경한 경우에 한정한다)
⑨ 제3항부터 제8항까지의 규정에 따른 업무 단위 추가등록의 신청 또는 조건의 취소ㆍ변경의 신청에 관한 사항과
등록검토 또는 조건의 취소ㆍ변경 심사의 방법ㆍ절차, 그 밖에 필요한 사항은 대통령령으로 정한다.
⑩ 제1항에 따라 업무 단위 추가등록을 한 자는 제16조제1항에 따른 변경인가를 받은 것으로 본다.
[본조신설 2021. 6. 8.]
 
제16조의3(외국 금융투자업자의 조직형태 변경에 따른 인가에 관한 특례) 제12조제2항제1호 각 목에 따라 금융투자업
인가를 받은 외국 금융투자업자 또는 대통령령으로 정하는 외국 금융투자업자의 국내법인이 대통령령으로 정하는
법제처                                                            12                                                       국가법령정보센터
자본시장과 금융투자업에 관한 법률
조직형태 변경을 통하여 금융투자업 전부(이에 준하는 경우를 포함한다)를 양도하는 경우로서 영업을 양수하는 자가
제12조에 따른 금융투자업인가를 받아야 하는 경우에는 대통령령으로 정하는 바에 따라 제12조제2항제3호ㆍ제4호
및 제6호의 요건 중 전부 또는 일부를 갖춘 것으로 본다.
[본조신설 2021. 6. 8.]
 
         제2절 등록요건 및 절차
 
제17조(미등록 영업행위의 금지) 누구든지 이 법에 따른 금융투자업등록(변경등록을 포함한다)을 하지 아니하고는 투
자자문업 또는 투자일임업을 영위하여서는 아니 된다.
 
제18조(투자자문업 또는 투자일임업의 등록) ① 투자자문업 또는 투자일임업을 영위하려는 자는 다음 각 호의 사항을
구성요소로 하여 대통령령으로 정하는 업무 단위(이하 “등록업무 단위”라 한다)의 전부나 일부를 선택하여 금융위원
회에 하나의 금융투자업등록을 하여야 한다. <개정 2008. 2. 29., 2013. 5. 28.>
1. 투자자문업 또는 투자일임업
2. 금융투자상품등의 범위(증권, 장내파생상품, 장외파생상품 및 그 밖에 대통령령으로 정하는 투자대상자산을 말한
다)
3. 투자자의 유형
② 제1항에 따라 금융투자업등록을 하려는 자는 다음 각 호의 요건을 모두 갖추어야 한다.<개정 2010. 3. 12., 2011.
8. 4., 2013. 5. 28., 2015. 7. 31.>
1. 다음 각 목의 어느 하나에 해당하는 자일 것. 다만, 외국 투자자문업자(외국 법령에 따라 외국에서 투자자문업에
상당하는 영업을 영위하는 자를 말한다. 이하 같다) 또는 외국 투자일임업자(외국 법령에 따라 외국에서 투자일임
업에 상당하는 영업을 영위하는 자를 말한다. 이하 같다)가 외국에서 국내 거주자를 상대로 직접 영업을 하거나
통신수단을 이용하여 투자자문업 또는 투자일임업을 영위하는 경우에는 적용하지 아니한다.
가. 「상법」에 따른 주식회사이거나 대통령령으로 정하는 금융기관
나. 외국 투자자문업자로서 투자자문업의 수행에 필요한 지점, 그 밖의 영업소를 설치한 자
다. 외국 투자일임업자로서 투자일임업의 수행에 필요한 지점, 그 밖의 영업소를 설치한 자
2. 등록업무 단위별로 1억원 이상으로서 대통령령으로 정하는 금액 이상의 자기자본을 갖출 것
3. 다음 각 목의 구분에 따른 투자권유자문인력(제286조제1항제3호가목에 따른 투자권유자문인력을 말한다. 이하
같다) 또는 투자운용인력(제286조제1항제3호다목에 따른 투자운용인력을 말한다. 이하 같다)을 갖출 것. 이 경우
제1호 각 목 외의 부분 단서에 규정된 자가 해당 국가에서 투자권유자문인력 또는 투자운용인력에 상당하는 자를
다음 각 목의 수 이상 확보하고 있는 때에는 해당 요건을 갖춘 것으로 본다.
가. 투자자문업의 경우에는 투자권유자문인력을 대통령령으로 정하는 수 이상 갖출 것
나. 투자일임업의 경우에는 투자운용인력을 대통령령으로 정하는 수 이상 갖출 것
4. 임원이 「금융회사의 지배구조에 관한 법률」 제5조에 적합할 것
5. 대주주나 외국 투자자문업자 또는 외국 투자일임업자가 다음 각 목의 구분에 따른 요건을 갖출 것
가. 제1호가목의 경우 대주주(제12조제2항제6호가목의 대주주를 말한다)가 대통령령으로 정하는 사회적 신용을
갖출 것
나. 제1호 각 목 외의 부분 단서 및 같은 호 나목ㆍ다목의 경우 외국 투자자문업자 또는 외국 투자일임업자가 대
통령령으로 정하는 사회적 신용을 갖출 것
5의2. 대통령령으로 정하는 건전한 재무상태와 사회적 신용을 갖출 것
6. 금융투자업자와 투자자 간, 특정 투자자와 다른 투자자 간의 이해상충을 방지하기 위한 체계로서 대통령령으로
정하는 요건을 갖출 것
 
제19조(등록의 신청 등) ① 제18조에 따른 금융투자업등록을 하려는 자는 등록신청서를 금융위원회에 제출하여야 한다
. <개정 2008. 2. 29.>
법제처                                                            13                                                       국가법령정보센터
자본시장과 금융투자업에 관한 법률
② 금융위원회는 제1항의 등록신청서를 접수한 경우에는 그 내용을 검토하여 2개월 이내에 금융투자업등록 여부를
결정하고, 그 결과와 이유를 지체 없이 신청인에게 문서로 통지하여야 한다. 이 경우 등록신청서에 흠결이 있는 때
에는 보완을 요구할 수 있다.<개정 2008. 2. 29.>
③ 제2항의 검토기간을 산정함에 있어서 등록신청서 흠결의 보완기간 등 총리령으로 정하는 기간은 검토기간에 산
입하지 아니한다.<개정 2008. 2. 29.>
④ 금융위원회는 제2항의 금융투자업등록 여부를 결정함에 있어서 다음 각 호의 어느 하나에 해당하는 사유가 없는
한 등록을 거부하여서는 아니 된다.<개정 2008. 2. 29.>
1. 제18조제2항의 금융투자업등록요건을 갖추지 아니한 경우
2. 제1항의 등록신청서를 거짓으로 작성한 경우
3. 제2항 후단의 보완요구를 이행하지 아니한 경우
⑤ 금융위원회는 제2항에 따라 금융투자업등록을 결정한 경우 투자자문업자등록부 또는 투자일임업자등록부에 필
요한 사항을 기재하여야 하며, 등록결정한 내용을 관보 및 인터넷 홈페이지 등에 공고하여야 한다.<개정 2008. 2.
29.>
⑥ 제1항부터 제5항까지의 규정에 따른 등록신청서의 기재사항ㆍ첨부서류 등 등록의 신청에 관한 사항과 등록검토
의 방법ㆍ절차, 그 밖에 필요한 사항은 대통령령으로 정한다.
 
제20조(등록요건의 유지) 투자자문업자 또는 투자일임업자는 금융투자업등록 이후 그 영업을 영위함에 있어서 제18조
제2항 각 호의 등록요건(같은 조 같은 항 제5호의2를 제외하며, 같은 항 제2호 및 제5호의 경우에는 대통령령으로 정
하는 완화된 요건을 말한다)을 유지하여야 한다. <개정 2010. 3. 12.>
 
제20조의2(등록의 직권말소) ① 금융위원회는 투자자문업자, 투자일임업자 및 일반 사모집합투자업자가 다음 각 호의
어느 하나에 해당하는 경우에는 그 등록을 직권으로 말소할 수 있다.
1. 해당 등록업무 단위별 최저자기자본의 100분의 70 이상을 6개월 이상 계속해서 유지하지 아니한 경우
2. 등록을 한 날부터 6개월(일반 사모집합투자업자의 경우에는 1년) 이내에 정당한 사유 없이 영업을 시작하지 아니
하거나, 영업을 시작한 후 정당한 사유 없이 등록한 업무를 6개월 이상 계속해서 하지 아니한 경우
3. 해당 등록업무 단위별 투자권유자문인력 또는 투자운용인력 요건을 6개월 이상 계속해서 유지하지 아니한 경우
4. 월별 업무보고서를 6개월 이상 계속 제출하지 아니하고, 금융위원회로부터 그 보고서 제출요구를 받은 날부터
1개월 이내에 이를 제출하지 아니한 경우
5. 관할 세무서장에게 폐업신고를 하거나 관할 세무서장이 사업자등록을 말소한 경우
6. 파산선고를 받은 경우
② 금융위원회는 제1항의 등록 말소를 위하여 관할 세무서장에게 영업자의 폐업 여부에 관한 정보를 요청할 수 있
다. 이 경우 관할 세무서장은 그 정보를 제공하여야 한다.
[본조신설 2021. 4. 20.]
 
제21조(업무의 추가 및 변경등록) ① 금융투자업자는 제18조에 따라 등록한 등록업무 단위 외에 다른 등록업무 단위를
추가하여 금융투자업을 영위하려는 경우에는 제18조 및 제19조에 따라 금융위원회에 변경등록하여야 한다. <개정
2008. 2. 29.>
② 제1항에 따른 변경등록을 함에 있어서 제18조제2항제5호의 등록요건에 관하여는 같은 호에도 불구하고 대통령
령으로 정하는 완화된 요건을 적용한다.<신설 2010. 3. 12.>
 
       제2장 금융투자업자의 지배구조
 
제22조 삭제 <2015. 7. 31.>
 
제23조 삭제 <2015. 7. 31.>
법제처                                                            14                                                       국가법령정보센터
자본시장과 금융투자업에 관한 법률
제24조 삭제 <2015. 7. 31.>
 
제25조 삭제 <2015. 7. 31.>
 
제26조 삭제 <2015. 7. 31.>
 
제27조 삭제 <2015. 7. 31.>
 
제28조 삭제 <2015. 7. 31.>
 
제28조의2(파생상품업무책임자) ① 자산규모 및 금융투자업의 종류 등을 고려하여 대통령령으로 정하는 금융투자업자
(겸영금융투자업자를 포함한다)는 상근 임원(「상법」 제401조의2제1항 각 호의 자를 포함한다)으로서 대통령령으로
정하는 파생상품업무책임자를 1인 이상 두어야 한다. <개정 2015. 7. 31., 2016. 3. 29.>
② 제1항의 파생상품업무책임자는 다음 각 호의 업무를 수행한다.
1. 파생상품 투자자보호에 필요한 절차나 기준의 수립 및 집행에 관한 관리ㆍ감독업무
2. 장외파생상품 매매에 대한 승인 업무
3. 그 밖에 대통령령으로 정하는 업무
[본조신설 2009. 2. 3.]
 
제29조 삭제 <2015. 7. 31.>
 
       제3장 건전경영 유지
         제1절 경영건전성 감독
 
제30조(재무건전성 유지) ① 금융투자업자(겸영금융투자업자, 그 밖에 대통령령으로 정하는 금융투자업자를 제외한다.
이하 이 조에서 같다)는 제1호의 합계액에서 제2호의 합계액을 뺀 금액(이하 “영업용순자본”이라 한다)을 금융투자
업자의 자산 및 부채에 내재하거나 업무에 수반되는 위험을 금액으로 환산하여 합계한 금액(이하 “총위험액”이라 한
다) 이상으로 유지하여야 한다. <개정 2008. 2. 29.>
1. 자본금ㆍ준비금, 그 밖에 총리령으로 정하는 금액
2. 고정자산, 그 밖에 단기간 내에 유동화가 어려운 자산으로서 총리령으로 정하는 자산
② 제1항의 영업용순자본과 총위험액의 산정에 관한 구체적인 기준 및 방법은 금융위원회가 정하여 고시한다.<개
정 2008. 2. 29.>
③ 금융투자업자는 매 분기의 말일을 기준으로 영업용순자본에서 총위험액을 뺀 금액을 기재한 서면을 해당 분기
의 말일부터 45일 이내로서 대통령령으로 정하는 기간 이내에 금융위원회에 보고하여야 하며, 보고기간 종료일부
터 3개월간 본점과 지점, 그 밖의 영업소에 비치하고, 인터넷 홈페이지 등을 이용하여 공시하여야 한다.<개정 2008.
2. 29.>
 
제31조(경영건전성기준) ① 금융투자업자(겸영금융투자업자를 제외한다. 이하 이 절에서 같다)는 경영의 건전성을 유지
하기 위하여 다음 각 호의 사항에 관하여 금융위원회가 정하여 고시하는 경영건전성기준을 준수하여야 하며, 이를
위한 적절한 체계를 구축ㆍ시행하여야 한다. <개정 2008. 2. 29.>
1. 자기자본비율, 그 밖의 자본의 적정성에 관한 사항
2. 자산의 건전성에 관한 사항
3. 유동성에 관한 사항
4. 그 밖에 경영의 건전성 확보를 위하여 필요한 사항으로서 대통령령으로 정하는 사항
② 금융위원회는 제1항에 따른 경영건전성기준을 정함에 있어서 금융투자업자가 영위하는 금융투자업의 종류 등을
고려하여 금융투자업별로 그 내용을 달리 정할 수 있다.<개정 2008. 2. 29.>
법제처                                                            15                                                       국가법령정보센터
자본시장과 금융투자업에 관한 법률
③ 금융위원회는 금융투자업자의 경영건전성 확보를 위한 경영실태 및 위험에 대한 평가를 할 수 있다. 다만, 자산
규모 등을 고려하여 대통령령으로 정하는 금융투자업자에 대하여는 평가를 실시하여야 한다.<개정 2008. 2. 29.,
2009. 2. 3.>
④ 금융위원회는 금융투자업자가 제1항 및 제2항의 기준을 충족하지 못하거나 제30조제1항 및 제2항을 위반한 경
우에는 금융투자업자에 대하여 자본금의 증액, 이익배당의 제한 등 경영건전성 확보를 위한 필요한 조치를 명할 수
있다.<개정 2008. 2. 29.>
 
제32조(회계처리) ① 금융투자업자는 다음 각 호에 따라 회계처리를 하여야 한다. <개정 2008. 2. 29., 2009. 2. 3., 2017.
10. 31.>
1. 회계연도를 금융투자업별로 총리령으로 정하는 기간으로 할 것
2. 금융투자업자의 고유재산과 신탁재산, 그 밖에 총리령으로 정하는 투자자재산을 명확히 구분하여 회계처리할 것
3. 증권선물위원회의 심의를 거쳐 금융위원회가 정하여 고시하는 금융투자업자 회계처리준칙 및 「주식회사 등의
외부감사에 관한 법률」 제5조에 따른 회계처리기준을 따를 것
② 금융투자업자의 고유재산의 회계처리에 관한 사항으로서 제1항에서 정하지 아니한 회계처리, 계정과목의 종류
와 배열순서, 그 밖에 필요한 사항은 금융위원회가 정하여 고시한다.<개정 2008. 2. 29.>
 
제33조(업무보고서 및 공시 등) ① 금융투자업자는 매 사업연도 개시일부터 3개월간ㆍ6개월간ㆍ9개월간 및 12개월간
의 업무보고서를 작성하여 그 기간 경과 후 45일 이내로서 대통령령으로 정하는 기간 이내에 금융위원회에 제출하
여야 한다. <개정 2008. 2. 29.>
② 금융투자업자는 제1항에 따른 업무보고서를 금융위원회에 제출한 날부터 그 업무보고서 중 중요사항을 발췌한
공시서류를 1년간 본점과 지점, 그 밖의 영업소에 이를 비치하고, 인터넷 홈페이지 등을 이용하여 공시하여야 한다.
<개정 2008. 2. 29.>
③ 금융투자업자는 거액의 금융사고 또는 부실채권의 발생 등 금융투자업자의 경영상황에 중대한 영향을 미칠 사
항으로서 금융투자업의 종류별로 대통령령으로 정하는 사항이 발생한 경우에는 금융위원회에 보고하고, 인터넷 홈
페이지 등을 이용하여 공시하여야 한다.<개정 2008. 2. 29., 2009. 2. 3.>
④ 금융투자업자는 제1항에 따른 업무보고서 외에 매월의 업무 내용을 적은 보고서를 다음 달 말일까지 금융위원회
에 제출하여야 한다.<신설 2009. 2. 3.>
⑤ 제1항에 따른 업무보고서, 제2항에 따른 공시서류의 기재사항 및 제3항에 따른 경영상황 공시, 제4항에 따른 보
고서, 그 밖에 필요한 사항은 대통령령으로 정한다.<개정 2009. 2. 3.>
[제목개정 2009. 2. 3.]
 
         제2절 대주주와의 거래제한 등
 
제34조(대주주와의 거래 등의 제한) ① 금융투자업자(겸영금융투자업자는 제외한다. 이하 이 절에서 같다)는 다음 각 호
의 어느 하나에 해당하는 행위를 하여서는 아니 된다. 다만, 담보권의 실행 등 권리행사에 필요한 경우, 제176조제
3항제1호에 따른 안정조작 또는 같은 항 제2호에 따른 시장조성을 하는 경우, 그 밖에 금융투자업자의 건전성을 해
치지 아니하는 범위에서 금융투자업의 효율적 수행을 위하여 대통령령으로 정하는 경우에는 그러하지 아니하며, 이
경우 금융위원회는 다음 각 호별로 그 소유기한 등을 정하여 고시할 수 있다. <개정 2009. 2. 3.>
1. 그 금융투자업자의 대주주가 발행한 증권을 소유하는 행위
2. 그 금융투자업자의 특수관계인(금융투자업자의 대주주를 제외한다) 중 대통령령으로 정하는 자가 발행한 주식,
채권 및 약속어음(기업이 사업에 필요한 자금을 조달하기 위하여 발행한 것에 한한다)을 소유하는 행위. 다만, 대
통령령으로 정하는 비율의 범위에서 소유하는 경우를 제외한다.
3. 그 밖에 금융투자업자의 건전한 자산운용을 해할 우려가 있는 행위로서 대통령령으로 정하는 행위
② 금융투자업자는 대주주(그의 특수관계인을 포함한다. 이하 이 조에서 같다)에 대하여 신용공여(금전ㆍ증권 등 경
제적 가치가 있는 재산의 대여, 채무이행의 보증, 자금 지원적 성격의 증권의 매입, 그 밖에 거래상의 신용위험을 수
법제처                                                            16                                                       국가법령정보센터
자본시장과 금융투자업에 관한 법률
반하는 직접적ㆍ간접적 거래로서 대통령령으로 정하는 거래를 말한다. 이하 이 절에서 같다)를 하여서는 아니 되며,
대주주는 그 금융투자업자로부터 신용공여를 받아서는 아니 된다. 다만, 대주주에 대한 신용공여가 다음 각 호의 어
느 하나에 해당하는 경우에는 이를 할 수 있다.<개정 2020. 12. 29.>
1. 임원에 대하여 연간 급여액(근속기간 중에 그 금융투자업자로부터 지급된 소득세 과세대상이 되는 급여액을 말
한다)과 대통령령으로 정하는 금액 중 적은 금액의 범위에서 하는 신용공여
2. 금융투자업자가 발행주식총수 또는 출자총액의 100분의 50 이상을 소유 또는 출자하거나 대통령령으로 정하는
기준에 의하여 사실상 경영을 지배하는 해외현지법인에 대한 신용공여
3. 그 밖에 금융투자업자의 건전성을 해할 우려가 없는 신용공여로서 대통령령으로 정하는 신용공여
③ 금융투자업자는 제1항제2호 단서 또는 제2항 단서에 해당하는 행위(대통령령으로 정하는 행위를 제외한다)를 하
고자 하는 경우에는 미리 이사회 결의를 거쳐야 한다. 이 경우 이사회 결의는 재적이사 전원의 찬성으로 한다.
④ 금융투자업자는 제1항제2호 단서 또는 제2항 단서에 해당하는 행위(대통령령으로 정하는 행위를 제외한다)를 한
경우에는 그 사실을 금융위원회에 지체 없이 보고하고, 인터넷 홈페이지 등을 이용하여 공시하여야 한다.<개정
2008. 2. 29.>
⑤ 금융투자업자는 제4항에 따른 보고사항 중 대통령령으로 정하는 사항을 종합하여 분기별로 금융위원회에 보고
하고, 인터넷 홈페이지 등을 이용하여 공시하여야 한다.<개정 2008. 2. 29.>
⑥ 금융위원회는 금융투자업자 또는 그의 대주주가 제1항부터 제5항까지의 규정을 위반한 혐의가 있다고 인정될
경우에는 금융투자업자 또는 그의 대주주에게 필요한 자료의 제출을 명할 수 있다.<개정 2008. 2. 29.>
⑦ 금융위원회는 금융투자업자의 대주주(회사에 한한다)의 부채가 자산을 초과하는 등 재무구조의 부실로 인하여
금융투자업자의 경영건전성을 현저히 해칠 우려가 있는 경우로서 대통령령으로 정하는 경우에는 금융투자업자에
대하여 대주주가 발행한 증권의 신규취득 및 제2항 단서에 따른 신용공여를 제한할 수 있다.<개정 2008. 2. 29.>
 
제35조(대주주의 부당한 영향력 행사의 금지) 금융투자업자의 대주주(그의 특수관계인을 포함한다. 이하 이 조 및 제
36조에서 같다)는 금융투자업자의 이익에 반하여 대주주 자신의 이익을 얻을 목적으로 다음 각 호의 어느 하나에 해
당하는 행위를 하여서는 아니 된다. <개정 2015. 7. 31.>
1. 부당한 영향력을 행사하기 위하여 금융투자업자에 대하여 외부에 공개되지 아니한 자료 또는 정보의 제공을 요
구하는 행위. 다만, 「금융회사의 지배구조에 관한 법률」 제33조제6항 또는 「상법」 제466조에 따른 권리의 행사
에 해당하는 경우를 제외한다.
2. 경제적 이익 등 반대급부의 제공을 조건으로 다른 주주와 담합하여 금융투자업자의 인사 또는 경영에 부당한 영
향력을 행사하는 행위
3. 그 밖에 제1호 및 제2호에 준하는 행위로서 대통령령으로 정하는 행위
 
제36조(금융위원회의 자료 제출명령) 금융위원회는 금융투자업자의 대주주가 제35조를 위반한 혐의가 있다고 인정될
경우에는 금융투자업자 또는 그의 대주주에게 필요한 자료의 제출을 명할 수 있다. <개정 2008. 2. 29.>
[제목개정 2008. 2. 29.]
 
       제4장 영업행위 규칙
         제1절 공통 영업행위 규칙
           제1관 신의성실의무 등
 
제37조(신의성실의무 등) ① 금융투자업자는 신의성실의 원칙에 따라 공정하게 금융투자업을 영위하여야 한다.
② 금융투자업자는 금융투자업을 영위함에 있어서 정당한 사유 없이 투자자의 이익을 해하면서 자기가 이익을 얻
거나 제삼자가 이익을 얻도록 하여서는 아니 된다.
 
제38조(상호) ① 금융투자업자가 아닌 자는 그 상호 중에 “금융투자”라는 문자 또는 이와 같은 의미를 가지는 외국어 문
자로서 대통령령으로 정하는 문자를 사용하여서는 아니 된다. <신설 2009. 2. 3.>
법제처                                                            17                                                       국가법령정보센터
자본시장과 금융투자업에 관한 법률
② 증권을 대상으로 하여 투자매매업 또는 투자중개업을 영위하는 자가 아닌 자는 그 상호 중에 “증권”이라는 문자
또는 이와 같은 의미를 가지는 외국어문자로서 대통령령으로 정하는 문자를 사용하여서는 아니 된다. 다만, 제
229조제1호의 증권집합투자기구는 제183조제1항에 따라 “증권”이라는 문자 또는 이와 같은 의미를 가지는 외국어
문자로서 대통령령으로 정하는 문자를 사용할 수 있다.<개정 2009. 2. 3.>
③ 장내파생상품 또는 장외파생상품을 대상으로 하여 투자매매업 또는 투자중개업을 영위하는 자가 아닌 자는 그
상호 중에 “파생” 또는 “선물”이라는 문자 또는 이와 같은 의미를 가지는 외국어문자로서 대통령령으로 정하는 문자
를 사용하여서는 아니 된다.<개정 2009. 2. 3.>
④ 집합투자업자가 아닌 자는 그 상호 중에 “집합투자”, “투자신탁” 또는 “자산운용”이라는 문자 또는 이와 같은 의
미를 가지는 외국어문자로서 대통령령으로 정하는 문자를 사용하여서는 아니 된다. 다만, 투자신탁인 집합투자기구
는 “투자신탁”이라는 문자 또는 이와 같은 의미를 가지는 외국어문자로서 대통령령으로 정하는 문자를 사용할 수
있다.<개정 2009. 2. 3.>
⑤ 투자자문업자가 아닌 자는 그 상호 중에 “투자자문”이라는 문자 또는 이와 같은 의미를 가지는 외국어문자로서
대통령령으로 정하는 문자를 사용하여서는 아니 된다. 다만, 「부동산투자회사법」에 따른 부동산투자자문회사는 “투
자자문”이라는 문자 또는 이와 같은 의미를 가지는 외국어문자로서 대통령령으로 정하는 문자를 사용할 수 있다.
<개정 2009. 2. 3.>
⑥ 투자일임업자가 아닌 자는 그 상호 중에 “투자일임”이라는 문자 또는 이와 같은 의미를 가지는 외국어문자로서
대통령령으로 정하는 문자를 사용하여서는 아니 된다.<개정 2009. 2. 3.>
⑦ 신탁업자가 아닌 자는 그 상호 중에 “신탁”이라는 문자 또는 이와 같은 의미를 가지는 외국어문자로서 대통령령
으로 정하는 문자를 사용하여서는 아니 된다. 다만, 집합투자업자 또는 제7조제5항에 따른 업을 영위하는 자는 그
상호 중에 “신탁”이라는 문자 또는 이와 같은 의미를 가지는 외국어문자로서 대통령령으로 정하는 문자를 사용할
수 있다.<개정 2009. 2. 3.>
 
제39조(명의대여의 금지) 금융투자업자는 자기의 명의를 대여하여 타인에게 금융투자업을 영위하게 하여서는 아니 된
다.
 
제40조(금융투자업자의 다른 금융업무 영위) ① 금융투자업자(겸영금융투자업자, 그 밖에 대통령령으로 정하는 금융투
자업자를 제외한다. 이하 이 조에서 같다)는 투자자 보호 및 건전한 거래질서를 해할 우려가 없는 금융업무로서 다음
각 호의 금융업무를 영위할 수 있다. 이 경우 금융투자업자는 제2호부터 제5호까지의 업무를 영위하고자 하는 때에
는 그 업무를 영위하기 시작한 날부터 2주 이내에 이를 금융위원회에 보고하여야 한다. <개정 2008. 2. 29., 2020. 5.
19.>
1. 이 법 또는 대통령령으로 정하는 금융관련 법령에서 인가ㆍ허가ㆍ등록 등을 요하는 금융업무 중 「보험업법」 제
91조에 따른 보험대리점의 업무 또는 보험중개사의 업무, 그 밖에 대통령령으로 정하는 금융업무
2. 이 법 또는 대통령령으로 정하는 금융관련 법령에서 정하고 있는 금융업무로서 해당 법령에서 금융투자업자가
영위할 수 있도록 한 업무
3. 국가 또는 공공단체 업무의 대리
4. 투자자를 위하여 그 투자자가 예탁한 투자자예탁금(제74조제1항의 투자자예탁금을 말한다)으로 수행하는 자금
이체업무
5. 그 밖에 그 금융업무를 영위하여도 투자자 보호 및 건전한 거래질서를 해할 우려가 없는 업무로서 대통령령으로
정하는 금융업무
② 금융위원회는 제1항에 따른 겸영업무 보고내용이 다음 각 호의 어느 하나에 해당하는 경우에는 그 겸영업무의
영위를 제한하거나 시정할 것을 명할 수 있다.<신설 2020. 5. 19.>
1. 금융투자업자의 경영건전성을 저해하는 경우
2. 투자자 보호에 지장을 초래하는 경우
3. 금융시장의 안정성을 저해하는 경우
법제처                                                            18                                                       국가법령정보센터
자본시장과 금융투자업에 관한 법률
③ 제2항에 따른 제한명령 또는 시정명령은 제1항에 따라 보고를 받은 날부터 30일 이내에 그 내용 및 사유가 구체
적으로 기재된 문서로 하여야 한다.<신설 2020. 5. 19.>
④ 금융위원회는 제1항에 따라 보고받은 겸영업무 및 제2항에 따라 제한명령 또는 시정명령을 한 겸영업무를 대통
령령으로 정하는 방법 및 절차에 따라 인터넷 홈페이지 등에 공고하여야 한다.<신설 2020. 5. 19.>
 
제41조(금융투자업자의 부수업무 영위) ① 금융투자업자는 금융투자업에 부수하는 업무를 영위하고자 하는 경우에는
그 업무를 영위하기 시작한 날부터 2주 이내에 이를 금융위원회에 보고하여야 한다. <개정 2008. 2. 29., 2020. 5.
19.>
② 금융위원회는 제1항에 따른 부수업무 보고내용이 다음 각 호의 어느 하나에 해당하는 경우에는 그 부수업무의
영위를 제한하거나 시정할 것을 명할 수 있다.<개정 2008. 2. 29., 2020. 5. 19.>
1. 금융투자업자의 경영건전성을 저해하는 경우
2. 인가를 받거나 등록한 금융투자업의 영위에 따른 투자자 보호에 지장을 초래하는 경우
3. 금융시장의 안정성을 저해하는 경우
③ 제2항에 따른 제한명령 또는 시정명령은 제1항에 따라 보고를 받은 날부터 30일 이내에 그 내용 및 사유가 구체
적으로 기재된 문서로 하여야 한다.<개정 2020. 5. 19.>
④ 금융위원회는 제1항에 따라 보고받은 부수업무 및 제2항에 따라 제한명령 또는 시정명령을 한 부수업무를 대통
령령으로 정하는 방법 및 절차에 따라 인터넷 홈페이지 등에 공고하여야 한다.<개정 2008. 2. 29., 2020. 5. 19.>
 
제42조(금융투자업자의 업무위탁) ① 금융투자업자는 금융투자업, 제40조제1항 각 호의 업무 및 제41조제1항의 부수업
무와 관련하여 그 금융투자업자가 영위하는 업무의 일부를 제삼자에게 위탁할 수 있다. 다만, 대통령령으로 정하는
내부통제업무(해당 업무에 관한 의사결정권한까지 위탁하는 경우만 해당한다)는 제삼자에게 위탁하여서는 아니 된
다. <개정 2020. 5. 19.>
② 금융투자업자는 제1항 본문에 따라 제삼자에게 업무를 위탁하는 경우에는 다음 각 호의 사항을 포함하는 위탁계
약을 체결하여야 하며, 그 내용을 대통령령으로 정하는 방법 및 절차에 따라 금융위원회에 보고하여야 한다.<개정
2008. 2. 29.>
1. 위탁하는 업무의 범위
2. 수탁자의 행위제한에 관한 사항
3. 위탁하는 업무의 처리에 대한 기록유지에 관한 사항
4. 그 밖에 투자자 보호 또는 건전한 거래질서를 위하여 필요한 사항으로서 대통령령으로 정하는 사항
③ 금융위원회는 제2항에 따른 위탁계약의 내용이 다음 각 호의 어느 하나에 해당하는 경우에는 해당 업무의 위탁
을 제한하거나 시정할 것을 명할 수 있다.<개정 2008. 2. 29.>
1. 금융투자업자의 경영건전성을 저해하는 경우
2. 투자자 보호에 지장을 초래하는 경우
3. 금융시장의 안정성을 저해하는 경우
4. 금융거래질서를 문란하게 하는 경우
④ 제1항 본문에 따라 위탁받는 업무가 본질적 업무(해당 금융투자업자가 인가를 받거나 등록을 한 업무와 직접적
으로 관련된 필수업무로서 대통령령으로 정하는 업무를 말한다. 이하 이 항에서 같다)인 경우 그 본질적 업무를 위
탁받는 자는 그 업무 수행에 필요한 인가를 받거나 등록을 한 자이어야 한다. 이 경우 그 업무를 위탁받는 자가 외
국 금융투자업자로서 대통령령으로 정하는 요건을 갖춘 경우에는 인가를 받거나 등록을 한 것으로 본다.
⑤ 제1항에 따라 금융투자업자의 업무를 위탁받은 자는 위탁한 자의 동의를 받은 경우에 한정하여 위탁받은 업무를
제삼자에게 재위탁할 수 있다.<개정 2020. 5. 19.>
⑥ 제1항의 업무를 위탁한 자는 대통령령으로 정하는 기준에 따라 위탁한 업무의 범위에서 위탁받은 자에게 투자자
의 금융투자상품의 매매, 그 밖의 거래에 관한 정보 및 투자자가 맡긴 금전, 그 밖의 재산에 관한 정보를 제공할 수
있다.
법제처                                                            19                                                       국가법령정보센터
자본시장과 금융투자업에 관한 법률
⑦ 금융투자업자는 제1항 본문에 따라 업무위탁을 하고자 하는 경우 투자자정보 보호 및 위험관리ㆍ평가 등에 관한
업무위탁 운영기준을 정하여야 한다.
⑧ 금융투자업자는 제1항 본문에 따라 업무위탁을 한 내용을 「금융소비자 보호에 관한 법률」 제23조제1항에 따른
계약서류 및 제123조제1항에 따른 투자설명서(집합투자업자의 경우 제124조제2항제3호에 따른 간이투자설명서를
포함한다. 이하 제64조, 제86조 및 제93조에서 같다)에 기재하여야 하며, 투자자와 계약을 체결한 후에 업무위탁을
하거나 그 내용을 변경한 경우에는 이를 투자자에게 통보하여야 한다.<개정 2013. 5. 28., 2020. 3. 24.>
⑨ 「민법」 제756조는 제1항의 업무를 위탁받은 자(제5항에 따라 재위탁받은 자를 포함한다)가 그 위탁받은 업무를
영위하는 과정에서 투자자에게 손해를 끼친 경우에 준용한다.<개정 2020. 5. 19.>
⑩ 제54조, 제55조 및 「금융실명거래 및 비밀보장에 관한 법률」 제4조는 제1항의 업무를 위탁받은 자가 그 위탁받
은 업무를 영위하는 경우에 준용한다.
⑪ 그 밖에 업무의 위탁ㆍ재위탁의 기준ㆍ방법 및 절차에 관하여 투자자 보호 또는 건전한 거래질서를 위하여 필요
한 사항은 대통령령으로 정한다.
 
제43조(검사 및 처분) ① 제42조제1항에 따라 업무를 위탁받은 자는 그 위탁받은 업무와 관련하여 그 업무와 재산상황
에 관하여 「금융위원회의 설치 등에 관한 법률」에 따라 설립된 금융감독원(이하 “금융감독원”이라 한다)의 원장(이
하 “금융감독원장”이라 한다)의 검사를 받아야 한다. 이 경우 제419조제5항부터 제7항까지 및 제9항을 준용한다.
<개정 2015. 7. 31.>
② 금융위원회는 제42조제1항에 따라 업무를 위탁받은 자가 다음 각 호의 어느 하나에 해당하는 경우에는 위탁계
약의 어느 한쪽 또는 양쪽 당사자에게 위탁계약의 취소 또는 변경을 명할 수 있다.<개정 2008. 2. 29.>
1. 제42조제10항에서 준용하는 제54조, 제55조 또는 「금융실명거래 및 비밀보장에 관한 법률」 제4조제1항, 같은 조
제3항부터 제5항까지의 규정을 위반한 경우
2. 제1항 전단에 따른 검사를 거부ㆍ방해 또는 기피한 경우
3. 제1항 후단에서 준용하는 제419조제5항에 따른 보고 등의 요구에 불응한 경우
4. 별표 1 각 호의 어느 하나(그 위탁받은 업무와 관련된 것에 한한다)에 해당하는 경우
③ 금융위원회는 제2항에 따라 조치를 한 경우에는 그 내용을 기록하고, 이를 유지ㆍ관리하여야 한다.<개정 2008.
2. 29.>
④ 금융투자업자 또는 제42조제1항에 따라 업무를 위탁받은 자(업무를 위탁받았던 자를 포함한다)는 금융위원회에
자기에 대한 제2항에 따른 조치 여부 및 그 내용을 조회할 수 있다.<개정 2008. 2. 29.>
⑤ 금융위원회는 제4항의 조회요청을 받은 경우에는 정당한 사유가 없는 한 조치 여부 및 그 내용을 그 조회 요청
자에게 통보하여야 한다.<개정 2008. 2. 29.>
⑥ 제425조는 제2항에 따른 위탁계약의 취소 또는 변경명령에 관하여 준용한다.
 
제44조(이해상충의 관리) ① 금융투자업자는 금융투자업의 영위와 관련하여 금융투자업자와 투자자 간, 특정 투자자와
다른 투자자 간의 이해상충을 방지하기 위하여 이해상충이 발생할 가능성을 파악ㆍ평가하고, 「금융회사의 지배구조
에 관한 법률」 제24조에 따른 내부통제기준(이하 “내부통제기준”이라 한다)이 정하는 방법 및 절차에 따라 이를 적
절히 관리하여야 한다. <개정 2015. 7. 31.>
② 금융투자업자는 제1항에 따라 이해상충이 발생할 가능성을 파악ㆍ평가한 결과 이해상충이 발생할 가능성이 있
다고 인정되는 경우에는 그 사실을 미리 해당 투자자에게 알려야 하며, 그 이해상충이 발생할 가능성을 내부통제기
준이 정하는 방법 및 절차에 따라 투자자 보호에 문제가 없는 수준으로 낮춘 후 매매, 그 밖의 거래를 하여야 한다.
③ 금융투자업자는 제2항에 따라 그 이해상충이 발생할 가능성을 낮추는 것이 곤란하다고 판단되는 경우에는 매매,
그 밖의 거래를 하여서는 아니 된다.
 
제45조(정보교류의 차단) ① 금융투자업자는 금융투자업, 제40조제1항 각 호의 업무, 제41조제1항에 따른 부수업무 및
제77조의3에서 종합금융투자사업자에 허용된 업무(이하 이 조에서 “금융투자업등”이라 한다)를 영위하는 경우 내부
통제기준이 정하는 방법 및 절차에 따라 제174조제1항 각 호 외의 부분에 따른 미공개중요정보 등 대통령령으로 정
법제처                                                            20                                                       국가법령정보센터
자본시장과 금융투자업에 관한 법률
하는 정보의 교류를 적절히 차단하여야 한다. <개정 2020. 5. 19.>
② 금융투자업자는 금융투자업등을 영위하는 경우 계열회사를 포함한 제삼자에게 정보를 제공할 때에는 내부통제
기준이 정하는 방법 및 절차에 따라 제174조제1항 각 호 외의 부분에 따른 미공개중요정보 등 대통령령으로 정하는
정보의 교류를 적절히 차단하여야 한다.<개정 2020. 5. 19.>
③ 제1항 및 제2항의 내부통제기준은 다음 각 호의 사항을 반드시 포함하여야 한다.<신설 2020. 5. 19.>
1. 정보교류 차단을 위해 필요한 기준 및 절차
2. 정보교류 차단의 대상이 되는 정보의 예외적 교류를 위한 요건 및 절차
3. 그 밖에 정보교류 차단의 대상이 되는 정보를 활용한 이해상충 발생을 방지하기 위하여 대통령령으로 정하는 사
항
④ 금융투자업자는 제1항 및 제2항에 따른 정보교류 차단을 위하여 다음 각 호의 사항을 준수하여야 한다.<신설
2020. 5. 19.>
1. 정보교류 차단을 위한 내부통제기준의 적정성에 대한 정기적 점검
2. 정보교류 차단과 관련되는 법령 및 내부통제기준에 대한 임직원 교육
3. 그 밖에 정보교류 차단을 위하여 대통령령으로 정하는 사항
 
           제2관 투자권유 등 <개정 2009. 2. 3.>
 
제46조 삭제 <2020. 3. 24.>
 
제46조의2 삭제 <2020. 3. 24.>
 
제47조 삭제 <2020. 3. 24.>
 
제48조(손해배상책임) ① 금융투자업자는 「금융소비자 보호에 관한 법률」 제19조제1항 또는 제3항을 위반한 경우 이
로 인하여 발생한 일반투자자의 손해를 배상할 책임이 있다. <개정 2020. 3. 24.>
② 금융투자상품의 취득으로 인하여 일반투자자가 지급하였거나 지급하여야 할 금전등의 총액에서 그 금융투자상
품의 처분, 그 밖의 방법으로 그 일반투자자가 회수하였거나 회수할 수 있는 금전등의 총액을 뺀 금액은 제1항에 따
른 손해액으로 추정한다.<개정 2017. 10. 31.>
 
제49조 삭제 <2020. 3. 24.>
 
제50조(투자권유준칙) ① 금융투자업자는 투자권유를 함에 있어서 금융투자업자의 임직원이 준수하여야 할 구체적인
기준 및 절차(이하 “투자권유준칙”이라 한다)를 정하여야 한다. 다만, 파생상품, 그 밖에 대통령령으로 정하는 금융투
자상품(이하 “파생상품등”이라 한다)에 대하여는 일반투자자의 투자목적ㆍ재산상황 및 투자경험 등을 고려하여 투자
자 등급별로 차등화된 투자권유준칙을 마련하여야 한다. <개정 2009. 2. 3., 2026. 2. 3.>
② 금융투자업자는 투자권유준칙을 정한 경우 이를 인터넷 홈페이지 등을 이용하여 공시하여야 한다. 투자권유준칙
을 변경한 경우에도 또한 같다.
③ 협회는 투자권유준칙과 관련하여 금융투자업자가 공통으로 사용할 수 있는 표준투자권유준칙을 제정할 수 있다.
 
제51조(투자권유대행인의 등록 등) ① 금융투자업자는 다음 각 호의 요건을 모두 갖춘 자(개인에 한한다)에게 투자권유
(파생상품등에 대한 투자권유를 제외한다)를 위탁할 수 있다. 이 경우 제42조를 적용하지 아니한다. <개정 2008. 2.
29., 2009. 2. 3.>
1. 제3항에 따라 금융위원회에 등록된 자가 아닐 것
2. 금융투자상품에 관한 전문 지식이 있는 자로서 대통령령으로 정하는 자격을 갖출 것
3. 제53조제2항에 따라 등록이 취소된 경우 그 등록이 취소된 날부터 3년이 경과하였을 것
법제처                                                            21                                                       국가법령정보센터
자본시장과 금융투자업에 관한 법률
② 제1항에 따라 투자권유를 위탁받은 자는 제3항에 따른 등록 전에는 투자권유를 하여서는 아니 된다.
③ 금융투자업자는 제1항에 따라 투자권유를 위탁한 경우에는 위탁받은 자를 금융위원회에 등록하여야 한다. 이 경
우 금융위원회는 그 등록업무를 대통령령으로 정하는 바에 따라 협회에 위탁할 수 있다.<개정 2008. 2. 29.>
④ 금융투자업자는 제3항에 따라 투자권유를 위탁받은 자를 등록하고자 하는 경우에는 금융위원회(제3항 후단에
따라 협회에 위탁한 경우에는 협회를 말한다. 이하 이 조에서 같다)에 등록신청서를 제출하여야 한다.<개정 2008.
2. 29.>
⑤ 금융위원회는 제4항의 등록신청서를 접수한 경우에는 그 내용을 검토하여 2주 이내에 등록 여부를 결정하고, 그
결과와 이유를 지체 없이 신청인에게 문서로 통지하여야 한다. 이 경우 등록신청서에 흠결이 있는 때에는 보완을 요
구할 수 있다.<개정 2008. 2. 29.>
⑥ 제5항의 검토기간을 산정함에 있어서 등록신청서 흠결의 보완기간 등 총리령으로 정하는 기간은 검토기간에 산
입하지 아니한다.<개정 2008. 2. 29.>
⑦ 금융위원회는 제5항의 등록 여부를 결정함에 있어서 다음 각 호의 어느 하나에 해당하는 사유가 없는 한 등록을
거부하여서는 아니 된다.<개정 2008. 2. 29.>
1. 제1항의 요건을 갖추지 아니한 경우
2. 제4항의 등록신청서를 거짓으로 작성한 경우
3. 제5항 후단의 보완요구를 이행하지 아니한 경우
⑧ 금융위원회는 제5항에 따라 등록을 결정한 경우 투자권유대행인등록부에 필요한 사항을 기재하여야 하며, 등록
결정한 내용을 인터넷 홈페이지 등에 공고하여야 한다.<개정 2008. 2. 29.>
⑨ 제3항에 따라 등록된 자(이하 “투자권유대행인”이라 한다)는 등록 이후 그 영업을 영위함에 있어서 제1항제2호
의 요건을 유지하여야 한다.
⑩ 제3항부터 제8항까지의 규정에 따른 등록신청서의 기재사항ㆍ첨부서류 등 등록의 신청에 관한 사항과 등록검토
의 방법ㆍ절차, 그 밖에 등록에 관하여 필요한 사항은 대통령령으로 정한다.
 
제52조(투자권유대행인의 금지행위 등) ① 금융투자업자는 투자권유대행인 외의 자에게 투자권유를 대행하게 하여서
는 아니 된다.
② 삭제<2020. 3. 24.>
③ 삭제<2020. 3. 24.>
④ 금융투자업자는 투자권유대행인이 투자권유를 대행함에 있어서 법령을 준수하고 건전한 거래질서를 해하는 일
이 없도록 성실히 관리하여야 하며, 이를 위한 투자권유대행기준을 정하여야 한다.
⑤ 삭제<2020. 3. 24.>
⑥ 제48조, 제54조, 제55조 및 「금융실명거래 및 비밀보장에 관한 법률」 제4조는 투자권유대행인이 투자권유를 대
행하는 경우에 준용한다.<개정 2020. 3. 24.>
 
제53조(검사 및 조치) ① 투자권유대행인은 투자권유의 대행과 관련하여 그 업무와 재산상황에 관하여 금융감독원장의
검사를 받아야 한다. 이 경우 제419조제5항부터 제7항까지 및 제9항을 준용한다.
② 금융위원회는 투자권유대행인이 다음 각 호의 어느 하나에 해당하는 경우에는 금융투자업자의 투자권유대행인
등록을 취소하거나 그 투자권유대행인에 대하여 6개월 이내의 투자권유대행업무 정지를 할 수 있다.<개정 2008. 2.
29., 2020. 3. 24.>
1. 제51조제9항에 따른 등록요건 유지의무를 위반한 경우
2. 제52조제6항(제54조, 제55조 및 「금융실명거래 및 비밀보장에 관한 법률」 제4조제1항, 같은 조 제3항부터 제5항
까지의 규정을 준용하는 경우에 한한다)을 위반한 경우
3. 제1항 전단에 따른 검사를 거부ㆍ방해 또는 기피한 경우
4. 제1항 후단에서 준용하는 제419조제5항에 따른 보고 등의 요구에 불응한 경우
5. 「금융소비자 보호에 관한 법률」 제51조제1항제3호부터 제5호까지의 어느 하나에 해당하는 경우
법제처                                                            22                                                       국가법령정보센터
자본시장과 금융투자업에 관한 법률
6. 「금융소비자 보호에 관한 법률」 제51조제2항 각 호 외의 부분 본문 중 대통령령으로 정하는 경우(투자권유대행
업무를 정지하는 경우로 한정한다)
③ 금융위원회는 제2항에 따라 투자권유대행인 등록을 취소하거나 투자권유대행업무를 정지한 경우에는 그 내용을
기록하고, 이를 유지ㆍ관리하여야 한다.<개정 2008. 2. 29.>
④ 금융위원회는 제2항에 따라 투자권유대행인 등록을 취소하거나 투자권유대행업무를 정지한 경우에는 그 사실을
인터넷 홈페이지 등에 공고하여야 한다.<개정 2008. 2. 29.>
⑤ 금융투자업자 또는 투자권유대행인(투자권유대행인이었던 자를 포함한다)은 금융위원회에 자기에 대한 제2항에
따른 조치 여부 및 그 내용을 조회할 수 있다.<개정 2008. 2. 29.>
⑥ 금융위원회는 제5항의 조회요청을 받은 경우에는 정당한 사유가 없는 한 조치 여부 및 그 내용을 그 조회 요청
자에게 통보하여야 한다.<개정 2008. 2. 29.>
⑦ 제423조(제2호를 제외한다)는 제2항에 따른 투자권유대행인 등록의 취소에 관하여 준용하고, 제425조는 제2항
에 따른 투자권유대행인 등록의 취소 및 투자권유대행업무의 정지에 관하여 준용한다.
 
           제3관 직무관련 정보의 이용 금지 등
 
제54조(직무관련 정보의 이용 금지) ① 금융투자업자는 직무상 알게 된 정보로서 외부에 공개되지 아니한 정보를 정당
한 사유 없이 자기 또는 제삼자의 이익을 위하여 이용하여서는 아니 된다. <개정 2020. 5. 19.>
② 금융투자업자 및 그 임직원은 제45조제1항 또는 제2항에 따라 정보교류 차단의 대상이 되는 정보를 정당한 사유
없이 본인이 이용하거나 제삼자에게 이용하게 하여서는 아니 된다.<신설 2020. 5. 19.>
 
제55조(손실보전 등의 금지) 금융투자업자는 금융투자상품의 매매, 그 밖의 거래와 관련하여 제103조제3항에 따라 손
실의 보전 또는 이익의 보장을 하는 경우, 그 밖에 건전한 거래질서를 해할 우려가 없는 경우로서 정당한 사유가 있
는 경우를 제외하고는 다음 각 호의 어느 하나에 해당하는 행위를 하여서는 아니 된다. 금융투자업자의 임직원이 자
기의 계산으로 하는 경우에도 또한 같다.
1. 투자자가 입을 손실의 전부 또는 일부를 보전하여 줄 것을 사전에 약속하는 행위
2. 투자자가 입은 손실의 전부 또는 일부를 사후에 보전하여 주는 행위
3. 투자자에게 일정한 이익을 보장할 것을 사전에 약속하는 행위
4. 투자자에게 일정한 이익을 사후에 제공하는 행위
 
제56조(약관) ① 금융투자업자는 금융투자업의 영위와 관련하여 약관을 제정 또는 변경하는 경우에는 약관의 제정 또
는 변경 후 7일 이내에 금융위원회 및 협회에 보고하여야 한다. 다만, 투자자의 권리나 의무에 중대한 영향을 미칠
우려가 있는 경우로서 대통령령으로 정하는 경우에는 약관의 제정 또는 변경 전에 미리 금융위원회에 신고하여야
한다. <개정 2018. 12. 31.>
② 금융투자업자는 약관을 제정 또는 변경한 경우에는 인터넷 홈페이지 등을 이용하여 공시하여야 한다.
③ 협회는 건전한 거래질서를 확립하고 불공정한 내용의 약관이 통용되는 것을 방지하기 위하여 금융투자업 영위
와 관련하여 표준이 되는 약관(이하 이 조에서 “표준약관”이라 한다)을 제정할 수 있다.
④ 협회는 표준약관을 제정 또는 변경하고자 하는 경우에는 미리 금융위원회에 신고하여야 한다. 다만, 전문투자자
만을 대상으로 하는 표준약관을 제정 또는 변경하는 경우에는 그 표준약관을 제정 또는 변경한 후 7일 이내에 금융
위원회에 보고하여야 한다.<개정 2008. 2. 29.>
⑤ 금융위원회는 제1항 단서 또는 제4항 본문에 따른 신고를 받은 경우 그 내용을 검토하여 이 법에 적합하면 신고
를 수리하여야 한다.<신설 2018. 12. 31.>
⑥ 제1항에 따라 약관을 신고 또는 보고받거나 제4항에 따라 표준약관을 신고 또는 보고받은 금융위원회는 그 약관
또는 표준약관을 공정거래위원회에 통보하여야 한다. 이 경우 공정거래위원회는 통보받은 약관 또는 표준약관이 「
약관의 규제에 관한 법률」 제6조부터 제14조까지의 규정에 위반된 사실이 있다고 인정될 때에는 금융위원회에 그
사실을 통보하고 그 시정에 필요한 조치를 취하도록 요청할 수 있으며, 금융위원회는 특별한 사유가 없는 한 이에
법제처                                                            23                                                       국가법령정보센터
자본시장과 금융투자업에 관한 법률
응하여야 한다.<개정 2008. 2. 29., 2018. 12. 31.>
⑦ 금융위원회는 약관 또는 표준약관이 이 법 또는 금융과 관련되는 법령에 위반되거나 그 밖에 투자자의 이익을
침해할 우려가 있다고 인정되는 경우에는 금융투자업자 또는 협회에 그 내용을 구체적으로 기재한 서면에 의하여
약관 또는 표준약관을 변경할 것을 명할 수 있다.<개정 2008. 2. 29., 2018. 12. 31.>
 
제57조 삭제 <2020. 3. 24.>
 
제58조(수수료) ① 금융투자업자는 투자자로부터 받는 수수료의 부과기준 및 절차에 관한 사항을 정하고, 인터넷 홈페
이지 등을 이용하여 공시하여야 한다.
② 금융투자업자는 제1항에 따른 수수료 부과기준을 정함에 있어서 투자자를 정당한 사유 없이 차별하여서는 아니
된다.
③ 금융투자업자는 제1항에 따른 수수료 부과기준 및 절차에 관한 사항을 협회에 통보하여야 한다.
④ 협회는 제3항에 따라 통보받은 사항을 금융투자업자별로 비교하여 공시하여야 한다.
 
제59조 삭제 <2020. 3. 24.>
 
제60조(자료의 기록ㆍ유지) ① 금융투자업자는 금융투자업 영위와 관련한 자료를 대통령령으로 정하는 자료의 종류별
로 대통령령으로 정하는 기간 동안 기록ㆍ유지하여야 한다.
② 금융투자업자는 제1항에 따라 기록ㆍ유지하여야 하는 자료가 멸실되거나 위조 또는 변조가 되지 아니하도록 적
절한 대책을 수립ㆍ시행하여야 한다.
 
제61조(소유증권의 예탁) ①금융투자업자(겸영금융투자업자를 제외한다. 이하 이 조에서 같다)는 그 고유재산을 운용함
에 따라 소유하게 되는 증권(대통령령으로 정하는 것을 포함한다)을 예탁결제원에 지체 없이 예탁하여야 한다. 다만,
해당 증권의 유통 가능성, 다른 법령에 따른 유통방법이 있는지 여부, 예탁의 실행 가능성 등을 고려하여 대통령령으
로 정하는 경우에는 예탁결제원에 예탁하지 아니할 수 있다. <개정 2013. 5. 28.>
② 금융투자업자가 제1항 본문에 따라 외화증권(「외국환거래법」 제3조제1항제8호의 외화증권을 말한다. 이하 같다
)을 예탁결제원에 예탁하는 경우에는 대통령령으로 정하는 방법에 따라 예탁하여야 한다.<신설 2013. 5. 28.>
 
제62조(금융투자업 폐지 공고 등) ① 금융투자업자는 금융투자업 또는 지점, 그 밖의 영업소의 영업을 폐지하고자 하는
경우에는 그 뜻을 폐지 30일 전에 전국을 보급지역으로 하는 둘 이상의 일간신문에 공고하여야 하며, 알고 있는 채
권자에게는 각각 통지하여야 한다.
② 금융투자업자는 다음 각 호의 어느 하나에 해당하는 경우에는 그 금융투자업자가 행한 금융투자상품의 매매, 그
밖의 거래를 종결시켜야 한다. 이 경우 그 금융투자업자는 그 매매, 그 밖의 거래를 종결시키는 범위에서 금융투자
업자로 본다.
1. 제417조제1항제6호에 따라 금융투자업 폐지의 승인을 받은 경우
2. 제417조제1항제7호에 따라 금융투자업 폐지의 승인을 받은 경우
3. 제420조제1항 또는 제421조제1항(같은 조 제4항에서 준용하는 경우를 포함한다)에 따라 금융투자업인가 또는
금융투자업등록이 취소된 경우
 
제63조(임직원의 금융투자상품 매매) ① 금융투자업자의 임직원(겸영금융투자업자 중 대통령령으로 정하는 금융투자
업자의 경우에는 금융투자업의 직무를 수행하는 임직원에 한한다. 이하 이 조에서 같다)은 자기의 계산으로 대통령
령으로 정하는 금융투자상품을 매매하는 경우에는 다음 각 호의 방법에 따라야 한다.
1. 자기의 명의로 매매할 것
2. 투자중개업자 중 하나의 회사(투자중개업자의 임직원의 경우에는 그가 소속된 투자중개업자에 한하되, 그 투자
중개업자가 그 임직원이 매매하려는 금융투자상품을 취급하지 아니하는 경우에는 다른 투자중개업자를 이용할
수 있다)를 선택하여 하나의 계좌를 통하여 매매할 것. 다만, 금융투자상품의 종류, 계좌의 성격 등을 고려하여 대
통령령으로 정하는 경우에는 둘 이상의 회사 또는 둘 이상의 계좌를 통하여 매매할 수 있다.
법제처                                                            24                                                       국가법령정보센터
자본시장과 금융투자업에 관한 법률
3. 매매명세를 분기별(투자권유자문인력, 제286조제1항제3호나목의 조사분석인력 및 투자운용인력의 경우에는 월
별로 한다. 이하 이 조에서 같다)로 소속 금융투자업자에게 통지할 것
4. 그 밖에 불공정행위의 방지 또는 투자자와의 이해상충의 방지를 위하여 대통령령으로 정하는 방법 및 절차를 준
수할 것
② 금융투자업자는 그 임직원의 자기계산에 의한 금융투자상품 매매와 관련하여 불공정행위의 방지 또는 투자자와
의 이해상충의 방지를 위하여 그 금융투자업자의 임직원이 따라야 할 적절한 기준 및 절차를 정하여야 한다.
③ 금융투자업자는 분기별로 임직원의 금융투자상품의 매매명세를 제2항의 기준 및 절차에 따라 확인하여야 한다.
 
제63조의2(고객응대직원에 대한 보호 조치 의무) ① 금융투자업자는 고객을 직접 응대하는 직원(이하 “고객응대직원
”이라 한다)을 고객의 폭언이나 성희롱, 폭행 등으로부터 보호하기 위하여 다음 각 호의 조치를 하여야 한다.
1. 고객응대직원이 요청하는 경우 해당 고객으로부터의 분리 및 업무담당자 교체
2. 고객응대직원에 대한 치료 및 상담 지원
3. 고객응대직원을 위한 상시적 고충처리 기구 설치 또는 「근로자참여 및 협력증진에 관한 법률」 제26조에 따라 고
충처리위원을 두는 경우에는 고객응대직원을 위한 고충처리위원의 선임 또는 위촉
4. 그 밖에 고객응대직원의 보호를 위하여 필요한 법적 조치 등 대통령령으로 정하는 조치
② 고객응대직원은 금융투자업자에 대하여 제1항 각 호의 조치를 요구할 수 있다.
③ 금융투자업자는 제2항에 따른 요구를 이유로 고객응대직원에게 불이익을 주어서는 아니 된다.
[본조신설 2016. 3. 29.]
 
제64조(손해배상책임) ① 금융투자업자는 법령ㆍ약관ㆍ집합투자규약ㆍ투자설명서(제123조제1항에 따른 투자설명서를
말한다)에 위반하는 행위를 하거나 그 업무를 소홀히 하여 투자자에게 손해를 발생시킨 경우에는 그 손해를 배상할
책임이 있다. 다만, 배상의 책임을 질 금융투자업자가 제37조제2항, 제44조, 제45조, 제71조 또는 제85조를 위반한
경우(투자매매업 또는 투자중개업과 집합투자업을 함께 영위함에 따라 발생하는 이해상충과 관련된 경우에 한한다
)로서 그 금융투자업자가 상당한 주의를 하였음을 증명하거나 투자자가 금융투자상품의 매매, 그 밖의 거래를 할 때
에 그 사실을 안 경우에는 배상의 책임을 지지 아니한다.
② 금융투자업자가 제1항에 따른 손해배상책임을 지는 경우로서 관련되는 임원에게도 귀책사유(歸責事由)가 있는
경우에는 그 금융투자업자와 관련되는 임원이 연대하여 그 손해를 배상할 책임이 있다.
 
제65조(외국 금융투자업자의 특례) ① 외국 금융투자업자의 지점, 그 밖의 영업소(이하 이 조에서 “국내지점등”이라 한
다)에 대하여 이 법을 적용함에 있어서 대통령령으로 정하는 영업기금은 이를 자본금으로 보고, 자본금ㆍ적립금 및
이월이익잉여금의 합계액은 이를 자기자본으로 보며, 국내대표자는 임원으로 본다. <개정 2009. 2. 3.>
② 국내지점등은 제1항의 영업기금과 부채의 합계액에 상당하는 자산을 대통령령으로 정하는 방법으로 국내에 두
어야 한다.<개정 2009. 2. 3.>
③ 국내지점등이 청산 또는 파산하는 경우 그 국내에 두는 자산은 국내에 주소 또는 거소가 있는 자에 대한 채무의
변제에 우선 충당하여야 한다.<개정 2009. 2. 3.>
④ 금융위원회는 다음 각 호의 요건을 모두 충족하는 국내지점등의 대표자의 직무를 일시 대행할 자(이하 이 항에
서 “직무대행자”라 한다)를 지정하여야 하며, 그 국내지점등은 그 사실을 소재지에서 등기하여야 한다. 이 경우 금융
위원회는 직무대행자에게 적정한 보수를 지급할 것을 그 국내지점등에 명할 수 있다.<신설 2009. 2. 3.>
1. 국내지점등의 대표자가 없거나 대표자가 그 직무를 수행할 수 없음에도 불구하고 대표자를 새로 선임하지 아니
하거나 직무대행자를 지정하지 아니하는 경우로서 국내지점등과 이해관계가 있는 자가 금융위원회에 직무대행
자의 선임을 요구할 것
2. 금융위원회가 제1호의 요구에 따라 그 국내지점등에 대하여 10일 이내에 대표자 또는 직무대행자를 선임하거나
지정할 것을 요청할 것
3. 제2호의 요청을 받은 국내지점등이 제2호에 따른 기간 이내에 대표자 또는 직무대행자를 선임하거나 지정하지
아니할 것
법제처                                                            25                                                       국가법령정보센터
자본시장과 금융투자업에 관한 법률
⑤ 제1항부터 제4항까지에 규정된 사항 외에 결산에 관한 사항 등 국내지점등의 금융투자업의 영위에 관하여 필요
한 사항은 대통령령으로 정한다.<개정 2009. 2. 3.>
 
         제2절 금융투자업자별 영업행위 규칙
           제1관 투자매매업자 및 투자중개업자의 영업행위 규칙
 
제66조(매매형태의 명시) 투자매매업자 또는 투자중개업자는 투자자로부터 금융투자상품의 매매에 관한 청약 또는 주
문을 받는 경우에는 사전에 그 투자자에게 자기가 투자매매업자인지 투자중개업자인지를 밝혀야 한다. <개정 2013.
5. 28.>
 
제67조(자기계약의 금지) 투자매매업자 또는 투자중개업자는 금융투자상품에 관한 같은 매매에 있어 자신이 본인이 됨
과 동시에 상대방의 투자중개업자가 되어서는 아니 된다. 다만, 다음 각 호의 어느 하나에 해당하는 경우에는 그러하
지 아니하다. <개정 2013. 5. 28.>
1. 투자매매업자 또는 투자중개업자가 증권시장 또는 파생상품시장을 통하여 매매가 이루어지도록 한 경우
2. 그 밖에 투자자 보호 및 건전한 거래질서를 해할 우려가 없는 경우로서 대통령령으로 정하는 경우
 
제68조(최선집행의무) ① 투자매매업자 또는 투자중개업자는 금융투자상품의 매매(대통령령으로 정하는 거래는 제외
한다. 이하 이 조에서 같다)에 관한 투자자의 청약 또는 주문을 처리하기 위하여 대통령령으로 정하는 바에 따라 최
선의 거래조건으로 집행하기 위한 기준(이하 이 조에서 “최선집행기준”이라 한다)을 마련하고 이를 공표하여야 한다.
② 투자매매업자 또는 투자중개업자는 최선집행기준에 따라 금융투자상품의 매매에 관한 청약 또는 주문을 집행하
여야 한다.
③ 투자매매업자 또는 투자중개업자는 대통령령으로 정하는 기간마다 최선집행기준의 내용을 점검하여야 한다. 이
경우 최선집행기준의 내용이 제2항에 따른 청약 또는 주문을 집행하기에 적합하지 아니한 것으로 인정되는 때에는
이를 변경하고, 그 변경 사실을 공표하여야 한다.
④ 투자매매업자 또는 투자중개업자는 금융투자상품의 매매에 관한 청약 또는 주문을 받는 경우에는 미리 문서, 전
자문서, 그 밖에 대통령령으로 정하는 방법으로 최선집행기준을 기재 또는 표시한 설명서를 투자자에게 교부하여야
한다. 다만, 이미 해당 설명서(제3항에 따라 최선집행기준을 변경한 경우에는 변경한 내용이 기재 또는 표시된 설명
서를 말한다)를 교부한 경우에는 그러하지 아니하다.
⑤ 제1항에 따른 최선의 거래조건의 구체적인 내용, 최선집행기준의 공표의 방법과 제2항에 따른 청약ㆍ주문의 집
행 방법 및 제3항에 따른 최선집행기준의 점검ㆍ변경 및 변경 사실의 공표 방법 등에 관하여 필요한 사항은 대통령
령으로 정한다.
[전문개정 2013. 5. 28.]
 
제69조(자기주식의 예외적 취득) 투자매매업자는 투자자로부터 그 투자매매업자가 발행한 자기주식으로서 증권시장
(다자간매매체결회사에서의 거래를 포함한다. 이하 이 조에서 같다)의 매매 수량단위 미만의 주식에 대하여 매도의
청약을 받은 경우에는 이를 증권시장 밖에서 취득할 수 있다. 이 경우 취득한 자기주식은 대통령령으로 정하는 기간
이내에 처분하여야 한다. <개정 2013. 5. 28.>
 
제70조(임의매매의 금지) 투자매매업자 또는 투자중개업자는 투자자나 그 대리인으로부터 금융투자상품의 매매의 청
약 또는 주문을 받지 아니하고는 투자자로부터 예탁받은 재산으로 금융투자상품의 매매를 하여서는 아니 된다. <개
정 2013. 5. 28.>
 
제71조(불건전 영업행위의 금지) 투자매매업자 또는 투자중개업자는 다음 각 호의 어느 하나에 해당하는 행위를 하여
서는 아니 된다. 다만, 투자자 보호 및 건전한 거래질서를 해할 우려가 없는 경우로서 대통령령으로 정하는 경우에는
이를 할 수 있다. <개정 2009. 2. 3., 2013. 5. 28.>
법제처                                                            26                                                       국가법령정보센터
자본시장과 금융투자업에 관한 법률
1. 투자자로부터 금융투자상품의 가격에 중대한 영향을 미칠 수 있는 매수 또는 매도의 청약이나 주문을 받거나 받
게 될 가능성이 큰 경우 이를 체결시키기 전에 그 금융투자상품을 자기의 계산으로 매수 또는 매도하거나 제삼자
에게 매수 또는 매도를 권유하는 행위
2. 특정 금융투자상품의 가치에 대한 주장이나 예측을 담고 있는 자료(이하 “조사분석자료”라 한다)를 투자자에게
공표함에 있어서 그 조사분석자료의 내용이 사실상 확정된 때부터 공표 후 24시간이 경과하기 전까지 그 조사분
석자료의 대상이 된 금융투자상품을 자기의 계산으로 매매하는 행위
3. 조사분석자료 작성을 담당하는 자에 대하여 대통령령으로 정하는 기업금융업무와 연동된 성과보수를 지급하는
행위
4. 다음 각 목의 어느 하나에 해당하는 증권의 모집 또는 매출과 관련한 계약을 체결한 날부터 그 증권이 증권시장
에 최초로 상장된 후 대통령령으로 정하는 기간 이내에 그 증권에 대한 조사분석자료를 공표하거나 특정인에게
제공하는 행위
가. 주권
나. 대통령령으로 정하는 주권 관련 사채권
다. 가목 또는 나목과 관련된 증권예탁증권
5. 투자권유대행인 및 투자권유자문인력이 아닌 자에게 투자권유를 하게 하는 행위
6. 투자자로부터 금융투자상품에 대한 투자판단의 전부 또는 일부를 일임받아 투자자별로 구분하여 금융투자상품
을 취득ㆍ처분, 그 밖의 방법으로 운용하는 행위. 다만, 투자일임업으로서 행하는 경우와 제7조제4항에 해당하는
경우에는 이를 할 수 있다.
7. 그 밖에 투자자 보호 또는 건전한 거래질서를 해할 우려가 있는 행위로서 대통령령으로 정하는 행위
 
제72조(신용공여) ① 투자매매업자 또는 투자중개업자는 증권과 관련하여 금전의 융자 또는 증권의 대여의 방법으로
투자자에게 신용을 공여할 수 있다. 다만, 투자매매업자는 증권의 인수일부터 3개월 이내에 투자자에게 그 증권을 매
수하게 하기 위하여 그 투자자에게 금전의 융자, 그 밖의 신용공여를 하여서는 아니 된다.
② 제1항에 따른 신용공여의 기준 및 방법에 관하여 필요한 사항은 대통령령으로 정한다.
 
제73조(매매명세의 통지) 투자매매업자 또는 투자중개업자는 금융투자상품의 매매가 체결된 경우에는 그 명세를 대통
령령으로 정하는 방법에 따라 투자자에게 통지하여야 한다.
 
제74조(투자자예탁금의 별도예치) ① 투자매매업자 또는 투자중개업자는 투자자예탁금(투자자로부터 금융투자상품의
매매, 그 밖의 거래와 관련하여 예탁받은 금전을 말한다. 이하 같다)을 고유재산과 구분하여 증권금융회사에 예치(預
置) 또는 신탁하여야 한다.
② 겸영금융투자업자 중 대통령령으로 정하는 투자매매업자 또는 투자중개업자는 제1항에 불구하고 투자자예탁금
을 제1항에 따른 예치 또는 신탁 외에 신탁업자(증권금융회사를 제외한다. 이하 이 조에서 같다)에게 신탁할 수 있
다. 이 경우 그 투자매매업자 또는 투자중개업자가 신탁업을 영위하는 경우에는 「신탁법」 제3조제1항에 불구하고
자기계약을 할 수 있다.<개정 2011. 7. 25.>
③ 투자매매업자 또는 투자중개업자는 제1항 또는 제2항에 따라 증권금융회사 또는 신탁업자(이하 이 조에서 “예치
기관”이라 한다)에게 투자자예탁금을 예치 또는 신탁하는 경우에는 그 투자자예탁금이 투자자의 재산이라는 뜻을
밝혀야 한다.
④ 누구든지 제1항 또는 제2항에 따라 예치기관에 예치 또는 신탁한 투자자예탁금을 상계(相計)ㆍ압류(가압류를 포
함한다)하지 못하며, 투자자예탁금을 예치 또는 신탁한 투자매매업자 또는 투자중개업자(이하 이 조에서 “예치금융
투자업자”라 한다)는 대통령령으로 정하는 경우 외에는 예치기관에 예치 또는 신탁한 투자자예탁금을 양도하거나
담보로 제공하여서는 아니 된다.
⑤ 예치기관은 예치금융투자업자가 다음 각 호의 어느 하나에 해당하게 된 경우에는 투자자의 청구에 따라 예치 또
는 신탁된 투자자예탁금을 대통령령으로 정하는 방법과 절차에 따라 그 투자자에게 우선하여 지급하여야 한다.<개
정 2021. 6. 8.>
법제처                                                            27                                                       국가법령정보센터
자본시장과 금융투자업에 관한 법률
1. 인가가 취소된 경우
2. 해산의 결의를 한 경우
3. 파산선고를 받은 경우
4. 제6조제1항제1호 및 제2호의 금융투자업 전부 양도가 승인된 경우
5. 제6조제1항제1호 및 제2호의 금융투자업 전부 폐지가 승인된 경우
6. 제6조제1항제1호 및 제2호의 금융투자업 전부의 정지명령을 받은 경우
7. 그 밖에 제1호부터 제6호까지의 사유에 준하는 사유가 발생한 경우
⑥ 금융위원회는 제5항 각 호의 어느 하나에 해당하는 사유가 발생한 경우 그 사실을 해당 예치금융투자업자, 예치
기관 및 「예금자보호법」에 따른 예금보험공사(이하 “예금보험공사”라 한다)에 즉시 통지하여야 한다.<신설 2021. 6.
8.>
⑦ 제6항에 따라 통지를 받은 예치기관은 투자자예탁금 별도예치 관련 정보를 예금보험공사에 제공하여야 하고, 그
통지를 받은 날부터 2개월 이내에 투자자예탁금의 지급시기ㆍ지급장소, 그 밖에 투자자예탁금의 지급과 관련된 사
항을 둘 이상의 일간신문과 인터넷 홈페이지 등을 이용하여 공고하여야 한다. 다만, 예치기관은 불가피한 사유가 발
생하여 그 기간 내에 공고를 할 수 없는 경우에는 금융위원회의 확인을 받아 1개월의 범위에서 그 기간을 연장할
수 있다.<신설 2021. 6. 8.>
⑧ 예치기관은 제5항에 따른 투자자예탁금을 지급할 때 투자자가 「예금자보호법」 제21조의2제1항에 따른 부실관
련자에 해당하거나 부실관련자와 대통령령으로 정하는 특수관계에 있는 경우에는 그 투자자예탁금에 대하여 대통
령령으로 정하는 바에 따라 제7항에 따른 투자자예탁금의 지급시기 등의 공고일부터 6개월의 범위에서 그 지급을
보류할 수 있다.<신설 2021. 6. 8.>
⑨ 예치금융투자업자는 제5항 각 호의 어느 하나에 해당하는 사유가 발생한 경우 「금융실명거래 및 비밀보장에 관
한 법률」 제4조제1항 및 「신용정보의 이용 및 보호에 관한 법률」 제32조ㆍ제33조에도 불구하고 「금융실명거래 및
비밀보장에 관한 법률」 제4조에 따른 금융거래의 내용에 대한 정보 또는 자료 및 「신용정보의 이용 및 보호에 관한
법률」 제32조제1항에 따른 개인신용정보를 다음 각 호의 사항에 관하여 금융위원회가 정하는 방법과 절차에 따라
예치기관에 투자자예탁금 지급에 이용하게 할 목적으로 제공할 수 있다.<신설 2021. 6. 8.>
1. 제공할 수 있는 정보의 범위
2. 투자자정보의 암호화 등 처리방법
3. 투자자정보의 분리 보관
4. 투자자정보의 이용기간 및 이용목적
5. 이용기간 경과 시 투자자정보의 삭제
6. 그 밖에 투자자정보의 엄격한 관리를 위하여 대통령령으로 정하는 사항
⑩ 제5항에 따라 예치기관이 투자자예탁금을 투자자에게 직접 지급한 경우 예치금융투자업자에 대한 예치기관의
투자자예탁금 지급채무와 투자자에 대한 예치금융투자업자의 투자자예탁금 지급채무는 그 범위에서 각각 소멸한
것으로 본다.<신설 2021. 6. 8.>
⑪ 예치기관은 그 예치기관이 제5항 각 호의 어느 하나에 해당하게 된 경우에는 예치금융투자업자에게 예치 또는
신탁받은 투자자예탁금을 우선하여 지급하여야 한다.<개정 2021. 6. 8.>
⑫ 예치기관은 다음 각 호의 어느 하나에 해당하는 방법으로 투자자예탁금을 운용하여야 한다.<개정 2021. 6. 8.>
1. 국채증권 또는 지방채증권의 매수
2. 정부ㆍ지방자치단체 또는 대통령령으로 정하는 금융기관이 지급을 보증한 채무증권의 매수
3. 그 밖에 투자자예탁금의 안정적 운용을 해할 우려가 없는 것으로서 대통령령으로 정하는 방법
⑬ 제1항 또는 제2항에 따라 투자매매업자 또는 투자중개업자가 예치기관에 예치 또는 신탁하여야 하는 투자자예
탁금의 범위, 예치 또는 신탁의 비율, 예치 또는 신탁한 투자자예탁금의 인출, 예치기관의 투자자예탁금 관리, 그 밖
에 투자자예탁금의 예치 또는 신탁에 관하여 필요한 사항은 대통령령으로 정한다. 이 경우 예치 또는 신탁의 비율은
투자매매업자 또는 투자중개업자의 재무상황 등을 고려하여 인가받은 투자매매업자 또는 투자중개업자별로 달리
정할 수 있다.<개정 2021. 6. 8.>
법제처                                                            28                                                       국가법령정보센터
자본시장과 금융투자업에 관한 법률
제75조(투자자 예탁증권의 예탁) ①투자매매업자 또는 투자중개업자는 금융투자상품의 매매, 그 밖의 거래에 따라 보
관하게 되는 투자자 소유의 증권(대통령령으로 정하는 것을 포함한다)을 예탁결제원에 지체 없이 예탁하여야 한다.
다만, 해당 증권의 유통 가능성, 다른 법령에 따른 유통방법이 있는지 여부, 예탁의 실행 가능성 등을 고려하여 대통
령령으로 정하는 경우에는 예탁결제원에 예탁하지 아니할 수 있다. <개정 2013. 5. 28.>
② 투자매매업자 또는 투자중개업자가 제1항 본문에 따라 외화증권을 예탁결제원에 예탁하는 경우에는 대통령령으
로 정하는 방법에 따라 예탁하여야 한다.<신설 2013. 5. 28.>
 
제76조(집합투자증권 판매 등에 관한 특례) ① 투자매매업자 또는 투자중개업자는 집합투자증권을 판매하는 경우 투자
자가 집합투자증권의 취득을 위하여 금전등을 납입한 후 최초로 산정되는 기준가격(제238조제6항에 따른 기준가격
을 말한다. 이하 같다)으로 판매하여야 한다. 다만, 투자자의 이익을 해할 우려가 없는 경우로서 대통령령으로 정하는
경우에는 대통령령으로 정하는 기준가격으로 판매하여야 한다.
② 투자매매업자 또는 투자중개업자는 제92조제1항(제186조제2항에서 준용하는 경우를 포함한다)에 따른 통지를
받은 경우에는 해당 집합투자증권을 판매하여서는 아니 된다. 다만, 제92조제2항(제186조제2항에서 준용하는 경우
를 포함한다)에 따른 통지를 받은 경우에는 판매를 다시 시작할 수 있다.
③ 투자매매업자 또는 투자중개업자는 집합투자기구가 제182조에 따라 등록되기 전에는 해당 집합투자증권을 판
매하거나 판매를 위한 광고를 하여서는 아니 된다. 다만, 투자자의 이익을 해할 우려가 없는 경우로서 대통령령으로
정하는 경우에는 판매를 위한 광고를 할 수 있다.
④ 투자매매업자 또는 투자중개업자는 집합투자증권의 판매와 관련하여 판매수수료(집합투자증권을 판매하는 행위
에 대한 대가로 투자자로부터 직접 받는 금전을 말한다. 이하 같다) 및 판매보수(집합투자증권을 판매한 투자매매업
자, 투자중개업자가 투자자에게 지속적으로 제공하는 용역의 대가로 집합투자기구로부터 받는 금전을 말한다. 이하
같다)를 받는 경우 집합투자기구의 운용실적에 연동(連動)하여 판매수수료 또는 판매보수를 받아서는 아니 된다.
<개정 2009. 2. 3.>
⑤ 제4항의 판매수수료 및 판매보수는 다음 각 호의 한도를 초과하여서는 아니 된다.<개정 2010. 3. 12., 2015. 7.
24.>
1. 판매수수료: 납입금액 또는 환매금액의 100분의 3 이하로서 대통령령으로 정하는 한도
2. 판매보수: 집합투자재산의 연평균가액의 1천분의 15 이하로서 대통령령으로 정하는 한도
⑥ 제5항에 따른 판매수수료 및 판매보수의 한도의 구체적인 설정방법, 부과방법, 그 밖에 판매수수료 및 판매보수
에 관하여 필요한 사항은 대통령령으로 정한다.<신설 2010. 3. 12.>
 
제77조(투자성 있는 예금ㆍ보험에 대한 특례) ① 은행이 투자성 있는 예금계약, 그 밖에 이에 준하는 것으로서 대통령
령으로 정하는 계약을 체결하는 경우에는 제12조에 따라 투자매매업에 관한 금융투자업인가를 받은 것으로 본다. 이
경우 제15조, 제39조부터 제45조까지, 제56조, 제58조, 제61조부터 제65조까지 및 제2편제2장ㆍ제3장ㆍ제4장제2절
제1관을 적용하지 아니하며, 제3편제1장은 투자성 있는 외화예금계약을 체결하는 경우에 대하여는 적용하지 아니한
다. <개정 2013. 5. 28., 2020. 3. 24.>
② 보험회사(「보험업법」 제2조제8호부터 제10호까지의 자를 포함한다)가 투자성 있는 보험계약을 체결하거나 그
중개 또는 대리를 하는 경우에는 제12조에 따라 투자매매업 또는 투자중개업에 관한 금융투자업인가를 받은 것으
로 본다. 이 경우 제15조, 제39조부터 제45조까지, 제51조부터 제53조까지, 제56조, 제58조, 제61조부터 제65조까지
, 제2편제2장ㆍ제3장ㆍ제4장제2절제1관 및 제3편제1장을 적용하지 아니한다.<개정 2020. 3. 24.>
 
제77조의2(종합금융투자사업자의 지정 등) ① 금융위원회는 투자매매업자 또는 투자중개업자로서 다음 각 호의 기준
을 모두 충족하는 자를 종합금융투자사업자로 지정할 수 있다.
1. 「상법」에 따른 주식회사일 것
2. 증권에 관한 인수업을 영위할 것
3. 3조원 이상으로서 대통령령으로 정하는 금액 이상의 자기자본을 갖출 것
법제처                                                            29                                                       국가법령정보센터
자본시장과 금융투자업에 관한 법률
4. 그 밖에 해당 투자매매업자 또는 투자중개업자의 신용공여 업무수행에 따른 위험관리 능력 등을 고려하여 대통
령령으로 정하는 기준
② 투자매매업자 또는 투자중개업자로서 종합금융투자사업자로 지정받고자 하는 자는 금융위원회에 신청하여야
한다.
③ 금융위원회는 제1항에 따른 종합금융투자사업자의 지정을 위하여 필요한 경우에는 자료의 제출을 요청할 수 있
다.
④ 금융위원회는 종합금융투자사업자가 다음 각 호의 어느 하나에 해당하는 경우에는 제1항에 따른 지정을 취소할
수 있다.
1. 거짓, 그 밖의 부정한 방법으로 지정받은 경우
2. 제1항 각 호의 기준을 충족하지 못하는 경우
⑤ 제1항 및 제4항에 따른 지정 및 지정취소 절차 등에 관한 세부적인 사항은 대통령령으로 정한다.
⑥ 제1항제3호에 따른 자기자본의 구체적인 세부기준은 금융위원회가 정하여 고시한다.
[본조신설 2013. 5. 28.]
 
제77조의3(종합금융투자사업자에 관한 특례) ① 종합금융투자사업자가 아니고는 전담중개업무를 영위할 수 없다.
② 종합금융투자사업자는 일반 사모집합투자기구등 중 투자대상, 차입 여부 등을 감안하여 대통령령으로 정하는 자
에 대하여 전담중개업무를 제공하는 경우에는 미리 해당 일반 사모집합투자기구등, 그 밖에 대통령령으로 정하는
자와 다음 각 호의 사항을 포함하는 내용에 관한 계약을 체결하여야 한다.<개정 2015. 7. 24., 2021. 4. 20.>
1. 전담중개업무와 관련된 종합금융투자사업자와 일반 사모집합투자기구등의 역할 및 책임에 관한 사항
2. 종합금융투자사업자가 일반 사모집합투자기구등의 재산을 제삼자에 대한 담보, 대여, 그 밖에 대통령령으로 정하
는 방법으로 이용하는 경우 그 이용에 관한 사항
3. 종합금융투자사업자가 제2호에 따라 이용한 일반 사모집합투자기구등의 재산 현황 등에 관한 정보를 일반 사모
집합투자기구등에게 제공하는 절차 및 방법
4. 그 밖에 대통령령으로 정하는 사항
③ 종합금융투자사업자는 이 법 또는 다른 금융관련 법령에도 불구하고 다음 각 호의 업무를 영위할 수 있다.
1. 기업에 대한 신용공여 업무
2. 그 밖에 해당 종합금융투자사업자의 건전성, 해당 업무의 효율적 수행에 이바지할 가능성 등을 고려하여 종합금
융투자사업자에만 허용하는 것이 적합한 업무로서 대통령령으로 정하는 것
④ 종합금융투자사업자가 전담중개업무를 영위하는 경우에는 제72조에도 불구하고 증권 외의 금전등에 대한 투자
와 관련하여 일반 사모집합투자기구등에 신용공여를 할 수 있다. 이 경우 종합금융투자사업자는 일반 사모집합투자
기구등의 신용공여와 관련한 위험수준에 대하여 평가하고 적정한 수준으로 관리하여야 한다.<신설 2018. 3. 27.,
2021. 4. 20.>
⑤ 종합금융투자사업자가 제3항제1호, 제4항 또는 제72조제1항 본문에 따라 신용공여를 하는 경우에는 신용공여의
총 합계액이 자기자본의 100분의 200을 초과하여서는 아니 된다. 다만, 종합금융투자사업자 업무의 특성, 해당 신
용공여가 종합금융투자사업자의 건전성에 미치는 영향 등을 고려하여 대통령령으로 정하는 경우에는 그러하지 아
니하다.<개정 2018. 3. 27.>
⑥ 종합금융투자사업자가 제3항제1호, 제4항 또는 제72조제1항 본문에 따라 신용공여를 하는 경우에는 다음 각 호
의 신용공여를 제외한 신용공여의 합계액이 자기자본의 100분의 100을 초과하여서는 아니 된다.<신설 2018. 3.
27.>
1. 제71조제3호에 따른 기업금융업무 관련 신용공여
2. 「중소기업기본법」 제2조제1항에 따른 중소기업에 대한 신용공여
⑦ 종합금융투자사업자가 제3항제1호에 따라 신용공여를 하는 경우 동일한 법인 및 그 법인과 대통령령으로 정하
는 신용위험을 공유하는 자에 대하여 그 종합금융투자사업자의 자기자본의 100분의 25의 범위에서 대통령령으로
정하는 비율에 해당하는 금액을 초과하는 신용공여를 할 수 없다.<개정 2018. 3. 27.>
법제처                                                            30                                                       국가법령정보센터
자본시장과 금융투자업에 관한 법률
⑧ 종합금융투자사업자가 추가로 신용공여를 하지 아니하였음에도 불구하고 자기자본의 변동, 동일차주 구성의 변
동 등으로 인하여 제5항부터 제7항까지의 한도를 초과하게 되는 경우에는 그 한도를 초과하게 된 날부터 1년 이내
에 그 한도에 적합하도록 하여야 한다.<개정 2018. 3. 27.>
⑨ 종합금융투자사업자는 그와 계열회사의 관계에 있는 법인(대통령령으로 정하는 해외법인을 포함한다. 이하 이
항에서 같다)에 대하여 제3항제1호에 따른 신용공여를 하거나 또는 그 법인이 운용하는 일반 사모집합투자기구에
대하여 전담중개업무를 제공하여서는 아니 된다. 다만, 종합금융투자사업자가 발행주식총수 또는 출자총액의
100분의 50 이상을 소유 또는 출자하거나 대통령령으로 정하는 기준에 의하여 사실상 경영을 지배하는 해외현지법
인에 대해서는 대통령령으로 정하는 바에 따라 제3항제1호에 따른 신용공여를 할 수 있다.<개정 2015. 7. 24., 2018.
3. 27., 2020. 12. 29., 2021. 4. 20.>
⑩ 종합금융투자사업자에 대하여는 「한국은행법」과 「은행법」을 적용하지 아니한다.<개정 2018. 3. 27.>
⑪ 제3항제1호에 따른 신용공여의 구체적 범위 등에 관하여 필요한 사항은 대통령령으로 정한다.<개정 2018. 3.
27.>
[본조신설 2013. 5. 28.]
 
제78조(다자간매매체결회사에 관한 특례) ① 다자간매매체결회사는 다자간매매체결업무를 함에 있어서 다음 각 호의
사항에 대하여 대통령령으로 정하는 업무기준을 준수하여야 한다.
1. 매매체결대상상품 및 다자간매매체결회사에서의 거래에 참가하는 자(이하 이 조, 제402조 및 제404조에서 “거래
참가자”라 한다)에 관한 사항
2. 매매체결대상상품의 매매정지 및 그 해제에 관한 사항
3. 매매확인 등 매매계약의 체결에 관한 사항과 채무인수ㆍ차감 및 결제방법ㆍ결제책임 등 청산ㆍ결제에 관한 사항
4. 증거금 등 거래참가자의 매매수탁에 관한 사항
5. 매매체결대상상품의 발행인 등의 신고ㆍ공시에 관한 사항
6. 매매결과의 공표 및 보고에 관한 사항
7. 다자간매매체결업무의 개폐ㆍ정지 및 중단에 관한 사항
8. 그 밖에 다자간매매체결업무의 수행과 관련하여 필요한 사항
② 제40조, 제68조, 제72조, 제73조 및 제419조제2항부터 제4항까지의 규정은 다자간매매체결회사에는 적용하지
아니한다.<개정 2025. 3. 6.>
③ 금융위원회가 지정하는 거래소(이하 이 조, 제402조 및 제404조에서 “지정거래소”라 한다)는 다자간매매체결회
사에서의 투자자 보호 및 건전한 거래질서를 위하여 다음 각 호의 사항을 감시할 수 있다.
1. 매매체결대상상품의 매매에 관한 청약 또는 주문이나 거래참가자가 다자간매매체결회사에 제출하는 호가의 상
황
2. 매매체결대상상품에 관련된 풍문ㆍ제보나 보도
3. 매매체결대상상품의 발행인 등에 관한 신고 또는 공시
4. 그 밖에 매매체결대상상품의 가격 형성이나 거래량에 영향을 미치는 상황 또는 요인으로서 대통령령으로 정하는
것
④ 지정거래소는 다음 각 호의 어느 하나에 해당하는 경우에는 거래참가자에게 그 사유를 밝힌 서면으로 관련 자료
의 제출을 요청하거나, 거래참가자에 대하여 그와 관련된 업무ㆍ재산상황ㆍ장부ㆍ서류, 그 밖의 물건을 감리할 수
있다. 이 경우 제404조제2항 및 제3항을 준용한다.
1. 제377조제1항제8호에서 정하는 이상거래의 혐의가 있다고 인정되는 매매체결대상상품의 종목 또는 매매 품목의
거래상황을 파악하기 위한 경우
2. 거래참가자가 제1항에 따른 업무기준을 준수하는지를 확인하기 위한 경우
⑤ 누구든지 다음 각 호의 어느 하나에 해당하는 경우를 제외하고는 다자간매매체결회사의 의결권 있는 발행주식
총수의 100분의 15를 초과하여 다자간매매체결회사가 발행한 주식을 소유할 수 없다. 이 경우 제406조제2항부터
제4항까지 및 제407조를 준용한다.
법제처                                                            31                                                       국가법령정보센터
자본시장과 금융투자업에 관한 법률
1. 집합투자기구가 소유하는 경우(사모집합투자기구가 소유하는 경우는 제외한다)
2. 정부가 소유하는 경우
3. 그 밖에 대통령령으로 정하는 바에 따라 금융위원회의 승인을 받아 소유하는 경우
⑥ 제383조제1항ㆍ제2항, 제408조 및 제413조는 다자간매매체결회사에 준용한다.
⑦ 다자간매매체결회사(제8조의2제5항제1호의 방법에 따라 매매가격을 결정하는 다자간매매체결회사는 제외한다
)는 매매체결대상상품의 거래량이 대통령령으로 정하는 기준을 넘는 경우에는 투자자 보호 및 매매체결의 안정성
확보 등을 위하여 대통령령으로 정하는 조치를 하여야 한다.
⑧ 다자간매매체결회사의 업무 방법 및 절차, 그 밖에 공정한 매매가격 형성과 매매체결의 안정성 및 효율성 등의
확보를 위하여 필요한 세부사항은 대통령령으로 정한다.
[전문개정 2013. 5. 28.]
 
           제2관 집합투자업자의 영업행위 규칙
 
제79조(선관의무 및 충실의무) ① 집합투자업자는 투자자에 대하여 선량한 관리자의 주의로써 집합투자재산을 운용하
여야 한다.
② 집합투자업자는 투자자의 이익을 보호하기 위하여 해당 업무를 충실하게 수행하여야 한다.
 
제80조(자산운용의 지시 및 실행) ① 투자신탁의 집합투자업자는 투자신탁재산을 운용함에 있어서 그 투자신탁재산을
보관ㆍ관리하는 신탁업자에 대하여 대통령령으로 정하는 방법에 따라 투자신탁재산별로 투자대상자산의 취득ㆍ처
분 등에 관하여 필요한 지시를 하여야 하며, 그 신탁업자는 집합투자업자의 지시에 따라 투자대상자산의 취득ㆍ처분
등을 하여야 한다. 다만, 집합투자업자는 투자신탁재산의 효율적 운용을 위하여 불가피한 경우로서 대통령령으로 정
하는 경우에는 자신의 명의로 직접 투자대상자산의 취득ㆍ처분 등을 할 수 있다.
② 투자신탁의 집합투자업자(그 투자신탁재산을 보관ㆍ관리하는 신탁업자를 포함한다. 이하 이 항에서 같다)는 제
1항에 따라 투자대상자산의 취득ㆍ처분 등을 한 경우 그 투자신탁재산을 한도로 하여 그 이행 책임을 부담한다. 다
만, 그 집합투자업자가 제64조제1항에 따라 손해배상책임을 지는 경우에는 그러하지 아니하다.<개정 2018. 3. 27.>
③ 집합투자업자는 제1항 단서에 따라 투자대상자산의 취득ㆍ처분 등의 업무를 수행하는 경우에는 투자신탁재산별
로 미리 정하여진 자산배분명세에 따라 취득ㆍ처분 등의 결과를 공정하게 배분하여야 한다. 이 경우 집합투자업자
는 자산배분명세, 취득ㆍ처분 등의 결과, 배분결과 등에 관한 장부 및 서류를 총리령으로 정하는 방법에 따라 작성
하고 이를 유지ㆍ관리하여야 한다.<개정 2008. 2. 29.>
④ 제3항의 자산배분명세 등에 관하여 필요한 사항은 총리령으로 정한다.<개정 2008. 2. 29.>
⑤ 투자신탁을 제외한 집합투자기구의 집합투자업자는 그 집합투자재산을 운용함에 있어서 집합투자기구의 명의
(투자익명조합의 경우에는 그 집합투자업자의 명의를 말한다)로 대통령령으로 정하는 방법에 따라 집합투자재산(투
자신탁재산은 제외한다)별로 투자대상자산의 취득ㆍ처분 등을 하고, 그 집합투자기구의 신탁업자에게 취득ㆍ처분
등을 한 자산의 보관ㆍ관리에 필요한 지시를 하여야 하며, 그 신탁업자는 집합투자업자의 지시에 따라야 한다. 이
경우 집합투자업자가 투자대상자산의 취득ㆍ처분 등을 함에 있어서는 집합투자업자가 그 집합투자기구를 대표한
다는 사실을 표시하여야 한다.<개정 2009. 2. 3.>
 
제81조(자산운용의 제한) ① 집합투자업자는 집합투자재산을 운용(기업성장집합투자업자가 제5항제1호에 따른 주투자
대상기업에 투자하는 경우는 제외한다)할 때 다음 각 호의 행위를 하여서는 아니 된다. 다만, 투자자 보호 및 집합투
자재산의 안정적 운용을 해칠 우려가 없는 경우로서 대통령령으로 정하는 경우에는 각 호의 행위를 할 수 있다. <개
정 2015. 7. 24., 2025. 9. 16.>
1. 집합투자재산을 증권(집합투자증권, 그 밖에 대통령령으로 정하는 증권을 제외하며, 대통령령으로 정하는 투자대
상자산을 포함한다. 이하 이 호에서 같다) 또는 파생상품에 운용함에 있어서 다음 각 목의 어느 하나에 해당하는
행위
법제처                                                            32                                                       국가법령정보센터
자본시장과 금융투자업에 관한 법률
가. 각 집합투자기구 자산총액의 100분의 10 이내의 범위에서 대통령령으로 정하는 비율을 초과하여 동일종목의
증권에 투자하는 행위. 이 경우 동일법인 등이 발행한 증권 중 지분증권(그 법인 등이 발행한 지분증권과 관련
된 증권예탁증권을 포함한다. 이하 이 관에서 같다)과 지분증권을 제외한 증권은 각각 동일종목으로 본다.
나. 각 집합투자업자가 운용하는 전체 집합투자기구 자산총액으로 동일법인 등이 발행한 지분증권 총수의 100분
의 20을 초과하여 투자하는 행위
다. 각 집합투자기구 자산총액으로 동일법인 등이 발행한 지분증권 총수의 100분의 10을 초과하여 투자하는 행
위
라. 대통령령으로 정하는 적격 요건을 갖추지 못한 자와 장외파생상품을 매매하는 행위
마. 파생상품의 매매에 따른 위험평가액이 대통령령으로 정하는 기준을 초과하여 투자하는 행위
바. 파생상품의 매매와 관련하여 기초자산 중 동일법인 등이 발행한 증권(그 법인 등이 발행한 증권과 관련된 증
권예탁증권을 포함한다)의 가격변동으로 인한 위험평가액이 각 집합투자기구 자산총액의 100분의 10을 초과
하여 투자하는 행위
사. 같은 거래상대방과의 장외파생상품 매매에 따른 거래상대방 위험평가액이 각 집합투자기구 자산총액의
100분의 10을 초과하여 투자하는 행위
2. 집합투자재산을 부동산에 운용함에 있어서 다음 각 목의 어느 하나에 해당하는 행위
가. 부동산을 취득한 후 5년 이내의 범위에서 대통령령으로 정하는 기간 이내에 이를 처분하는 행위. 다만, 부동산
개발사업(토지를 택지ㆍ공장용지 등으로 개발하거나 그 토지 위에 건축물, 그 밖의 공작물을 신축 또는 재축하
는 사업을 말한다. 이하 같다)에 따라 조성하거나 설치한 토지ㆍ건축물 등을 분양하는 경우, 그 밖에 투자자 보
호를 위하여 필요한 경우로서 대통령령으로 정하는 경우를 제외한다.
나. 건축물, 그 밖의 공작물이 없는 토지로서 그 토지에 대하여 부동산개발사업을 시행하기 전에 이를 처분하는
행위. 다만, 집합투자기구의 합병ㆍ해지 또는 해산, 그 밖에 투자자 보호를 위하여 필요한 경우로서 대통령령
으로 정하는 경우를 제외한다.
3. 집합투자재산을 집합투자증권(제279조제1항의 외국 집합투자증권을 포함한다. 이하 이 호에서 같다)에 운용함에
있어서 다음 각 목의 어느 하나에 해당하는 행위
가. 각 집합투자기구 자산총액의 100분의 50을 초과하여 같은 집합투자업자(제279조제1항의 외국 집합투자업자
를 포함한다)가 운용하는 집합투자기구(제279조제1항의 외국 집합투자기구를 포함한다)의 집합투자증권에 투
자하는 행위
나. 각 집합투자기구 자산총액의 100분의 20을 초과하여 같은 집합투자기구(제279조제1항의 외국 집합투자기구
를 포함한다)의 집합투자증권에 투자하는 행위
다. 집합투자증권에 자산총액의 100분의 40을 초과하여 투자할 수 있는 집합투자기구(제279조제1항의 외국 집합
투자기구를 포함한다)의 집합투자증권에 투자하는 행위
라. 각 집합투자기구 자산총액의 100분의 5 이내에서 대통령령으로 정하는 비율을 초과하여 사모집합투자기구
(사모집합투자기구에 상당하는 외국 사모집합투자기구를 포함한다)의 집합투자증권에 투자하는 행위
마. 각 집합투자기구의 집합투자재산으로 같은 집합투자기구(제279조제1항의 외국 집합투자기구를 포함한다)의
집합투자증권 총수의 100분의 20을 초과하여 투자하는 행위. 이 경우 그 비율의 계산은 투자하는 날을 기준으
로 한다.
바. 집합투자기구의 집합투자증권을 판매하는 투자매매업자 또는 투자중개업자가 받는 판매수수료 및 판매보수
와 그 집합투자기구가 투자하는 다른 집합투자기구(제279조제1항의 외국 집합투자기구를 포함한다)의 집합투
자증권을 판매하는 투자매매업자{외국 투자매매업자(외국 법령에 따라 외국에서 투자매매업에 상당하는 영업
을 영위하는 자를 말한다)를 포함한다} 또는 투자중개업자{외국 투자중개업자(외국 법령에 따라 외국에서 투자
중개업에 상당하는 영업을 영위하는 자를 말한다)를 포함한다}가 받는 판매수수료 및 판매보수의 합계가 대통
령령으로 정하는 기준을 초과하여 집합투자증권에 투자하는 행위
4. 그 밖에 투자자 보호 또는 집합투자재산의 안정적 운용 등을 해할 우려가 있는 행위로서 대통령령으로 정하는 행
위
법제처                                                            33                                                       국가법령정보센터
자본시장과 금융투자업에 관한 법률
② 제1항제1호마목의 위험평가액, 같은 항 같은 호 바목의 위험평가액 및 같은 항 같은 호 사목의 거래상대방 위험
평가액의 산정방법 등에 관하여 필요한 사항은 금융위원회가 정하여 고시한다.<개정 2008. 2. 29.>
③ 집합투자재산에 속하는 투자대상자산의 가격 변동 등 대통령령으로 정하는 사유로 불가피하게 제1항에 따른 투
자한도를 초과하게 된 경우에는 초과일부터 대통령령으로 정하는 기간까지는 그 투자한도에 적합한 것으로 본다.
④ 제1항제1호가목 및 마목부터 사목까지와 제3호가목ㆍ나목, 제229조 각 호에 따른 투자비율은 집합투자기구의
최초 설정일 또는 설립일부터 6개월(제229조제2호에 따른 부동산집합투자기구와 같은 조 제6호에 따른 기업성장집
합투자기구의 경우 1년) 이내의 범위에서 대통령령으로 정하는 기간까지는 적용하지 아니한다.<개정 2009. 2. 3.,
2016. 3. 29., 2025. 9. 16.>
⑤ 기업성장집합투자업자는 제229조제6호에 따른 기업성장집합투자기구의 집합투자재산을 운용할 때 다음 각 호
의 행위를 하여서는 아니 된다. 다만, 가격 변동 등 대통령령으로 정하는 불가피한 사유로 제1호부터 제4호까지를
위반하게 된 경우에는 해당 행위를 그 위반한 날부터 대통령령으로 정하는 기간까지 제1호부터 제4호까지를 위반
한 것으로 보지 아니한다.<신설 2025. 9. 16.>
1. 성장가능성이 높은 「벤처기업육성에 관한 특별법」에 따른 벤처기업 등 대통령령으로 정하는 법인 또는 조합 등
(이하 “주투자대상기업”이라 한다)에 대하여 제229조제6호에 따른 금액 이하의 집합투자재산을 투자하는 행위
2. 각 기업성장집합투자기구 자산총액의 100분의 10 이하로서 대통령령으로 정하는 비율을 초과하여 동일한 주투
자대상기업에 동일방식으로 투자하는 행위. 이 경우 동일법인 등이 발행한 지분증권에 투자하는 방식과 그 외의
투자방식은 각각 동일방식으로 본다.
3. 주투자대상기업이 발행한 지분증권 총수의 100분의 50 이하로서 대통령령으로 정하는 비율(동일한 기업성장집
합투자업자가 설정ㆍ설립한 기업성장집합투자기구가 둘 이상인 경우에는 동일한 기업성장집합투자업자가 설정
ㆍ설립한 기업성장집합투자기구가 투자한 지분증권 수를 모두 더한 지분증권 수를 주투자대상기업이 발행한 지
분증권 총수로 나눈 비율을 말한다)을 초과하여 투자하는 행위
4. 각 기업성장집합투자기구 자산총액의 100분의 10 이상으로서 대통령령으로 정하는 비율 미만의 집합투자재산을
다음 각 목의 자산으로 보유하는 행위
가. 국채증권, 지방채증권, 특수채증권
나. 「한국은행법」 제69조에 따른 한국은행통화안정증권
다. 국가나 지방자치단체가 원리금의 지급을 보증한 채권
라. 현금
마. 대통령령으로 정하는 금융기관에의 예치
바. 그 밖에 금융투자업자의 경영건전성을 저해하지 아니하고 투자성이 낮거나 없는 것으로서 대통령령으로 정하
는 자산
5. 주투자대상기업에 투자한 재산 외의 집합투자재산을 제229조제2호의 부동산에 투자하는 행위
6. 성장가능성 등에 대하여 대통령령으로 정하는 방법에 따른 평가를 거치지 아니한 주투자대상기업에 투자하는 행
위
7. 그 밖에 투자자 보호 또는 집합투자재산의 안정적 운용 등을 해칠 우려가 있는 행위로서 대통령령으로 정하는 행
위
 
제82조(자기집합투자증권의 취득 제한) 투자신탁이나 투자익명조합의 집합투자업자는 집합투자기구의 계산으로 그 집
합투자기구의 집합투자증권을 취득하거나 질권의 목적으로 받지 못한다. 다만, 다음 각 호의 어느 하나에 해당하는
경우에는 집합투자기구의 계산으로 그 집합투자기구의 집합투자증권을 취득할 수 있다.
1. 담보권의 실행 등 권리 행사에 필요한 경우. 이 경우 취득한 집합투자증권은 대통령령으로 정하는 방법에 따라
처분하여야 한다.
2. 제191조에 따라 수익증권을 매수하는 경우
 
제83조(금전차입 등의 제한) ① 집합투자업자는 집합투자재산을 운용함에 있어서 집합투자기구의 계산으로 금전을 차
입(借入)하지 못한다. 다만, 다음 각 호의 어느 하나에 해당하는 경우에는 집합투자기구의 계산으로 금전을 차입할
법제처                                                            34                                                       국가법령정보센터
자본시장과 금융투자업에 관한 법률
수 있다. <개정 2018. 3. 27.>
1. 제235조에 따른 집합투자증권의 환매청구가 대량으로 발생하여 일시적으로 환매대금의 지급이 곤란한 때
2. 제191조 및 제201조제4항에 따른 매수청구가 대량으로 발생하여 일시적으로 매수대금의 지급이 곤란한 때
3. 그 밖에 집합투자기구의 운용 및 결제 과정에서 일시적으로 금전의 차입이 필요하고 투자자 보호 및 건전한 거래
질서를 해할 우려가 없는 때로서 대통령령으로 정하는 때
② 제1항에 따라 집합투자기구의 계산으로 금전을 차입하는 경우 그 차입금의 총액은 차입 당시 집합투자기구 자산
총액에서 부채총액을 뺀 가액의 100분의 10을 초과하여서는 아니 된다.<개정 2015. 7. 24.>
③ 제1항에 따른 금전차입의 방법, 차입금 상환 전 투자대상자산의 취득 제한 등에 관하여 필요한 사항은 대통령령
으로 정한다.
④ 집합투자업자는 집합투자재산을 운용할 때 집합투자재산 중 금전을 대여하여서는 아니 된다. 다만, 다음 각 호의
경우에는 금전을 대여할 수 있다.<개정 2025. 9. 16.>
1. 대통령령으로 정하는 금융기관에 30일 이내의 단기대출을 하는 경우
2. 제229조제6호에 따른 기업성장집합투자기구가 전체 주투자대상기업에 대한 투자금액의 100분의 50 이하로서
대통령령으로 정하는 한도 내에서 금전 대여의 절차ㆍ방법 등 대통령령으로 정하는 기준에 따라 주투자대상기업
에 금전을 대여하는 경우
⑤ 집합투자업자는 집합투자재산을 운용함에 있어서 집합투자재산으로 해당 집합투자기구 외의 자를 위하여 채무
보증 또는 담보제공을 하여서는 아니 된다.
 
제84조(이해관계인과의 거래제한 등) ① 집합투자업자는 집합투자재산을 운용함에 있어서 대통령령으로 정하는 이해
관계인(이하 이 절에서 “이해관계인”이라 한다)과 거래행위를 하여서는 아니 된다. 다만, 집합투자기구와 이해가 상
충될 우려가 없는 거래로서 다음 각 호의 어느 하나에 해당하는 거래의 경우에는 이를 할 수 있다.
1. 이해관계인이 되기 6개월 이전에 체결한 계약에 따른 거래
2. 증권시장 등 불특정다수인이 참여하는 공개시장을 통한 거래
3. 일반적인 거래조건에 비추어 집합투자기구에 유리한 거래
4. 그 밖에 대통령령으로 정하는 거래
② 집합투자업자는 제1항 단서에 따라 허용되는 이해관계인과의 거래가 있는 경우 또는 이해관계인의 변경이 있는
경우에는 그 내용을 해당 집합투자재산을 보관ㆍ관리하는 신탁업자에게 즉시 통보하여야 한다.
③ 집합투자업자는 집합투자재산을 운용함에 있어서 집합투자기구의 계산으로 그 집합투자업자가 발행한 증권(제
189조의 수익증권을 제외한다)을 취득하여서는 아니 된다.
④ 집합투자업자는 집합투자재산을 운용함에 있어서 대통령령으로 정하는 한도를 초과하여 그 집합투자업자의 계
열회사가 발행한 증권(제189조의 수익증권, 그 밖에 대통령령으로 정하는 증권을 제외하며, 계열회사가 발행한 지
분증권과 관련한 증권예탁증권 및 대통령령으로 정하는 투자대상자산을 포함한다. 이하 이 조에서 같다)을 취득하
여서는 아니 된다.
⑤ 제4항에 따른 계열회사가 발행한 증권의 취득 제한에 관하여 필요한 사항은 대통령령으로 정한다.
 
제85조(불건전 영업행위의 금지) 집합투자업자는 다음 각 호의 어느 하나에 해당하는 행위를 하여서는 아니 된다. 다만,
투자자 보호 및 건전한 거래질서를 해할 우려가 없는 경우로서 대통령령으로 정하는 경우에는 이를 할 수 있다.
1. 집합투자재산을 운용함에 있어서 금융투자상품, 그 밖의 투자대상자산의 가격에 중대한 영향을 미칠 수 있는 매
수 또는 매도 의사를 결정한 후 이를 실행하기 전에 그 금융투자상품, 그 밖의 투자대상자산을 집합투자업자 자기
의 계산으로 매수 또는 매도하거나 제삼자에게 매수 또는 매도를 권유하는 행위
2. 자기 또는 대통령령으로 정하는 관계인수인(이하 이 절에서 “관계인수인”이라 한다)이 인수한 증권을 집합투자재
산으로 매수하는 행위
3. 자기 또는 관계인수인이 대통령령으로 정하는 인수업무를 담당한 법인의 특정증권등(제172조제1항의 특정증권
등을 말한다. 이하 이 호에서 같다)에 대하여 인위적인 시세(제176조제2항제1호의 시세를 말한다)를 형성하기 위
하여 집합투자재산으로 그 특정증권등을 매매하는 행위
법제처                                                            35                                                       국가법령정보센터
자본시장과 금융투자업에 관한 법률
4. 특정 집합투자기구의 이익을 해하면서 자기 또는 제삼자의 이익을 도모하는 행위
5. 특정 집합투자재산을 집합투자업자의 고유재산 또는 그 집합투자업자가 운용하는 다른 집합투자재산, 투자일임
재산(투자자로부터 투자판단을 일임받아 운용하는 재산을 말한다. 이하 같다) 또는 신탁재산과 거래하는 행위
6. 제삼자와의 계약 또는 담합 등에 의하여 집합투자재산으로 특정 자산에 교차하여 투자하는 행위
7. 투자운용인력이 아닌 자에게 집합투자재산을 운용하게 하는 행위
8. 그 밖에 투자자 보호 또는 건전한 거래질서를 해할 우려가 있는 행위로서 대통령령으로 정하는 행위
 
제86조(성과보수의 제한) ① 집합투자업자는 집합투자기구의 운용실적에 연동하여 미리 정하여진 산정방식에 따른 보
수(이하 “성과보수”라 한다)를 받아서는 아니 된다. 다만, 다음 각 호의 어느 하나에 해당하는 경우에는 성과보수를
받을 수 있다.
1. 집합투자기구가 사모집합투자기구인 경우
2. 사모집합투자기구 외의 집합투자기구 중 운용보수의 산정방식, 투자자의 구성 등을 고려하여 투자자 보호 및 건
전한 거래질서를 해할 우려가 없는 경우로서 대통령령으로 정하는 경우
② 집합투자업자는 제1항 단서에 따라 성과보수를 받고자 하는 경우에는 그 성과보수의 산정방식, 그 밖에 대통령
령으로 정하는 사항을 해당 투자설명서(제123조제1항에 따른 투자설명서를 말한다) 및 집합투자규약에 기재하여야
한다.
 
제87조(의결권 등) ① 집합투자업자(투자신탁이나 투자익명조합의 집합투자업자에 한한다. 이하 이 조에서 같다)는 투
자자의 이익을 보호하기 위하여 집합투자재산에 속하는 주식의 의결권을 충실하게 행사하여야 한다. <개정 2013. 5.
28.>
1. 삭제<2013. 5. 28.>
2. 삭제<2013. 5. 28.>
3. 삭제<2013. 5. 28.>
② 제1항에도 불구하고 집합투자업자는 다음 각 호의 어느 하나에 해당하는 경우에는 집합투자재산에 속하는 주식
을 발행한 법인의 주주총회에 참석한 주주가 소유하는 주식수에서 집합투자재산에 속하는 주식수를 뺀 주식수의
결의내용에 영향을 미치지 아니하도록 의결권을 행사하여야 한다.<개정 2013. 5. 28.>
1. 다음 각 목의 어느 하나에 해당하는 자가 그 집합투자재산에 속하는 주식을 발행한 법인을 계열회사로 편입하기
위한 경우
가. 그 집합투자업자 및 그와 대통령령으로 정하는 이해관계가 있는 자
나. 그 집합투자업자에 대하여 사실상의 지배력을 행사하는 자로서 대통령령으로 정하는 자
2. 그 집합투자재산에 속하는 주식을 발행한 법인이 그 집합투자업자와 다음 각 목의 어느 하나에 해당하는 관계가
있는 경우
가. 계열회사의 관계가 있는 경우
나. 그 집합투자업자에 대하여 사실상의 지배력을 행사하는 관계로서 대통령령으로 정하는 관계가 있는 경우
3. 그 밖에 투자자 보호 또는 집합투자재산의 적정한 운용을 해할 우려가 있는 경우로서 대통령령으로 정하는 경우
③ 제2항에도 불구하고 집합투자업자는 법인의 합병, 영업의 양도ㆍ양수, 임원의 임면, 정관변경, 그 밖에 이에 준하
는 사항으로서 투자자의 이익에 명백한 영향을 미치는 사항(이하 이 조에서 “주요의결사항”이라 한다)에 대하여 제
2항의 방법에 따라 의결권을 행사하는 경우 집합투자재산에 손실을 초래할 것이 명백하게 예상되는 때에는 제1항
에 따라 의결권을 행사할 수 있다. 다만, 「독점규제 및 공정거래에 관한 법률」 제31조제1항에 따른 상호출자제한기
업집단(이하 “상호출자제한기업집단”이라 한다)에 속하는 집합투자업자는 집합투자재산으로 그와 계열회사의 관계
에 있는 주권상장법인이 발행한 주식을 소유하고 있는 경우에는 다음 각 호의 요건을 모두 충족하는 방법으로만 의
결권을 행사할 수 있다.<개정 2013. 5. 28., 2020. 12. 29.>
1. 그 주권상장법인의 특수관계인(「독점규제 및 공정거래에 관한 법률」 제9조제1항제5호가목에 따른 특수관계인을
말한다)이 의결권을 행사할 수 있는 주식의 수를 합하여 그 법인의 발행주식총수의 100분의 15를 초과하지 아니
하도록 의결권을 행사할 것
법제처                                                            36                                                       국가법령정보센터
자본시장과 금융투자업에 관한 법률
2. 집합투자업자가 제81조제1항 각 호 외의 부분 단서에 따라 같은 항 제1호가목의 투자한도를 초과하여 취득한 주
식은 그 주식을 발행한 법인의 주주총회에 참석한 주주가 소유한 주식수에서 집합투자재산인 주식수를 뺀 주식
수의 결의내용에 영향을 미치지 아니하도록 의결권을 행사할 것
④ 집합투자업자는 제81조제1항, 같은 조 제5항제2호ㆍ제3호 및 제84조제4항에 따른 투자한도를 초과하여 취득한
주식에 대하여는 그 주식의 의결권을 행사할 수 없다.<개정 2025. 9. 16.>
⑤ 집합투자업자는 제삼자와의 계약에 의하여 의결권을 교차하여 행사하는 등 제2항부터 제4항까지의 규정의 적용
을 면하기 위한 행위를 하여서는 아니 된다.<개정 2013. 5. 28.>
⑥ 금융위원회는 집합투자업자가 제2항부터 제5항까지의 규정을 위반하여 집합투자재산에 속하는 주식의 의결권
을 행사한 경우에는 6개월 이내의 기간을 정하여 그 주식의 처분을 명할 수 있다.<개정 2008. 2. 29., 2013. 5. 28.>
⑦ 집합투자업자는 각 집합투자재산에서 대통령령으로 정하는 비율 또는 금액 이상을 소유하는 주식을 발행한 법
인(이하 이 조에서 “의결권공시대상법인”이라 한다)에 대한 의결권 행사 여부 및 그 내용(의결권을 행사하지 아니한
경우에는 그 사유)을 대통령령으로 정하는 방법에 따라 기록ㆍ유지하여야 한다.
⑧ 집합투자업자는 집합투자재산에 속하는 주식 중 대통령령으로 정하는 주식(제9조제15항제3호나목에 따른 주권
상장법인의 경우에는 주식과 관련된 증권예탁증권을 포함한다)의 의결권 행사 내용 등을 다음 각 호의 구분에 따라
공시하여야 한다. 이 경우 공시 방법 등에 관하여 필요한 사항은 대통령령으로 정한다.<개정 2009. 2. 3., 2013. 5.
28.>
1. 제2항 및 제3항에 따라 주요의결사항에 대하여 의결권을 행사하는 경우 : 의결권의 구체적인 행사내용 및 그 사
유
2. 의결권공시대상법인에 대하여 의결권을 행사하는 경우 : 제7항에 따른 의결권의 구체적인 행사내용 및 그 사유
3. 의결권공시대상법인에 대하여 의결권을 행사하지 아니한 경우 : 제7항에 따른 의결권을 행사하지 아니한 구체적
인 사유
⑨ 집합투자업자는 제8항에 따라 의결권 행사 여부에 관한 사항 등을 공시하는 경우에는 투자자가 그 의결권 행사
여부의 적정성 등을 파악하는 데에 필요한 자료로서 대통령령으로 정하는 자료를 함께 공시하여야 한다.
 
제88조(자산운용보고서의 교부) ① 집합투자업자는 자산운용보고서를 작성하여 해당 집합투자재산을 보관ㆍ관리하는
신탁업자의 확인을 받아 3개월마다 1회 이상 해당 집합투자기구의 투자자에게 교부하여야 한다. 다만, 투자자가 수
시로 변동되는 등 투자자의 이익을 해할 우려가 없는 경우로서 대통령령으로 정하는 경우에는 자산운용보고서를 투
자자에게 교부하지 아니할 수 있다. <개정 2009. 2. 3.>
② 집합투자업자는 제1항에 따른 자산운용보고서에 다음 각 호의 사항을 기재하여야 한다.
1. 다음 각 목의 어느 하나에 해당하는 날(이하 이 조에서 “기준일”이라 한다) 현재의 해당 집합투자기구의 자산ㆍ부
채 및 집합투자증권의 기준가격
가. 회계기간의 개시일부터 3개월이 종료되는 날
나. 회계기간의 말일
다. 계약기간의 종료일 또는 존속기간의 만료일
라. 해지일 또는 해산일
2. 직전의 기준일(직전의 기준일이 없는 경우에는 해당 집합투자기구의 최초 설정일 또는 성립일을 말한다)부터 해
당 기준일까지의 기간(이하 이 조에서 “해당 운용기간”이라 한다) 중 운용경과의 개요 및 해당 운용기간 중의 손
익 사항
3. 기준일 현재 집합투자재산에 속하는 자산의 종류별 평가액과 집합투자재산 총액에 대한 각각의 비율
4. 해당 운용기간 중 매매한 주식의 총수, 매매금액 및 대통령령으로 정하는 매매회전율
5. 그 밖에 대통령령으로 정하는 사항
③ 제1항에 따른 자산운용보고서의 교부시기 및 방법, 비용부담 등에 관하여 필요한 사항은 대통령령으로 정한다.
<개정 2009. 2. 3.>
법제처                                                            37                                                       국가법령정보센터
자본시장과 금융투자업에 관한 법률
[제목개정 2009. 2. 3.]
 
제89조(수시공시) ①투자신탁이나 투자익명조합의 집합투자업자는 다음 각 호의 어느 하나에 해당하는 사항이 발생한
경우 대통령령으로 정하는 바에 따라 이를 지체 없이 공시하여야 한다. <개정 2009. 2. 3., 2011. 8. 4., 2021. 4. 20.>
1. 투자운용인력의 변경이 있는 경우 그 사실과 변경된 투자운용인력의 운용경력(운용한 집합투자기구의 명칭, 집
합투자재산의 규모와 수익률을 말한다)
2. 환매연기 또는 환매재개의 결정 및 그 사유(제230조에 따른 환매금지형집합투자기구의 만기를 변경하거나 만기
상환을 거부하는 결정 및 그 사유를 포함한다)
3. 대통령령으로 정하는 부실자산이 발생한 경우 그 명세 및 상각률
4. 집합투자자총회의 결의내용
5. 그 밖에 투자자 보호를 위하여 필요한 사항으로서 대통령령으로 정하는 사항
② 제1항에 따른 수시공시는 다음 각 호의 방법으로 한다.<신설 2009. 2. 3.>
1. 집합투자업자, 집합투자증권을 판매한 투자매매업자 또는 투자중개업자 및 협회의 인터넷 홈페이지를 이용하여
공시하는 방법
2. 집합투자증권을 판매한 투자매매업자 또는 투자중개업자로 하여금 전자우편을 이용하여 투자자에게 알리는 방
법
3. 집합투자업자, 집합투자증권을 판매한 투자매매업자 또는 투자중개업자의 본점과 지점, 그 밖의 영업소에 게시하
는 방법
 
제90조(집합투자재산에 관한 보고 등) ① 집합투자업자(투자신탁이나 투자익명조합의 집합투자업자에 한한다. 이하 이
조에서 같다)는 대통령령으로 정하는 방법에 따라 집합투자재산에 관한 매 분기의 영업보고서를 작성하여 매 분기
종료 후 2개월 이내에 금융위원회 및 협회에 제출하여야 한다. <개정 2008. 2. 29., 2009. 2. 3.>
② 집합투자업자는 집합투자기구에 대하여 다음 각 호의 어느 하나에 해당하는 사유가 발생한 경우 그 사유가 발생
한 날부터 2개월 이내에 제239조에 따른 결산서류를 금융위원회 및 협회에 제출하여야 한다.<개정 2008. 2. 29.>
1. 집합투자기구의 회계기간 종료
2. 집합투자기구의 계약기간 또는 존속기간의 종료
3. 집합투자기구의 해지 또는 해산
③ 금융위원회 및 협회는 제1항 및 제2항에 따라 제출받은 서류를 인터넷 홈페이지 등을 이용하여 공시하여야 한다
.<개정 2008. 2. 29.>
④ 협회는 대통령령으로 정하는 방법에 따라 각 집합투자재산의 순자산가치의 변동명세가 포함된 운용실적을 비교
하여 그 결과를 인터넷 홈페이지 등을 이용하여 공시하여야 한다.
 
제91조(장부ㆍ서류의 열람 및 공시 등) ① 투자자는 집합투자업자(투자신탁이나 투자익명조합의 집합투자업자에 한하
며, 해당 집합투자증권을 판매한 투자매매업자 및 투자중개업자를 포함한다. 이하 이 조에서 같다)에게 영업시간 중
에 이유를 기재한 서면으로 그 투자자에 관련된 집합투자재산에 관한 장부ㆍ서류의 열람이나 등본 또는 초본의 교
부를 청구할 수 있다. 이 경우 그 집합투자업자는 대통령령으로 정하는 정당한 사유가 없는 한 이를 거절하여서는 아
니 된다.
② 제1항에 따른 열람이나 등본 또는 초본의 교부 청구의 대상이 되는 장부ㆍ서류의 범위 등에 관하여 필요한 사항
은 대통령령으로 정한다.
③ 집합투자업자는 집합투자규약을 인터넷 홈페이지 등을 이용하여 공시하여야 한다.
 
제92조(환매연기 등의 통지) ① 집합투자업자(투자신탁이나 투자익명조합의 집합투자업자에 한한다. 이하 이 조에서 같
다)는 다음 각 호의 어느 하나에 해당하는 사유가 발생한 경우 해당 집합투자증권을 판매한 투자매매업자 또는 투자
중개업자에게 이를 즉시 통지하여야 한다. <개정 2021. 4. 20.>
법제처                                                            38                                                       국가법령정보센터
자본시장과 금융투자업에 관한 법률
1. 제237조제1항에 따라 집합투자증권의 환매를 연기한 경우(제230조에 따른 환매금지형집합투자기구의 만기를 변
경하거나 만기상환을 거부하기로 결정한 경우를 포함한다)
2. 제240조제3항에 따른 집합투자기구에 대한 회계감사인의 감사의견이 적정의견이 아닌 경우
3. 그 밖에 투자자에게 미치는 영향이 중대한 사유로서 대통령령으로 정하는 경우
② 집합투자업자는 제1항의 사유가 해소된 경우에는 해당 집합투자증권을 판매한 투자매매업자 또는 투자중개업자
에게 이를 즉시 통지하여야 한다.
 
제93조(파생상품의 운용 특례) ① 집합투자업자는 파생상품 매매에 따른 위험평가액(제81조제1항제1호마목의 위험평
가액을 말한다. 이하 이 조에서 같다)이 대통령령으로 정하는 기준을 초과하여 투자할 수 있는 집합투자기구의 집합
투자재산을 파생상품에 운용하는 경우에는 계약금액, 그 밖에 대통령령으로 정하는 위험에 관한 지표를 인터넷 홈페
이지 등을 이용하여 공시하여야 한다. 이 경우 그 집합투자기구의 투자설명서(제123조제1항에 따른 투자설명서를
말한다)에 해당 위험에 관한 지표의 개요 및 위험에 관한 지표가 공시된다는 사실을 기재하여야 한다.
② 집합투자업자는 장외파생상품 매매에 따른 위험평가액이 대통령령으로 정하는 기준을 초과하여 투자할 수 있는
집합투자기구의 집합투자재산을 장외파생상품에 운용하는 경우에는 장외파생상품 운용에 따른 위험관리방법을 작
성하여 그 집합투자재산을 보관ㆍ관리하는 신탁업자의 확인을 받아 금융위원회에 신고하여야 한다.<개정 2008. 2.
29.>
 
제94조(부동산의 운용 특례) ① 집합투자업자는 제83조제1항 각 호 외의 부분 본문에 불구하고 집합투자재산으로 부동
산을 취득하는 경우(제229조제2호에 따른 부동산집합투자기구는 운용하는 경우를 포함한다)에는 대통령령으로 정
하는 방법에 따라 집합투자기구의 계산으로 금전을 차입할 수 있다. <개정 2016. 3. 29.>
② 집합투자업자는 제83조제4항에 불구하고 집합투자재산으로 부동산개발사업을 영위하는 법인(부동산신탁업자,
그 밖에 대통령령으로 정하는 자를 포함한다)에 대하여 대통령령으로 정하는 방법에 따라 금전을 대여할 수 있다.
③ 집합투자업자는 집합투자재산으로 부동산을 취득하거나 처분하는 경우에는 그 부동산의 현황, 거래가격, 그 밖
에 대통령령으로 정하는 사항이 기재된 실사보고서를 작성ㆍ비치하여야 한다.
④ 집합투자업자는 집합투자재산으로 부동산개발사업에 투자하고자 하는 경우에는 추진일정ㆍ추진방법, 그 밖에
대통령령으로 정하는 사항이 기재된 사업계획서를 작성하여 「감정평가 및 감정평가사에 관한 법률」에 따른 감정평
가법인등으로부터 그 사업계획서가 적정한지의 여부에 대하여 확인을 받아야 하며, 이를 인터넷 홈페이지 등을 이
용하여 공시하여야 한다.<개정 2016. 1. 19., 2020. 4. 7.>
⑤ 투자신탁재산으로 부동산을 취득하는 경우 「부동산등기법」 제81조를 적용할 때에는 그 신탁원부에 수익자를 기
록하지 아니할 수 있다.<개정 2011. 4. 12.>
⑥ 제1항 및 제2항에 따른 금전 차입과 금전 대여의 한도, 차입한 금전의 운용 제한 등에 관하여 필요한 사항은 대
통령령으로 정한다.
 
제95조(청산) ① 금융위원회는 집합투자업을 영위하는 금융투자업자의 청산사무를 감독한다. <개정 2008. 2. 29.>
② 금융위원회는 청산사무 및 재산의 상황을 검사하거나 재산의 공탁명령, 그 밖에 청산의 감독에 필요한 명령을 할
수 있다.<개정 2008. 2. 29.>
③ 금융위원회는 집합투자업을 영위하는 금융투자업자가 금융투자업인가의 취소로 인하여 해산한 경우에는 직권
으로 청산인을 선임한다.<개정 2008. 2. 29.>
④ 금융위원회는 집합투자업을 영위하는 금융투자업자가 법원의 명령 또는 판결에 의하여 해산하는 경우와 청산인
이 없는 경우에는 직권으로 또는 이해관계인의 청구에 의하여 청산인을 선임한다.<개정 2008. 2. 29.>
⑤ 금융위원회는 청산인을 선임한 경우에는 집합투자업을 영위하는 금융투자업자에게 보수를 주게 할 수 있다. 이
경우 보수액은 금융위원회가 정하여 고시한다.<개정 2008. 2. 29.>
⑥ 금융위원회는 청산인이 업무를 집행함에 있어서 현저하게 부적합하거나 중대한 법령 위반사항이 있는 경우에는
직권으로 또는 이해관계인의 청구에 의하여 청산인을 해임할 수 있다.<개정 2008. 2. 29.>
법제처                                                            39                                                       국가법령정보센터
자본시장과 금융투자업에 관한 법률
 
           제3관 투자자문업자 및 투자일임업자의 영업행위 규칙
 
제96조(선관의무 및 충실의무) ① 투자자문업자는 투자자에 대하여 선량한 관리자의 주의로써 투자자문에 응하여야 하
며, 투자일임업자는 투자자에 대하여 선량한 관리자의 주의로써 투자일임재산을 운용하여야 한다.
② 투자자문업자 및 투자일임업자는 투자자의 이익을 보호하기 위하여 해당 업무를 충실하게 수행하여야 한다.
 
제97조(계약의 체결) ① 투자자문업자 또는 투자일임업자는 일반투자자와 투자자문계약 또는 투자일임계약을 체결하
고자 하는 경우에는 다음 각 호의 사항을 기재한 서면자료를 미리 일반투자자에게 교부하여야 한다. <개정 2013. 5.
28.>
1. 투자자문의 범위 및 제공방법 또는 투자일임의 범위 및 투자대상 금융투자상품등
2. 투자자문업 또는 투자일임업의 수행에 관하여 투자자문업자 또는 투자일임업자가 정하고 있는 일반적인 기준 및
절차
3. 투자자문업 또는 투자일임업을 실제로 수행하는 임직원의 성명 및 주요경력
4. 투자자와의 이해상충방지를 위하여 투자자문업자 또는 투자일임업자가 정한 기준 및 절차
5. 투자자문계약 또는 투자일임계약과 관련하여 투자결과가 투자자에게 귀속된다는 사실 및 투자자가 부담하는 책
임에 관한 사항
6. 수수료에 관한 사항
7. 투자실적의 평가 및 투자결과를 투자자에게 통보하는 방법(투자일임계약의 경우에 한한다)
7의2. 투자자는 투자일임재산의 운용방법을 변경하거나 계약의 해지를 요구할 수 있다는 사실
8. 그 밖에 투자자가 계약체결 여부를 결정하는 데에 중요한 판단기준이 되는 사항으로서 대통령령으로 정하는 사
항
② 투자자문업자 또는 투자일임업자는 일반투자자와 투자자문계약 또는 투자일임계약을 체결하는 경우 「금융소비
자 보호에 관한 법률」 제23조제1항에 따라 일반투자자에게 교부하는 계약서류에 다음 각 호의 사항을 기재하여야
한다. 이 경우 그 기재내용은 제1항에 따라 교부한 서면자료에 기재된 내용과 달라서는 아니 된다.<개정 2020. 3.
24.>
1. 제1항 각 호의 사항
2. 계약당사자에 관한 사항
3. 계약기간 및 계약일자
4. 계약변경 및 계약해지에 관한 사항
5. 투자일임재산이 예탁된 투자매매업자ㆍ투자중개업자, 그 밖의 금융기관의 명칭 및 영업소명
 
제98조(불건전 영업행위의 금지) ① 투자자문업자 또는 투자일임업자는 다음 각 호의 어느 하나에 해당하는 행위를 하
여서는 아니 된다. 다만, 투자자 보호 및 건전한 거래질서를 해할 우려가 없는 경우로서 대통령령으로 정하는 경우에
는 이를 할 수 있다. <개정 2013. 5. 28.>
1. 투자자로부터 금전ㆍ증권, 그 밖의 재산의 보관ㆍ예탁을 받는 행위
2. 투자자에게 금전ㆍ증권, 그 밖의 재산을 대여하거나 투자자에 대한 제삼자의 금전ㆍ증권, 그 밖의 재산의 대여를
중개ㆍ주선 또는 대리하는 행위
3. 투자권유자문인력 또는 투자운용인력이 아닌 자에게 투자자문업 또는 투자일임업을 수행하게 하는 행위
4. 계약으로 정한 수수료 외의 대가를 추가로 받는 행위
5. 투자자문에 응하거나 투자일임재산을 운용하는 경우 금융투자상품등의 가격에 중대한 영향을 미칠 수 있는 투자
판단에 관한 자문 또는 매매 의사를 결정한 후 이를 실행하기 전에 그 금융투자상품등을 자기의 계산으로 매매하
거나 제삼자에게 매매를 권유하는 행위
② 투자일임업자는 투자일임재산을 운용함에 있어서 다음 각 호의 어느 하나에 해당하는 행위를 하여서는 아니 된
다. 다만, 투자자 보호 및 건전한 거래질서를 해할 우려가 없는 경우로서 대통령령으로 정하는 경우에는 이를 할 수
법제처                                                            40                                                       국가법령정보센터
자본시장과 금융투자업에 관한 법률
있다.<개정 2013. 5. 28.>
1. 정당한 사유 없이 투자자의 운용방법의 변경 또는 계약의 해지 요구에 응하지 아니하는 행위
2. 자기 또는 관계인수인이 인수한 증권을 투자일임재산으로 매수하는 행위
3. 자기 또는 관계인수인이 대통령령으로 정하는 인수업무를 담당한 법인의 특정증권등(제172조제1항의 특정증권
등을 말한다. 이하 이 호에서 같다)에 대하여 인위적인 시세(제176조제2항제1호의 시세를 말한다)를 형성하기 위
하여 투자일임재산으로 그 특정증권등을 매매하는 행위
4. 특정 투자자의 이익을 해하면서 자기 또는 제삼자의 이익을 도모하는 행위
5. 투자일임재산으로 자기가 운용하는 다른 투자일임재산, 집합투자재산 또는 신탁재산과 거래하는 행위
6. 투자일임재산으로 투자일임업자 또는 그 이해관계인의 고유재산과 거래하는 행위
7. 투자자의 동의 없이 투자일임재산으로 투자일임업자 또는 그 이해관계인이 발행한 증권에 투자하는 행위
8. 투자일임재산을 각각의 투자자별로 운용하지 아니하고 여러 투자자의 자산을 집합하여 운용하는 행위
9. 투자자로부터 다음 각 목의 행위를 위임받는 행위
가. 투자일임재산을 예탁하는 투자매매업자ㆍ투자중개업자, 그 밖의 금융기관을 지정하거나 변경하는 행위
나. 투자일임재산을 예탁하거나 인출하는 행위
다. 투자일임재산에 속하는 증권의 의결권, 그 밖의 권리를 행사하는 행위
10. 그 밖에 투자자 보호 또는 건전한 거래질서를 해할 우려가 있는 행위로서 대통령령으로 정하는 행위
 
제98조의2(성과보수의 제한) ① 투자자문업자 또는 투자일임업자는 투자자문과 관련한 투자결과 또는 투자일임재산의
운용실적과 연동된 성과보수를 받아서는 아니 된다. 다만, 투자자 보호 및 건전한 거래질서를 해할 우려가 없는 경우
로서 대통령령으로 정하는 경우에는 성과보수를 받을 수 있다.
② 투자자문업자 또는 투자일임업자가 제1항 단서에 따라 성과보수를 받고자 하는 경우에는 그 성과보수의 산정방
식, 그 밖에 대통령령으로 정하는 사항을 해당 투자자문 또는 투자일임의 계약서류에 기재하여야 한다.
[본조신설 2013. 5. 28.]
 
제99조(투자일임보고서의 교부) ① 투자일임업자는 다음 각 호의 사항에 대한 보고서(이하 이 조에서 “투자일임보고서
”라 한다)를 작성하여 3개월마다 1회 이상 투자일임계약을 체결한 일반투자자에게 교부하여야 한다. <개정 2009. 2.
3.>
1. 투자일임재산의 운용현황
2. 투자일임재산 중 특정 자산을 그 투자일임업자의 고유재산과 거래한 실적이 있는 경우 그 거래시기ㆍ거래실적
및 잔액
② 투자일임보고서의 기재사항 및 교부방법 등에 관하여 필요한 사항은 대통령령으로 정한다.
 
제100조(역외투자자문업자 등의 특례) ① 제28조의2, 제30조부터 제36조까지, 제38조, 제40조, 제41조, 제44조, 제45조,
제50조부터 제52조까지, 제56조 및 제61조부터 제63조까지의 규정은 제18조제2항제1호 각 목 외의 부분 단서에 따
른 투자자문업 또는 투자일임업을 영위하는 외국 투자자문업자(이하 “역외투자자문업자”라 한다) 또는 외국 투자일
임업자(이하 “역외투자일임업자”라 한다)에게는 적용하지 아니한다. <개정 2015. 7. 31.>
② 역외투자자문업자 또는 역외투자일임업자는 투자자 보호를 위하여 총리령으로 정하는 요건에 해당하는 연락책
임자를 국내에 두어야 한다.<개정 2008. 2. 29.>
③ 역외투자자문업자 또는 역외투자일임업자는 국내 거주자와 체결하는 투자자문계약 또는 투자일임계약 내용에
그 계약에 대하여 국내법이 적용되고 그 계약에 관한 소송은 국내법원이 관할한다는 내용을 포함하여야 한다.
④ 역외투자자문업자 또는 역외투자일임업자는 제98조에서 정한 사항의 준수 여부 점검 등을 위하여 임직원이 그
직무를 수행함에 있어서 따라야 할 적절한 기준 및 절차를 마련하고, 그 운영실태를 정기적으로 점검하여야 한다.
⑤ 역외투자자문업자 또는 역외투자일임업자는 대통령령으로 정하는 방법에 따라 업무보고서를 작성하여 금융위
원회에 제출하여야 한다.<개정 2008. 2. 29.>
법제처                                                            41                                                       국가법령정보센터
자본시장과 금융투자업에 관한 법률
⑥ 역외투자일임업자는 전문투자자 중 대통령령으로 정하는 자 외의 자를 대상으로 투자일임업을 영위하여서는 아
니 된다.
⑦ 역외투자일임업자는 투자일임재산으로 취득한 외화증권을 대통령령으로 정하는 외국 보관기관에 보관하여야
한다.
⑧ 그 밖에 역외투자자문업자 또는 역외투자일임업자의 업무방법 및 절차 등에 관하여 필요한 사항은 대통령령으
로 정한다.
 
제101조(유사투자자문업의 신고) ① 투자자문업자 외의 자로서 고객으로부터 일정한 대가를 받고 간행물ㆍ출판물ㆍ통
신물 또는 방송 등을 통하여 행하는 금융투자상품에 대한 투자판단 또는 금융투자상품의 가치에 관한 개별성 없는
조언을 하는 것을 업(이하 이 조 및 제101조의2에서 “유사투자자문업”이라 한다)으로 영위하고자 하는 자는 금융위
원회가 정하여 고시하는 서식에 따라 금융위원회에 신고하여야 한다. <개정 2008. 2. 29., 2024. 2. 13.>
② 유사투자자문업을 영위하는 자(이하 이 조, 제101조의2 및 제101조의3에서 “유사투자자문업자”라 한다)는 다음
각 호의 어느 하나에 해당하는 경우 2주 이내에 이를 금융위원회에 보고하여야 한다.<개정 2008. 2. 29., 2024. 2.
13.>
1. 유사투자자문업을 폐지한 경우
2. 명칭 또는 소재지를 변경한 경우
3. 대표자 또는 임원을 변경한 경우
③ 금융위원회는 유사투자자문업의 질서유지 및 고객보호 등을 위하여 필요하다고 인정되는 경우에는 유사투자자
문업을 영위하는 자에 대하여 영업내용 및 업무방법 등에 관한 자료의 제출을 요구할 수 있다. 이 경우 자료의 제출
을 요구받은 자는 정당한 사유가 없으면 그 요구에 따라야 한다.<개정 2008. 2. 29., 2018. 12. 31.>
④ 삭제<2024. 2. 13.>
⑤ 제1항에도 불구하고 다음 각 호의 어느 하나에 해당하는 자에 대하여 유사투자자문업 신고를 수리하지 아니할
수 있다.<신설 2018. 12. 31., 2024. 2. 13.>
1. 이 법, 「유사수신행위의 규제에 관한 법률」 또는 「방문판매 등에 관한 법률」 등 대통령령으로 정하는 금융 또는
소비자 보호 관련 법령을 위반하여 벌금 이상의 형을 선고받고 그 집행이 끝나거나(집행이 끝난 것으로 보는 경
우를 포함한다) 면제된 날부터 5년이 지나지 아니한 자(법인인 경우 임원을 포함한다)
2. 제2항에 따라 유사투자자문업의 폐지를 보고하고 1년이 지나지 아니한 자
3. 제7항에 따른 교육을 받지 아니한 자
4. 제9항에 따라 신고가 말소되고 5년이 지나지 아니한 자(법인인 경우 말소에 책임 있는 임원을 포함한다)
5. 그 밖에 제1호부터 제4호까지에 준하는 경우로서 투자자 보호의 필요성 등을 고려하여 대통령령으로 정하는 자
⑥ 제1항에 따른 신고의 유효기간은 신고를 수리한 날부터 5년으로 한다.<신설 2018. 12. 31.>
⑦ 제1항에 따른 신고를 하려는 자는 투자자 보호를 위하여 유사투자자문업의 영위에 필요한 교육을 받아야 한다.
<신설 2018. 12. 31.>
⑧ 제7항에 따른 교육의 실시기관, 대상, 내용, 방법 및 절차 등에 관하여 필요한 사항은 금융위원회가 정하여 고시
한다.<신설 2018. 12. 31.>
⑨ 금융위원회는 다음 각 호의 어느 하나에 해당하는 자에 대한 신고사항을 직권으로 말소할 수 있다.<신설 2018.
12. 31., 2024. 2. 13.>
1. 유사투자자문업자가 「부가가치세법」 제8조에 따라 관할 세무서장에게 폐업신고를 하거나 관할 세무서장이 사업
자등록을 말소한 자
1의2. 「방문판매 등에 관한 법률」 제49조 또는 「전자상거래 등에서의 소비자보호에 관한 법률」 제32조에 따른 시
정조치를 이행하지 아니한 자
2. 이 조, 제101조의2, 제101조의3, 제173조의2제1항, 제178조의2, 제180조 또는 제180조의2부터 제180조의4까지
를 위반하여 과태료 또는 과징금 처분을 받고 그 처분을 받은 날부터 5년 이내에 위 규정 중 어느 하나를 다시 위
반하여 과태료 또는 과징금 처분을 받은 자(법인인 경우에는 대표자 및 임원이 받은 과태료 또는 과징금 처분을
법제처                                                            42                                                       국가법령정보센터
자본시장과 금융투자업에 관한 법률
포함한다)
3. 제5항 각 호의 어느 하나에 해당하는 자
⑩ 금융위원회는 제9항제1호 또는 제1호의2의 말소를 위하여 필요한 경우 관할 세무서장에게 영업자의 폐업 여부
에 관한 정보의 제공을 요청하거나 공정거래위원회 위원장에게 시정조치 이행여부에 관한 정보의 제공을 요청할
수 있다. 이 경우 요청을 받은 관할 세무서장 또는 공정거래위원회 위원장은 「전자정부법」 제39조에 따라 영업자의
폐업 여부 또는 시정조치 이행여부에 관한 정보를 제공한다.<신설 2018. 12. 31., 2024. 2. 13.>
⑪ 금융감독원장은 다음 각 호의 경우 그 업무와 재산상황에 관하여 검사를 할 수 있고, 검사에 관하여는 제419조를
준용한다.<신설 2018. 12. 31., 2024. 2. 13.>
1. 유사투자자문업자가 제2항에 따른 보고를 하지 않거나 거짓으로 보고한 경우
2. 유사투자자문업자가 제3항 후단에 따른 정당한 사유 없이 자료제출을 하지 않거나 거짓으로 제출한 경우
3. 유사투자자문업자가 제101조의2에 따른 불건전 영업행위의 금지 의무 등을 위반한 경우
4. 유사투자자문업자가 제101조의3에 따른 준수사항을 위반한 경우
 
제101조의2(불건전 영업행위 금지 등) ① 유사투자자문업자에 대하여는 제55조 및 제98조제1항(제3호를 제외한다)을
준용한다. 이 경우 “금융투자업자” 및 “투자자문업자 또는 투자일임업자”는 “유사투자자문업자”로, “투자자문업 또는
투자일임업”은 “유사투자자문업”으로 본다.
② 유사투자자문업자는 다음 각 호의 어느 하나에 해당하는 표시 또는 광고를 하여서는 아니 된다.
1. 유사투자자문업자를 금융회사로 오인하게 하는 표시 또는 광고
2. 손실보전 또는 이익보장이 되는 것으로 오인하게 하는 표시 또는 광고
3. 수익률을 사실과 다르게 표시하거나 실현되지 아니한 수익률을 제시하는 표시 또는 광고
4. 비교의 대상 및 기준을 명시하지 아니하거나 객관적인 근거 없이 자기의 금융투자상품에 대한 투자판단 또는 금
융투자상품의 가치에 관한 조언이 다른 유사투자자문업자보다 유리하다고 주장하는 표시 또는 광고
5. 그 밖에 투자자 보호 또는 건전한 거래질서를 해할 우려가 있는 표시 또는 광고로서 대통령령으로 정하는 표시
또는 광고
[본조신설 2024. 2. 13.]
 
제101조의3(유사투자자문업자의 준수사항) 유사투자자문업자는 그 업무나 금융투자상품에 관하여 표시 또는 광고를
하는 경우 그 표시 또는 광고에 다음 각 호의 사항을 포함하여야 한다.
1. 개별적인 투자 상담과 자금운용이 불가능하다는 사항
2. 원금에 손실이 발생할 수 있으며 그 손실은 투자자에게 귀속된다는 사항
3. 정식 금융투자업자가 아닌 유사투자자문업자라는 사항
[본조신설 2024. 2. 13.]
 
           제4관 신탁업자의 영업행위 규칙
 
제102조(선관의무 및 충실의무) ① 신탁업자는 수익자에 대하여 선량한 관리자의 주의로써 신탁재산을 운용하여야 한
다.
② 신탁업자는 수익자의 이익을 보호하기 위하여 해당 업무를 충실하게 수행하여야 한다.
 
제103조(신탁재산의 제한 등) ① 신탁업자는 다음 각 호의 재산 외의 재산을 수탁할 수 없다. <개정 2011. 5. 19.>
1. 금전
2. 증권
3. 금전채권
4. 동산
법제처                                                            43                                                       국가법령정보센터
자본시장과 금융투자업에 관한 법률
5. 부동산
6. 지상권, 전세권, 부동산임차권, 부동산소유권 이전등기청구권, 그 밖의 부동산 관련 권리
7. 무체재산권(지식재산권을 포함한다)
② 신탁업자는 하나의 신탁계약에 의하여 위탁자로부터 제1항 각 호의 재산 중 둘 이상의 재산을 종합하여 수탁할
수 있다.
③ 제1항 각 호의 재산의 신탁 및 제2항의 종합재산신탁의 수탁과 관련한 신탁의 종류, 손실의 보전 또는 이익의 보
장, 그 밖의 신탁거래조건 등에 관하여 필요한 사항은 대통령령으로 정한다.
④ 신탁업자는 부동산개발사업을 목적으로 하는 신탁계약을 체결한 경우에는 그 신탁계약에 의한 부동산개발사업
별로 제1항제1호의 재산을 대통령령으로 정하는 사업비의 100분의 15 이내에서 수탁할 수 있다.
 
제104조(신탁재산과 고유재산의 구분) ① 「신탁법」 제34조제2항은 신탁업자에게는 적용하지 아니한다. <개정 2011. 7.
25., 2018. 3. 27.>
② 신탁업자는 다음 각 호의 어느 하나에 해당하는 경우 신탁계약이 정하는 바에 따라 신탁재산을 고유재산으로 취
득할 수 있다.<개정 2013. 5. 28.>
1. 신탁행위에 따라 수익자에 대하여 부담하는 채무를 이행하기 위하여 필요한 경우{금전신탁재산의 운용으로 취득
한 자산이 거래소시장(다자간매매체결회사에서의 거래를 포함한다) 또는 이와 유사한 시장으로서 해외에 있는 시
장에서 시세(제176조제2항제1호의 시세를 말한다)가 있는 경우에 한한다}
2. 신탁계약의 해지, 그 밖에 수익자 보호를 위하여 불가피한 경우로서 대통령령으로 정하는 경우(제103조제3항에
따라 손실이 보전되거나 이익이 보장되는 신탁계약에 한한다)
 
제105조(신탁재산 등 운용의 제한) ① 신탁업자는 신탁재산에 속하는 금전을 다음 각 호의 방법으로 운용하여야 한다.
1. 증권(대통령령으로 정하는 증권에 한한다)의 매수
2. 장내파생상품 또는 장외파생상품의 매수
3. 대통령령으로 정하는 금융기관에의 예치
4. 금전채권의 매수
5. 대출
6. 어음의 매수
7. 실물자산의 매수
8. 무체재산권의 매수
9. 부동산의 매수 또는 개발
10. 그 밖에 신탁재산의 안전성ㆍ수익성 등을 고려하여 대통령령으로 정하는 방법
② 신탁업자는 제103조제1항제5호 및 제6호의 재산만을 신탁받는 경우, 그 밖에 대통령령으로 정하는 경우를 제외
하고는 신탁의 계산으로 그 신탁업자의 고유재산으로부터 금전을 차입할 수 없다.
③ 제1항 및 제2항에 따른 신탁재산 운용의 구체적 범위ㆍ조건ㆍ한도, 그 밖의 신탁재산의 운용방법 및 제한에 관
하여 필요한 사항은 대통령령으로 정한다.
 
제106조(여유자금의 운용) 신탁업자는 제103조제1항제5호 및 제6호의 재산만을 신탁받는 경우 그 신탁재산을 운용함
에 따라 발생한 여유자금을 다음 각 호의 방법으로 운용하여야 한다.
1. 대통령령으로 정하는 금융기관에의 예치
2. 국채증권, 지방채증권 또는 특수채증권의 매수
3. 정부 또는 대통령령으로 정하는 금융기관이 지급을 보증한 증권의 매수
4. 그 밖에 제103조제1항제5호 및 제6호에 따른 신탁재산의 안정성ㆍ수익성 등을 저해하지 아니하는 방법으로서
대통령령으로 정하는 방법
 
법제처                                                            44                                                       국가법령정보센터
자본시장과 금융투자업에 관한 법률
제107조 삭제 <2009. 2. 3.>
 
제108조(불건전 영업행위의 금지) 신탁업자는 다음 각 호의 어느 하나에 해당하는 행위를 하여서는 아니 된다. 다만, 수
익자 보호 및 건전한 거래질서를 해할 우려가 없는 경우로서 대통령령으로 정하는 경우에는 이를 할 수 있다.
1. 신탁재산을 운용함에 있어서 금융투자상품, 그 밖의 투자대상자산의 가격에 중대한 영향을 미칠 수 있는 매수 또
는 매도 의사를 결정한 후 이를 실행하기 전에 그 금융투자상품, 그 밖의 투자대상자산을 자기의 계산으로 매수
또는 매도하거나 제삼자에게 매수 또는 매도를 권유하는 행위
2. 자기 또는 관계인수인이 인수한 증권을 신탁재산으로 매수하는 행위
3. 자기 또는 관계인수인이 대통령령으로 정하는 인수업무를 담당한 법인의 특정증권등(제172조제1항의 특정증권
등을 말한다. 이하 이 호에서 같다)에 대하여 인위적인 시세(제176조제2항제1호의 시세를 말한다)를 형성시키기
위하여 신탁재산으로 그 특정증권등을 매매하는 행위
4. 특정 신탁재산의 이익을 해하면서 자기 또는 제삼자의 이익을 도모하는 행위
5. 신탁재산으로 그 신탁업자가 운용하는 다른 신탁재산, 집합투자재산 또는 투자일임재산과 거래하는 행위
6. 신탁재산으로 신탁업자 또는 그 이해관계인의 고유재산과 거래하는 행위
7. 수익자의 동의 없이 신탁재산으로 신탁업자 또는 그 이해관계인이 발행한 증권에 투자하는 행위
8. 투자운용인력이 아닌 자에게 신탁재산을 운용하게 하는 행위
9. 그 밖에 수익자 보호 또는 건전한 거래질서를 해할 우려가 있는 행위로서 대통령령으로 정하는 행위
 
제109조(신탁계약) 신탁업자는 위탁자와 신탁계약을 체결하는 경우 「금융소비자 보호에 관한 법률」 제23조제1항에 따
라 위탁자에게 교부하는 계약서류에 다음 각 호의 사항을 기재하여야 한다. <개정 2020. 3. 24.>
1. 위탁자, 수익자 및 신탁업자의 성명 또는 명칭
2. 수익자의 지정 및 변경에 관한 사항
3. 신탁재산의 종류ㆍ수량과 가격
4. 신탁의 목적
5. 계약기간
6. 신탁재산의 운용에 의하여 취득할 재산을 특정한 경우에는 그 내용
7. 손실의 보전 또는 이익의 보장을 하는 경우 그 보전ㆍ보장 비율 등에 관한 사항
8. 신탁업자가 받을 보수에 관한 사항
9. 신탁계약의 해지에 관한 사항
10. 그 밖에 수익자 보호 또는 건전한 거래질서를 위하여 필요한 사항으로서 대통령령으로 정하는 사항
 
제110조(수익증권) ① 신탁업자는 금전신탁계약에 의한 수익권이 표시된 수익증권을 발행할 수 있다.
② 신탁업자는 제1항에 따라 수익증권을 발행하고자 하는 경우에는 대통령령으로 정하는 서류를 첨부하여 금융위
원회에 미리 신고하여야 한다.<개정 2008. 2. 29.>
③ 수익증권은 무기명식으로 한다. 다만, 수익자의 청구가 있는 경우에는 기명식으로 할 수 있다.
④ 기명식 수익증권은 수익자의 청구에 의하여 무기명식으로 할 수 있다.
⑤ 수익증권에는 다음 각 호의 사항을 기재하고 신탁업자의 대표자가 이에 기명날인 또는 서명하여야 한다.
1. 신탁업자의 상호
2. 기명식의 경우에는 수익자의 성명 또는 명칭
3. 액면액
4. 운용방법을 정한 경우 그 내용
5. 제103조제3항에 따른 손실의 보전 또는 이익의 보장에 관한 계약을 체결한 경우에는 그 내용
6. 신탁계약기간
7. 신탁의 원금의 상환과 수익분배의 기간 및 장소
법제처                                                            45                                                       국가법령정보센터
자본시장과 금융투자업에 관한 법률
8. 신탁보수의 계산방법
9. 그 밖에 대통령령으로 정하는 사항
⑥ 수익증권이 발행된 경우에는 해당 신탁계약에 의한 수익권의 양도 및 행사는 그 수익증권으로 하여야 한다. 다만
, 기명식 수익증권의 경우에는 수익증권으로 하지 아니할 수 있다.
 
제111조(수익증권의 매수) 신탁업자는 대통령령으로 정하는 방법에 따라 수익증권을 그 고유재산으로 매수할 수 있다.
이 경우 「신탁법」 제36조를 적용하지 아니한다. <개정 2011. 7. 25.>
 
제112조(의결권 등) ① 신탁재산으로 취득한 주식에 대한 권리는 신탁업자가 행사한다. 이 경우 신탁업자는 수익자의
이익을 보호하기 위하여 신탁재산에 속하는 주식의 의결권을 충실하게 행사하여야 한다. <개정 2013. 5. 28.>
② 신탁업자는 신탁재산에 속하는 주식의 의결권을 행사함에 있어서 다음 각 호의 어느 하나에 해당하는 경우에는
제1항에 불구하고 신탁재산에 속하는 주식을 발행한 법인의 주주총회의 참석 주식수에서 신탁재산에 속하는 주식
수를 뺀 주식수의 결의내용에 영향을 미치지 아니하도록 의결권을 행사하여야 한다. 다만, 신탁재산에 속하는 주식
을 발행한 법인의 합병, 영업의 양도ㆍ양수, 임원의 선임, 그 밖에 이에 준하는 사항으로서 신탁재산에 손실을 초래
할 것이 명백하게 예상되는 경우에는 그러하지 아니하다.
1. 다음 각 목의 어느 하나에 해당하는 자가 그 신탁재산에 속하는 주식을 발행한 법인을 계열회사로 편입하기 위한
경우
가. 신탁업자 또는 그와 대통령령으로 정하는 특수관계에 있는 자
나. 신탁업자에 대하여 사실상의 지배력을 행사하는 자로서 대통령령으로 정하는 자
2. 신탁재산에 속하는 주식을 발행한 법인이 그 신탁업자와 다음 각 목의 어느 하나에 해당하는 관계에 있는 경우
가. 계열회사의 관계에 있는 경우
나. 신탁업자에 대하여 사실상의 지배력을 행사하는 관계로서 대통령령으로 정하는 관계에 있는 경우
3. 그 밖에 수익자의 보호 또는 신탁재산의 적정한 운용을 해할 우려가 있는 경우로서 대통령령으로 정하는 경우
③ 신탁업자는 신탁재산에 속하는 주식이 다음 각 호의 어느 하나에 해당하는 경우에는 그 주식의 의결권을 행사할
수 없다.
1. 동일법인이 발행한 주식 총수의 100분의 15를 초과하여 주식을 취득한 경우 그 초과하는 주식
2. 신탁재산에 속하는 주식을 발행한 법인이 자기주식을 확보하기 위하여 신탁계약에 따라 신탁업자에게 취득하게
한 그 법인의 주식
④ 신탁업자는 제삼자와의 계약 등에 의하여 의결권을 교차하여 행사하는 등 제2항 및 제3항의 적용을 면하기 위한
행위를 하여서는 아니 된다.
⑤ 제2항 각 호 외의 부분 단서는 상호출자제한기업집단에 속하는 신탁업자에게는 적용하지 아니한다.
⑥ 금융위원회는 신탁업자가 제2항부터 제5항까지의 규정을 위반하여 신탁재산에 속하는 주식의 의결권을 행사한
경우에는 6개월 이내의 기간을 정하여 그 주식의 처분을 명할 수 있다.<개정 2008. 2. 29.>
⑦ 신탁업자는 합병, 영업의 양도ㆍ양수, 임원의 선임 등 경영권의 변경과 관련된 사항에 대하여 제2항에 따라 의결
권을 행사하는 경우에는 대통령령으로 정하는 방법에 따라 인터넷 홈페이지 등을 이용하여 공시하여야 한다.
 
제113조(장부ㆍ서류의 열람 및 공시 등) ① 수익자는 신탁업자에게 영업시간 중에 이유를 기재한 서면으로 그 수익자
에 관련된 신탁재산에 관한 장부ㆍ서류의 열람이나 등본 또는 초본의 교부를 청구할 수 있다. 이 경우 그 신탁업자는
대통령령으로 정하는 정당한 사유가 없는 한 이를 거절하여서는 아니 된다.
② 제1항에 따른 열람이나 등본 또는 초본의 교부 청구의 대상이 되는 장부ㆍ서류의 범위 등에 관하여 필요한 사항
은 대통령령으로 정한다.
 
제114조(신탁재산의 회계처리 등) ① 신탁업자는 신탁재산에 관하여 회계처리를 하는 경우 금융위원회가 증권선물위
원회의 심의를 거쳐 정하여 고시한 회계처리기준에 따라야 한다. <개정 2008. 2. 29.>
법제처                                                            46                                                       국가법령정보센터
자본시장과 금융투자업에 관한 법률
② 금융위원회는 제1항에 따른 회계처리기준의 제정 또는 개정을 전문성을 갖춘 민간법인 또는 단체로서 대통령령
으로 정하는 자에게 위탁할 수 있다. 이 경우 그 민간법인 또는 단체는 회계처리기준을 제정 또는 개정한 때에는 이
를 금융위원회에 지체 없이 보고하여야 한다.<개정 2008. 2. 29.>
③ 신탁업자는 신탁재산에 대하여 그 신탁업자의 매 회계연도 종료 후 2개월 이내에 「주식회사 등의 외부감사에 관
한 법률」 제2조제7호에 따른 감사인(이하 “회계감사인”이라 한다)의 회계감사를 받아야 한다. 다만, 수익자의 이익
을 해할 우려가 없는 경우로서 대통령령으로 정하는 경우에는 회계감사를 받지 아니할 수 있다.<개정 2017. 10.
31.>
④ 신탁업자는 신탁재산의 회계감사인을 선임하거나 교체하는 경우에는 그 선임일 또는 교체일부터 1주 이내에 금
융위원회에 그 사실을 보고하여야 한다.<개정 2008. 2. 29.>
⑤ 회계감사인은 신탁업자가 행하는 수익증권의 기준가격 산정업무 및 신탁재산의 회계처리 업무를 감사할 때 관
련 법령을 준수하였는지 여부를 감사하고 그 결과를 신탁업자의 감사(감사위원회가 설치된 경우에는 감사위원회를
말한다)에게 통보하여야 한다.
⑥ 회계감사인은 제9항에 따른 감사기준 및 「주식회사 등의 외부감사에 관한 법률」 제16조에 따른 회계감사기준에
따라 회계감사를 실시하여야 한다.<개정 2009. 2. 3., 2017. 10. 31.>
⑦ 회계감사인은 신탁업자에게 신탁재산의 회계장부 등 관계 자료의 열람ㆍ복사를 요청하거나 회계감사에 필요한
자료의 제출을 요구할 수 있다. 이 경우 신탁업자는 지체 없이 이에 응하여야 한다.
⑧ 「주식회사 등의 외부감사에 관한 법률」 제20조는 제3항에 따른 신탁재산의 회계감사에 관하여 준용한다.<개정
2017. 10. 31.>
⑨ 회계감사인의 선임기준, 감사기준, 회계감사인의 권한, 회계감사보고서의 제출 및 공시 등에 관하여 필요한 사항
은 대통령령으로 정한다.<개정 2009. 2. 3.>
 
제115조(회계감사인의 손해배상책임) ① 회계감사인은 제114조제3항에 따른 회계감사의 결과 회계감사보고서 중 중요
사항에 관하여 거짓의 기재 또는 표시가 있거나 중요사항이 기재 또는 표시되지 아니함으로써 이를 이용한 수익자
에게 손해를 끼친 경우에는 그 수익자에 대하여 손해를 배상할 책임을 진다. 이 경우 「주식회사 등의 외부감사에 관
한 법률」 제2조제7호나목에 따른 감사반이 회계감사인인 때에는 그 신탁재산에 대한 감사에 참여한 자가 연대하여
손해를 배상할 책임을 진다. <개정 2017. 10. 31.>
② 회계감사인이 수익자에 대하여 손해를 배상할 책임이 있는 경우로서 그 신탁업자의 이사ㆍ감사(감사위원회가
설치된 경우에는 감사위원회의 위원을 말한다. 이하 이 항에서 같다)에게도 귀책사유가 있는 경우에는 그 회계감사
인과 신탁업자의 이사ㆍ감사는 연대하여 손해를 배상할 책임을 진다. 다만, 손해를 배상할 책임이 있는 자가 고의가
없는 경우에 그 자는 법원이 귀책사유에 따라 정하는 책임비율에 따라 손해를 배상할 책임이 있다.<개정 2014. 1.
28.>
③ 제2항 단서에도 불구하고 손해배상을 청구하는 자의 소득인정액(「국민기초생활 보장법」 제2조제8호에 따른 소
득인정액을 말한다)이 대통령령으로 정하는 금액 이하에 해당되는 경우에는 회계감사인과 신탁업자의 이사ㆍ감사
는 연대하여 손해를 배상할 책임이 있다.<신설 2014. 1. 28.>
④ 「주식회사 등의 외부감사에 관한 법률」 제31조제6항부터 제9항까지의 규정은 제1항 및 제2항의 경우에 준용한
다.<개정 2014. 1. 28., 2017. 10. 31.>
 
제116조(합병 등) ① 신탁업자가 합병하는 경우 합병 후 존속하는 신탁업자 또는 합병으로 인하여 설립된 신탁업자는
합병으로 인하여 소멸된 신탁업자의 신탁에 관한 권리의무를 승계한다.
② 「신탁법」 제12조, 제21조제2항 및 제3항은 신탁업자의 합병에 관하여 이의를 제기한 수익자가 있는 경우 그 신
탁업자의 임무 종료 및 새로운 신탁업자의 선임 등에 관하여 준용한다.<개정 2011. 7. 25.>
③ 금융위원회는 신탁업자가 그 목적을 변경하여 다른 업무를 행하는 회사로서 존속하는 경우에는 그 회사가 신탁
에 관한 채무 전부를 변제하기에 이르기까지 재산의 공탁을 명하거나, 그 밖에 필요한 명령을 할 수 있다. 합병으로
인하여 신탁업자가 아닌 회사가 신탁업자의 임무 종료를 위하여 필요한 사무를 처리하는 동안에도 또한 같다.<개정
2008. 2. 29.>
법제처                                                            47                                                       국가법령정보센터
자본시장과 금융투자업에 관한 법률
제117조(청산) 제95조는 신탁업을 영위하는 금융투자업자의 청산에 관하여 준용한다.
 
제117조의2(관리형신탁에 관한 특례) ① 제103조제1항제4호부터 제6호까지의 어느 하나에 규정된 재산만을 수탁받는
신탁업자가 관리형신탁계약을 체결하는 경우 그 신탁재산에 수반되는 금전채권을 수탁할 수 있다.
② 제1항에 따른 신탁재산의 운용방법 및 제한에 관하여 필요한 사항은 대통령령으로 정한다.
[본조신설 2013. 5. 28.]
 
       제5장 온라인소액투자중개업자 등에 대한 특례 <신설 2015. 7. 24.>
 
제117조의3(미등록 영업행위의 금지) 누구든지 이 법에 따라 온라인소액투자중개업자 등록을 하지 아니한 자는 온라인
소액투자중개를 할 수 없다.
[본조신설 2015. 7. 24.]
 
제117조의4(등록) ① 온라인소액투자중개업자가 되고자 하는 자는 금융위원회에 등록하는 경우 제12조에 따른 인가를
받은 것으로 본다.
② 제1항에 따라 등록을 하려는 자는 다음 각 호의 요건을 모두 갖추어야 한다.<개정 2015. 7. 31.>
1. 다음 각 목의 어느 하나에 해당하는 자일 것
가. 「상법」에 따른 주식회사
나. 외국 온라인소액투자중개업자(외국 법령에 따라 외국에서 온라인소액투자중개에 상당하는 영업을 영위하는
자를 말한다. 이하 같다)로서 온라인소액투자중개에 필요한 지점, 그 밖의 영업소를 설치한 자
2. 5억원 이상으로서 대통령령으로 정하는 금액 이상의 자기자본을 갖출 것
3. 사업계획이 타당하고 건전할 것
4. 투자자의 보호가 가능하고 그 영위하고자 하는 업을 수행하기에 충분한 인력과 전산설비, 그 밖의 물적 설비를
갖출 것
5. 임원이 「금융회사의 지배구조에 관한 법률」 제5조에 적합할 것
6. 대주주(제12조제2항제6호가목의 대주주를 말한다)나 외국 온라인소액투자중개업자가 충분한 출자능력, 건전한
재무상태 및 사회적 신용을 갖출 것
7. 경영건전성기준 등 대통령령으로 정하는 건전한 재무상태와 법령 위반사실이 없는 등 대통령령으로 정하는 건전
한 사회적 신용을 갖출 것
8. 온라인소액투자중개업자와 투자자 간, 특정 투자자와 다른 투자자 간의 이해상충을 방지하기 위한 체계로서 대
통령령으로 정하는 요건을 갖출 것
③ 제1항에 따른 등록을 하려는 자는 등록신청서를 금융위원회에 제출하여야 한다.
④ 금융위원회는 제3항의 등록신청서를 접수한 경우에는 그 내용을 검토하여 2개월 이내에 등록 여부를 결정하고,
그 결과와 이유를 지체 없이 신청인에게 문서로 통지하여야 한다. 이 경우 등록신청서에 흠결이 있는 때에는 보완을
요구할 수 있다.
⑤ 제4항의 검토기간을 산정할 때 등록신청서 흠결의 보완기간 등 총리령으로 정하는 기간은 검토기간에 산입하지
아니한다.
⑥ 금융위원회는 제4항의 등록 여부를 결정할 때 다음 각 호의 어느 하나에 해당하는 사유가 없으면 등록을 거부하
여서는 아니 된다.
1. 제2항의 등록요건을 갖추지 아니한 경우
2. 제3항의 등록신청서를 거짓으로 작성한 경우
3. 제4항 후단의 보완요구를 이행하지 아니한 경우
⑦ 금융위원회는 제4항에 따라 등록을 결정한 경우 온라인소액투자중개업자등록부에 필요한 사항을 기재하여야 하
며, 등록결정한 내용을 관보 및 인터넷 홈페이지 등에 공고하여야 한다.
법제처                                                            48                                                       국가법령정보센터
자본시장과 금융투자업에 관한 법률
⑧ 온라인소액투자중개업자는 등록 이후 그 영업을 영위하는 경우 제2항 각 호의 등록요건(같은 항 제7호는 제외하
며, 같은 항 제2호 및 제6호의 경우에는 대통령령으로 정하는 완화된 요건을 말한다)을 유지하여야 한다.
⑨ 제1항부터 제8항까지의 규정에 따른 등록요건, 등록신청서의 기재사항ㆍ첨부서류 등 등록의 신청에 관한 사항
및 등록검토의 방법ㆍ절차, 그 밖에 필요한 사항은 대통령령으로 정한다.
[본조신설 2015. 7. 24.]
 
제117조의5(유사명칭의 사용 금지 등) ① 다른 금융투자업(투자중개업 중 온라인소액투자중개에 해당하지 아니하는 것
을 포함한다)을 영위하지 아니하는 온라인소액투자중개업자는 상호에 “금융투자” 및 이와 유사한 의미를 가지는 외
국어 문자로서 대통령령으로 정하는 문자를 사용하여서는 아니 된다.
② 온라인소액투자중개업자가 아닌 자는 “온라인소액투자중개” 또는 이와 유사한 명칭을 사용하여서는 아니 된다.
[본조신설 2015. 7. 24.]
 
제117조의6(지배구조 등) ① 온라인소액투자중개업자는 대주주가 변경된 경우에는 이를 2주 이내에 금융위원회에 보
고하여야 한다. <개정 2018. 3. 27.>
② 온라인소액투자중개업자는 그 임직원이 직무를 수행할 때 준수하여야 할 적절한 기준 및 절차로서 대통령령으
로 정하는 사항을 포함하는 내부통제기준을 정하여야 한다.
③ 제28조, 제28조의2, 제29조, 제30조, 제31조는 온라인소액투자중개업자에 대하여 적용하지 아니한다.
[본조신설 2015. 7. 24.]
 
제117조의7(영업행위의 규제 등) ① 제40조, 제48조, 제50조부터 제53조까지, 제61조, 제66조부터 제70조까지, 제72조
부터 제77조까지, 제77조의2, 제77조의3, 제78조 및 「금융소비자 보호에 관한 법률」 제17조부터 제19조까지, 제
21조, 제23조, 제25조제1항, 제26조, 제44조부터 제46조까지의 규정은 온라인소액투자중개업자에게 적용하지 아니
한다. <개정 2020. 3. 24.>
② 온라인소액투자중개업자는 자신이 온라인소액투자중개를 하는 증권을 자기의 계산으로 취득하거나, 증권의 발
행 또는 그 청약을 주선 또는 대리하는 행위를 하여서는 아니 된다.
③ 온라인소액투자중개업자는 온라인소액투자중개를 통하여 증권을 발행하는 자(이하 이 장에서 “온라인소액증권
발행인”이라 한다)의 신용 또는 투자 여부에 대한 투자자의 판단에 영향을 미칠 수 있는 자문이나 온라인소액증권
발행인의 경영에 관한 자문에 응하여서는 아니 된다.
④ 온라인소액투자중개업자는 투자자가 청약의 내용, 투자에 따르는 위험, 증권의 매도 제한, 증권의 발행조건과 온
라인소액증권발행인의 재무상태가 기재된 서류 및 사업계획서의 내용을 충분히 확인하였는지의 여부를 투자자의
서명 등 대통령령으로 정하는 방법으로 확인하기 전에는 그 청약의 의사 표시를 받아서는 아니 된다.
⑤ 온라인소액투자중개업자는 온라인소액증권발행인의 요청에 따라 투자자의 자격 등을 합리적이고 명확한 기준
에 따라 제한할 수 있다.
⑥ 온라인소액투자중개업자는 투자자가 청약의 의사를 표시하지 아니한 상태에서 투자자의 재산으로 증권의 청약
을 하여서는 아니 된다.
⑦ 온라인소액투자중개업자는 온라인소액증권발행인에 관한 정보의 제공, 청약주문의 처리 등의 업무를 수행할 때
특정한 온라인소액증권발행인 또는 투자자를 부당하게 우대하거나 차별하여서는 아니 된다. 다만, 투자자가 청약의
의사를 먼저 표시하는 등 대통령령으로 정하는 정당한 사유가 있는 경우에는 그러하지 아니하다.
⑧ 온라인소액투자중개업자는 증권의 청약기간이 만료된 경우에는 증권의 청약 및 발행에 관한 내역을 금융위원회
가 정하여 고시하는 방법에 따라 지체 없이 투자자에게 통지하여야 한다.
⑨ 온라인소액투자중개업자는 제117조의10제1항과 제6항에 따른 증권의 발행한도와 투자자의 투자한도가 준수될
수 있도록 필요한 조치를 취하여야 한다.
⑩ 온라인소액투자중개업자는 다음 각 호의 행위를 제외하고는 증권의 청약을 권유하는 일체의 행위를 하여서는
아니 된다.<개정 2017. 10. 31.>
법제처                                                            49                                                       국가법령정보센터
자본시장과 금융투자업에 관한 법률
1. 제117조의9제1항 본문에 따른 투자광고를 자신의 인터넷 홈페이지에 게시하거나 같은 항 단서에 따라 같은 항
각 호의 사항을 제공하는 행위
2. 제117조의10제2항에 따라 온라인소액증권발행인이 게재하는 내용을 자신의 인터넷 홈페이지에 게시하는 행위
3. 자신의 인터넷 홈페이지를 통하여 자신이 중개하는 증권 또는 그 온라인소액증권발행인에 대한 투자자들의 의견
이 교환될 수 있도록 관리하는 행위. 다만, 온라인소액투자중개업자는 자신의 인터넷 홈페이지를 통하여 공개되
는 투자자들의 의견을 임의로 삭제하거나 수정하여서는 아니 된다.
4. 사모의 방식으로 증권의 청약을 권유하는 경우에는 제117조의10제2항에 따라 온라인소액증권발행인이 게재하
는 내용을 특정 투자자에게 전송하는 행위
[본조신설 2015. 7. 24.]
 
제117조의8(청약증거금의 관리) ① 온라인소액투자중개업자는 투자자로부터 일체의 금전ㆍ증권, 그 밖의 재산의 보관
ㆍ예탁을 받아서는 아니 된다.
② 온라인소액투자중개업자는 투자자의 청약증거금이 대통령령으로 정하는 은행(이하 이 조에서 “은행”이라 한다)
또는 증권금융회사에 예치 또는 신탁되도록 하여야 한다.
③ 온라인소액투자중개업자는 제2항에 따라 은행 또는 증권금융회사에 예치 또는 신탁된 투자자의 청약증거금이
투자자의 재산이라는 뜻을 밝혀야 한다.
④ 누구든지 제2항에 따라 은행 또는 증권금융회사에 예치 또는 신탁된 투자자의 청약증거금을 상계ㆍ압류(가압류
를 포함한다)하지 못하며, 온라인소액투자중개업자는 대통령령으로 정하는 경우 외에는 은행 또는 증권금융회사에
예치 또는 신탁된 투자자의 청약증거금을 양도하거나 담보로 제공하여서는 아니 된다.
⑤ 온라인소액투자중개업자는 등록취소, 해산결의 등 대통령령으로 정하는 사유가 발생한 경우 제2항에 따라 은행
또는 증권금융회사에 예치 또는 신탁된 투자자의 청약증거금이 투자자에게 우선하여 지급될 수 있도록 조치하여야
한다.
⑥ 그 밖에 제1항부터 제5항까지의 청약증거금의 예치 또는 신탁 등과 관련하여 필요한 사항은 대통령령으로 정한
다.
[본조신설 2015. 7. 24.]
 
제117조의9(투자광고의 특례) ① 온라인소액투자중개업자 또는 온라인소액증권발행인은 온라인소액투자중개업자가
개설한 인터넷 홈페이지 이외의 수단을 통해서 투자광고를 하여서는 아니 된다. 다만, 온라인소액투자중개업자 또는
온라인소액증권발행인은 다른 매체를 이용하여 다음 각 호의 사항을 제공할 수 있다. <개정 2017. 10. 31.>
1. 투자광고가 게시된 인터넷 홈페이지 주소
2. 투자광고가 게시된 인터넷 홈페이지에 접속할 수 있는 장치
3. 온라인소액투자중개업자ㆍ온라인소액증권발행인의 명칭, 온라인소액증권발행인의 업종 및 증권의 청약기간[온
라인소액증권발행인이 개설한 인터넷 홈페이지 또는 「정보통신망 이용촉진 및 정보보호 등에 관한 법률」 제2조
제1항제3호의 정보통신서비스 제공자가 운영하는 포털서비스(다른 인터넷주소ㆍ정보 등의 검색과 전자우편ㆍ커
뮤니티 등을 제공하는 서비스를 말한다)를 이용하여 제공하는 경우에 한정한다]
② 온라인소액투자중개업자 또는 온라인소액증권발행인이 아닌 자는 온라인소액투자중개에 대한 투자광고를 하여
서는 아니 된다.
③ 온라인소액투자중개업자 또는 온라인소액증권발행인이 투자광고를 하는 경우 이 조에서 규정하지 아니한 사항
은 제57조를 준용한다.
[본조신설 2015. 7. 24.]
 
제117조의10(증권 모집의 특례) ① 온라인소액투자중개의 방법으로 대통령령으로 정하는 금액 이하의 증권을 모집하
는 경우에는 제119조 및 제130조를 적용하지 아니한다.
② 온라인소액증권발행인은 투자자를 보호하기 위하여 증권의 발행조건과 재무상태, 사업계획서 및 그 밖에 대통령
령으로 정하는 사항을 온라인소액투자중개업자가 개설한 홈페이지에 게재하고, 그 밖에 대통령령으로 정하는 조치
법제처                                                            50                                                       국가법령정보센터
자본시장과 금융투자업에 관한 법률
를 하여야 한다.
③ 온라인소액증권발행인은 온라인소액투자중개의 방법으로 증권을 모집하는 경우 청약금액이 모집예정금액에 대
통령령으로 정하는 비율을 곱한 금액에 미달하는 때에는 그 발행을 취소하여야 한다.
④ 온라인소액증권발행인은 증권의 청약기간의 종료일부터 7일 전까지 제117조의7제10항제3호에 따라 온라인소
액투자중개업자가 관리하는 인터넷 홈페이지를 통하여 투자자의 투자판단에 도움을 줄 수 있는 정보를 제공할 수
있다. 다만, 온라인소액증권발행인은 대통령령으로 정하는 바에 따라 투자자의 투자판단에 영향을 미칠 수 있는 중
요한 사항을 포함하고 있는 정보가 제2항에 따른 게재의 내용과 상이한 경우에는 제2항에 따른 게재의 내용을 즉시
정정하고 온라인소액투자중개업자가 관리하는 인터넷 홈페이지를 통하여 정정 게재(정정 게재일이 청약기간의 말
일부터 7일 이내인 경우에는 청약기간의 말일은 그 게재일부터 7일 후로 변경된 것으로 본다)하여야 한다.
⑤ 온라인소액증권발행인과 그 대주주(온라인소액투자중개의 방법으로 자금을 모집하기 직전을 기준으로 한 대주
주를 말한다)는 온라인소액증권발행인이 온라인소액투자중개 방식으로 증권을 발행한 후 1년 이상으로서 대통령령
으로 정하는 기간 동안은 보유한 온라인소액증권발행인의 지분을 누구에게도 매도할 수 없다.<개정 2018. 3. 27.>
⑥ 투자자(전문투자자 등 대통령령으로 정하는 자를 제외한다)가 온라인소액투자중개를 통하여 투자하는 금액은 다
음 각 호의 한도를 초과하여서는 아니 된다.<개정 2017. 10. 31.>
1. 소득 등 대통령령으로 정하는 요건을 갖춘 자
가. 최근 1년간 동일 온라인소액증권발행인에 대한 누적투자금액: 1천만원 이하로서 대통령령으로 정하는 금액
나. 최근 1년간 누적투자금액: 2천만원 이하로서 대통령령으로 정하는 금액
2. 제1호의 요건을 갖추지 못한 자
가. 최근 1년간 동일 온라인소액증권발행인에 대한 누적투자금액: 500만원 이하로서 대통령령으로 정하는 금액
나. 최근 1년간 누적투자금액: 1천만원 이하로서 대통령령으로 정하는 금액
⑦ 투자자는 온라인소액투자중개를 통하여 발행된 증권을 지체 없이 제309조제5항에서 정하는 방법으로 예탁결제
원에 예탁하거나 보호예수하여야 하며, 그 예탁일 또는 보호예수일부터 6개월간 해당 증권(증권에 부여된 권리의
행사로 취득하는 증권을 포함한다)을 매도, 그 밖의 방법으로 양도할 수 없다. 다만, 다음 각 호의 어느 하나에 해당
하는 경우에는 증권을 매도하거나 양도할 수 있다.<개정 2017. 10. 31.>
1. 전문투자자에 대한 매도
2. 해당 증권의 투자 손실가능성 및 낮은 유통 가능성 등을 인지하고 있는 자로서 대통령령으로 정하는 자에 대한
매도
⑧ 투자자는 온라인소액투자중개를 통하여 발행되는 증권의 청약기간의 종료일까지 대통령령으로 정하는 바에 따
라 청약의 의사를 철회할 수 있다. 이 경우 온라인소액투자중개업자는 그 투자자의 청약증거금을 지체 없이 반환하
여야 한다.
[본조신설 2015. 7. 24.]
 
제117조의11(게재 내용의 사실확인) ① 온라인소액투자중개업자는 온라인소액투자중개 전에 해당 온라인소액증권발
행인에 관한 다음 각 호의 사항에 관한 사실을 확인하여야 한다.
1. 온라인소액증권발행인의 재무상황
2. 온라인소액증권발행인의 사업계획이 투자자 보호를 위하여 대통령령으로 정하는 항목을 포함하였는지 여부
3. 온라인소액증권발행인의 대표자 및 경영진의 이력
4. 모집 자금의 사용 계획이 투자자 보호를 위하여 대통령령으로 정하는 항목을 포함하였는지 여부
5. 그 밖에 온라인소액증권발행인의 신뢰성을 확인할 수 있는 사항으로서 대통령령으로 정하는 사항
② 제1항 각 호의 사항에 관한 사실을 확인하는 방법 및 절차는 금융위원회가 정하여 고시하는 바에 따른다.
[본조신설 2015. 7. 24.]
 
제117조의12(손해배상책임 등) ① 제117조의10제2항에 따라 게재한 증권의 발행조건과 재무상태 등을 기재한 서류 또
는 사업계획서(제117조의10제4항에 따라 정정하여 게재한 경우를 포함한다) 중 중요사항에 관한 거짓의 기재 또는
표시가 있거나, 중요사항이 기재 또는 표시되지 아니함으로써 온라인소액투자중개를 통하여 증권을 취득한 자가 손
법제처                                                            51                                                       국가법령정보센터
자본시장과 금융투자업에 관한 법률
해를 입은 경우에는 다음 각 호의 자는 그 손해에 관하여 배상책임을 진다. 다만, 배상의 책임을 질 자가 상당한 주의
를 하였음에도 불구하고 이를 알 수 없었음을 증명하거나 그 증권의 취득자가 취득의 청약을 할 때에 그 사실을 안
경우에는 배상의 책임을 지지 아니한다.
1. 온라인소액증권발행인
2. 그 증권의 발행조건과 재무상태 등을 기재한 서류 또는 사업계획서의 작성 당시의 온라인소액증권발행인의 대표
자 또는 이사(이사가 없는 경우에는 이에 준하는 자를 말하며, 법인의 설립 전에 작성된 경우에는 그 발기인을 말
한다)
3. 「상법」 제401조의2제1항 각 호의 어느 하나에 해당하는 자로서 그 증권의 발행조건과 재무상태 등을 기재한 서
류 또는 사업계획서의 작성을 지시하거나 집행한 자
4. 그 증권의 발행조건과 재무상태 등을 기재한 서류 또는 사업계획서가 진실 또는 정확하다고 증명하여 서명한 공
인회계사ㆍ감정인 또는 신용평가를 전문으로 하는 자 등(그 소속 단체를 포함한다) 대통령령으로 정하는 자
5. 그 증권의 발행조건과 재무상태 등을 기재한 서류 또는 사업계획서에 자기의 평가ㆍ분석ㆍ확인 의견이 기재되는
것에 동의하고 그 기재 내용을 확인하는 자
② 제1항에 따른 손해배상액의 산정에 관하여는 제126조를 준용한다.
③ 제1항에 따른 배상의 책임은 그 청구권자가 해당 사실을 안 날부터 1년 이내 또는 해당 증권의 청약기간의 종료
일 전 7일부터 3년 이내에 청구권을 행사하지 아니한 경우에는 소멸한다.
[본조신설 2015. 7. 24.]
 
제117조의13(중앙기록관리기관) ① 온라인소액투자중개업자는 온라인소액증권발행인으로부터 증권의 모집 또는 사모
의 중개에 관한 의뢰를 받거나 투자자로부터 청약의 주문을 받은 경우 의뢰 또는 주문의 내용, 온라인소액증권발행
인과 투자자에 대한 정보 등 대통령령으로 정하는 자료를 지체 없이 중앙기록관리기관(대통령령으로 정하는 바에 따
라 온라인소액투자중개업자로부터 온라인소액증권발행인과 투자자에 대한 정보를 제공받아 관리하는 기관을 말한
다. 이하 같다)에 제공하여야 한다.
② 온라인소액투자중개업자는 제117조의7제9항에 따른 조치를 하기 위하여 필요한 사항을 중앙기록관리기관에 위
탁하여야 한다.
③ 중앙기록관리기관은 제1항에 따라 제공받은 자료를 대통령령으로 정하는 방법에 따라 보관ㆍ관리하여야 한다.
④ 중앙기록관리기관은 제1항에 따라 제공받은 자료를 타인에게 제공하여서는 아니 된다. 다만, 온라인소액투자중
개업자 또는 해당 온라인소액증권발행인에게 제공하는 경우, 그 밖에 대통령령으로 정하는 경우에는 이를 제공할
수 있다.
[본조신설 2015. 7. 24.]
 
제117조의14(투자자명부의 관리) ① 온라인소액증권발행인은 투자자명부(주주명부 등 증권의 소유자 내역을 기재ㆍ관
리하는 명부를 말한다)의 관리에 관한 업무를 예탁결제원에 위탁하여야 한다.
② 예탁결제원은 제1항에 따라 위탁을 받은 경우 다음 각 호의 사항을 기재한 투자자명부를 작성ㆍ비치하여야 한다
.
1. 투자자의 주소 및 성명
2. 투자자가 소유하는 증권의 수량
3. 증권의 실물을 발행한 경우에는 그 번호
③ 예탁결제원은 제2항 각 호에 관한 정보를 타인에게 제공하여서는 아니 된다. 다만, 온라인소액투자중개업자 또
는 해당 온라인소액증권발행인에게 제공하는 경우, 그 밖에 대통령령으로 정하는 경우에는 이를 제공할 수 있다.
④ 「상법」 제358조의2제1항 및 제2항은 온라인소액투자중개를 통하여 발행된 증권에 관하여 준용한다.
[본조신설 2015. 7. 24.]
 
제117조의15(전자게시판서비스 제공자의 책임) ① 「정보통신망 이용촉진 및 정보보호 등에 관한 법률」 제2조제1항제
9호의 게시판을 운영하는 같은 항 제3호의 정보통신서비스 제공자(이하 “전자게시판서비스 제공자”라 한다)는 해당
법제처                                                            52                                                       국가법령정보센터
자본시장과 금융투자업에 관한 법률
게시판을 통하여 제117조의9제1항 각 호의 사항의 제공이 이루어지는 경우 이로 인한 투자자 피해가 발생하지 아니
하도록 다음 각 호의 사항을 이행하여야 한다. <개정 2017. 10. 31.>
1. 온라인소액증권발행인 또는 온라인소액투자중개업자가 게시판을 이용하여 제117조의9제1항 각 호의 사항을 제
공하는 경우 제117조의9에 따른 의무를 준수하도록 안내하고 권고할 것
2. 게시판을 이용하여 제117조의9제1항 각 호의 사항을 제공하는 온라인소액증권발행인 또는 온라인소액투자중개
업자가 이 법을 위반하는 경우 다음 각 목의 조치를 이행할 것
가. 위반자에 대한 접속 제한, 법을 위반하여 게재된 정보의 삭제 등 투자자 피해를 방지하기 위한 조치
나. 위반자의 법 위반 사실을 금융위원회에 신고
3. 그 밖에 대통령령으로 정하는 사항
② 금융위원회는 전자게시판서비스 제공자가 제1항에 따른 이행을 하지 아니하는 경우 방송미디어통신위원회에 시
정명령을 하거나 과태료를 부과하도록 요구할 수 있다.<개정 2025. 10. 1.>
[본조신설 2015. 7. 24.]
 
제117조의16(검사 및 조치) 제419조제2항부터 제4항까지 및 제8항은 온라인소액투자중개업자에게 적용하지 아니한다.
[본조신설 2015. 7. 24.]
 
     제3편 증권의 발행 및 유통
       제1장 증권신고서
 
제118조(적용범위) 이 장은 국채증권, 지방채증권, 대통령령으로 정하는 법률에 따라 직접 설립된 법인이 발행한 채권,
그 밖에 다른 법률에 따라 충분한 공시가 행하여지는 등 투자자 보호가 이루어지고 있다고 인정되는 증권으로서 대
통령령으로 정하는 증권에 관하여는 적용하지 아니한다.
 
제119조(모집 또는 매출의 신고) ① 증권의 모집 또는 매출(대통령령으로 정하는 방법에 따라 산정한 모집가액 또는 매
출가액 각각의 총액이 대통령령으로 정하는 금액 이상인 경우에 한한다)은 발행인이 그 모집 또는 매출에 관한 신고
서를 금융위원회에 제출하여 수리되지 아니하면 이를 할 수 없다. <개정 2008. 2. 29.>
② 제1항에 불구하고 증권의 종류, 발행예정기간, 발행횟수, 발행인의 요건 등을 고려하여 대통령령으로 정하는 기
준과 방법에 따라 일정기간 동안 모집하거나 매출할 증권의 총액을 일괄하여 기재한 신고서(이하 “일괄신고서”라
한다)를 금융위원회에 제출하여 수리된 경우에는 그 기간 중에 그 증권을 모집하거나 매출할 때마다 제출하여야 하
는 신고서를 따로 제출하지 아니하고 그 증권을 모집하거나 매출할 수 있다. 이 경우 그 증권(집합투자증권 및 파생
결합증권 중 대통령령으로 정하는 것을 제외한다)을 모집하거나 매출할 때마다 대통령령으로 정하는 일괄신고와
관련된 서류(이하 “일괄신고추가서류”라 한다)를 제출하여야 한다.<개정 2008. 2. 29., 2013. 5. 28.>
③ 발행인은 제1항의 신고서와 제2항의 일괄신고서(이하 “증권신고서”라 한다)에 발행인(투자신탁의 수익증권 및
투자익명조합의 지분증권의 경우에는 그 투자신탁 및 투자익명조합을 말한다. 이하 이 항에서 같다)의 미래의 재무
상태나 영업실적 등에 대한 예측 또는 전망에 관한 사항으로서 다음 각 호의 사항(이하 “예측정보”라 한다)을 기재
또는 표시할 수 있다. 이 경우 예측정보의 기재 또는 표시는 제125조제2항제1호ㆍ제2호 및 제4호의 방법에 따라야
한다.
1. 매출규모ㆍ이익규모 등 발행인의 영업실적, 그 밖의 경영성과에 대한 예측 또는 전망에 관한 사항
2. 자본금규모ㆍ자금흐름 등 발행인의 재무상태에 대한 예측 또는 전망에 관한 사항
3. 특정한 사실의 발생 또는 특정한 계획의 수립으로 인한 발행인의 경영성과 또는 재무상태의 변동 및 일정시점에
서의 목표수준에 관한 사항
4. 그 밖에 발행인의 미래에 대한 예측 또는 전망에 관한 사항으로서 대통령령으로 정하는 사항
④ 증권신고서를 제출하는 경우 증권신고서에 기재하여야 할 사항이나 그 첨부서류에 이미 제출된 것과 같은 부분
이 있는 때에는 그 부분을 적시하여 이를 참조하라는 뜻을 기재한 서면으로 갈음할 수 있다.
법제처                                                            53                                                       국가법령정보센터
자본시장과 금융투자업에 관한 법률
⑤ 증권신고서를 제출하는 경우 신고 당시 해당 발행인의 대표이사(집행임원 설치회사의 경우 대표집행임원을 말
한다. 이하 이 조에서 같다) 및 신고업무를 담당하는 이사(대표이사 및 신고업무를 담당하는 이사가 없는 경우 이에
준하는 자를 말한다)는 그 증권신고서의 기재사항 중 중요사항에 관하여 거짓의 기재 또는 표시가 있거나 중요사항
의 기재 또는 표시가 누락되어 있지 아니하다는 사실 등 대통령령으로 정하는 사항을 확인ㆍ검토하고 이에 각각 서
명하여야 한다.<개정 2013. 5. 28.>
⑥ 제1항부터 제5항까지의 규정에도 불구하고 발행인 및 같은 종류의 증권에 대하여 충분한 공시가 이루어지고 있
는 등 대통령령으로 정한 사유에 해당하는 때에는 매출에 관한 증권신고서를 제출하지 아니할 수 있다.<신설 2013.
5. 28.>
⑦ 제1항부터 제4항까지의 증권신고서의 기재사항 및 그 첨부서류에 관하여 필요한 사항은 대통령령으로 정한다.
<개정 2013. 5. 28.>
⑧ 자금조달 계획의 동일성 등 대통령령으로 정하는 사항을 종합적으로 고려하여 둘 이상의 증권의 발행 또는 매도
가 사실상 동일한 증권의 발행 또는 매도로 인정되는 경우에는 하나의 증권의 발행 또는 매도로 보아 제1항을 적용
한다.<신설 2017. 10. 31.>
 
제119조의2(자료요구권 등) ① 종속회사(발행인이 지배회사로서 그 회사와 「주식회사 등의 외부감사에 관한 법률」 제
2조제3호에 따른 대통령령으로 정하는 지배ㆍ종속의 관계에 있는 경우 그에 종속되는 회사를 말하며, 국제회계기준
등 발행인이 적용한 회계기준에 따라 연결재무제표 작성대상 종속회사를 보유한 외국법인등의 경우에는 해당 회계
기준에 따른 종속회사를 말한다. 이하 같다)가 있는 법인(이하 “연결재무제표 작성대상법인”이라 한다) 중 증권신고
서를 제출하여야 하는 법인은 증권신고서의 작성을 위하여 필요한 범위에서 종속회사에게 관련 자료의 제출을 요구
할 수 있다. <개정 2017. 10. 31.>
② 연결재무제표 작성대상법인 중 증권신고서를 제출하여야 하는 법인은 증권신고서의 작성을 위하여 필요한 자료
를 입수할 수 없거나 종속회사가 제출한 자료의 내용을 확인할 필요가 있는 때에는 종속회사의 업무와 재산상태를
조사할 수 있다.
[본조신설 2013. 5. 28.]
 
제119조의3(주권의 수요상황의 사전 파악) 발행인, 인수인 및 주선인은 증권시장에 신규로 상장하기 위한 주권(주권과
관련된 증권예탁증권을 포함한다. 이하 이 조, 제119조의4 및 제119조의5에서 같다)의 증권신고서를 제출하기 이전
에 자산규모 등을 고려하여 대통령령으로 정하는 전문투자자를 대상으로 해당 주권에 대한 매입희망 가격, 물량 등
의 수요상황을 파악하는 방법(대통령령으로 정하는 방법에 따라 수요상황의 파악을 하는 경우로 한정한다)으로 청약
을 권유할 수 있다. 이 경우 제119조제1항을 적용하지 아니한다.
[본조신설 2026. 5. 12.]
[시행일: 2026. 11. 13.] 제119조의3
 
제119조의4(주권의 사전 청약) ① 발행인, 인수인 및 주선인은 증권시장에 신규로 상장하고자 하는 주권의 증권신고서
를 제출하기 이전에 자산규모 등을 고려하여 대통령령으로 정하는 전문투자자를 대상으로 그 주권의 수량 중 일부
에 대한 청약을 권유할 수 있다. 이 경우 제119조제1항을 적용하지 아니한다.
② 제121조제1항에도 불구하고 발행인과 그 대리인은 제1항에 따라 청약을 권유받은 전문투자자의 청약을 승낙할
수 있다.
③ 발행인, 인수인 및 주선인은 제1항에 따른 전문투자자를 선정할 때 이해상충을 방지하기 위한 체계를 갖추어야
한다.
④ 제2항에 따라 주권을 취득한 자는 주권의 취득 후 6개월 이상의 기간으로서 대통령령으로 정하는 기간 동안 취
득한 주권을 보호예수하여야 한다.
⑤ 제1항에 따라 청약을 권유할 수 있는 주권의 수량의 상한(각 전문투자자별 수량의 상한을 포함한다), 제3항에 따
른 이해상충방지체계의 기준, 제4항에 따른 주권의 보호예수방법, 그 밖에 필요한 사항은 대통령령으로 정한다.
법제처                                                            54                                                       국가법령정보센터
자본시장과 금융투자업에 관한 법률
[본조신설 2026. 5. 12.]
[시행일: 2026. 11. 13.] 제119조의4
 
제119조의5(주권의 사전 정보 제공에 대한 기록의 유지ㆍ관리) 발행인, 인수인 및 주선인은 제119조의3과 제119조의
4에 따라 주권의 증권신고서 제출 이전에 그 주권에 대한 정보를 제공한 경우 대통령령으로 정하는 바에 따라 해당
정보를 제공받은 전문투자자의 명단 등의 자료를 기록하고, 이를 유지ㆍ관리하여야 한다.
[본조신설 2026. 5. 12.]
[시행일: 2026. 11. 13.] 제119조의5
 
제120조(신고의 효력발생시기 등) ① 제119조제1항 및 제2항에 따른 증권의 신고(이하 “증권신고”라 한다)는 그 증권신
고서가 금융위원회에 제출되어 수리된 날부터 증권의 종류 또는 거래의 특성 등을 고려하여 총리령으로 정하는 기
간이 경과한 날에 그 효력이 발생한다. <개정 2008. 2. 29.>
② 금융위원회는 증권신고서의 형식을 제대로 갖추지 아니한 경우 또는 그 증권신고서 중 중요사항에 관하여 거짓
의 기재 또는 표시가 있거나 중요사항이 기재 또는 표시되지 아니한 경우를 제외하고는 그 수리를 거부하여서는 아
니 된다.<개정 2008. 2. 29.>
③ 제1항의 효력의 발생은 그 증권신고서의 기재사항이 진실 또는 정확하다는 것을 인정하거나 정부에서 그 증권의
가치를 보증 또는 승인하는 효력을 가지지 아니한다.
④ 증권의 발행인은 증권신고를 철회하고자 하는 경우에는 그 증권신고서에 기재된 증권의 취득 또는 매수의 청약
일 전일까지 철회신고서를 금융위원회에 제출하여야 한다.<개정 2008. 2. 29.>
 
제121조(거래의 제한) ① 제120조에 따른 신고의 효력이 발생하지 아니한 증권의 취득 또는 매수의 청약이 있는 경우
에 그 증권의 발행인ㆍ매출인과 그 대리인은 그 청약의 승낙을 하여서는 아니 된다.
② 제119조제2항에 따라 일괄신고추가서류를 제출하여야 하는 경우 그 일괄신고추가서류가 제출되지 아니하면 그
증권의 발행인ㆍ매출인과 그 대리인은 그 증권에 관한 취득 또는 매수의 청약에 대한 승낙을 하여서는 아니 된다.
 
제122조(정정신고서) ① 금융위원회는 증권신고서의 형식을 제대로 갖추지 아니한 경우 또는 그 증권신고서 중 중요사
항에 관하여 거짓의 기재 또는 표시가 있거나 중요사항이 기재 또는 표시되지 아니한 경우와 중요사항의 기재나 표
시내용이 불분명하여 투자자의 합리적인 투자판단을 저해하거나 투자자에게 중대한 오해를 일으킬 수 있는 경우에
는 그 증권신고서에 기재된 증권의 취득 또는 매수의 청약일 전일까지 그 이유를 제시하고 그 증권신고서의 기재내
용을 정정한 신고서(이하 이 장에서 “정정신고서”라 한다)의 제출을 요구할 수 있다. <개정 2008. 2. 29., 2009. 2. 3.>
② 제1항에 따른 요구가 있는 경우 그 증권신고서는 그 요구를 한 날부터 수리되지 아니한 것으로 본다.
③ 증권신고서(제119조제2항의 일괄신고추가서류를 포함한다. 이하 이 항에서 같다)를 제출한 자는 그 증권신고서
의 기재사항을 정정하고자 하는 경우에는 그 증권신고서에 기재된 증권의 취득 또는 매수의 청약일 전일까지 정정
신고서를 제출할 수 있다. 이 경우 대통령령으로 정하는 중요한 사항을 정정하고자 하는 경우 또는 투자자 보호를
위하여 그 증권신고서에 기재된 내용을 정정할 필요가 있는 경우로서 대통령령으로 정하는 경우에는 반드시 정정
신고서를 제출하여야 한다.<개정 2013. 5. 28.>
④ 일괄신고서를 제출한 자는 제3항에 불구하고 그 발행예정기간 종료 전까지 정정신고서를 제출할 수 있다. 이 경
우 집합투자증권 중 대통령령으로 정하는 것을 제외하고는 발행예정금액 및 발행예정기간은 이를 정정하여서는 아
니 된다. 다만, 발행예정금액의 100분의 20의 범위에서 대통령령으로 정하는 한도 이하로 감액되는 발행예정금액은
정정할 수 있다.<개정 2009. 2. 3.>
⑤ 제1항ㆍ제3항 또는 제4항에 따라 정정신고서가 제출된 경우에는 그 정정신고서가 수리된 날에 그 증권신고서가
수리된 것으로 본다.
⑥ 제1항에 따른 요구를 받은 후 대통령령으로 정하는 기한 이내에 발행인이 정정신고서를 제출하지 아니하는 경우
에는 해당 증권신고서를 철회한 것으로 본다.<신설 2013. 5. 28.>
법제처                                                            55                                                       국가법령정보센터
자본시장과 금융투자업에 관한 법률
제123조(투자설명서의 작성ㆍ공시) ① 제119조에 따라 증권을 모집하거나 매출하는 경우 그 발행인은 대통령령으로
정하는 방법에 따라 작성한 투자설명서(이하 “투자설명서”라 한다) 및 제124조제2항제3호에 따른 간이투자설명서
(모집 또는 매출하는 증권이 집합투자증권인 경우로 한정한다. 이하 이 조에서 같다)를 그 증권신고의 효력이 발생하
는 날(제119조제2항에 따라 일괄신고추가서류를 제출하여야 하는 경우에는 그 일괄신고추가서류를 제출하는 날로
한다)에 금융위원회에 제출하여야 하며, 이를 총리령으로 정하는 장소에 비치하고 일반인이 열람할 수 있도록 하여
야 한다. <개정 2008. 2. 29., 2013. 5. 28.>
② 투자설명서에는 증권신고서(제119조제2항의 일괄신고추가서류를 포함한다. 이하 이 장에서 같다)에 기재된 내
용과 다른 내용을 표시하거나 그 기재사항을 누락하여서는 아니 된다. 다만, 기업경영 등 비밀유지와 투자자 보호와
의 형평 등을 고려하여 기재를 생략할 필요가 있는 사항으로서 대통령령으로 정하는 사항에 대하여는 그 기재를 생
략할 수 있다.
③ 대통령령으로 정하는 집합투자증권 및 파생결합증권의 발행인은 제1항 외에 다음 각 호의 구분에 따라 투자설명
서 및 간이투자설명서를 금융위원회에 추가로 제출하여야 하며, 이를 총리령으로 정하는 장소에 비치하고 일반인이
열람할 수 있도록 하여야 한다. 다만, 그 집합투자증권 및 파생결합증권의 모집 또는 매출을 중지한 경우에는 제출
ㆍ비치 및 공시를 하지 아니할 수 있다.<개정 2008. 2. 29., 2013. 5. 28.>
1. 제1항에 따라 투자설명서 및 간이투자설명서를 제출한 후 총리령으로 정하는 기간마다 1회 이상 다시 고친 투자
설명서 및 간이투자설명서를 제출할 것
2. 제182조제8항에 따라 변경등록을 한 경우 변경등록의 통지를 받은 날부터 5일 이내에 그 내용을 반영한 투자설
명서 및 간이투자설명서를 제출할 것
 
제124조(정당한 투자설명서의 사용) ① 누구든지 증권신고의 효력이 발생한 증권을 취득하고자 하는 자(전문투자자, 그
밖에 대통령령으로 정하는 자를 제외한다)에게 제123조에 적합한 투자설명서(집합투자증권의 경우 투자자가 제
123조에 따른 투자설명서의 교부를 별도로 요청하지 아니하는 경우에는 제2항제3호에 따른 간이투자설명서를 말한
다. 이하 이 항 및 제132조에서 같다)를 미리 교부하지 아니하면 그 증권을 취득하게 하거나 매도하여서는 아니 된다
. 이 경우 투자설명서가 제436조에 따른 전자문서의 방법에 따르는 때에는 다음 각 호의 요건을 모두 충족하는 때에
이를 교부한 것으로 본다. <개정 2013. 5. 28.>
1. 전자문서에 의하여 투자설명서를 받는 것을 전자문서를 받을 자(이하 “전자문서수신자”라 한다)가 동의할 것
2. 전자문서수신자가 전자문서를 받을 전자전달매체의 종류와 장소를 지정할 것
3. 전자문서수신자가 그 전자문서를 받은 사실이 확인될 것
4. 전자문서의 내용이 서면에 의한 투자설명서의 내용과 동일할 것
② 누구든지 증권신고의 대상이 되는 증권의 모집 또는 매출, 그 밖의 거래를 위하여 청약의 권유 등을 하고자 하는
경우에는 다음 각 호의 어느 하나에 해당하는 방법에 따라야 한다.
1. 제120조제1항에 따라 증권신고의 효력이 발생한 후 투자설명서를 사용하는 방법
2. 제120조제1항에 따라 증권신고서가 수리된 후 신고의 효력이 발생하기 전에 발행인이 대통령령으로 정하는 방
법에 따라 작성한 예비투자설명서(신고의 효력이 발생되지 아니한 사실을 덧붙여 적은 투자설명서를 말한다. 이
하 같다)를 사용하는 방법
3. 제120조제1항에 따라 증권신고서가 수리된 후 신문ㆍ방송ㆍ잡지 등을 이용한 광고, 안내문ㆍ홍보전단 또는 전자
전달매체를 통하여 발행인이 대통령령으로 정하는 방법에 따라 작성한 간이투자설명서(투자설명서에 기재하여야
할 사항 중 그 일부를 생략하거나 중요한 사항만을 발췌하여 기재 또는 표시한 문서, 전자문서, 그 밖에 이에 준하
는 기재 또는 표시를 말한다. 이하 같다)를 사용하는 방법
③ 집합투자증권의 경우 제2항에도 불구하고 간이투자설명서를 사용할 수 있다. 다만, 투자자가 제123조에 따른 투
자설명서의 사용을 별도로 요청하는 경우에는 그러하지 아니하다.<신설 2013. 5. 28.>
④ 제1항 및 제3항에 따라 집합투자증권의 간이투자설명서를 교부하거나 사용하는 경우에는 투자자에게 제123조
에 따른 투자설명서를 별도로 요청할 수 있음을 알려야 한다.<신설 2013. 5. 28.>
법제처                                                            56                                                       국가법령정보센터
자본시장과 금융투자업에 관한 법률
제124조(정당한 투자설명서의 사용) ① 누구든지 증권신고의 효력이 발생한 증권을 취득하고자 하는 자(전문투자자, 그
밖에 대통령령으로 정하는 자를 제외한다)에게 제123조에 적합한 투자설명서(집합투자증권의 경우 투자자가 제
123조에 따른 투자설명서의 교부를 별도로 요청하지 아니하는 경우에는 제2항제3호에 따른 간이투자설명서를 말한
다. 이하 이 항 및 제132조에서 같다)를 미리 교부하지 아니하면 그 증권을 취득하게 하거나 매도하여서는 아니 된다
. 이 경우 투자설명서가 제436조에 따른 전자문서의 방법에 따르는 때에는 다음 각 호의 요건을 모두 충족하는 때에
이를 교부한 것으로 본다. <개정 2013. 5. 28.>
1. 전자문서에 의하여 투자설명서를 받는 것을 전자문서를 받을 자(이하 “전자문서수신자”라 한다)가 동의할 것
2. 전자문서수신자가 전자문서를 받을 전자전달매체의 종류와 장소를 지정할 것
3. 전자문서수신자가 그 전자문서를 받은 사실이 확인될 것
4. 전자문서의 내용이 서면에 의한 투자설명서의 내용과 동일할 것
② 누구든지 증권신고의 대상이 되는 증권의 모집 또는 매출, 그 밖의 거래를 위하여 청약의 권유 등을 하고자 하는
경우에는 다음 각 호의 어느 하나에 해당하는 방법에 따라야 한다. 다만, 제119조의3 및 제119조의4제1항에 따라
청약을 권유하는 경우에는 그러하지 아니하다.<개정 2026. 5. 12.>
1. 제120조제1항에 따라 증권신고의 효력이 발생한 후 투자설명서를 사용하는 방법
2. 제120조제1항에 따라 증권신고서가 수리된 후 신고의 효력이 발생하기 전에 발행인이 대통령령으로 정하는 방
법에 따라 작성한 예비투자설명서(신고의 효력이 발생되지 아니한 사실을 덧붙여 적은 투자설명서를 말한다. 이
하 같다)를 사용하는 방법
3. 제120조제1항에 따라 증권신고서가 수리된 후 신문ㆍ방송ㆍ잡지 등을 이용한 광고, 안내문ㆍ홍보전단 또는 전자
전달매체를 통하여 발행인이 대통령령으로 정하는 방법에 따라 작성한 간이투자설명서(투자설명서에 기재하여야
할 사항 중 그 일부를 생략하거나 중요한 사항만을 발췌하여 기재 또는 표시한 문서, 전자문서, 그 밖에 이에 준하
는 기재 또는 표시를 말한다. 이하 같다)를 사용하는 방법
③ 집합투자증권의 경우 제2항에도 불구하고 간이투자설명서를 사용할 수 있다. 다만, 투자자가 제123조에 따른 투
자설명서의 사용을 별도로 요청하는 경우에는 그러하지 아니하다.<신설 2013. 5. 28.>
④ 제1항 및 제3항에 따라 집합투자증권의 간이투자설명서를 교부하거나 사용하는 경우에는 투자자에게 제123조
에 따른 투자설명서를 별도로 요청할 수 있음을 알려야 한다.<신설 2013. 5. 28.>
[시행일: 2026. 11. 13.] 제124조
 
제125조(거짓의 기재 등으로 인한 배상책임) ① 증권신고서(정정신고서 및 첨부서류를 포함한다. 이하 이 조에서 같다
)와 투자설명서(예비투자설명서 및 간이투자설명서를 포함한다. 이하 이 조에서 같다) 중 중요사항에 관하여 거짓의
기재 또는 표시가 있거나 중요사항이 기재 또는 표시되지 아니함으로써 증권의 취득자가 손해를 입은 경우에는 다
음 각 호의 자는 그 손해에 관하여 배상의 책임을 진다. 다만, 배상의 책임을 질 자가 상당한 주의를 하였음에도 불구
하고 이를 알 수 없었음을 증명하거나 그 증권의 취득자가 취득의 청약을 할 때에 그 사실을 안 경우에는 배상의 책
임을 지지 아니한다. <개정 2009. 2. 3., 2013. 5. 28.>
1. 그 증권신고서의 신고인과 신고 당시의 발행인의 이사(이사가 없는 경우 이에 준하는 자를 말하며, 법인의 설립
전에 신고된 경우에는 그 발기인을 말한다)
2. 「상법」 제401조의2제1항 각 호의 어느 하나에 해당하는 자로서 그 증권신고서의 작성을 지시하거나 집행한 자
3. 그 증권신고서의 기재사항 또는 그 첨부서류가 진실 또는 정확하다고 증명하여 서명한 공인회계사ㆍ감정인 또는
신용평가를 전문으로 하는 자 등(그 소속단체를 포함한다) 대통령령으로 정하는 자
4. 그 증권신고서의 기재사항 또는 그 첨부서류에 자기의 평가ㆍ분석ㆍ확인 의견이 기재되는 것에 대하여 동의하고
그 기재내용을 확인한 자
5. 그 증권의 인수인 또는 주선인(인수인 또는 주선인이 2인 이상인 경우에는 대통령령으로 정하는 자를 말한다)
6. 그 투자설명서를 작성하거나 교부한 자
7. 매출의 방법에 의한 경우 매출신고 당시의 매출인
법제처                                                            57                                                       국가법령정보센터
자본시장과 금융투자업에 관한 법률
② 예측정보가 다음 각 호에 따라 기재 또는 표시된 경우에는 제1항에 불구하고 제1항 각 호의 자는 그 손해에 관하
여 배상의 책임을 지지 아니한다. 다만, 그 증권의 취득자가 취득의 청약 시에 예측정보 중 중요사항에 관하여 거짓
의 기재 또는 표시가 있거나 중요사항이 기재 또는 표시되지 아니한 사실을 알지 못한 경우로서 제1항 각 호의 자
에게 그 기재 또는 표시와 관련하여 고의 또는 중대한 과실이 있었음을 증명한 경우에는 배상의 책임을 진다.
1. 그 기재 또는 표시가 예측정보라는 사실이 밝혀져 있을 것
2. 예측 또는 전망과 관련된 가정이나 판단의 근거가 밝혀져 있을 것
3. 그 기재 또는 표시가 합리적 근거나 가정에 기초하여 성실하게 행하여졌을 것
4. 그 기재 또는 표시에 대하여 예측치와 실제 결과치가 다를 수 있다는 주의문구가 밝혀져 있을 것
③ 제2항은 주권비상장법인이 최초로 주권을 모집 또는 매출하기 위하여 증권신고서를 제출하는 경우에는 적용하
지 아니한다.
 
제126조(손해배상액) ① 제125조에 따라 배상할 금액은 청구권자가 해당 증권을 취득함에 있어서 실제로 지급한 금액
에서 다음 각 호의 어느 하나에 해당하는 금액을 뺀 금액으로 추정한다.
1. 제125조에 따라 손해배상을 청구하는 소송의 변론이 종결될 때의 그 증권의 시장가격(시장가격이 없는 경우에는
추정처분가격을 말한다)
2. 제1호의 변론종결 전에 그 증권을 처분한 경우에는 그 처분가격
② 제1항에 불구하고 제125조에 따라 배상책임을 질 자는 청구권자가 입은 손해액의 전부 또는 일부가 중요사항에
관하여 거짓의 기재 또는 표시가 있거나 중요사항이 기재 또는 표시되지 아니함으로써 발생한 것이 아님을 증명한
경우에는 그 부분에 대하여 배상책임을 지지 아니한다.
 
제127조(배상청구권의 소멸) 제125조에 따른 배상의 책임은 그 청구권자가 해당 사실을 안 날부터 1년 이내 또는 해당
증권에 관하여 증권신고서의 효력이 발생한 날부터 3년 이내에 청구권을 행사하지 아니한 경우에는 소멸한다.
 
제128조(증권발행실적보고서) 증권신고의 효력이 발생한 증권의 발행인은 금융위원회가 정하여 고시하는 방법에 따라
그 발행실적에 관한 보고서(이하 “증권발행실적보고서”라 한다)를 금융위원회에 제출하여야 한다. <개정 2008. 2.
29.>
 
제129조(신고서와 보고서의 공시) 금융위원회는 다음 각 호의 서류를 3년간 일정한 장소에 비치하고, 인터넷 홈페이지
등을 이용하여 공시하여야 한다. 이 경우 기업경영 등 비밀유지와 투자자 보호와의 형평 등을 고려하여 대통령령으
로 정하는 사항을 제외하고 비치 및 공시할 수 있다. <개정 2008. 2. 29., 2013. 5. 28.>
1. 증권신고서 및 정정신고서
2. 투자설명서(집합투자증권의 경우 제124조제2항제3호에 따른 간이투자설명서를 포함한다)
3. 증권발행실적보고서
 
제130조(신고서를 제출하지 아니하는 모집ㆍ매출) ① 제119조제1항에 따른 신고서를 제출하지 아니하고 증권을 모집
또는 매출하는 발행인은 투자자를 보호하기 위하여 재무상태에 관한 사항의 공시, 그 밖에 대통령령으로 정하는 조
치를 하여야 한다. 다만, 제119조제6항에서 정한 사유에 해당하는 때에는 그러하지 아니하다. <개정 2013. 5. 28.,
2017. 10. 31.>
② 자금조달 계획의 동일성 등 대통령령으로 정하는 사항을 종합적으로 고려하여 둘 이상의 증권의 발행 또는 매도
가 사실상 동일한 증권의 발행 또는 매도로 인정되는 경우에는 하나의 증권의 발행 또는 매도로 보아 제1항을 적용
한다.<신설 2017. 10. 31.>
 
제131조(보고 및 조사) ① 금융위원회는 투자자 보호를 위하여 필요한 경우에는 증권신고의 신고인, 증권의 발행인ㆍ매
출인ㆍ인수인, 그 밖의 관계인에 대하여 참고가 될 보고 또는 자료의 제출을 명하거나, 금융감독원장에게 그 장부ㆍ
서류, 그 밖의 물건을 조사하게 할 수 있다. <개정 2008. 2. 29.>
법제처                                                            58                                                       국가법령정보센터
자본시장과 금융투자업에 관한 법률
② 제1항에 따라 조사를 하는 자는 그 권한을 표시하는 증표를 지니고 이를 관계인에게 내보여야 한다.
 
제132조(위원회의 조치) 금융위원회는 다음 각 호의 어느 하나에 해당하는 경우에는 증권신고의 신고인, 증권의 발행인
ㆍ매출인ㆍ인수인 또는 주선인에 대하여 이유를 제시한 후 그 사실을 공고하고 정정을 명할 수 있으며, 필요한 때에
는 그 증권의 발행ㆍ모집ㆍ매출, 그 밖의 거래를 정지 또는 금지하거나 대통령령으로 정하는 조치를 할 수 있다. 이
경우 그 조치에 필요한 절차 및 조치기준은 총리령으로 정한다. <개정 2008. 2. 29., 2009. 2. 3., 2013. 5. 28.>
1. 증권신고서ㆍ정정신고서 또는 증권발행실적보고서를 제출하지 아니한 경우
2. 증권신고서ㆍ정정신고서 또는 증권발행실적보고서 중 중요사항에 관하여 거짓의 기재 또는 표시가 있거나 중요
사항이 기재 또는 표시되지 아니한 경우
3. 제121조를 위반하여 증권의 취득 또는 매수의 청약에 대한 승낙을 한 경우
4. 투자설명서에 관하여 제123조 또는 제124조를 위반한 경우
5. 예비투자설명서 또는 간이투자설명서에 의한 증권의 모집ㆍ매출, 그 밖의 거래에 관하여 제124조제2항을 위반한
경우
6. 제130조에 따른 조치를 하지 아니한 경우
 
       제2장 기업의 인수ㆍ합병 관련제도
         제1절 공개매수
 
제133조(공개매수의 적용대상) ① 이 절에서 “공개매수”란 불특정 다수인에 대하여 의결권 있는 주식, 그 밖에 대통령
령으로 정하는 증권(이하 “주식등”이라 한다)의 매수(다른 증권과의 교환을 포함한다. 이하 이 절에서 같다)의 청약을
하거나 매도(다른 증권과의 교환을 포함한다. 이하 이 절에서 같다)의 청약을 권유하고 증권시장(증권시장과 유사한
시장으로서 해외에 있는 시장, 다자간매매체결회사 및 외국 법령에 따라 외국에서 다자간매매체결업무에 상당하는
영업을 영위하는 자를 포함한다. 이하 이 절에서 같다) 밖에서 그 주식등을 매수하는 것을 말한다. <개정 2013. 5.
28., 2025. 3. 6.>
② 이 절에서 “공개매수사무취급자”란 공개매수를 하고자 하는 자를 대리하여 매수ㆍ교환ㆍ입찰, 그 밖의 유상취득
(이하 이 절에서 “매수등”이라 한다)을 할 주식등의 보관, 공개매수에 필요한 자금 또는 교환대상 증권의 지급, 그 밖
의 공개매수 관련 사무를 취급하는 자를 말한다.
③ 주식등을 대통령령으로 정하는 기간 동안 증권시장 밖에서 대통령령으로 정하는 수 이상의 자로부터 매수등을
하고자 하는 자는 그 매수등을 한 후에 본인과 그 특별관계자(대통령령으로 정하는 특별한 관계가 있는 자를 말한
다. 이하 같다)가 보유(소유, 그 밖에 이에 준하는 경우로서 대통령령으로 정하는 경우를 포함한다. 이하 이 절 및 제
2절에서 같다)하게 되는 주식등의 수의 합계가 그 주식등의 총수의 100분의 5 이상이 되는 경우(본인과 그 특별관
계자가 보유하는 주식등의 수의 합계가 그 주식등의 총수의 100분의 5 이상인 자가 그 주식등의 매수등을 하는 경
우를 포함한다)에는 공개매수를 하여야 한다. 다만, 매수등의 목적, 유형, 그 밖에 다른 주주의 권익침해 가능성 등을
고려하여 대통령령으로 정하는 매수등의 경우에는 공개매수 외의 방법으로 매수등을 할 수 있다.
④ 제3항을 적용함에 있어서 증권시장에서의 경쟁매매 외의 방법에 의한 주식등의 매수로서 대통령령으로 정하는
매수의 경우에는 증권시장 밖에서 행하여진 것으로 본다.
⑤ 제3항에 따른 주식등의 수와 주식등의 총수는 총리령으로 정하는 방법에 따라 산정한 수로 한다.<개정 2008. 2.
29.>
 
제134조(공개매수공고 및 공개매수신고서의 제출) ① 공개매수를 하고자 하는 자는 대통령령으로 정하는 방법에 따라
다음 각 호의 사항을 공고(이하 “공개매수공고”라 한다)하여야 한다.
1. 공개매수를 하고자 하는 자
2. 공개매수할 주식등의 발행인(그 주식등과 관련된 증권예탁증권, 그 밖에 대통령령으로 정하는 주식등의 경우에
는 대통령령으로 정하는 자를 말한다. 이하 이 절에서 같다)
법제처                                                            59                                                       국가법령정보센터
자본시장과 금융투자업에 관한 법률
3. 공개매수의 목적
4. 공개매수할 주식등의 종류 및 수
5. 공개매수기간ㆍ가격ㆍ결제일 등 공개매수조건
6. 매수자금의 명세, 그 밖에 투자자 보호를 위하여 필요한 사항으로서 대통령령으로 정하는 사항
② 공개매수공고를 한 자(이하 “공개매수자”라 한다)는 대통령령으로 정하는 방법에 따라 다음 각 호의 사항을 기재
한 신고서(이하 “공개매수신고서”라 한다)를 그 공개매수공고를 한 날(이하 “공개매수공고일”이라 한다)에 금융위원
회와 거래소에 제출하여야 한다. 다만, 공개매수공고일이 공휴일(「노동절 제정에 관한 법률」에 따른 노동절 및 토요
일을 포함한다), 그 밖에 금융위원회가 정하여 고시하는 날에 해당되는 경우에는 그 다음 날에 제출할 수 있다.<개
정 2008. 2. 29., 2025. 11. 11.>
1. 공개매수자 및 그 특별관계자에 관한 사항
2. 공개매수할 주식등의 발행인
3. 공개매수의 목적
4. 공개매수할 주식등의 종류 및 수
5. 공개매수기간ㆍ가격ㆍ결제일 등 공개매수조건
6. 공개매수공고일 이후에 공개매수에 의하지 아니하고 주식등의 매수등을 하는 계약이 있는 경우에는 그 계약의
내용
7. 매수자금의 명세, 그 밖에 투자자 보호를 위하여 필요한 사항으로서 대통령령으로 정하는 사항
③ 제1항 및 제2항에 따른 공개매수기간은 대통령령으로 정하는 기간 이내여야 한다.
④ 공개매수자는 공개매수신고서에 그 주식등의 발행인의 예측정보를 기재 또는 표시할 수 있다. 이 경우 예측정보
의 기재 또는 표시는 제125조제2항제1호ㆍ제2호 및 제4호의 방법에 따라야 한다.
⑤ 공개매수신고서의 첨부서류, 그 밖에 공개매수신고서에 관하여 필요한 사항은 대통령령으로 정한다.
 
제135조(신고서 사본의 송부) 공개매수자는 공개매수신고서를 제출한 경우에는 지체 없이 그 사본을 공개매수할 주식
등의 발행인에게 송부하여야 한다.
 
제136조(정정신고ㆍ공고 등) ① 금융위원회는 공개매수신고서의 형식을 제대로 갖추지 아니한 경우 또는 그 공개매수
신고서 중 중요사항에 관하여 거짓의 기재 또는 표시가 있거나 중요사항이 기재 또는 표시되지 아니한 경우에는 공
개매수기간이 종료하는 날까지 그 이유를 제시하고 그 공개매수신고서의 기재내용을 정정한 신고서(이하 이 절에서
“정정신고서”라 한다)의 제출을 요구할 수 있다. <개정 2008. 2. 29.>
② 제1항에 따른 요구가 있는 경우 그 공개매수신고서는 그 요구를 한 날부터 제출되지 아니한 것으로 본다.
③ 공개매수자는 공개매수조건, 그 밖에 공개매수신고서의 기재사항을 정정하고자 하는 경우 또는 투자자 보호를
위하여 그 공개매수신고서에 기재된 내용을 정정할 필요가 있는 경우로서 총리령으로 정하는 경우에는 공개매수기
간이 종료하는 날까지 금융위원회와 거래소에 정정신고서를 제출하여야 한다. 다만, 매수가격의 인하, 매수예정 주
식등의 수의 감소, 매수대금 지급기간의 연장(제4항제1호의 경우를 제외한다), 그 밖에 대통령령으로 정하는 공개매
수조건 등은 변경할 수 없다.<개정 2008. 2. 29.>
④ 공개매수자가 제1항 또는 제3항에 따라 공개매수신고서의 정정신고서를 제출하는 경우 공개매수기간의 종료일
은 다음 각 호와 같다.
1. 그 정정신고서를 제출한 날이 제134조제1항제5호에 따라 공고한 공개매수기간 종료일 전 10일 이내에 해당하는
경우에는 그 정정신고서를 제출한 날부터 10일이 경과한 날
2. 그 정정신고서를 제출한 날이 제134조제1항제5호에 따라 공고한 공개매수기간 종료일 전 10일 이내에 해당하지
아니하는 경우에는 그 공개매수기간이 종료하는 날
⑤ 공개매수자는 제1항 또는 제3항에 따라 정정신고서를 제출한 경우에는 지체 없이 그 사실과 정정한 내용(공개매
수공고에 포함된 사항에 한한다)을 공고하여야 한다. 이 경우 공고의 방법은 제134조제1항에 따른다.
⑥ 공개매수자는 공개매수신고서의 정정신고서를 제출한 경우에는 지체 없이 그 사본을 공개매수할 주식등의 발행
인에게 송부하여야 한다.
법제처                                                            60                                                       국가법령정보센터
자본시장과 금융투자업에 관한 법률
제137조(공개매수설명서의 작성ㆍ공시) ① 공개매수자(공개매수사무취급자를 포함한다. 이하 이 조에서 같다)는 공개
매수를 하고자 하는 경우에는 대통령령으로 정하는 방법에 따라 그 공개매수에 관한 설명서(이하 “공개매수설명서
”라 한다)를 작성하여 공개매수공고일에 금융위원회와 거래소에 제출하여야 하며, 이를 총리령으로 정하는 장소에
비치하고 일반인이 열람할 수 있도록 하여야 한다. 이 경우 제134조제2항 각 호 외의 부분 단서를 준용한다. <개정
2008. 2. 29.>
② 공개매수설명서에는 공개매수신고서에 기재된 내용과 다른 내용을 표시하거나 그 기재사항을 누락하여서는 아
니 된다.
③ 공개매수자는 공개매수할 주식등을 매도하고자 하는 자에게 제1항에 적합한 공개매수설명서를 미리 교부하지
아니하면 그 주식등을 매수하여서는 아니 된다. 이 경우 공개매수설명서가 제436조에 따른 전자문서의 방법에 따르
는 때에는 다음 각 호의 요건을 모두 충족하는 때에 이를 교부한 것으로 본다.
1. 전자문서에 의하여 공개매수설명서를 받는 것을 전자문서수신자가 동의할 것
2. 전자문서수신자가 전자문서를 받을 전자전달매체의 종류와 장소를 지정할 것
3. 전자문서수신자가 그 전자문서를 받은 사실이 확인될 것
4. 전자문서의 내용이 서면에 의한 공개매수설명서의 내용과 동일할 것
 
제138조(공개매수에 관한 의견표명) ① 공개매수신고서가 제출된 주식등의 발행인은 대통령령으로 정하는 방법에 따
라 그 공개매수에 관한 의견을 표명할 수 있다.
② 발행인은 제1항에 따라 의견을 표명한 경우에는 그 내용을 기재한 문서를 지체 없이 금융위원회와 거래소에 제
출하여야 한다.<개정 2008. 2. 29.>
 
제139조(공개매수의 철회 등) ① 공개매수자는 공개매수공고일 이후에는 공개매수를 철회할 수 없다. 다만, 대항공개매
수(공개매수기간 중 그 공개매수에 대항하는 공개매수를 말한다)가 있는 경우, 공개매수자가 사망ㆍ해산ㆍ파산한 경
우, 그 밖에 투자자 보호를 해할 우려가 없는 경우로서 대통령령으로 정하는 경우에는 공개매수기간의 말일까지 철
회할 수 있다.
② 공개매수자는 제1항에 따라 공개매수를 철회하고자 하는 경우에는 철회신고서를 금융위원회와 거래소에 제출하
고, 그 내용을 공고하여야 한다. 이 경우 공고의 방법은 제134조제1항에 따른다.<개정 2008. 2. 29.>
③ 공개매수자는 공개매수의 철회신고서를 제출한 경우에는 지체 없이 그 사본을 공개매수를 철회할 주식등의 발
행인에게 송부하여야 한다.
④ 공개매수대상 주식등의 매수의 청약에 대한 승낙 또는 매도의 청약(이하 “응모”라 한다)을 한 자(이하 “응모주주
”라 한다)는 공개매수기간 중에는 언제든지 응모를 취소할 수 있다. 이 경우 공개매수자는 응모주주에 대하여 그 응
모의 취소에 따른 손해배상 또는 위약금의 지급을 청구할 수 없다.
 
제140조(공개매수에 의하지 아니한 매수등의 금지) 공개매수자(그 특별관계자 및 공개매수사무취급자를 포함한다)는
공개매수공고일부터 그 매수기간이 종료하는 날까지 그 주식등을 공개매수에 의하지 아니하고는 매수등을 하지 못
한다. 다만, 공개매수에 의하지 아니하고 그 주식등의 매수등을 하더라도 다른 주주의 권익침해가 없는 경우로서 대
통령령으로 정하는 경우에는 공개매수에 의하지 아니하고 매수등을 할 수 있다.
 
제141조(공개매수의 조건과 방법) ① 공개매수자는 공개매수신고서에 기재한 매수조건과 방법에 따라 응모한 주식등
의 전부를 공개매수기간이 종료하는 날의 다음 날 이후 지체 없이 매수하여야 한다. 다만, 다음 각 호의 어느 하나에
해당하는 조건을 공개매수공고에 게재하고 공개매수신고서에 기재한 경우에는 그 조건에 따라 응모한 주식등의 전
부 또는 일부를 매수하지 아니할 수 있다.
1. 응모한 주식등의 총수가 공개매수 예정주식등의 수에 미달할 경우 응모 주식등의 전부를 매수하지 아니한다는
조건
2. 응모한 주식등의 총수가 공개매수 예정주식등의 수를 초과할 경우에는 공개매수 예정주식등의 수의 범위에서 비
례배분하여 매수하고 그 초과 부분의 전부 또는 일부를 매수하지 아니한다는 조건
법제처                                                            61                                                       국가법령정보센터
자본시장과 금융투자업에 관한 법률
② 공개매수자가 제1항에 따라 공개매수를 하는 경우 그 매수가격은 균일하여야 한다.
 
제142조(공개매수자 등의 배상책임) ① 공개매수신고서(그 첨부서류를 포함한다. 이하 이 조에서 같다) 및 그 공고, 정
정신고서(그 첨부서류를 포함한다. 이하 이 조에서 같다) 및 그 공고 또는 공개매수설명서 중 중요사항에 관하여 거
짓의 기재 또는 표시가 있거나 중요사항이 기재 또는 표시되지 아니함으로써 응모주주가 손해를 입은 경우에는 다
음 각 호의 자는 그 손해에 관하여 배상의 책임을 진다. 다만, 배상의 책임을 질 자가 상당한 주의를 하였음에도 불구
하고 이를 알 수 없었음을 증명하거나 응모주주가 응모를 할 때에 그 사실을 안 경우에는 배상의 책임을 지지 아니
한다.
1. 공개매수신고서 및 그 정정신고서의 신고인(신고인의 특별관계자를 포함하며, 신고인이 법인인 경우 그 이사를
포함한다)과 그 대리인
2. 공개매수설명서의 작성자와 그 대리인
② 예측정보가 다음 각 호에 따라 기재 또는 표시된 경우에는 제1항에 불구하고 제1항 각 호의 자는 그 손해에 관하
여 배상의 책임을 지지 아니한다. 다만, 응모주주가 주식등의 응모를 할 때에 예측정보 중 중요사항에 관하여 거짓
의 기재 또는 표시가 있거나 중요사항이 기재 또는 표시되지 아니한 사실을 알지 못한 경우로서 제1항 각 호의 자
에게 그 기재 또는 표시와 관련하여 고의 또는 중대한 과실이 있었음을 증명한 경우에는 배상의 책임을 진다.
1. 그 기재 또는 표시가 예측정보라는 사실이 밝혀져 있을 것
2. 예측 또는 전망과 관련된 가정 또는 판단의 근거가 밝혀져 있을 것
3. 그 기재 또는 표시가 합리적 근거 또는 가정에 기초하여 성실하게 행하여졌을 것
4. 그 기재 또는 표시에 대하여 예측치와 실제 결과치가 다를 수 있다는 주의문구가 밝혀져 있을 것
③ 제1항 및 제2항에 따라 배상할 금액은 손해배상을 청구하는 소송의 변론이 종결될 때의 그 주식등의 시장가격
(시장가격이 없는 경우에는 추정처분가격을 말한다)에서 응모의 대가로 실제로 받은 금액을 뺀 금액으로 추정한다.
④ 제3항에 불구하고 제1항 및 제2항에 따라 배상책임을 질 자는 응모주주가 입은 손해액의 전부 또는 일부가 중요
사항에 관하여 거짓의 기재 또는 표시가 있거나 중요사항을 기재 또는 표시하지 아니함으로써 발생한 것이 아님을
증명한 경우에는 그 부분에 대하여 배상의 책임을 지지 아니한다.
⑤ 제1항 및 제2항에 따른 배상책임은 응모주주가 해당 사실을 안 날부터 1년 이내 또는 해당 공개매수공고일부터
3년 이내에 청구권을 행사하지 아니한 경우에는 소멸한다.
 
제143조(공개매수결과보고서) 공개매수자는 금융위원회가 정하여 고시하는 방법에 따라 공개매수의 결과를 기재한 보
고서(이하 “공개매수결과보고서”라 한다)를 금융위원회와 거래소에 제출하여야 한다. <개정 2008. 2. 29.>
 
제144조(신고서 등의 공시) 금융위원회와 거래소는 다음 각 호의 서류를 그 접수일부터 3년간 비치하고, 인터넷 홈페이
지 등을 이용하여 공시하여야 한다. <개정 2008. 2. 29.>
1. 공개매수신고서 및 정정신고서
2. 공개매수설명서
3. 제138조에 따른 문서
4. 제139조제2항에 따른 철회신고서
5. 공개매수결과보고서
 
제145조(의결권 제한 등) 제133조제3항 또는 제134조제1항ㆍ제2항을 위반하여 주식등의 매수등을 한 경우에는 그 날
부터 그 주식(그 주식등과 관련한 권리 행사 등으로 취득한 주식을 포함한다)에 대한 의결권을 행사할 수 없으며, 금
융위원회는 6개월 이내의 기간을 정하여 그 주식등(그 주식등과 관련한 권리 행사 등으로 취득한 주식을 포함한다
)의 처분을 명할 수 있다. <개정 2008. 2. 29.>
 
제146조(조사 및 조치) ① 금융위원회는 투자자 보호를 위하여 필요한 경우에는 공개매수자, 공개매수자의 특별관계자,
공개매수사무취급자, 그 밖의 관계인에 대하여 참고가 될 보고 또는 자료의 제출을 명하거나, 금융감독원장에게 그
장부ㆍ서류, 그 밖의 물건을 조사하게 할 수 있다. 이 경우 제131조제2항을 준용한다. <개정 2008. 2. 29.>
법제처                                                            62                                                       국가법령정보센터
자본시장과 금융투자업에 관한 법률
② 금융위원회는 다음 각 호의 어느 하나에 해당하는 경우에는 공개매수자, 공개매수자의 특별관계자 또는 공개매
수사무취급자에 대하여 이유를 제시한 후 그 사실을 공고하고 정정을 명할 수 있으며, 필요한 때에는 그 공개매수를
정지 또는 금지하거나 대통령령으로 정하는 조치를 할 수 있다. 이 경우 그 조치에 필요한 절차 및 조치기준은 총리
령으로 정한다.<개정 2008. 2. 29., 2009. 2. 3.>
1. 공개매수공고 또는 제136조제5항의 공고를 하지 아니한 경우
2. 공개매수신고서, 정정신고서 또는 공개매수결과보고서를 제출하지 아니한 경우
3. 공개매수공고, 공개매수신고서, 정정신고서, 제136조제5항의 공고 또는 공개매수결과보고서 중 중요사항에 관하
여 거짓의 기재 또는 표시가 있거나 중요사항이 기재 또는 표시되지 아니한 경우
4. 제135조, 제136조제6항 또는 제139조제3항을 위반하여 공개매수신고서, 정정신고서 또는 철회신고서의 사본을
발행인에게 송부하지 아니한 경우
5. 제135조, 제136조제6항 또는 제139조제3항에 따른 신고서 사본에 신고서에 기재된 내용과 다른 내용을 표시하
거나 그 내용을 누락하여 송부한 경우
6. 공개매수설명서에 관하여 제137조를 위반한 경우
7. 제139조제1항 또는 제2항을 위반하여 공개매수를 철회한 경우
8. 제140조를 위반하여 공개매수에 의하지 아니하고 매수등을 한 경우
9. 제141조를 위반하여 공개매수를 한 경우
10. 제145조를 위반하여 의결권을 행사하거나, 같은 조에 따른 처분명령을 위반한 경우
 
         제2절 주식등의 대량보유상황의 보고
 
제147조(주식등의 대량보유 등의 보고) ① 주권상장법인의 주식등(제234조제1항에 따른 상장지수집합투자기구인 투자
회사의 주식은 제외한다. 이하 이 절에서 같다)을 대량보유(본인과 그 특별관계자가 보유하게 되는 주식등의 수의 합
계가 그 주식등의 총수의 100분의 5 이상인 경우를 말한다)하게 된 자는 그 날부터 5일(대통령령으로 정하는 날은
산입하지 아니한다. 이하 이 절에서 같다) 이내에 그 보유상황, 보유 목적(발행인의 경영권에 영향을 주기 위한 목적
여부를 말한다), 그 보유 주식등에 관한 주요계약내용, 그 밖에 대통령령으로 정하는 사항을 대통령령으로 정하는 방
법에 따라 금융위원회와 거래소에 보고하여야 하며, 그 보유 주식등의 수의 합계가 그 주식등의 총수의 100분의 1
이상 변동된 경우(그 보유 주식등의 수가 변동되지 아니한 경우, 그 밖에 대통령령으로 정하는 경우를 제외한다)에는
그 변동된 날부터 5일 이내에 그 변동내용을 대통령령으로 정하는 방법에 따라 금융위원회와 거래소에 보고하여야
한다. 이 경우 그 보유 목적이 발행인의 경영권에 영향을 주기 위한 것(임원의 선임ㆍ해임 또는 직무의 정지, 이사회
등 회사의 기관과 관련된 정관의 변경 등 대통령령으로 정하는 것을 말한다)이 아닌 경우와 전문투자자 중 대통령령
으로 정하는 자의 경우에는 그 보고내용 및 보고시기 등을 대통령령으로 달리 정할 수 있다. <개정 2008. 2. 29.,
2016. 3. 29.>
② 제1항에 따른 주식등의 수 및 주식등의 총수는 총리령으로 정하는 방법에 따라 산정한 수로 한다.<개정 2008. 2.
29.>
③ 제1항에 따라 주식등의 대량보유상황ㆍ보유 목적 또는 그 변동내용을 보고하는 날 전일까지 새로 변동내용을 보
고하여야 할 사유가 발생한 경우 새로 보고하여야 하는 변동내용은 당초의 대량보유상황, 보유 목적 또는 그 변동내
용을 보고할 때 이를 함께 보고하여야 한다.
④ 제1항에 따라 보고한 자는 그 보유 목적이나 그 보유 주식등에 관한 주요계약내용 등 대통령령으로 정하는 중요
한 사항의 변경이 있는 경우에는 5일 이내에 금융위원회와 거래소에 보고하여야 한다.<개정 2008. 2. 29.>
 
제148조(대량보유보고서 등의 발행인에 대한 송부) 제147조제1항 또는 제4항에 따라 보고한 자는 지체 없이 그 사본을
해당 주식등의 발행인(대통령령으로 정하는 주식등의 경우에는 대통령령으로 정하는 자를 말한다)에게 송부하여야
한다.
법제처                                                            63                                                       국가법령정보센터
자본시장과 금융투자업에 관한 법률
제149조(보고서 등의 공시) 금융위원회 및 거래소는 제147조제1항 및 제4항에 따라 제출받은 보고서를 3년간 비치하
고, 인터넷 홈페이지 등을 이용하여 공시하여야 한다. <개정 2008. 2. 29.>
 
제150조(위반 주식등의 의결권행사 제한 등) ① 제147조제1항ㆍ제3항 및 제4항에 따라 보고(그 정정보고를 포함한다
)하지 아니한 자 또는 대통령령으로 정하는 중요한 사항을 거짓으로 보고하거나 대통령령으로 정하는 중요한 사항의
기재를 누락한 자는 대통령령으로 정하는 기간 동안 의결권 있는 발행주식총수의 100분의 5를 초과하는 부분 중 위
반분에 대하여 그 의결권을 행사하여서는 아니 되며, 금융위원회는 6개월 이내의 기간을 정하여 그 위반분의 처분을
명할 수 있다. <개정 2008. 2. 29.>
② 제147조제1항ㆍ제3항 및 제4항에 따라 주식등의 보유 목적을 발행인의 경영권에 영향을 주기 위한 것으로 보고
하는 자는 그 보고하여야 할 사유가 발생한 날부터 보고한 날 이후 5일까지 그 발행인의 주식등을 추가로 취득하거
나 보유 주식등에 대하여 그 의결권을 행사할 수 없다.
③ 제2항을 위반하여 주식등을 추가로 취득한 자는 그 추가 취득분에 대하여 그 의결권을 행사할 수 없으며, 금융위
원회는 6개월 이내의 기간을 정하여 그 추가 취득분의 처분을 명할 수 있다.<개정 2008. 2. 29.>
 
제151조(조사 및 정정요구 등) ① 금융위원회는 투자자 보호를 위하여 필요한 경우에는 제147조제1항 또는 제4항에 따
라 보고서를 제출한 자, 그 밖의 관계인에 대하여 참고가 될 보고 또는 자료의 제출을 명하거나, 금융감독원장에게
그 장부ㆍ서류, 그 밖의 물건을 조사하게 할 수 있다. 이 경우 제131조제2항을 준용한다. <개정 2008. 2. 29.>
② 금융위원회는 제147조제1항 또는 제4항에 따라 제출된 보고서의 형식을 제대로 갖추지 아니한 경우 또는 그 보
고서 중 중요사항에 관하여 거짓의 기재 또는 표시가 있거나 중요사항의 기재 또는 표시가 누락된 경우에는 그 이
유를 제시하고 그 보고서의 정정을 명할 수 있으며, 필요한 때에는 거래를 정지 또는 금지하거나 대통령령으로 정하
는 조치를 할 수 있다.<개정 2008. 2. 29.>
 
         제3절 의결권 대리행사의 권유 제한
 
제152조(의결권 대리행사의 권유) ① 상장주권(그 상장주권과 관련된 증권예탁증권을 포함한다. 이하 이 절에서 같다
)의 의결권 대리행사의 권유를 하고자 하는 자(이하 “의결권권유자”라 한다)는 그 권유에 있어서 그 상대방(이하 “의
결권피권유자”라 한다)에게 대통령령으로 정하는 방법에 따라 위임장 용지 및 참고서류를 교부하여야 한다.
② 제1항에서 “의결권 대리행사의 권유”란 다음 각 호의 어느 하나에 해당하는 행위를 말한다. 다만, 의결권피권유
자의 수 등을 고려하여 대통령령으로 정하는 경우에는 의결권 대리행사의 권유로 보지 아니한다.
1. 자기 또는 제삼자에게 의결권의 행사를 대리시키도록 권유하는 행위
2. 의결권의 행사 또는 불행사를 요구하거나 의결권 위임의 철회를 요구하는 행위
3. 의결권의 확보 또는 그 취소 등을 목적으로 주주에게 위임장 용지를 송부하거나, 그 밖의 방법으로 의견을 제시
하는 행위
③ 국가기간산업 등 국민경제상 중요한 산업을 영위하는 법인으로서 대통령령으로 정하는 상장법인(이하 “공공적
법인”이라 한다)의 경우에는 그 공공적 법인만이 그 주식의 의결권 대리행사의 권유를 할 수 있다.
④ 제1항의 위임장 용지는 주주총회의 목적사항 각 항목에 대하여 의결권피권유자가 찬반(贊反)을 명기할 수 있도
록 하여야 한다.
⑤ 의결권권유자는 위임장 용지에 나타난 의결권피권유자의 의사에 반하여 의결권을 행사할 수 없다.
⑥ 위임장 용지 및 참고서류의 기재사항 등에 관하여 필요한 사항은 대통령령으로 정한다.
 
제152조의2(발행인과 의결권권유자와의 관계) ① 발행인이 아닌 의결권권유자는 발행인이 의결권 대리행사의 권유를
하는 경우에는 그 발행인에 대하여 다음 각 호의 어느 하나에 해당하는 행위를 할 것을 요구할 수 있다. <개정 2016.
3. 22.>
1. 발행인이 아닌 의결권권유자에 대하여 주주명부의 열람ㆍ등사를 허용하는 행위
법제처                                                            64                                                       국가법령정보센터
자본시장과 금융투자업에 관한 법률
2. 발행인이 아닌 의결권권유자를 위하여 그 의결권권유자의 비용으로 위임장 용지 및 참고서류를 주주에게 송부하
는 행위
② 발행인은 제1항에 따른 요구가 있는 경우에는 요구받은 날부터 2일(대통령령으로 정하는 날은 제외한다) 이내에
이에 응하여야 한다.
[본조신설 2013. 5. 28.]
 
제153조(위임장 용지 및 참고서류의 비치 및 열람) 의결권권유자는 제152조에 따라 위임장 용지 및 참고서류를 의결권
피권유자에게 제공하는 날 2일(대통령령으로 정하는 날을 제외한다) 전까지 이를 금융위원회와 거래소에 제출하여
야 하며, 총리령으로 정하는 장소에 이를 비치하고 일반인이 열람할 수 있도록 하여야 한다. <개정 2008. 2. 29.,
2013. 5. 28.>
 
제154조(정당한 위임장 용지 등의 사용) 의결권권유자는 위임장 용지 및 참고서류 중 의결권피권유자의 의결권 위임
여부 판단에 중대한 영향을 미칠 수 있는 사항(이하 이 절에서 “의결권 위임 관련 중요사항”이라 한다)에 관하여 거
짓의 기재 또는 표시를 하거나 의결권 위임 관련 중요사항의 기재 또는 표시를 누락하여서는 아니 된다.
 
제155조(의견표명) 의결권 대리행사의 권유대상이 되는 상장주권의 발행인은 의결권 대리행사의 권유에 대하여 의견
을 표명한 경우에는 그 내용을 기재한 서면을 지체 없이 금융위원회와 거래소에 제출하여야 한다. <개정 2008. 2.
29.>
 
제156조(정정요구 등) ① 금융위원회는 위임장용지 및 참고서류의 형식을 제대로 갖추지 아니한 경우 또는 위임장 용
지 및 참고서류 중 의결권 위임 관련 중요사항에 관하여 거짓의 기재 또는 표시가 있거나 의결권 위임 관련 중요사
항이 기재 또는 표시되지 아니한 경우에는 그 이유를 제시하고 위임장용지 및 참고서류를 정정하여 제출할 것을 요
구할 수 있다. <개정 2008. 2. 29.>
② 제1항에 따른 요구가 있는 경우에는 당초 제출한 위임장용지 및 참고서류는 제출하지 아니한 것으로 본다.
③ 의결권권유자는 위임장 용지 및 참고서류의 기재사항을 정정하고자 하는 경우에는 그 권유와 관련된 주주총회
일 7일(대통령령으로 정하는 날을 제외한다) 전까지 이를 정정하여 제출할 수 있다. 이 경우 대통령령으로 정하는
중요한 사항을 정정하고자 하는 경우 또는 투자자 보호를 위하여 그 위임장 용지 및 참고서류에 기재된 내용을 정
정할 필요가 있는 경우로서 대통령령으로 정하는 경우에는 반드시 이를 정정하여 제출하여야 한다.
 
제157조(위임장용지 등의 공시) 금융위원회와 거래소는 제152조에 따른 위임장용지 및 참고서류, 제155조에 따른 서면
및 제156조에 따른 정정내용을 그 접수일부터 3년간 비치하고, 인터넷 홈페이지 등을 이용하여 공시하여야 한다.
<개정 2008. 2. 29.>
 
제158조(조사 및 조치) ① 금융위원회는 투자자 보호를 위하여 필요한 경우에는 의결권권유자, 그 밖의 관계인에 대하
여 참고가 될 보고 또는 자료의 제출을 명하거나, 금융감독원장에게 그 장부ㆍ서류, 그 밖의 물건을 조사하게 할 수
있다. 이 경우 제131조제2항을 준용한다. <개정 2008. 2. 29.>
② 금융위원회는 다음 각 호의 어느 하나에 해당하는 경우에는 의결권권유자에 대하여 이유를 제시한 후 그 사실을
공고하고 정정을 명할 수 있으며, 필요한 때에는 의결권 대리행사의 권유를 정지 또는 금지하거나 대통령령으로 정
하는 조치를 할 수 있다. 이 경우 그 조치에 필요한 절차 및 조치기준은 총리령으로 정한다.<개정 2008. 2. 29.,
2009. 2. 3.>
1. 제152조제1항을 위반하여 위임장 용지 및 참고서류를 의결권피권유자에게 교부하지 아니한 경우
2. 제152조제3항을 위반하여 공공적 법인이 아닌 자가 의결권 대리행사의 권유를 한 경우
3. 위임장 용지 및 참고서류에 관하여 제153조 또는 제154조를 위반한 경우
4. 제153조 또는 제156조제1항ㆍ제3항에 따라 제출하는 위임장 용지 및 참고서류 중 의결권 위임 관련 중요사항에
관하여 거짓의 기재 또는 표시가 있거나 의결권 위임 관련 중요사항이 기재 또는 표시되지 아니한 경우
법제처                                                            65                                                       국가법령정보센터
자본시장과 금융투자업에 관한 법률
5. 제156조제3항 후단을 위반하여 정정서류를 제출하지 아니한 경우
 
       제3장 상장법인의 사업보고서 등
 
제159조(사업보고서 등의 제출) ① 주권상장법인, 그 밖에 대통령령으로 정하는 법인(이하 “사업보고서 제출대상법인
”이라 한다)은 그 사업보고서를 각 사업연도 경과 후 90일 이내에 금융위원회와 거래소에 제출하여야 한다. 다만, 파
산, 그 밖의 사유로 인하여 사업보고서의 제출이 사실상 불가능하거나 실효성이 없는 경우로서 대통령령으로 정하는
경우에는 사업보고서를 제출하지 아니할 수 있다. <개정 2008. 2. 29.>
② 사업보고서 제출대상법인은 제1항의 사업보고서에 다음 각 호의 사항을 기재하고, 대통령령으로 정하는 서류를
첨부하여야 한다.<개정 2013. 5. 28., 2016. 3. 29.>
1. 회사의 목적, 상호, 사업내용
2. 임원보수(「상법」, 그 밖의 법률에 따른 주식매수선택권을 포함하되, 대통령령으로 정하는 것에 한한다. 이하 이
항에서 같다)
3. 임원 개인별 보수와 그 구체적인 산정기준 및 방법(임원 개인에게 지급된 보수가 5억원 이내의 범위에서 대통령
령으로 정하는 금액 이상인 경우에 한한다)
3의2. 보수총액 기준 상위 5명의 개인별 보수와 그 구체적인 산정기준 및 방법(개인에게 지급된 보수가 5억원 이내
의 범위에서 대통령령으로 정하는 금액 이상인 경우에 한정한다)
4. 재무에 관한 사항
5. 그 밖에 대통령령으로 정하는 사항
③ 최초로 제1항에 따라 사업보고서를 제출하여야 하는 법인은 사업보고서 제출대상법인에 해당하게 된 날부터
5일(제1항에 따른 사업보고서의 제출기간 중에 사업보고서 제출대상법인에 해당하게 된 경우에는 그 제출기한으로
한다) 이내에 그 직전 사업연도의 사업보고서를 금융위원회와 거래소에 제출하여야 한다. 다만, 그 법인이 증권신고
서 등을 통하여 이미 직전 사업연도의 사업보고서에 준하는 사항을 공시한 경우에는 직전 사업연도의 사업보고서
를 제출하지 아니할 수 있다.<개정 2008. 2. 29., 2009. 2. 3.>
④ 사업보고서 제출대상법인은 제1항의 사업보고서를 작성함에 있어서 금융위원회가 정하여 고시하는 기재방법 및
서식에 따라야 한다.<개정 2008. 2. 29., 2009. 2. 3.>
⑤ 삭제<2009. 2. 3.>
⑥ 사업보고서 제출대상법인은 사업보고서에 그 법인의 예측정보를 기재 또는 표시할 수 있다. 이 경우 예측정보의
기재 또는 표시는 제125조제2항제1호ㆍ제2호 및 제4호의 방법에 따라야 한다.
⑦ 사업보고서를 제출하는 경우 제출 당시 그 법인의 대표이사(집행임원 설치회사의 경우 대표집행임원을 말한다)
및 제출업무를 담당하는 이사는 그 사업보고서의 기재사항 중 중요사항에 관하여 거짓의 기재 또는 표시가 있거나
중요사항의 기재 또는 표시가 누락되어 있지 아니하다는 사실 등 대통령령으로 정하는 사항을 확인ㆍ검토하고 이
에 각각 서명하여야 한다.<개정 2013. 5. 28.>
 
제160조(반기ㆍ분기보고서의 제출) ① 사업보고서 제출대상법인은 그 사업연도 개시일부터 6개월간의 사업보고서(이
하 “반기보고서”라 한다)와 사업연도 개시일부터 3개월간 및 9개월간의 사업보고서(이하 “분기보고서”라 한다)를 각
각 그 기간 경과 후 45일 이내에 금융위원회와 거래소에 제출하여야 하되, 사업보고서 제출대상법인이 재무에 관한
사항과 그 부속명세, 그 밖에 금융위원회가 정하여 고시하는 사항을 연결재무제표를 기준으로 기재하여 작성한 반기
보고서와 분기보고서를 금융위원회와 거래소에 제출하는 경우에는 그 최초의 사업연도와 그 다음 사업연도에 한하
여 그 기간 경과 후 60일 이내에 제출할 수 있다. 이 경우 제159조제2항(분기보고서에 대하여는 같은 항 제3호 및 제
3호의2는 제외한다)ㆍ제4항ㆍ제6항 및 제7항을 준용한다. <개정 2008. 2. 29., 2009. 2. 3., 2016. 3. 29., 2025. 1. 21.>
② 최초로 제159조제1항 본문에 따라 사업보고서를 제출하여야 하는 법인은 사업보고서 제출대상법인에 해당하게
된 날부터 5일(제1항 전단에 따른 반기보고서 또는 분기보고서의 제출기간 중에 사업보고서 제출대상법인에 해당
하게 된 경우에는 그 제출기한으로 한다) 이내에 그 직전 반기보고서 또는 분기보고서를 금융위원회와 거래소에 제
법제처                                                            66                                                       국가법령정보센터
자본시장과 금융투자업에 관한 법률
출하여야 한다. 다만, 그 법인이 증권신고서 등을 통하여 이미 직전 반기보고서 또는 분기보고서에 준하는 사항을
공시한 경우에는 직전 반기보고서 또는 분기보고서를 제출하지 아니할 수 있다.<신설 2025. 1. 21.>
 
제161조(주요사항보고서의 제출) ① 사업보고서 제출대상법인은 다음 각 호의 어느 하나에 해당하는 사실이 발생한 경
우에는 그 사실이 발생한 날의 다음 날까지(제6호의 경우에는 그 사실이 발생한 날부터 3일까지, 제9호의 경우에는
그 사실이 발생한 다음 날과 납입기일의 1주 전 중 먼저 도래하는 날까지로 한다) 그 내용을 기재한 보고서(이하 “주
요사항보고서”라 한다)를 금융위원회에 제출하여야 한다. 이 경우 제159조제6항 및 제7항을 준용한다. <개정 2008.
2. 29., 2013. 5. 28., 2014. 12. 30., 2016. 3. 29., 2025. 1. 21.>
1. 발행한 어음 또는 수표가 부도로 되거나 은행과의 당좌거래가 정지 또는 금지된 때
2. 영업활동의 전부 또는 중요한 일부가 정지되거나 그 정지에 관한 이사회 등의 결정이 있은 때
3. 「채무자 회생 및 파산에 관한 법률」에 따른 회생절차개시 또는 간이회생절차개시의 신청이 있은 때
4. 이 법, 「상법」, 그 밖의 법률에 따른 해산사유가 발생한 때
5. 대통령령으로 정하는 경우에 해당하는 자본 또는 부채의 변동에 관한 이사회 등의 결정이 있은 때
6. 「상법」 제360조의2, 제360조의15, 제522조 및 제530조의2에 규정된 사실이 발생한 때
7. 대통령령으로 정하는 중요한 영업 또는 자산을 양수하거나 양도할 것을 결의한 때
8. 자기주식을 취득(자기주식의 취득을 목적으로 하는 신탁계약의 체결을 포함한다) 또는 처분(자기주식의 취득을
목적으로 하는 신탁계약의 해지를 포함한다)할 것을 결의한 때
9. 전환사채, 교환사채 또는 신주인수권부사채의 발행에 관한 결정이 있은 때. 다만, 해당 주권 관련 사채권의 발행
이 증권의 모집 또는 매출에 따른 것으로서 제119조제1항에 따라 신고서를 제출하는 경우는 제외한다.
10. 그 밖에 그 법인의 경영ㆍ재산 등에 관하여 중대한 영향을 미치는 사항으로서 대통령령으로 정하는 사실이 발
생한 때
② 사업보고서 제출대상법인은 제1항에 따라 주요사항보고서를 제출하는 경우에는 제1항 각 호의 항목별로 대통령
령으로 정하는 서류를 첨부하여야 한다.
③ 사업보고서 제출대상법인은 주요사항보고서를 작성함에 있어서 금융위원회가 정하여 고시하는 기재방법 및 서
식에 따라야 한다.<개정 2008. 2. 29.>
④ 금융위원회는 제출된 주요사항보고서가 투자자의 투자판단에 중대한 영향을 미칠 우려가 있어 그 내용을 신속
하게 알릴 필요가 있는 경우에는 대통령령으로 정하는 방법에 따라 행정기관, 그 밖의 관계기관에 대하여 필요한 정
보의 제공 또는 교환을 요청할 수 있다. 이 경우 요청을 받은 기관은 특별한 사유가 없는 한 이에 협조하여야 한다.
<개정 2008. 2. 29.>
⑤ 금융위원회는 제1항에 따라 주요사항보고서가 제출된 경우 이를 거래소에 지체 없이 송부하여야 한다.<개정
2008. 2. 29.>
 
제161조의2(자료요구권 등) ① 연결재무제표 작성대상법인 중 사업보고서 제출대상법인은 제159조의 사업보고서, 반
기보고서, 분기보고서 및 주요사항보고서(이하 “사업보고서등”이라 한다)의 작성을 위하여 필요한 범위에서 종속회
사에게 관련 자료의 제출을 요구할 수 있다. <개정 2025. 1. 21.>
② 연결재무제표 작성대상법인 중 사업보고서 제출대상법인은 사업보고서등의 작성을 위하여 필요한 자료를 입수
할 수 없거나 종속회사가 제출한 자료의 내용을 확인할 필요가 있는 때에는 종속회사의 업무와 재산상태를 조사할
수 있다.<개정 2025. 1. 21.>
[본조신설 2013. 5. 28.]
 
제162조(거짓의 기재 등에 의한 배상책임) ① 사업보고서등과 그 첨부서류(회계감사인의 감사보고서는 제외한다) 중 중
요사항에 관하여 거짓의 기재 또는 표시가 있거나 중요사항이 기재 또는 표시되지 아니함으로써 사업보고서 제출대
상법인이 발행한 증권(그 증권과 관련된 증권예탁증권, 그 밖에 대통령령으로 정하는 증권을 포함한다. 이하 이 조에
서 같다)의 취득자 또는 처분자가 손해를 입은 경우에는 다음 각 호의 자는 그 손해에 관하여 배상의 책임을 진다. 다
만, 배상의 책임을 질 자가 상당한 주의를 하였음에도 불구하고 이를 알 수 없었음을 증명하거나 그 증권의 취득자
법제처                                                            67                                                       국가법령정보센터
자본시장과 금융투자업에 관한 법률
또는 처분자가 그 취득 또는 처분을 할 때에 그 사실을 안 경우에는 배상의 책임을 지지 아니한다. <개정 2009. 2. 3.,
2025. 1. 21.>
1. 그 사업보고서등의 제출인과 제출당시의 그 사업보고서 제출대상법인의 이사
2. 「상법」 제401조의2제1항 각 호의 어느 하나에 해당하는 자로서 그 사업보고서등의 작성을 지시하거나 집행한
자
3. 그 사업보고서등의 기재사항 및 그 첨부서류가 진실 또는 정확하다고 증명하여 서명한 공인회계사ㆍ감정인 또는
신용평가를 전문으로 하는 자 등(그 소속단체를 포함한다) 대통령령으로 정하는 자
4. 그 사업보고서등의 기재사항 및 그 첨부서류에 자기의 평가ㆍ분석ㆍ확인 의견이 기재되는 것에 대하여 동의하고
그 기재내용을 확인한 자
② 예측정보가 다음 각 호에 따라 기재 또는 표시된 경우에는 제1항에 불구하고 제1항 각 호의 자는 그 손해에 관하
여 배상의 책임을 지지 아니한다. 다만, 해당 증권의 취득자 또는 처분자가 그 취득 또는 처분을 할 때에 예측정보
중 중요사항에 관하여 거짓의 기재 또는 표시가 있거나 중요사항이 기재 또는 표시되지 아니한 사실을 알지 못한
경우로서 제1항 각 호의 자에게 그 기재 또는 표시와 관련하여 고의 또는 중대한 과실이 있었음을 증명한 경우에는
배상의 책임을 진다.
1. 그 기재 또는 표시가 예측정보라는 사실이 밝혀져 있을 것
2. 예측 또는 전망과 관련된 가정 또는 판단의 근거가 밝혀져 있을 것
3. 그 기재 또는 표시가 합리적 근거 또는 가정에 기초하여 성실하게 행하여졌을 것
4. 그 기재 또는 표시에 대하여 예측치와 실제 결과치가 다를 수 있다는 주의문구가 밝혀져 있을 것
③ 제1항 및 제2항에 따라 배상할 금액은 청구권자가 그 증권을 취득 또는 처분함에 있어서 실제로 지급한 금액 또
는 받은 금액과 다음 각 호의 어느 하나에 해당하는 금액(처분의 경우에는 제1호에 한한다)과의 차액으로 추정한다.
1. 제1항 및 제2항에 따라 손해배상을 청구하는 소송의 변론이 종결될 때의 그 증권의 시장가격(시장가격이 없는 경
우에는 추정처분가격을 말한다)
2. 제1호의 변론종결 전에 그 증권을 처분한 경우에는 그 처분가격
④ 제3항에 불구하고 제1항 및 제2항에 따라 배상책임을 질 자는 청구권자가 입은 손해액의 전부 또는 일부가 중요
사항에 관하여 거짓의 기재 또는 표시가 있거나 중요사항이 기재 또는 표시되지 아니함으로써 발생한 것이 아님을
증명한 경우에는 그 부분에 대하여 배상책임을 지지 아니한다.
⑤ 제1항 및 제2항에 따른 배상의 책임은 그 청구권자가 해당 사실을 안 날부터 1년 이내 또는 해당 제출일부터
3년 이내에 청구권을 행사하지 아니한 경우에는 소멸한다.
 
제163조(사업보고서등의 공시) 금융위원회와 거래소는 사업보고서등을 3년간 일정한 장소에 비치하고, 인터넷 홈페이
지 등을 이용하여 공시하여야 한다. 이 경우 기업경영 등 비밀유지와 투자자 보호와의 형평 등을 고려하여 대통령령
으로 정하는 사항을 제외하고 비치 및 공시할 수 있다. <개정 2008. 2. 29.>
 
제164조(조사 및 조치) ① 금융위원회는 투자자 보호를 위하여 필요한 경우에는 사업보고서 제출대상법인, 그 밖의 관
계인에 대하여 참고가 될 보고 또는 자료의 제출을 명하거나, 금융감독원장에게 그 장부ㆍ서류, 그 밖의 물건을 조사
하게 할 수 있다. 이 경우 제131조제2항을 준용한다. <개정 2008. 2. 29.>
② 금융위원회는 다음 각 호의 어느 하나에 해당하는 경우에는 사업보고서 제출대상법인에 대하여 이유를 제시한
후 그 사실을 공고하고 정정을 명할 수 있으며, 필요한 때에는 증권의 발행, 그 밖의 거래를 정지 또는 금지하거나
대통령령으로 정하는 조치를 할 수 있다.이 경우 그 조치에 필요한 절차 및 조치기준은 총리령으로 정한다.<개정
2008. 2. 29., 2009. 2. 3.>
1. 사업보고서등을 제출하지 아니한 경우
2. 사업보고서등 중 중요사항에 관하여 거짓의 기재 또는 표시가 있거나 중요사항이 기재 또는 표시되지 아니한 경
우
 
법제처                                                            68                                                       국가법령정보센터
자본시장과 금융투자업에 관한 법률
제165조(사업보고서등의 제출에 관한 특례) ①제159조부터 제161조까지의 규정에 불구하고 외국법인등의 경우에는 대
통령령으로 정하는 기준 및 방법에 따라 제출의무를 면제하거나 제출기한을 달리하는 등 그 적용을 달리할 수 있다.
<개정 2013. 8. 13.>
② 제160조에도 불구하고 「중소기업기본법」 제2조에 따른 중소기업이 발행한 주권을 매매하는 대통령령으로 정하
는 증권시장에 상장된 주권을 발행한 법인의 경우에는 대통령령으로 정하는 기준 및 방법에 따라 반기ㆍ분기보고
서의 제출의무를 면제하거나 제출기한을 달리하는 등 그 적용을 달리할 수 있다.<신설 2013. 8. 13.>
③ 제159조 및 제160조에도 불구하고 사업보고서 제출대상법인은 그 회계감사인과 감사보고서 작성을 위하여 부
득이 사업보고서등(주요사항보고서는 제외한다. 이하 이 항에서 같다)의 제출기한 연장이 필요하다고 미리 합의하
고 제159조제1항 및 제160조제1항에 따른 사업보고서등의 제출기한 만료 7일 전까지 금융위원회와 거래소에 기한
연장 사유를 기재하여 신고한 경우에는 연 1회에 한정하여 사업보고서등 제출기한을 5영업일 이내에서 연장하여
제출할 수 있다.<신설 2017. 10. 31., 2025. 1. 21.>
④ 사업보고서 제출대상법인이 제3항에 따라 금융위원회와 거래소에 신고하는 경우에는 금융위원회가 정하여 고시
하는 기재방법 및 서식에 따라야 하고, 회계감사인이 기재하여 서명날인한 기한 연장 사유서를 첨부하여야 한다.
<신설 2017. 10. 31.>
[제목개정 2025. 1. 21.]
 
       제3장의2 주권상장법인에 대한 특례 <신설 2009. 2. 3.>
 
제165조의2(적용범위) ① 이 장은 다음 각 호의 어느 하나에 해당하지 아니하는 주권상장법인에 대하여 적용한다.
1. 외국법인등. 다만, 제165조의16 및 제165조의18은 그러하지 아니하다.
2. 투자회사
② 이 장은 주권상장법인에 관하여 「상법」 제3편에 우선하여 적용한다.
[전문개정 2013. 4. 5.]
 
제165조의3(자기주식 취득 및 처분의 특례) ① 주권상장법인은 다음 각 호의 방법으로 자기주식을 취득할 수 있다.
1. 「상법」 제341조제1항에 따른 방법
2. 신탁계약에 따라 자기주식을 취득한 신탁업자로부터 신탁계약이 해지되거나 종료된 때 반환받는 방법(신탁업자
가 해당 주권상장법인의 자기주식을 「상법」 제341조제1항의 방법으로 취득한 경우로 한정한다)
② 제1항의 경우 자기주식의 취득가액의 총액은 「상법」 제462조제1항에 따른 이익배당을 할 수 있는 한도 이내이
어야 한다.
③ 주권상장법인은 제1항의 방법 또는 「상법」 제341조제1항 각 호의 어느 하나에 해당하는 방법으로 자기주식을
취득하는 경우에는 같은 조 제2항에도 불구하고 이사회의 결의로써 자기주식을 취득할 수 있다.
④ 주권상장법인은 제1항에 따라 자기주식을 취득(자기주식을 취득하기로 하는 신탁업자와의 신탁계약의 체결을
포함한다)하거나 이에 따라 취득한 자기주식을 처분(자기주식을 취득하기로 하는 신탁업자와의 신탁계약의 해지를
포함한다)하는 경우에는 대통령령으로 정하는 요건ㆍ방법 등의 기준에 따라야 한다.
[전문개정 2013. 4. 5.]
 
제165조의4(합병 등의 특례) ①주권상장법인은 다음 각 호의 어느 하나에 해당하는 행위(이하 이 조에서 “합병 등”이라
한다)를 하려면 대통령령으로 정하는 요건ㆍ방법 등의 기준에 따라야 한다. <개정 2013. 5. 28.>
1. 다른 법인과의 합병
2. 대통령령으로 정하는 중요한 영업 또는 자산의 양수 또는 양도
3. 주식의 포괄적 교환 또는 포괄적 이전
4. 분할 또는 분할합병
② 주권상장법인은 합병 등을 하는 경우 투자자 보호 및 건전한 거래질서를 위하여 대통령령으로 정하는 바에 따라
외부의 전문평가기관(이하 이 조 및 제165조의18에서 “외부평가기관”이라 한다)으로부터 합병 등의 가액, 그 밖에
법제처                                                            69                                                       국가법령정보센터
자본시장과 금융투자업에 관한 법률
대통령령으로 정하는 사항에 관한 평가를 받아야 한다.<신설 2013. 5. 28.>
③ 금융위원회는 외부평가기관의 합병 등에 관한 평가가 현저히 부실한 경우, 그 밖에 투자자 보호 또는 건전한 거
래질서를 해할 우려가 있는 경우로서 대통령령으로 정하는 경우에는 제2항에 따른 평가 업무를 제한할 수 있다.<신
설 2013. 5. 28.>
④ 외부평가기관의 범위, 제3항에 따른 평가 업무 제한의 방법 등에 대하여는 대통령령으로 정한다.<신설 2013. 5.
28.>
[본조신설 2009. 2. 3.]
 
제165조의5(주식매수청구권의 특례) ① 주권상장법인이 「상법」 제360조의3ㆍ제360조의9ㆍ제360조의16ㆍ제374조ㆍ
제522조ㆍ제527조의2 및 제530조의3(같은 법 제530조의2에 따른 분할합병 및 같은 조에 따른 분할로서 대통령령으
로 정하는 경우만 해당한다)에서 규정하는 의결사항에 관한 이사회 결의에 반대하는 주주(「상법」 제344조의3제1항
에 따른 의결권이 없거나 제한되는 종류주식의 주주를 포함한다. 이하 이 조에서 같다)는 주주총회 전(「상법」 제
360조의9에 따른 완전자회사가 되는 회사의 주주와 같은 법 제527조의2에 따른 소멸하는 회사의 주주의 경우에는
같은 법 제360조의9제2항 및 제527조의2제2항에 따른 공고 또는 통지를 한 날부터 2주 이내)에 해당 법인에 대하여
서면으로 그 결의에 반대하는 의사를 통지한 경우에만 자기가 소유하고 있는 주식(반대 의사를 통지한 주주가 제
391조에 따라 이사회 결의 사실이 공시되기 이전에 취득하였음을 증명한 주식과, 이사회 결의 사실이 공시된 이후에
취득하였지만 대통령령으로 정하는 경우에 해당함을 증명한 주식만 해당한다)을 매수하여 줄 것을 해당 법인에 대하
여 주주총회의 결의일(「상법」 제360조의9에 따른 완전자회사가 되는 회사의 주주와 같은 법 제527조의2에 따른 소
멸하는 회사의 주주의 경우에는 같은 법 제360조의9제2항 및 제527조의2제2항에 따른 공고 또는 통지를 한 날부터
2주가 경과한 날)부터 20일 이내에 주식의 종류와 수를 기재한 서면으로 청구할 수 있다. <개정 2013. 4. 5., 2013. 5.
28.>
② 제1항의 청구를 받으면 해당 법인은 매수청구기간이 종료하는 날부터 1개월 이내에 해당 주식을 매수하여야 한
다.
③ 제2항에 따른 주식의 매수가격은 주주와 해당 법인 간의 협의로 결정한다. 다만, 협의가 이루어지지 아니하는 경
우의 매수가격은 이사회 결의일 이전에 증권시장에서 거래된 해당 주식의 거래가격을 기준으로 하여 대통령령으로
정하는 방법에 따라 산정된 금액으로 하며, 해당 법인이나 매수를 청구한 주주가 그 매수가격에 대하여도 반대하면
법원에 매수가격의 결정을 청구할 수 있다.
④ 주권상장법인이 제1항에 따라 매수한 주식은 대통령령으로 정하는 기간 이내에 처분하여야 한다.<개정 2013. 4.
5.>
⑤ 주권상장법인은 「상법」 제363조에 따라 같은 법 제360조의3, 제360조의16, 제374조, 제522조 및 제530조의3(같
은 법 제530조의2에 따른 분할합병 및 같은 조에 따른 분할로서 대통령령으로 정하는 경우만 해당한다)에서 규정하
는 결의사항에 관한 주주총회 소집의 통지 또는 공고를 하거나 같은 법 제360조의9제2항 및 제527조의2제2항에 따
른 통지 또는 공고를 하는 경우에는 제1항에 따른 주식매수청구권의 내용 및 행사방법을 명시하여야 한다. 이 경우
같은 법 제344조의3제1항에 따른 의결권이 없거나 제한되는 종류주식의 주주에게도 그 사항을 통지하거나 공고하
여야 한다.<개정 2013. 4. 5., 2013. 5. 28.>
[본조신설 2009. 2. 3.]
 
제165조의6(주식의 발행 및 배정 등에 관한 특례) ① 주권상장법인이 신주(제3호의 경우에는 이미 발행한 주식을 포함
한다. 이하 이 항 및 제4항에서 같다)를 배정하는 경우 다음 각 호의 방식에 따른다.
1. 주주에게 그가 가진 주식 수에 따라서 신주를 배정하기 위하여 신주인수의 청약을 할 기회를 부여하는 방식
2. 신기술의 도입, 재무구조의 개선 등 회사의 경영상 목적을 달성하기 위하여 필요한 경우 제1호 외의 방법으로 특
정한 자(해당 주권상장법인의 주식을 소유한 자를 포함한다)에게 신주를 배정하기 위하여 신주인수의 청약을 할
기회를 부여하는 방식
3. 제1호 외의 방법으로 불특정 다수인(해당 주권상장법인의 주식을 소유한 자를 포함한다)에게 신주인수의 청약을
할 기회를 부여하고 이에 따라 청약을 한 자에 대하여 신주를 배정하는 방식
법제처                                                            70                                                       국가법령정보센터
자본시장과 금융투자업에 관한 법률
② 주권상장법인은 신주를 배정하는 경우 그 기일까지 신주인수의 청약을 하지 아니하거나 그 가액을 납입하지 아
니한 주식[이하 이 조 및 제165조의18에서 “실권주”(失權株)라 한다]에 대하여 발행을 철회하여야 한다. 다만, 금융
위원회가 정하여 고시하는 방법에 따라 산정한 가격 이상으로 신주를 발행하는 경우로서 다음 각 호의 어느 하나에
해당하는 경우에는 그러하지 아니하다.
1. 실권주가 발생하는 경우 대통령령으로 정하는 특수한 관계에 있지 아니한 투자매매업자가 인수인으로서 그 실권
주 전부를 취득하는 것을 내용으로 하는 계약을 해당 주권상장법인과 체결하는 경우
2. 제1항제1호의 경우 신주인수의 청약 당시에 해당 주권상장법인과 주주 간의 별도의 합의에 따라 실권주가 발생
하는 때에는 신주인수의 청약에 따라 배정받을 주식수를 초과하는 내용의 청약(이하 이 호에서 “초과청약”이라
한다)을 하여 그 초과청약을 한 주주에게 우선적으로 그 실권주를 배정하기로 하는 경우. 이 경우 신주인수의 청
약에 따라 배정받을 주식수에 대통령령으로 정하는 비율을 곱한 주식수를 초과할 수 없다.
3. 그 밖에 주권상장법인의 자금조달의 효율성, 주주 등의 이익 보호, 공정한 시장질서 유지의 필요성을 종합적으로
고려하여 대통령령으로 정하는 경우
③ 주권상장법인은 제1항제1호의 방식으로 신주를 배정하는 경우 「상법」 제416조제5호 및 제6호에도 불구하고 주
주에게 신주인수권증서를 발행하여야 한다. 이 경우 주주 등의 이익 보호, 공정한 시장질서 유지의 필요성 등을 고
려하여 대통령령으로 정하는 방법에 따라 신주인수권증서가 유통될 수 있도록 하여야 한다.
④ 제1항제3호의 방식으로 신주를 배정하는 경우에는 정관으로 정하는 바에 따라 이사회의 결의로 다음 각 호의 어
느 하나에 해당하는 방식으로 신주를 배정하여야 한다. 이 경우 「상법」 제418조제1항 및 같은 조 제2항 단서를 적
용하지 아니한다.
1. 신주인수의 청약을 할 기회를 부여하는 자의 유형을 분류하지 아니하고 불특정 다수의 청약자에게 신주를 배정
하는 방식
2. 제165조의7에 따라 우리사주조합원에 대하여 신주를 배정하고 청약되지 아니한 주식까지 포함하여 불특정 다수
인에게 신주인수의 청약을 할 기회를 부여하는 방식
3. 주주에 대하여 우선적으로 신주인수의 청약을 할 수 있는 기회를 부여하고 청약되지 아니한 주식이 있는 경우 이
를 불특정 다수인에게 신주를 배정받을 기회를 부여하는 방식
4. 투자매매업자 또는 투자중개업자가 인수인 또는 주선인으로서 마련한 수요예측 등 대통령령으로 정하는 합리적
인 기준에 따라 특정한 유형의 자에게 신주인수의 청약을 할 수 있는 기회를 부여하는 경우로서 금융위원회가 인
정하는 방식
[전문개정 2013. 5. 28.]
 
제165조의7(우리사주조합원에 대한 주식의 배정 등에 관한 특례) ① 대통령령으로 정하는 주권상장법인 또는 주권을
대통령령으로 정하는 증권시장에 상장하려는 법인(이하 이 조에서 “해당 법인”이라 한다)이 주식을 모집하거나 매출
하는 경우 「상법」 제418조에도 불구하고 해당 법인의 우리사주조합원(「근로복지기본법」에 따른 우리사주조합원을
말한다. 이하 같다)에 대하여 모집하거나 매출하는 주식총수의 100분의 20을 배정하여야 한다. 다만, 다음 각 호의
어느 하나에 해당하는 경우에는 그러하지 아니하다. <개정 2010. 6. 8., 2013. 4. 5., 2013. 5. 28.>
1. 「외국인투자 촉진법」에 따른 외국인투자기업 중 대통령령으로 정하는 법인이 주식을 발행하는 경우
2. 그 밖에 해당 법인이 우리사주조합원에 대하여 우선배정을 하기 어려운 경우로서 대통령령으로 정하는 경우
② 우리사주조합원이 소유하는 주식수가 신규로 발행되는 주식과 이미 발행된 주식의 총수의 100분의 20을 초과하
는 경우에는 제1항을 적용하지 아니한다.
③ 제165조의6제1항제1호의 방식으로 신주를 발행하는 경우 제1항에 따른 우리사주조합원에 대한 배정분에 대하
여는 「상법」 제419조제1항부터 제3항까지의 규정을 적용하지 아니한다.<신설 2013. 5. 28.>
④ 금융위원회는 제1항에 따른 우리사주조합원에 대한 주식의 배정과 그 주식의 처분 등에 필요한 기준을 정하여
고시할 수 있다.<개정 2013. 5. 28.>
[본조신설 2009. 2. 3.]
법제처                                                            71                                                       국가법령정보센터
자본시장과 금융투자업에 관한 법률
[제목개정 2013. 4. 5.]
 
제165조의8(액면미달발행의 특례) ① 주권상장법인은 「상법」 제417조에도 불구하고 법원의 인가 없이 같은 법 제
434조에 따른 주주총회의 결의만으로 주식을 액면미달의 가액으로 발행할 수 있다. 다만, 그 액면미달금액의 총액에
대하여 상각(償却)을 완료하지 아니한 경우에는 그러하지 아니하다. <개정 2013. 4. 5.>
② 제1항에 따른 주주총회의 결의에서는 주식의 최저발행가액을 정하여야 한다. 이 경우 최저발행가액은 대통령령
으로 정하는 방법에 따라 산정한 가격 이상이어야 한다.
③ 주권상장법인은 주주총회에서 다르게 정하는 경우를 제외하고는 제1항에 따른 주식을 주주총회의 결의일부터
1개월 이내에 발행하여야 한다.
[본조신설 2009. 2. 3.]
 
제165조의9(주주에 대한 통지 또는 공고의 특례) 주권상장법인이 제165조의6 또는 「상법」 제418조제2항의 방식으로
신주를 배정할 때 제161조제1항제5호에 따라 금융위원회에 제출한 주요사항보고서가 제163조에 따라 금융위원회
와 거래소에 그 납입기일의 1주 전까지 공시된 경우에는 「상법」 제418조제4항을 적용하지 아니한다. <개정 2017.
10. 31.>
[전문개정 2013. 4. 5.]
 
제165조의10(사채의 발행 및 배정 등에 관한 특례) ① 주권상장법인이 다음 각 호의 사채(이하 “주권 관련 사채권”이라
한다)를 발행하는 경우에는 제165조의6제1항ㆍ제2항ㆍ제4항 및 제165조의9를 준용한다. <개정 2016. 3. 29., 2017.
4. 18.>
1. 제165조의11제1항에 따른 사채(주식으로 전환되는 조건이 붙은 사채로 한정한다)
2. 「상법」 제469조제2항제2호, 제513조 및 제516조의2에 따른 사채
② 주권상장법인이 「상법」 제516조의2제1항에 따른 사채를 발행할 때 같은 조 제2항제4호에도 불구하고 사채권자
가 신주인수권증권만을 양도할 수 있는 사채는 사모의 방법으로 발행할 수 없다.<개정 2015. 7. 24.>
[본조신설 2013. 5. 28.]
 
제165조의11(조건부자본증권의 발행 등) ① 주권상장법인(「은행법」 제33조제1항제2호ㆍ제3호 또는 「금융지주회사법
」 제15조의2제1항제2호ㆍ제3호 또는 「보험업법」 제114조의2제1항제1호ㆍ제2호에 따라 해당 사채를 발행할 수 있
는 자를 제외한다)은 정관으로 정하는 바에 따라 이사회의 결의로 「상법」 제469조제2항, 제513조 및 제516조의2에
따른 사채와 다른 종류의 사채로서 해당 사채의 발행 당시 객관적이고 합리적인 기준에 따라 미리 정하는 사유가 발
생하는 경우 주식으로 전환되거나 그 사채의 상환과 이자지급 의무가 감면된다는 조건이 붙은 사채, 그 밖에 대통령
령으로 정하는 사채를 발행할 수 있다. <개정 2016. 3. 29., 2017. 4. 18., 2022. 12. 31.>
② 제1항에 따라 발행하는 사채의 내용, 발행사항 및 유통 등의 방법, 조건의 세부내용 등 필요한 사항은 대통령령
으로 정한다.
[전문개정 2013. 5. 28.]
 
제165조의12(이익배당의 특례) ① 연 1회의 결산기를 정한 주권상장법인은 정관으로 정하는 바에 따라 사업연도 중 그
사업연도 개시일부터 3월, 6월 및 9월 말일부터 45일 이내의 이사회 결의로써 금전으로 이익배당(이하 “분기배당”이
라 한다)을 할 수 있다. <개정 2025. 1. 21.>
② 삭제<2025. 1. 21.>
③ 제1항에 따른 분기배당금은 이사회 결의일부터 1개월 이내에 지급하여야 한다. 다만, 정관 또는 이사회에서 그
지급시기를 따로 정한 경우에는 그에 따른다.<개정 2025. 1. 21.>
④ 분기배당은 직전 결산기의 재무상태표상의 순자산액에서 다음 각 호의 금액을 뺀 금액을 한도로 한다.<개정
2021. 4. 20.>
1. 직전 결산기의 자본의 액
법제처                                                            72                                                       국가법령정보센터
자본시장과 금융투자업에 관한 법률
2. 직전 결산기까지 적립된 자본준비금과 이익준비금의 합계액
3. 직전 결산기의 정기총회에서 이익배당을 하기로 정한 금액
4. 분기배당에 따라 해당 결산기에 적립하여야 할 이익준비금의 합계액
⑤ 해당 결산기의 재무상태표상의 순자산액이 「상법」 제462조제1항 각 호의 금액의 합계액에 미치지 못할 우려가
있으면 분기배당을 하여서는 아니 된다.<개정 2021. 4. 20.>
⑥ 해당 결산기의 재무상태표상의 순자산액이 「상법」 제462조제1항 각 호의 금액의 합계액에 미치지 못함에도 불
구하고 분기배당을 한다는 이사회 결의에 찬성한 이사는 해당 법인에 대하여 연대하여 그 차액(분기배당액의 합계
액이 그 차액보다 적을 경우에는 분기배당액의 합계액)을 배상할 책임이 있다. 다만, 그 이사가 상당한 주의를 하였
음에도 불구하고 제5항의 우려가 있다는 것을 알 수 없었음을 증명하면 배상할 책임이 없다.<개정 2021. 4. 20.>
⑦ 「상법」 제340조제1항, 제344조제1항, 제354조제1항, 제370조제1항, 제457조제2항, 제458조, 제464조 및 제
625조제3호의 적용에 관하여는 분기배당을 같은 법 제462조제1항에 따른 이익의 배당으로 보고, 같은 법 제635조
제1항제22호의2의 적용에 관하여는 제3항의 기간을 같은 법 제464조의2제1항의 기간으로 본다.<개정 2020. 12.
29.>
⑧ 제6항에 따라 이사가 연대책임을 지는 경우에 관하여는 「상법」 제399조제3항 및 제400조를 준용하고, 제4항을
위반하여 분기배당을 한 경우에 관하여는 「상법」 제462조제2항 및 제3항을 준용한다.
⑨ 주권상장법인이 「상법」 제462조제2항 단서에 따라 이사회의 결의로 이익배당을 정한 경우 이사는 배당액의 산
정근거 등 대통령령으로 정하는 사항을 주주총회에 보고하여야 한다.<신설 2016. 3. 29.>
[본조신설 2009. 2. 3.]
 
제165조의13(주식배당의 특례) ① 주권상장법인은 「상법」 제462조의2제1항 단서에도 불구하고 이익배당총액에 상당
하는 금액까지는 새로 발행하는 주식으로 이익배당을 할 수 있다. 다만, 해당 주식의 시가가 액면액에 미치지 못하면
「상법」 제462조의2제1항 단서에 따른다.
② 제1항 단서에 따른 주식의 시가 산정방법은 대통령령으로 정한다.
[본조신설 2009. 2. 3.]
 
제165조의14(공공적 법인의 배당 등의 특례) ① 공공적 법인은 이익이나 이자를 배당할 때 정부에 지급할 배당금의 전
부 또는 일부를 「상법」 제464조에도 불구하고 대통령령으로 정하는 방법에 따라 해당 법인의 주주 중 다음 각 호의
어느 하나에 해당하는 자에게 지급할 수 있다.
1. 해당 주식을 발행한 법인의 우리사주조합원
2. 연간소득수준 및 소유재산규모 등을 고려하여 대통령령으로 정하는 기준에 해당하는 자
② 공공적 법인은 준비금의 전부 또는 일부를 자본에 전입할 때에는 정부에 대하여 발행할 주식의 전부 또는 일부
를 「상법」 제461조제2항에도 불구하고 대통령령으로 정하는 기준 및 방법에 따라 공공적 법인의 발행주식을 일정
기간 소유하는 주주에게 발행할 수 있다.
[본조신설 2009. 2. 3.]
 
제165조의15(의결권이 없거나 제한되는 주식의 특례) ① 「상법」 제344조의3제1항에 따른 의결권이 없거나 제한되는
주식의 총수에 관한 한도를 적용할 때 주권상장법인(주권을 신규로 상장하기 위하여 주권을 모집하거나 매출하는 법
인을 포함한다. 이하 이 조에서 같다)이 다음 각 호의 어느 하나에 해당하는 경우에 발행하는 의결권 없는 주식은 그
한도를 계산할 때 산입하지 아니한다. <개정 2013. 4. 5., 2013. 5. 28.>
1. 대통령령으로 정하는 방법에 따라 외국에서 주식을 발행하거나, 외국에서 발행한 주권 관련 사채권, 그 밖에 주식
과 관련된 증권의 권리행사로 주식을 발행하는 경우
2. 국가기간산업 등 국민경제상 중요한 산업을 경영하는 법인 중 대통령령으로 정하는 기준에 해당하는 법인으로서
금융위원회가 의결권 없는 주식의 발행이 필요하다고 인정하는 법인이 주식을 발행하는 경우
② 제1항 각 호의 어느 하나에 해당하는 의결권 없는 주식과 「상법」 제344조의3제1항에 따른 의결권이 없거나 제
한되는 주식을 합한 의결권 없는 주식의 총수는 발행주식총수의 2분의 1을 초과하여서는 아니 된다.<개정 2013. 4.
법제처                                                            73                                                       국가법령정보센터
자본시장과 금융투자업에 관한 법률
5.>
③ 의결권이 없거나 제한되는 주식 총수의 발행주식총수에 대한 비율이 4분의 1을 초과하는 주권상장법인은 제2항
에 따른 비율 이내에서 대통령령으로 정하는 방법에 따라 신주인수권의 행사, 준비금의 자본전입 또는 주식배당 등
의 방법으로 의결권 없는 주식을 발행할 수 있다.<개정 2013. 4. 5.>
[본조신설 2009. 2. 3.]
[제목개정 2013. 4. 5.]
 
제165조의16(주권상장법인 재무관리기준) ① 금융위원회는 투자자를 보호하고 공정한 거래질서를 확립하기 위하여 다
음 각 호의 사항에 관하여 주권상장법인 재무관리기준을 정하여 고시하거나 그 밖에 필요한 권고를 할 수 있다. 다만
, 제9조제15항제3호나목에 따른 법인에 대하여는 주권상장법인 재무관리기준을 다르게 정할 수 있다. <개정 2013.
5. 28.>
1. 유상증자의 요건에 관한 사항
1의2. 주권 관련 사채권의 발행에 관한 사항
2. 배당에 관한 사항
3. 대통령령으로 정하는 해외증권의 발행에 관한 사항
4. 그 밖에 건전한 재무관리에 필요한 것으로서 대통령령으로 정하는 사항
② 주권상장법인은 제1항에 따른 재무관리기준에 따라야 한다.
[본조신설 2009. 2. 3.]
 
제165조의17(주식매수선택권 부여신고 등) ① 「상법」 제340조의2 또는 제542조의3에 따른 주식매수선택권을 부여한
주권상장법인은 주주총회 또는 이사회에서 주식매수선택권을 부여하기로 결의한 경우 대통령령으로 정하는 방법에
따라 금융위원회와 거래소에 그 사실을 신고하여야 하며, 금융위원회와 거래소는 신고일부터 주식매수선택권의 존
속기한까지 그 사실에 대한 기록을 갖추어 두고, 인터넷 홈페이지 등을 이용하여 그 사실을 공시하여야 한다. <개정
2013. 4. 5.>
② 「공기업의 경영구조개선 및 민영화에 관한 법률」, 「금융회사의 지배구조에 관한 법률」, 그 밖의 법률에 따라 선
임된 주권상장법인의 비상임이사 또는 사외이사는 「상법」에 따른 요건 및 절차 등에 따라 선임된 사외이사로 본다.
<개정 2015. 7. 31.>
③ 주권상장법인은 사외이사를 선임 또는 해임하거나 사외이사가 임기만료 외의 사유로 퇴임한 경우에는 그 내용
을 선임ㆍ해임 또는 퇴임한 날의 다음 날까지 금융위원회와 거래소에 신고하여야 한다.
[본조신설 2009. 2. 3.]
 
제165조의18(주권상장법인에 대한 조치) 금융위원회는 다음 각 호의 어느 하나에 해당하는 경우에는 주권상장법인에
대하여 이유를 제시한 후 그 사실을 공고하고 정정을 명할 수 있으며, 필요하면 그 법인의 주주총회에 대한 임원의
해임 권고, 일정 기간 증권의 발행 제한, 그 밖에 대통령령으로 정하는 조치를 할 수 있다. 이 경우 그 조치에 필요한
절차 및 조치기준은 총리령으로 정한다. <개정 2013. 4. 5., 2013. 5. 28., 2016. 3. 29., 2017. 4. 18., 2025. 1. 21.>
1. 제165조의3제2항을 위반하여 자기주식을 취득한 경우
2. 제165조의3제4항을 위반하여 자기주식을 취득(자기주식을 취득하기로 한 신탁업자와의 신탁계약의 체결을 포함
한다)하거나 처분(자기주식을 취득하기로 한 신탁업자와의 신탁계약의 해지를 포함한다)한 경우
3. 제165조의4제1항을 위반하여 같은 항 각 호의 어느 하나에 해당하는 행위를 한 경우
4. 제165조의4제2항을 위반하여 외부평가기관으로부터 평가를 받지 아니한 경우
5. 제165조의5제2항을 위반하여 주식매수청구기간이 종료하는 날부터 1개월 이내에 해당 주식을 매수하지 아니한
경우
6. 제165조의5제4항을 위반하여 대통령령으로 정하는 기간 이내에 주식을 처분하지 아니한 경우
7. 제165조의5제5항의 절차를 위반하여 통지 또는 공고를 하거나, 같은 항에 따른 통지 또는 공고를 하지 아니한 경
우
법제처                                                            74                                                       국가법령정보센터
자본시장과 금융투자업에 관한 법률
8. 제165조의6제2항을 위반하여 실권주의 발행을 철회하지 아니한 경우
9. 제165조의6제3항을 위반하여 신주인수권증서를 발행하지 아니하거나 유통될 수 있도록 하지 아니한 경우
10. 제165조의6제4항을 위반하여 불특정 다수인(해당 주권상장법인의 주식을 소유한 자를 포함한다)에게 신주를
배정한 경우
11. 제165조의7을 위반하여 우리사주조합원에 대하여 주식의 배정을 한 경우
12. 제165조의8제1항 단서를 위반하여 액면미달의 가액으로 주식을 발행한 경우
13. 제165조의8제2항을 위반하여 최저발행가액을 정하지 아니하거나 같은 항 후단에 따른 방법에 따라 산정하지
아니한 경우
14. 제165조의8제3항을 위반하여 주주총회의 결의일부터 1개월 이내에 주식을 발행하지 아니한 경우
15. 제165조의10을 위반하여 사채를 발행한 경우
16. 제165조의11을 위반하여 조건부자본증권 등을 발행한 경우
17. 제165조의12제1항을 위반하여 이사회 결의를 거치지 아니하고 분기배당을 한 경우
18. 제165조의12제3항을 위반하여 분기배당금을 지급하지 아니한 경우
19. 제165조의12제5항을 위반하여 분기배당을 한 경우
20. 제165조의13제1항을 위반하여 주식배당을 한 경우
21. 제165조의13제2항을 위반하여 주식의 시가를 산정한 경우
22. 제165조의15제2항을 위반하여 의결권이 없거나 제한되는 주식을 발행한 경우
23. 제165조의16제2항을 위반하여 재무관리기준에 따르지 아니한 경우
24. 제165조의17제1항을 위반하여 같은 항에 따른 방법에 따라 주식매수선택권 부여에 관한 신고를 하지 아니한
경우
25. 제165조의17제3항을 위반하여 사외이사의 선임ㆍ해임 또는 퇴임 사실을 신고하지 아니한 경우
[본조신설 2009. 2. 3.]
 
제165조의19(사외이사 및 상근감사에 관한 특례) 「중소기업기본법」 제2조에 따른 중소기업이 발행한 주권을 매매하는
대통령령으로 정하는 증권시장에 상장된 주권을 발행한 법인에 대하여는 「상법」 제542조의8(제1항 단서, 제4항 및
제5항은 제외한다) 및 제542조의10을 적용하지 아니한다.
[본조신설 2013. 8. 13.]
 
제165조의20(이사회의 성별 구성에 관한 특례) 최근 사업연도말 현재 자산총액[금융업 또는 보험업을 영위하는 회사의
경우 자본총액(재무상태표상의 자산총액에서 부채총액을 뺀 금액을 말한다) 또는 자본금 중 큰 금액으로 한다]이
2조원 이상인 주권상장법인의 경우 이사회의 이사 전원을 특정 성(性)의 이사로 구성하지 아니하여야 한다. <개정
2021. 4. 20.>
[본조신설 2020. 2. 4.]
 
       제4장 장외거래 등
 
제166조(장외거래) 거래소시장 또는 다자간매매체결회사 외에서 금융투자상품을 매매, 그 밖의 거래를 하는 경우 그 매
매, 그 밖의 거래방법 및 결제의 방법 등 필요한 사항은 대통령령으로 정한다. <개정 2009. 2. 3., 2013. 5. 28.>
 
제166조(장외거래) ① 거래소시장 또는 다자간매매체결회사 외에서 이루어지는 금융투자상품의 매매, 그 밖의 거래(이
하 “장외거래”라 한다)는 다음 각 호의 어느 하나에 해당하는 경우를 제외하고는 단일의 당사자 간에 거래하는 방법
으로 하여야 한다.
1. 협회 또는 종합금융투자사업자를 통한 장외거래로서 대통령령으로 정하는 경우
2. 다자간 장외거래를 구성요소로 하는 대통령령으로 정하는 인가업무 단위를 인가받은 투자중개업자를 통한 장외
거래인 경우
법제처                                                            75                                                       국가법령정보센터
자본시장과 금융투자업에 관한 법률
3. 그 밖에 금융투자상품의 원활한 장외거래를 위하여 필요하다고 인정되는 경우로서 대통령령으로 정하는 경우
② 제1항제2호의 투자중개업자의 그 인가업무에 대해서는 제16조의2, 제40조, 제51조부터 제53조까지 및 제72조를
적용하지 아니한다.
③ 일반투자자가 제1항제2호에 따라 장외거래를 할 수 있는 금액은 투자자의 투자목적, 재산상황, 투자경험, 증권의
종류 등을 고려하여 대통령령으로 구분하여 정한다.
④ 장외거래의 구체적인 방법 및 결제의 방법 등 필요한 사항은 대통령령으로 정한다.
[전문개정 2026. 2. 3.]
[시행일: 2027. 2. 4.] 제166조
 
제166조의2(장외파생상품의 매매 등) ① 투자매매업자 또는 투자중개업자는 장외파생상품을 대상으로 하여 투자매매
업 또는 투자중개업을 하는 경우에는 다음 각 호의 기준을 준수하여야 한다. <개정 2010. 3. 12., 2017. 4. 18.>
1. 장외파생상품의 매매 및 그 중개ㆍ주선 또는 대리의 상대방이 일반투자자인 경우에는 그 일반투자자가 대통령령
으로 정하는 위험회피 목적의 거래를 하는 경우에 한할 것. 이 경우 투자매매업자 또는 투자중개업자는 일반투자
자가 장외파생상품 거래를 통하여 회피하려는 위험의 종류와 금액을 확인하고, 관련 자료를 보관하여야 한다.
2. 장외파생상품의 매매에 따른 위험액(금융위원회가 정하여 고시하는 위험액을 말한다)이 금융위원회가 정하여 고
시하는 한도를 초과하지 아니할 것
3. 영업용순자본에서 총위험액을 차감한 금액을 제15조, 제20조, 제117조의4제8항 또는 제249조의3제8항에서 요구
하는 인가업무 또는 등록업무 단위별 자기자본(각 해당 조항에서 대통령령으로 정하는 완화된 요건을 말한다)을
합계한 금액으로 나눈 값이 100분의 150에 미달하는 경우(겸영금융투자업자의 경우에는 금융위원회가 정하여 고
시하는 경우를 말한다)에는 그 미달상태가 해소될 때까지 새로운 장외파생상품의 매매를 중지하고, 미종결거래의
정리나 위험회피에 관련된 업무만을 수행할 것
4. 장외파생상품의 매매를 할 때마다 제28조의2의 파생상품업무책임자의 승인을 받을 것. 다만, 금융위원회가 정하
여 고시하는 기준을 충족하는 계약으로서 거래당사자 간에 미리 합의된 계약조건에 따라 장외파생상품을 매매하
는 경우는 제외한다.
5. 월별 장외파생상품(파생결합증권을 포함한다)의 매매, 그 중개ㆍ주선 또는 대리의 거래내역을 다음 달 10일까지
금융위원회에 보고할 것
6. 다음 각 목의 어느 하나에 해당하는 장외파생상품을 신규로 취급하는 경우 협회의 사전심의를 받을 것. 다만, 대
통령령으로 정하는 경우는 제외한다.
가. 기초자산이 제4조제10항제4호 또는 제5호에 해당하는 장외파생상품
나. 일반투자자를 대상으로 하는 장외파생상품
② 장외파생상품 거래의 매매에 따른 위험관리, 그 밖에 투자자를 보호하기 위하여 필요한 사항은 금융위원회가 정
하여 고시할 수 있다.
③ 금융감독원장은 투자매매업자 및 투자중개업자의 장외파생상품의 매매 등과 관련하여 제1항 각 호의 기준 준수
여부를 감독하여야 한다.
[본조신설 2009. 2. 3.]
 
제166조의3(장외거래의 청산의무) 금융투자업자는 다른 금융투자업자 및 대통령령으로 정하는 자(이하 이 조에서 “거
래상대방”이라 한다)와 대통령령으로 정하는 장외파생상품의 매매 및 그 밖의 장외거래(그 거래에 따른 채무의 불이
행이 국내 자본시장에 중대한 영향을 줄 우려가 있는 경우로 한정하며, 이하 이 조에서 “청산의무거래”라 한다)를 하
는 경우 금융투자상품거래청산회사, 그 밖에 이에 준하는 자로서 대통령령으로 정하는 자에게 청산의무거래에 따른
자기와 거래상대방의 채무를 채무인수, 경개, 그 밖의 방법으로 부담하게 하여야 한다.
[본조신설 2013. 4. 5.]
 
제167조(공공적 법인이 발행한 주식의 소유제한) ① 누구든지 공공적 법인이 발행한 주식을 누구의 명의로 하든지 자
기의 계산으로 다음 각 호의 기준을 초과하여 소유할 수 없다. 이 경우 의결권 없는 주식은 발행주식총수에 포함되지
법제처                                                            76                                                       국가법령정보센터
자본시장과 금융투자업에 관한 법률
아니하며, 그 특수관계인의 명의로 소유하는 때에는 자기의 계산으로 취득한 것으로 본다.
1. 그 주식이 상장된 당시에 발행주식총수의 100분의 10 이상을 소유한 주주는 그 소유비율
2. 제1호에 따른 주주 외의 자는 발행주식총수의 100분의 3 이내에서 정관이 정하는 비율
② 제1항에 불구하고 소유비율 한도에 관하여 금융위원회의 승인을 받은 경우에는 그 소유비율 한도까지 공공적 법
인이 발행한 주식을 소유할 수 있다.<개정 2008. 2. 29.>
③ 제1항 및 제2항에서 규정하는 기준을 초과하여 사실상 주식을 소유하는 자는 그 초과분에 대하여는 의결권을 행
사할 수 없으며, 금융위원회는 그 기준을 초과하여 사실상 주식을 소유하고 있는 자에 대하여 6개월 이내의 기간을
정하여 그 기준을 충족하도록 시정할 것을 명할 수 있다.<개정 2008. 2. 29.>
 
제168조(외국인의 증권 또는 장내파생상품 거래의 제한) ① 외국인(국내에 6개월 이상 주소 또는 거소를 두지 아니한
개인을 말한다. 이하 이 조에서 같다) 또는 외국법인등에 의한 증권 또는 장내파생상품의 매매, 그 밖의 거래에 관하
여는 대통령령으로 정하는 기준 및 방법에 따라 그 취득한도 등을 제한할 수 있다. <개정 2009. 2. 3.>
② 외국인 또는 외국법인등에 의한 공공적 법인의 주식 취득에 관하여는 제1항에 따른 제한에 추가하여 그 공공적
법인의 정관이 정하는 바에 따라 따로 이를 제한할 수 있다.
③ 제1항 또는 제2항을 위반하여 주식을 취득한 자는 그 주식에 대한 의결권을 행사할 수 없으며, 금융위원회는 제
1항 또는 제2항을 위반하여 증권 또는 장내파생상품을 매매한 자에게 6개월 이내의 기간을 정하여 그 시정을 명할
수 있다.<개정 2008. 2. 29.>
④ 그 밖에 외국인 또는 외국법인등에 의한 증권 또는 장내파생상품의 매매, 그 밖의 거래와 관련하여 투자자 보호
및 건전한 거래질서를 위하여 필요한 사항은 대통령령으로 정한다.
 
제169조(회계감사인에 의한 감사증명) ① 이 편에 따라 금융위원회와 거래소에 재무에 관한 서류를 제출하는 자 중 대
통령령으로 정하는 자는 「주식회사 등의 외부감사에 관한 법률」에 따라 회계감사를 받아야 한다. 다만, 기업경영 등
비밀유지 및 기업부담과 투자자 보호와의 형평 등을 고려하여 대통령령으로 정하는 사항에 대하여는 그러하지 아니
하다. <개정 2008. 2. 29., 2017. 10. 31.>
② 금융위원회는 투자자 보호를 위하여 필요하다고 인정되는 경우에는 제1항에 따라 회계감사를 한 회계감사인 또
는 회계감사를 받은 법인에 대하여 자료의 제출 및 보고를 명하거나, 그 밖에 필요한 조치를 할 수 있다.<개정
2008. 2. 29.>
③ 외국법인등이 외국 금융투자업관련 법령에 따라 회계감사를 받은 경우로서 대통령령으로 정하는 기준을 충족하
였을 경우에는 제1항 본문에 따른 회계감사를 받은 것으로 본다. 이 경우 제2항은 외국 금융투자업관련 법령에 따
라 회계감사를 한 회계감사인(이하 “외국회계감사인”이라 한다) 또는 회계감사를 받은 외국법인등에게 준용한다.
 
제170조(회계감사인의 손해배상책임) ① 「주식회사 등의 외부감사에 관한 법률」 제31조제2항부터 제9항까지의 규정
은 선의의 투자자가 사업보고서등에 첨부된 회계감사인(외국회계감사인을 포함한다. 이하 이 조에서 같다)의 감사보
고서를 신뢰하여 손해를 입은 경우 그 회계감사인의 손해배상책임에 관하여 준용한다. <개정 2009. 2. 3., 2014. 1.
28., 2017. 10. 31.>
② 제1항에 따라 배상할 금액은 청구권자가 그 증권(그 증권과 관련된 증권예탁증권, 그 밖에 대통령령으로 정하는
증권을 포함한다. 이하 이 조에서 같다)을 취득 또는 처분함에 있어서 실제로 지급한 금액 또는 받은 금액과 다음 각
호의 어느 하나에 해당하는 금액(처분의 경우에는 제1호에 한한다)과의 차액으로 추정한다.
1. 제1항에 따라 손해배상을 청구하는 소송의 변론이 종결될 때의 그 증권의 시장가격(시장가격이 없는 경우에는
추정처분가격을 말한다)
2. 제1호의 변론종결 전에 그 증권을 처분한 경우에는 그 처분가격
③ 제2항에 불구하고 제1항에 따라 배상책임을 질 자는 청구권자가 입은 손해액의 전부 또는 일부가 중요사항에 관
하여 거짓의 기재 또는 표시가 있거나 중요사항이 기재 또는 표시되지 아니함으로써 발생한 것이 아님을 증명한 경
우에는 그 부분에 대하여 배상책임을 지지 아니한다.
법제처                                                            77                                                       국가법령정보센터
자본시장과 금융투자업에 관한 법률
제171조(보증금 등의 대신 납부) ① 국가ㆍ지방자치단체 또는 「공공기관의 운영에 관한 법률」에 따른 공공기관(이하
이 조에서 “공공기관”이라 한다)에 납부할 보증금 또는 공탁금 중 대통령령으로 정하는 보증금이나 공탁금은 상장증
권으로 대신 납부할 수 있다.
② 국가ㆍ지방자치단체 또는 공공기관은 제1항에 따라 상장증권으로 대신 납부하는 경우 이를 거부하여서는 아니
된다.
③ 제1항에 따라 국가ㆍ지방자치단체 또는 공공기관에 대신 납부할 수 있는 상장증권 및 그 상장증권의 대신 납부
하는 가액의 평가기준은 대통령령으로 정한다.
④ 삭제<2016. 3. 22.>
⑤ 삭제<2016. 3. 22.>
⑥ 삭제<2016. 3. 22.>
 
     제4편 불공정거래의 규제
       제1장 내부자 거래 등
 
제172조(내부자의 단기매매차익 반환) ① 주권상장법인의 임원(「상법」 제401조의2제1항 각 호의 자를 포함한다. 이하
이 장에서 같다), 직원(직무상 제174조제1항의 미공개중요정보를 알 수 있는 자로서 대통령령으로 정하는 자에 한한
다. 이하 이 조에서 같다) 또는 주요주주가 다음 각 호의 어느 하나에 해당하는 금융투자상품(이하 “특정증권등”이라
한다)을 매수(권리 행사의 상대방이 되는 경우로서 매수자의 지위를 가지게 되는 특정증권등의 매도를 포함한다. 이
하 이 조에서 같다)한 후 6개월 이내에 매도(권리를 행사할 수 있는 경우로서 매도자의 지위를 가지게 되는 특정증권
등의 매수를 포함한다. 이하 이 조에서 같다)하거나 특정증권등을 매도한 후 6개월 이내에 매수하여 이익을 얻은 경
우에는 그 법인은 그 임직원 또는 주요주주에게 그 이익(이하 “단기매매차익”이라 한다)을 그 법인에게 반환할 것을
청구할 수 있다. 이 경우 이익의 산정기준ㆍ반환절차 등에 관하여 필요한 사항은 대통령령으로 정한다.
1. 그 법인이 발행한 증권(대통령령으로 정하는 증권을 제외한다)
2. 제1호의 증권과 관련된 증권예탁증권
3. 그 법인 외의 자가 발행한 것으로서 제1호 또는 제2호의 증권과 교환을 청구할 수 있는 교환사채권
4. 제1호부터 제3호까지의 증권만을 기초자산으로 하는 금융투자상품
② 해당 법인의 주주(주권 외의 지분증권 또는 증권예탁증권을 소유한 자를 포함한다. 이하 이 조에서 같다)는 그 법
인으로 하여금 제1항에 따른 단기매매차익을 얻은 자에게 단기매매차익의 반환청구를 하도록 요구할 수 있으며, 그
법인이 그 요구를 받은 날부터 2개월 이내에 그 청구를 하지 아니하는 경우에는 그 주주는 그 법인을 대위(代位)하
여 그 청구를 할 수 있다.
③ 증권선물위원회는 제1항에 따른 단기매매차익의 발생사실을 알게 된 경우에는 해당 법인에 이를 통보하여야 한
다. 이 경우 그 법인은 통보받은 내용을 대통령령으로 정하는 방법에 따라 인터넷 홈페이지 등을 이용하여 공시하여
야 한다.
④ 제2항의 청구에 관한 소를 제기한 주주가 승소한 경우에는 그 주주는 회사에 대하여 소송비용, 그 밖에 소송으로
인한 모든 비용의 지급을 청구할 수 있다.
⑤ 제1항 및 제2항에 따른 권리는 이익을 취득한 날부터 2년 이내에 행사하지 아니한 경우에는 소멸한다.
⑥ 제1항은 임직원 또는 주요주주로서 행한 매도 또는 매수의 성격, 그 밖의 사정 등을 고려하여 대통령령으로 정하
는 경우 및 주요주주가 매도ㆍ매수한 시기 중 어느 한 시기에 있어서 주요주주가 아닌 경우에는 적용하지 아니한다.
⑦ 제1항 및 제2항은 주권상장법인이 모집ㆍ사모ㆍ매출하는 특정증권등을 인수한 투자매매업자에게 대통령령으로
정하는 기간 동안 준용한다.
 
제173조(임원 등의 특정증권등 소유상황 보고) ① 주권상장법인의 임원 또는 주요주주는 임원 또는 주요주주가 된 날
부터 5일(대통령령으로 정하는 날은 산입하지 아니한다. 이하 이 조에서 같다) 이내에 누구의 명의로 하든지 자기의
계산으로 소유하고 있는 특정증권등의 소유상황을, 그 특정증권등의 소유상황에 변동이 있는 경우(대통령령으로 정
법제처                                                            78                                                       국가법령정보센터
자본시장과 금융투자업에 관한 법률
하는 경미한 소유상황의 변동은 제외한다. 이하 이 조에서 같다)에는 그 변동이 있는 날부터 5일까지 그 내용을 대통
령령으로 정하는 방법에 따라 각각 증권선물위원회와 거래소에 보고하여야 한다. 이 경우 대통령령으로 정하는 부득
이한 사유에 따라 특정증권등의 소유상황에 변동이 있는 경우와 전문투자자 중 대통령령으로 정하는 자에 대하여는
그 보고 내용 및 시기를 대통령령으로 달리 정할 수 있다. <개정 2013. 5. 28.>
② 증권선물위원회와 거래소는 제1항의 보고서를 3년간 갖추어 두고, 인터넷 홈페이지 등을 이용하여 공시하여야
한다.<개정 2009. 2. 3.>
 
제173조의2(장내파생상품의 대량보유 보고 등) ① 동일 품목의 장내파생상품(제4조제10항제3호에 따른 일반상품, 그
밖에 대통령령으로 정하는 것을 기초자산으로 하는 파생상품으로서 파생상품시장에서 거래되는 것만 해당한다. 이
하 이 조에서 같다)을 금융위원회가 정하여 고시하는 수량 이상 보유(누구의 명의로든지 자기의 계산으로 소유하는
경우를 말한다. 이하 이 항에서 같다)하게 된 자는 그 날부터 5일(대통령령으로 정하는 날은 산입하지 아니한다. 이하
이 조에서 같다) 이내에 그 보유 상황, 그 밖에 대통령령으로 정하는 사항을 대통령령으로 정하는 방법에 따라 금융
위원회와 거래소에 보고하여야 하며, 그 보유 수량이 금융위원회가 정하여 고시하는 수량 이상으로 변동된 경우에는
그 변동된 날부터 5일 이내에 그 변동 내용을 대통령령으로 정하는 방법에 따라 금융위원회와 거래소에 보고하여야
한다. <개정 2013. 5. 28.>
② 다음 각 호의 어느 하나에 해당하는 자로서 파생상품시장에서의 시세에 영향을 미칠 수 있는 정보를 업무와 관
련하여 알게 된 자와 그 자로부터 그 정보를 전달받은 자는 그 정보를 누설하거나, 제1항에 따른 장내파생상품 및
그 기초자산의 매매나 그 밖의 거래에 이용하거나, 타인으로 하여금 이용하게 하여서는 아니 된다.<개정 2013. 5.
28.>
1. 장내파생상품의 시세에 영향을 미칠 수 있는 정책을 입안ㆍ수립 또는 집행하는 자
2. 장내파생상품의 시세에 영향을 미칠 수 있는 정보를 생성ㆍ관리하는 자
3. 장내파생상품의 기초자산의 중개ㆍ유통 또는 검사와 관련된 업무에 종사하는 자
[본조신설 2009. 2. 3.]
 
제173조의3(임원 등의 특정증권등 거래계획 보고) ① 주권상장법인의 임원 또는 주요주주(대통령령으로 정하는 자는
제외한다)가 특정증권등의 매매, 그 밖의 거래(상속ㆍ주식배당 등 대통령령으로 정하는 부득이한 사유로 하는 매매,
그 밖의 거래를 제외한다. 이하 이 조 및 제429조에서 “거래등”이라 한다)를 하려는 때에는 거래목적, 거래가격, 거래
수량, 거래기간 등 대통령령으로 정하는 사항(이하 “거래계획”이라 한다)을 그 거래기간의 개시일 전 30일 이상 90일
이내의 대통령령으로 정하는 기간까지 증권선물위원회와 거래소에 각각 보고하여야 한다. 다만, 거래계획의 거래수
량 및 거래금액과 그 거래계획의 개시일 기준 과거 6개월간 거래수량 및 거래금액을 합산하여 대통령령으로 정하는
규모 미만인 경우에는 그러하지 아니하다.
② 제1항에 따라 거래계획을 보고한 자(이하 이 조에서 “거래계획 보고자”라 한다)는 그 거래계획을 보고한 때부터
그 거래계획에 따른 거래기간의 종료일까지는 새로운 거래계획을 보고하여서는 아니 된다.
③ 거래계획 보고자는 그 거래계획에 따라 특정증권등의 거래등을 하여야 한다. 다만, 거래 당시의 시장 상황 등을
반영하여 필요한 경우에 한정하여 거래금액의 100분의 30 이하의 비율로서 대통령령으로 정하는 바에 따라 거래계
획과 달리 거래등을 할 수 있다.
④ 거래계획 보고자는 사망, 파산, 시장변동성 확대로 과도한 손실이 예상되는 경우 등 대통령령으로 정하는 부득이
한 사유가 발생하는 때에는 대통령령으로 정하는 바에 따라 증권선물위원회와 거래소에 보고한 후 그 거래계획을
철회할 수 있다.
⑤ 증권선물위원회와 거래소는 제1항에 따라 보고된 거래계획(제4항에 따라 철회된 경우를 포함한다)을 3년간 갖추
어 두고, 인터넷 홈페이지 등을 이용하여 공시하여야 한다.
⑥ 제1항부터 제5항까지에서 규정한 사항 외에 거래계획의 보고 등에 필요한 사항은 대통령령으로 정한다.
[본조신설 2024. 1. 23.]
 
법제처                                                            79                                                       국가법령정보센터
자본시장과 금융투자업에 관한 법률
제174조(미공개중요정보 이용행위 금지) ① 다음 각 호의 어느 하나에 해당하는 자(제1호부터 제5호까지의 어느 하나
의 자에 해당하지 아니하게 된 날부터 1년이 경과하지 아니한 자를 포함한다)는 상장법인[6개월 이내에 상장하는 법
인 또는 6개월 이내에 상장법인과의 합병, 주식의 포괄적 교환, 그 밖에 대통령령으로 정하는 기업결합 방법에 따라
상장되는 효과가 있는 비상장법인(이하 이 항에서 “상장예정법인등”이라 한다)을 포함한다. 이하 이 항 및 제443조제
1항제1호에서 같다]의 업무 등과 관련된 미공개중요정보(투자자의 투자판단에 중대한 영향을 미칠 수 있는 정보로
서 대통령령으로 정하는 방법에 따라 불특정 다수인이 알 수 있도록 공개되기 전의 것을 말한다. 이하 이 항에서 같
다)를 특정증권등(상장예정법인등이 발행한 해당 특정증권등을 포함한다. 이하 제443조제1항제1호에서 같다)의 매
매, 그 밖의 거래에 이용하거나 타인에게 이용하게 하여서는 아니 된다. <개정 2009. 2. 3., 2013. 5. 28.>
1. 그 법인(그 계열회사를 포함한다. 이하 이 호 및 제2호에서 같다) 및 그 법인의 임직원ㆍ대리인으로서 그 직무와
관련하여 미공개중요정보를 알게 된 자
2. 그 법인의 주요주주로서 그 권리를 행사하는 과정에서 미공개중요정보를 알게 된 자
3. 그 법인에 대하여 법령에 따른 허가ㆍ인가ㆍ지도ㆍ감독, 그 밖의 권한을 가지는 자로서 그 권한을 행사하는 과정
에서 미공개중요정보를 알게 된 자
4. 그 법인과 계약을 체결하고 있거나 체결을 교섭하고 있는 자로서 그 계약을 체결ㆍ교섭 또는 이행하는 과정에서
미공개중요정보를 알게 된 자
5. 제2호부터 제4호까지의 어느 하나에 해당하는 자의 대리인(이에 해당하는 자가 법인인 경우에는 그 임직원 및 대
리인을 포함한다)ㆍ사용인, 그 밖의 종업원(제2호부터 제4호까지의 어느 하나에 해당하는 자가 법인인 경우에는
그 임직원 및 대리인)으로서 그 직무와 관련하여 미공개중요정보를 알게 된 자
6. 제1호부터 제5호까지의 어느 하나에 해당하는 자(제1호부터 제5호까지의 어느 하나의 자에 해당하지 아니하게
된 날부터 1년이 경과하지 아니한 자를 포함한다)로부터 미공개중요정보를 받은 자
② 다음 각 호의 어느 하나에 해당하는 자(제1호부터 제5호까지의 어느 하나의 자에 해당하지 아니하게 된 날부터
1년이 경과하지 아니한 자를 포함한다)는 주식등에 대한 공개매수(제133조제1항의 공개매수를 말한다. 이하 이 항
에서 같다)의 실시 또는 중지에 관한 미공개정보(대통령령으로 정하는 방법에 따라 불특정 다수인이 알 수 있도록
공개되기 전의 것을 말한다. 이하 이 항에서 같다)를 그 주식등과 관련된 특정증권등의 매매, 그 밖의 거래에 이용하
거나 타인에게 이용하게 하여서는 아니 된다. 다만, 공개매수를 하려는 자(이하 이 조에서 “공개매수예정자”라 한다
)가 공개매수공고 이후에도 상당한 기간 동안 주식등을 보유하는 등 주식등에 대한 공개매수의 실시 또는 중지에
관한 미공개정보를 그 주식등과 관련된 특정증권등의 매매, 그 밖의 거래에 이용할 의사가 없다고 인정되는 경우에
는 그러하지 아니하다.<개정 2009. 2. 3., 2013. 5. 28.>
1. 공개매수예정자(그 계열회사를 포함한다. 이하 이 호 및 제2호에서 같다) 및 공개매수예정자의 임직원ㆍ대리인으
로서 그 직무와 관련하여 공개매수의 실시 또는 중지에 관한 미공개정보를 알게 된 자
2. 공개매수예정자의 주요주주로서 그 권리를 행사하는 과정에서 공개매수의 실시 또는 중지에 관한 미공개정보를
알게 된 자
3. 공개매수예정자에 대하여 법령에 따른 허가ㆍ인가ㆍ지도ㆍ감독, 그 밖의 권한을 가지는 자로서 그 권한을 행사
하는 과정에서 공개매수의 실시 또는 중지에 관한 미공개정보를 알게 된 자
4. 공개매수예정자와 계약을 체결하고 있거나 체결을 교섭하고 있는 자로서 그 계약을 체결ㆍ교섭 또는 이행하는
과정에서 공개매수의 실시 또는 중지에 관한 미공개정보를 알게 된 자
5. 제2호부터 제4호까지의 어느 하나에 해당하는 자의 대리인(이에 해당하는 자가 법인인 경우에는 그 임직원 및 대
리인을 포함한다)ㆍ사용인, 그 밖의 종업원(제2호부터 제4호까지의 어느 하나에 해당하는 자가 법인인 경우에는
그 임직원 및 대리인)으로서 그 직무와 관련하여 공개매수의 실시 또는 중지에 관한 미공개정보를 알게 된 자
6. 공개매수예정자 또는 제1호부터 제5호까지의 어느 하나에 해당하는 자(제1호부터 제5호까지의 어느 하나의 자에
해당하지 아니하게 된 날부터 1년이 경과하지 아니한 자를 포함한다)로부터 공개매수의 실시 또는 중지에 관한
미공개정보를 받은 자
③ 다음 각 호의 어느 하나에 해당하는 자(제1호부터 제5호까지의 어느 하나의 자에 해당하지 아니하게 된 날부터
1년이 경과하지 아니한 자를 포함한다)는 주식등의 대량취득ㆍ처분(경영권에 영향을 줄 가능성이 있는 대량취득ㆍ
법제처                                                            80                                                       국가법령정보센터
자본시장과 금융투자업에 관한 법률
처분으로서 대통령령으로 정하는 취득ㆍ처분을 말한다. 이하 이 항에서 같다)의 실시 또는 중지에 관한 미공개정보
(대통령령으로 정하는 방법에 따라 불특정 다수인이 알 수 있도록 공개되기 전의 것을 말한다. 이하 이 항에서 같다
)를 그 주식등과 관련된 특정증권등의 매매, 그 밖의 거래에 이용하거나 타인에게 이용하게 하여서는 아니 된다. 다
만, 대량취득ㆍ처분을 하려는 자가 제149조에 따른 공시 이후에도 상당한 기간 동안 주식등을 보유하는 등 주식등
에 대한 대량취득ㆍ처분의 실시 또는 중지에 관한 미공개정보를 그 주식등과 관련된 특정증권등의 매매, 그 밖의 거
래에 이용할 의사가 없다고 인정되는 경우에는 그러하지 아니하다.<개정 2009. 2. 3., 2013. 5. 28.>
1. 대량취득ㆍ처분을 하려는 자(그 계열회사를 포함한다. 이하 이 호 및 제2호에서 같다) 및 대량취득ㆍ처분을 하려
는 자의 임직원ㆍ대리인으로서 그 직무와 관련하여 대량취득ㆍ처분의 실시 또는 중지에 관한 미공개정보를 알게
된 자
2. 대량취득ㆍ처분을 하려는 자의 주요주주로서 그 권리를 행사하는 과정에서 대량취득ㆍ처분의 실시 또는 중지에
관한 미공개정보를 알게 된 자
3. 대량취득ㆍ처분을 하려는 자에 대하여 법령에 따른 허가ㆍ인가ㆍ지도ㆍ감독, 그 밖의 권한을 가지는 자로서 그
권한을 행사하는 과정에서 대량취득ㆍ처분의 실시 또는 중지에 관한 미공개정보를 알게 된 자
4. 대량취득ㆍ처분을 하려는 자와 계약을 체결하고 있거나 체결을 교섭하고 있는 자로서 그 계약을 체결ㆍ교섭 또
는 이행하는 과정에서 대량취득ㆍ처분의 실시 또는 중지에 관한 미공개정보를 알게 된 자
5. 제2호부터 제4호까지의 어느 하나에 해당하는 자의 대리인(이에 해당하는 자가 법인인 경우에는 그 임직원 및 대
리인을 포함한다)ㆍ사용인, 그 밖의 종업원(제2호부터 제4호까지의 어느 하나에 해당하는 자가 법인인 경우에는
그 임직원 및 대리인)으로서 그 직무와 관련하여 대량취득ㆍ처분의 실시 또는 중지에 관한 미공개정보를 알게 된
자
6. 대량취득ㆍ처분을 하려는 자 또는 제1호부터 제5호까지의 어느 하나에 해당하는 자(제1호부터 제5호까지의 어느
하나의 자에 해당하지 아니하게 된 날부터 1년이 경과하지 아니한 자를 포함한다)로부터 대량취득ㆍ처분의 실시
또는 중지에 관한 미공개정보를 알게 된 자
 
제174조(미공개중요정보 이용행위 금지) ① 다음 각 호의 어느 하나에 해당하는 자(제1호부터 제5호까지의 어느 하나
의 자에 해당하지 아니하게 된 날부터 1년이 경과하지 아니한 자를 포함한다)는 상장법인[6개월 이내에 상장하는 법
인 또는 6개월 이내에 상장법인과의 합병, 주식의 포괄적 교환, 그 밖에 대통령령으로 정하는 기업결합 방법에 따라
상장되는 효과가 있는 비상장법인(이하 이 항에서 “상장예정법인등”이라 한다)을 포함한다. 이하 이 항 및 제443조제
1항제1호에서 같다]의 업무 등과 관련된 미공개중요정보(투자자의 투자판단에 중대한 영향을 미칠 수 있는 정보로
서 대통령령으로 정하는 방법에 따라 불특정 다수인이 알 수 있도록 공개되기 전의 것을 말한다. 이하 이 항에서 같
다)를 특정증권등(상장예정법인등이 발행한 해당 특정증권등을 포함한다. 이하 제443조제1항제1호에서 같다)의 매
매, 그 밖의 거래에 이용하거나 타인에게 이용하게 하여서는 아니 된다. 다만, 제119조의3 및 제119조의4제1항ㆍ제
2항에 따라 정보의 제공이 이루어진 경우로서 대통령령으로 정하는 경우는 제외한다. <개정 2009. 2. 3., 2013. 5.
28., 2026. 5. 12.>
1. 그 법인(그 계열회사를 포함한다. 이하 이 호 및 제2호에서 같다) 및 그 법인의 임직원ㆍ대리인으로서 그 직무와
관련하여 미공개중요정보를 알게 된 자
2. 그 법인의 주요주주로서 그 권리를 행사하는 과정에서 미공개중요정보를 알게 된 자
3. 그 법인에 대하여 법령에 따른 허가ㆍ인가ㆍ지도ㆍ감독, 그 밖의 권한을 가지는 자로서 그 권한을 행사하는 과정
에서 미공개중요정보를 알게 된 자
4. 그 법인과 계약을 체결하고 있거나 체결을 교섭하고 있는 자로서 그 계약을 체결ㆍ교섭 또는 이행하는 과정에서
미공개중요정보를 알게 된 자
5. 제2호부터 제4호까지의 어느 하나에 해당하는 자의 대리인(이에 해당하는 자가 법인인 경우에는 그 임직원 및 대
리인을 포함한다)ㆍ사용인, 그 밖의 종업원(제2호부터 제4호까지의 어느 하나에 해당하는 자가 법인인 경우에는
그 임직원 및 대리인)으로서 그 직무와 관련하여 미공개중요정보를 알게 된 자
법제처                                                            81                                                       국가법령정보센터
자본시장과 금융투자업에 관한 법률
6. 제1호부터 제5호까지의 어느 하나에 해당하는 자(제1호부터 제5호까지의 어느 하나의 자에 해당하지 아니하게
된 날부터 1년이 경과하지 아니한 자를 포함한다)로부터 미공개중요정보를 받은 자
② 다음 각 호의 어느 하나에 해당하는 자(제1호부터 제5호까지의 어느 하나의 자에 해당하지 아니하게 된 날부터
1년이 경과하지 아니한 자를 포함한다)는 주식등에 대한 공개매수(제133조제1항의 공개매수를 말한다. 이하 이 항
에서 같다)의 실시 또는 중지에 관한 미공개정보(대통령령으로 정하는 방법에 따라 불특정 다수인이 알 수 있도록
공개되기 전의 것을 말한다. 이하 이 항에서 같다)를 그 주식등과 관련된 특정증권등의 매매, 그 밖의 거래에 이용하
거나 타인에게 이용하게 하여서는 아니 된다. 다만, 공개매수를 하려는 자(이하 이 조에서 “공개매수예정자”라 한다
)가 공개매수공고 이후에도 상당한 기간 동안 주식등을 보유하는 등 주식등에 대한 공개매수의 실시 또는 중지에
관한 미공개정보를 그 주식등과 관련된 특정증권등의 매매, 그 밖의 거래에 이용할 의사가 없다고 인정되는 경우에
는 그러하지 아니하다.<개정 2009. 2. 3., 2013. 5. 28.>
1. 공개매수예정자(그 계열회사를 포함한다. 이하 이 호 및 제2호에서 같다) 및 공개매수예정자의 임직원ㆍ대리인으
로서 그 직무와 관련하여 공개매수의 실시 또는 중지에 관한 미공개정보를 알게 된 자
2. 공개매수예정자의 주요주주로서 그 권리를 행사하는 과정에서 공개매수의 실시 또는 중지에 관한 미공개정보를
알게 된 자
3. 공개매수예정자에 대하여 법령에 따른 허가ㆍ인가ㆍ지도ㆍ감독, 그 밖의 권한을 가지는 자로서 그 권한을 행사
하는 과정에서 공개매수의 실시 또는 중지에 관한 미공개정보를 알게 된 자
4. 공개매수예정자와 계약을 체결하고 있거나 체결을 교섭하고 있는 자로서 그 계약을 체결ㆍ교섭 또는 이행하는
과정에서 공개매수의 실시 또는 중지에 관한 미공개정보를 알게 된 자
5. 제2호부터 제4호까지의 어느 하나에 해당하는 자의 대리인(이에 해당하는 자가 법인인 경우에는 그 임직원 및 대
리인을 포함한다)ㆍ사용인, 그 밖의 종업원(제2호부터 제4호까지의 어느 하나에 해당하는 자가 법인인 경우에는
그 임직원 및 대리인)으로서 그 직무와 관련하여 공개매수의 실시 또는 중지에 관한 미공개정보를 알게 된 자
6. 공개매수예정자 또는 제1호부터 제5호까지의 어느 하나에 해당하는 자(제1호부터 제5호까지의 어느 하나의 자에
해당하지 아니하게 된 날부터 1년이 경과하지 아니한 자를 포함한다)로부터 공개매수의 실시 또는 중지에 관한
미공개정보를 받은 자
③ 다음 각 호의 어느 하나에 해당하는 자(제1호부터 제5호까지의 어느 하나의 자에 해당하지 아니하게 된 날부터
1년이 경과하지 아니한 자를 포함한다)는 주식등의 대량취득ㆍ처분(경영권에 영향을 줄 가능성이 있는 대량취득ㆍ
처분으로서 대통령령으로 정하는 취득ㆍ처분을 말한다. 이하 이 항에서 같다)의 실시 또는 중지에 관한 미공개정보
(대통령령으로 정하는 방법에 따라 불특정 다수인이 알 수 있도록 공개되기 전의 것을 말한다. 이하 이 항에서 같다
)를 그 주식등과 관련된 특정증권등의 매매, 그 밖의 거래에 이용하거나 타인에게 이용하게 하여서는 아니 된다. 다
만, 대량취득ㆍ처분을 하려는 자가 제149조에 따른 공시 이후에도 상당한 기간 동안 주식등을 보유하는 등 주식등
에 대한 대량취득ㆍ처분의 실시 또는 중지에 관한 미공개정보를 그 주식등과 관련된 특정증권등의 매매, 그 밖의 거
래에 이용할 의사가 없다고 인정되는 경우에는 그러하지 아니하다.<개정 2009. 2. 3., 2013. 5. 28.>
1. 대량취득ㆍ처분을 하려는 자(그 계열회사를 포함한다. 이하 이 호 및 제2호에서 같다) 및 대량취득ㆍ처분을 하려
는 자의 임직원ㆍ대리인으로서 그 직무와 관련하여 대량취득ㆍ처분의 실시 또는 중지에 관한 미공개정보를 알게
된 자
2. 대량취득ㆍ처분을 하려는 자의 주요주주로서 그 권리를 행사하는 과정에서 대량취득ㆍ처분의 실시 또는 중지에
관한 미공개정보를 알게 된 자
3. 대량취득ㆍ처분을 하려는 자에 대하여 법령에 따른 허가ㆍ인가ㆍ지도ㆍ감독, 그 밖의 권한을 가지는 자로서 그
권한을 행사하는 과정에서 대량취득ㆍ처분의 실시 또는 중지에 관한 미공개정보를 알게 된 자
4. 대량취득ㆍ처분을 하려는 자와 계약을 체결하고 있거나 체결을 교섭하고 있는 자로서 그 계약을 체결ㆍ교섭 또
는 이행하는 과정에서 대량취득ㆍ처분의 실시 또는 중지에 관한 미공개정보를 알게 된 자
5. 제2호부터 제4호까지의 어느 하나에 해당하는 자의 대리인(이에 해당하는 자가 법인인 경우에는 그 임직원 및 대
리인을 포함한다)ㆍ사용인, 그 밖의 종업원(제2호부터 제4호까지의 어느 하나에 해당하는 자가 법인인 경우에는
그 임직원 및 대리인)으로서 그 직무와 관련하여 대량취득ㆍ처분의 실시 또는 중지에 관한 미공개정보를 알게 된
법제처                                                            82                                                       국가법령정보센터
자본시장과 금융투자업에 관한 법률
자
6. 대량취득ㆍ처분을 하려는 자 또는 제1호부터 제5호까지의 어느 하나에 해당하는 자(제1호부터 제5호까지의 어느
하나의 자에 해당하지 아니하게 된 날부터 1년이 경과하지 아니한 자를 포함한다)로부터 대량취득ㆍ처분의 실시
또는 중지에 관한 미공개정보를 알게 된 자
[시행일: 2026. 11. 13.] 제174조
 
제175조(미공개중요정보 이용행위의 배상책임) ① 제174조를 위반한 자는 해당 특정증권등의 매매, 그 밖의 거래를 한
자가 그 매매, 그 밖의 거래와 관련하여 입은 손해를 배상할 책임을 진다.
② 제1항에 따른 손해배상청구권은 청구권자가 제174조를 위반한 행위가 있었던 사실을 안 때부터 2년간 또는 그
행위가 있었던 때부터 5년간 이를 행사하지 아니한 경우에는 시효로 인하여 소멸한다.<개정 2018. 3. 27.>
 
       제2장 시세조종 등
 
제176조(시세조종행위 등의 금지) ① 누구든지 상장증권 또는 장내파생상품의 매매에 관하여 그 매매가 성황을 이루고
있는 듯이 잘못 알게 하거나, 그 밖에 타인에게 그릇된 판단을 하게 할 목적으로 다음 각 호의 어느 하나에 해당하는
행위를 하여서는 아니 된다.
1. 자기가 매도하는 것과 같은 시기에 그와 같은 가격 또는 약정수치로 타인이 그 증권 또는 장내파생상품을 매수할
것을 사전에 그 자와 서로 짠 후 매도하는 행위
2. 자기가 매수하는 것과 같은 시기에 그와 같은 가격 또는 약정수치로 타인이 그 증권 또는 장내파생상품을 매도할
것을 사전에 그 자와 서로 짠 후 매수하는 행위
3. 그 증권 또는 장내파생상품의 매매를 함에 있어서 그 권리의 이전을 목적으로 하지 아니하는 거짓으로 꾸민 매매
를 하는 행위
4. 제1호부터 제3호까지의 행위를 위탁하거나 수탁하는 행위
② 누구든지 상장증권 또는 장내파생상품의 매매를 유인할 목적으로 다음 각 호의 어느 하나에 해당하는 행위를 하
여서는 아니 된다.<개정 2013. 5. 28.>
1. 그 증권 또는 장내파생상품의 매매가 성황을 이루고 있는 듯이 잘못 알게 하거나 그 시세(증권시장 또는 파생상
품시장에서 형성된 시세, 다자간매매체결회사가 상장주권의 매매를 중개함에 있어서 형성된 시세, 그 밖에 대통
령령으로 정하는 시세를 말한다. 이하 같다)를 변동시키는 매매 또는 그 위탁이나 수탁을 하는 행위
2. 그 증권 또는 장내파생상품의 시세가 자기 또는 타인의 시장 조작에 의하여 변동한다는 말을 유포하는 행위
3. 그 증권 또는 장내파생상품의 매매를 함에 있어서 중요한 사실에 관하여 거짓의 표시 또는 오해를 유발시키는 표
시를 하는 행위
③ 누구든지 상장증권 또는 장내파생상품의 시세를 고정시키거나 안정시킬 목적으로 그 증권 또는 장내파생상품에
관한 일련의 매매 또는 그 위탁이나 수탁을 하는 행위를 하여서는 아니 된다. 다만, 다음 각 호의 어느 하나에 해당
하는 경우에는 그러하지 아니하다.
1. 투자매매업자(모집 또는 매출되는 증권의 발행인 또는 소유자와 인수계약을 체결한 투자매매업자로서 대통령령
으로 정하는 자에 한한다. 이하 이 조에서 같다)가 대통령령으로 정하는 방법에 따라 그 증권의 모집 또는 매출의
청약기간의 종료일 전 30일의 범위에서 대통령령으로 정하는 날부터 그 청약기간의 종료일까지의 기간 동안 증
권의 가격을 안정시킴으로써 증권의 모집 또는 매출을 원활하도록 하기 위한 매매거래(이하 이 항에서 “안정조작
”이라 한다)를 하는 경우
2. 투자매매업자가 대통령령으로 정하는 방법에 따라 모집 또는 매출한 증권의 수요ㆍ공급을 그 증권이 상장된 날
부터 6개월의 범위에서 대통령령으로 정하는 기간 동안 조성하는 매매거래(이하 이 항에서 “시장조성”이라 한다
)를 하는 경우
3. 모집 또는 매출되는 증권 발행인의 임원 등 대통령령으로 정하는 자가 투자매매업자에게 안정조작을 위탁하는
경우
법제처                                                            83                                                       국가법령정보센터
자본시장과 금융투자업에 관한 법률
4. 투자매매업자가 제3호에 따라 안정조작을 수탁하는 경우
5. 모집 또는 매출되는 증권의 인수인이 투자매매업자에게 시장조성을 위탁하는 경우
6. 투자매매업자가 제5호에 따라 시장조성을 수탁하는 경우
④ 누구든지 증권, 파생상품 또는 그 증권ㆍ파생상품의 기초자산 중 어느 하나가 거래소에 상장되거나 그 밖에 이에
준하는 경우로서 대통령령으로 정하는 경우에는 그 증권 또는 파생상품에 관한 매매, 그 밖의 거래(이하 이 항, 제
177조 및 제443조제1항제7호에서 “매매등”이라 한다)와 관련하여 다음 각 호의 어느 하나에 해당하는 행위를 하여
서는 아니 된다.<개정 2009. 2. 3., 2013. 5. 28.>
1. 파생상품의 매매등에서 부당한 이익을 얻거나 제삼자에게 부당한 이익을 얻게 할 목적으로 그 파생상품의 기초
자산의 시세를 변동 또는 고정시키는 행위
2. 파생상품의 기초자산의 매매등에서 부당한 이익을 얻거나 제삼자에게 부당한 이익을 얻게 할 목적으로 그 파생
상품의 시세를 변동 또는 고정시키는 행위
3. 증권의 매매등에서 부당한 이익을 얻거나 제삼자에게 부당한 이익을 얻게 할 목적으로 그 증권과 연계된 증권으
로서 대통령령으로 정하는 증권 또는 그 증권의 기초자산의 시세를 변동 또는 고정시키는 행위
4. 증권의 기초자산의 매매등에서 부당한 이익을 얻거나 제삼자에게 부당한 이익을 얻게 할 목적으로 그 증권의 시
세를 변동 또는 고정시키는 행위
5. 파생상품의 매매등에서 부당한 이익을 얻거나 제삼자에게 부당한 이익을 얻게 할 목적으로 그 파생상품과 기초
자산이 동일하거나 유사한 파생상품의 시세를 변동 또는 고정시키는 행위
 
제177조(시세조종의 배상책임) ① 제176조를 위반한 자는 다음 각 호의 구분에 따른 손해를 배상할 책임을 진다. <개정
2013. 5. 28.>
1. 그 위반행위로 인하여 형성된 가격에 의하여 해당 증권 또는 파생상품에 관한 매매등을 하거나 그 위탁을 한 자
가 그 매매등 또는 위탁으로 인하여 입은 손해
2. 제1호의 손해 외에 그 위반행위(제176조제4항 각 호의 어느 하나에 해당하는 행위로 한정한다)로 인하여 가격에
영향을 받은 다른 증권, 파생상품 또는 그 증권ㆍ파생상품의 기초자산에 대한 매매등을 하거나 그 위탁을 한 자가
그 매매등 또는 위탁으로 인하여 입은 손해
3. 제1호 및 제2호의 손해 외에 그 위반행위(제176조제4항 각 호의 어느 하나에 해당하는 행위로 한정한다)로 인하
여 특정 시점의 가격 또는 수치에 따라 권리행사 또는 조건성취 여부가 결정되거나 금전등이 결제되는 증권 또는
파생상품과 관련하여 그 증권 또는 파생상품을 보유한 자가 그 위반행위로 형성된 가격 또는 수치에 따라 결정되
거나 결제됨으로써 입은 손해
② 제1항에 따른 손해배상청구권은 청구권자가 제176조를 위반한 행위가 있었던 사실을 안 때부터 2년간 또는 그
행위가 있었던 때부터 5년간 이를 행사하지 아니한 경우에는 시효로 인하여 소멸한다.<개정 2018. 3. 27.>
 
       제3장 부정거래행위 등
 
제178조(부정거래행위 등의 금지) ① 누구든지 금융투자상품의 매매(증권의 경우 모집ㆍ사모ㆍ매출을 포함한다. 이하
이 조 및 제179조에서 같다), 그 밖의 거래와 관련하여 다음 각 호의 어느 하나에 해당하는 행위를 하여서는 아니 된
다.
1. 부정한 수단, 계획 또는 기교를 사용하는 행위
2. 중요사항에 관하여 거짓의 기재 또는 표시를 하거나 타인에게 오해를 유발시키지 아니하기 위하여 필요한 중요
사항의 기재 또는 표시가 누락된 문서, 그 밖의 기재 또는 표시를 사용하여 금전, 그 밖의 재산상의 이익을 얻고자
하는 행위
3. 금융투자상품의 매매, 그 밖의 거래를 유인할 목적으로 거짓의 시세를 이용하는 행위
② 누구든지 금융투자상품의 매매, 그 밖의 거래를 할 목적이나 그 시세의 변동을 도모할 목적으로 풍문의 유포, 위
계(僞計)의 사용, 폭행 또는 협박을 하여서는 아니 된다.
법제처                                                            84                                                       국가법령정보센터
자본시장과 금융투자업에 관한 법률
제178조의2(시장질서 교란행위의 금지) ① 제1호에 해당하는 자는 제2호에 해당하는 정보를 증권시장에 상장된 증권
(제174조제1항에 따른 상장예정법인등이 발행한 증권을 포함한다)이나 장내파생상품 또는 이를 기초자산으로 하는
파생상품(이를 모두 포괄하여 이하 이 항에서 “지정 금융투자상품”이라 한다)의 매매, 그 밖의 거래(이하 이 조에서
“매매등”이라 한다)에 이용하거나 타인에게 이용하게 하는 행위를 하여서는 아니 된다. 다만, 투자자 보호 및 건전한
시장질서를 해할 우려가 없는 행위로서 대통령령으로 정하는 경우 및 그 행위가 제173조의2제2항, 제174조 또는 제
178조에 해당하는 경우는 제외한다.
1. 다음 각 목의 어느 하나에 해당하는 자
가. 제174조 각 항 각 호의 어느 하나에 해당하는 자로부터 나온 미공개중요정보 또는 미공개정보인 정을 알면서
이를 받거나 전득(轉得)한 자
나. 자신의 직무와 관련하여 제2호에 해당하는 정보(이하 이 호에서 “정보”라 한다)를 생산하거나 알게 된 자
다. 해킹, 절취(竊取), 기망(欺罔), 협박, 그 밖의 부정한 방법으로 정보를 알게 된 자
라. 나목 또는 다목의 어느 하나에 해당하는 자로부터 나온 정보인 정을 알면서 이를 받거나 전득한 자
2. 다음 각 목의 모두에 해당하는 정보
가. 그 정보가 지정 금융투자상품의 매매등 여부 또는 매매등의 조건에 중대한 영향을 줄 가능성이 있을 것
나. 그 정보가 투자자들이 알지 못하는 사실에 관한 정보로서 불특정 다수인이 알 수 있도록 공개되기 전일 것
② 누구든지 상장증권 또는 장내파생상품에 관한 매매등과 관련하여 다음 각 호의 어느 하나에 해당하는 행위를 하
여서는 아니 된다. 다만, 그 행위가 제176조 또는 제178조에 해당하는 경우는 제외한다.
1. 거래 성립 가능성이 희박한 호가를 대량으로 제출하거나 호가를 제출한 후 해당 호가를 반복적으로 정정ㆍ취소
하여 시세에 부당한 영향을 주거나 줄 우려가 있는 행위
2. 권리의 이전을 목적으로 하지 아니함에도 불구하고 거짓으로 꾸민 매매를 하여 시세에 부당한 영향을 주거나 줄
우려가 있는 행위
3. 손익이전 또는 조세회피 목적으로 자기가 매매하는 것과 같은 시기에 그와 같은 가격 또는 약정수치로 타인이 그
상장증권 또는 장내파생상품을 매수할 것을 사전에 그 자와 서로 짠 후 매매를 하여 시세에 부당한 영향을 주거
나 영향을 줄 우려가 있는 행위
4. 풍문을 유포하거나 거짓으로 계책을 꾸미는 등으로 상장증권 또는 장내파생상품의 수요ㆍ공급 상황이나 그 가격
에 대하여 타인에게 잘못된 판단이나 오해를 유발하거나 상장증권 또는 장내파생상품의 가격을 왜곡할 우려가
있는 행위
[본조신설 2014. 12. 30.]
 
제178조의3(불공정거래행위 통보 등) ① 증권선물위원회는 제429조 및 제429조의2의 과징금 사건이 제173조의2제2항
, 제174조, 제176조 또는 제178조의 위반 혐의가 있다고 인정하는 경우에는 검찰총장에게 이를 통보하여야 한다.
② 증권선물위원회는 검찰총장이 제173조의2제2항, 제174조, 제176조 또는 제178조를 위반한 자를 소추하기 위하
여 관련 정보를 요구하는 경우에는 이를 제공할 수 있다.
[본조신설 2014. 12. 30.]
 
제179조(부정거래행위 등의 배상책임) ① 제178조를 위반한 자는 그 위반행위로 인하여 금융투자상품의 매매, 그 밖의
거래를 한 자가 그 매매, 그 밖의 거래와 관련하여 입은 손해를 배상할 책임을 진다.
② 제1항에 따른 손해배상청구권은 청구권자가 제178조를 위반한 행위가 있었던 사실을 안 때부터 2년간 또는 그
행위가 있었던 때부터 5년간 이를 행사하지 아니한 경우에는 시효로 인하여 소멸한다.<개정 2018. 3. 27.>
 
제180조(공매도의 제한) ① 누구든지 증권시장(다자간매매체결회사에서의 증권의 매매거래를 포함한다. 이하 이 장에
서 같다)에서 상장증권(대통령령으로 정하는 증권에 한한다. 이하 이 장에서 같다)에 대하여 다음 각 호의 어느 하나
에 해당하는 매도(이하 “공매도”라 한다)를 하거나 그 위탁 또는 수탁을 하여서는 아니 된다. 다만, 제2호에 해당하는
경우로서(이하 “차입공매도”라 한다) 증권시장의 안정성 및 공정한 가격형성을 위하여 대통령령으로 정하는 방법에
따르는 경우에는 이를 할 수 있다. <개정 2013. 5. 28., 2016. 3. 29.>
법제처                                                            85                                                       국가법령정보센터
자본시장과 금융투자업에 관한 법률
1. 소유하지 아니한 상장증권의 매도
2. 차입한 상장증권으로 결제하고자 하는 매도
② 제1항 본문에 불구하고 다음 각 호의 어느 하나에 해당하는 경우에는 이를 공매도로 보지 아니한다.
1. 증권시장에서 매수계약이 체결된 상장증권을 해당 수량의 범위에서 결제일 전에 매도하는 경우
2. 전환사채ㆍ교환사채ㆍ신주인수권부사채 등의 권리 행사, 유ㆍ무상증자, 주식배당 등으로 취득할 주식을 매도하
는 경우로서 결제일까지 그 주식이 상장되어 결제가 가능한 경우
3. 그 밖에 결제를 이행하지 아니할 우려가 없는 경우로서 대통령령으로 정하는 경우
③ 금융위원회는 증권시장의 안정성 및 공정한 가격형성을 저해할 우려가 있는 경우에는 거래소의 요청에 따라 상
장증권의 범위, 매매거래의 유형 및 기한 등을 정하여 차입공매도를 제한할 수 있다.<신설 2016. 3. 29., 2021. 1. 5.>
 
제180조의2(순보유잔고의 보고) ① 제180조제1항 각 호 외의 부분 단서에 따라 상장증권을 차입공매도한 자(대통령령
으로 정하는 거래에 따라 증권을 차입공매도한 자는 제외하며, 이하 이 장에서 “매도자”라 한다)는 해당 증권에 관한
매수, 그 밖의 거래에 따라 보유하게 된 순보유잔고(이하 이 장에서 “순보유잔고”라 한다)가 발행주식 수의 일정 비율
을 초과하는 경우에는 매도자의 순보유잔고에 관한 사항과 그 밖에 필요한 사항을 금융위원회와 거래소에 보고하여
야 한다.
② 금융위원회는 제1항에 따라 제출된 보고서에 거짓의 기재 또는 표시가 있거나 기재사항이 누락된 경우에는 그
이유를 제시하고 그 보고서의 정정을 명할 수 있다.
③ 전문투자자로서 제1항에 따른 보고의무가 있는 자는 대통령령으로 정하는 기간 동안 순보유잔고 산정에 관한 자
료를 보관하여야 하며, 금융위원회가 자료제출을 요구하는 경우 이를 지체 없이 제출하여야 한다.
④ 제1항의 매도자의 구체적인 범위, 순보유잔고의 산출방법, 순보유잔고의 비율 등 보고의 기준, 그 밖에 필요한 보
고 사항은 대통령령으로 정하고, 보고의 절차 및 방법은 금융위원회가 정하여 고시한다.
[본조신설 2016. 3. 29.]
 
제180조의3(순보유잔고의 공시) ① 대통령령으로 정하는 상장증권의 종목별 발행총수 대비 매도자의 해당 증권에 대한
종목별 순보유잔고의 비율이 대통령령으로 정하는 기준에 해당하는 경우 매도자는 매도자에 관한 사항, 순보유잔고
에 관한 사항, 그 밖에 대통령령으로 정하는 사항을 공시하여야 한다.
② 제1항에 따른 공시에 필요한 절차 및 방법 등의 세부사항은 금융위원회가 정하여 고시한다.
[본조신설 2016. 3. 29.]
 
제180조의4(공매도 거래자의 모집 또는 매출 등에 따른 증권 취득 제한) ① 누구든지 증권시장에 상장된 주식에 대한
모집 또는 매출 계획이 공시된 이후부터 해당 주식의 모집가액 또는 매출가액이 결정되기 전까지 대통령령으로 정
하는 기간 동안 모집 또는 매출 대상 주식과 동일한 종목에 대하여 증권시장에서 공매도를 하거나 공매도 주문을 위
탁한 경우에는 해당 모집 또는 매출에 따른 주식을 취득하여서는 아니 된다. 다만, 모집가액 또는 매출가액의 공정한
가격형성을 저해하지 아니하는 경우로서 대통령령으로 정하는 경우에는 그러하지 아니하다. <개정 2024. 10. 22.>
② 누구든지 주권상장법인의 전환사채 또는 신주인수권부사채 발행 계획이 공시된 이후부터 전환가액 또는 신주인
수권행사가액이 결정되기 전까지 대통령령으로 정하는 기간 동안 해당 주권상장법인의 주식에 대하여 증권시장에
서 공매도를 하거나 공매도 주문을 위탁한 경우에는 해당 사채 발행에 따른 전환사채 또는 신주인수권부사채를 취
득하여서는 아니 된다. 다만, 전환가액 또는 신주인수권행사가액의 공정한 가격형성을 저해하지 아니하는 경우로서
대통령령으로 정하는 경우에는 그러하지 아니하다.<신설 2024. 10. 22.>
[본조신설 2021. 1. 5.]
[제목개정 2024. 10. 22.]
 
제180조의5(차입공매도를 위한 대차거래) ① 차입공매도를 목적으로 상장증권의 대차거래 계약을 체결한 자는 계약체
결 일시, 종목 및 수량 등 대통령령으로 정하는 대차거래정보를 대통령령으로 정하는 방법으로 5년간 보관하여야 한
다.
법제처                                                            86                                                       국가법령정보센터
자본시장과 금융투자업에 관한 법률
② 제1항에 따라 대차거래정보의 보관의무를 지는 자는 금융위원회 및 거래소가 그 자료의 제출을 요구하는 경우
이를 지체 없이 제출하여야 한다.
③ 차입공매도를 목적으로 대통령령으로 정하는 상장증권의 대차거래 계약을 체결하려는 자는 대통령령으로 정하
는 바에 따라 상환기간을 정하여 계약을 체결하여야 한다.<신설 2024. 10. 22.>
④ 증권의 대차거래의 중개ㆍ주선이나 대리업무를 하려는 자는 차입자가 차입공매도를 목적으로 대차거래 계약을
체결하는 경우 제3항의 상환기간이 적용되도록 대차거래 계약을 구분하여 관리하여야 한다.<신설 2024. 10. 22.>
[본조신설 2021. 1. 5.]
[제목개정 2024. 10. 22.]
 
제180조의6(무차입공매도 방지조치) ① 대통령령으로 정하는 상장증권을 차입공매도하려는 법인은 임직원이 공매도
관련 직무를 수행할 때 준수하여야 할 기준 및 절차를 마련하고 전산설비를 갖추는 등 제180조제1항 각 호 외의 부
분 단서에 따른 차입공매도에 해당하지 아니하는 공매도(이하 “무차입공매도”라 한다)를 방지하기 위하여 필요한 조
치를 하여야 한다.
② 투자중개업자는 법인으로부터 공매도의 위탁을 받는 경우 그 법인이 제1항에 따른 조치를 하였는지 확인하는 등
대통령령으로 정하는 방법에 따라 무차입공매도를 방지하기 위한 조치를 하여야 한다.
③ 제1항에 따른 조치를 하여야 하는 법인의 범위와 조치의 내용 등에 관하여 필요한 세부사항은 대통령령으로 정
한다.
[본조신설 2024. 10. 22.]
 
     제5편 집합투자기구
       제1장 총칙
 
제181조(관련 법률의 적용) 집합투자기구는 이 법에서 특별히 정한 경우를 제외하고는 「상법」 및 「민법」의 적용을 받
는다.
 
제182조(집합투자기구의 등록) ① 투자신탁이나 투자익명조합의 집합투자업자 또는 투자회사ㆍ투자유한회사ㆍ투자합
자회사ㆍ투자유한책임회사 및 투자합자조합(이하 이 편에서 “투자회사등”이라 한다)은 집합투자기구가 설정ㆍ설립
된 경우 그 집합투자기구를 금융위원회에 등록하여야 한다. <개정 2008. 2. 29., 2013. 5. 28.>
② 제1항에 따른 집합투자기구의 등록요건은 다음 각 호와 같다.
1. 다음 각 목의 자가 업무정지기간 중에 있지 아니할 것
가. 그 집합투자재산을 운용하는 집합투자업자
나. 그 집합투자재산을 보관ㆍ관리하는 신탁업자
다. 그 집합투자증권을 판매하는 투자매매업자ㆍ투자중개업자
라. 투자회사인 경우 그 투자회사로부터 제184조제6항의 업무를 위탁받은 일반사무관리회사(제254조에 따른 일
반사무관리회사를 말한다. 이하 같다)
2. 집합투자기구가 이 법에 따라 적법하게 설정ㆍ설립되었을 것
3. 집합투자규약이 법령을 위반하거나 투자자의 이익을 명백히 침해하지 아니할 것
4. 그 밖에 제9조제18항 각 호의 집합투자기구의 형태 등을 고려하여 대통령령으로 정하는 요건을 갖출 것
③ 투자신탁이나 투자익명조합의 집합투자업자 또는 투자회사등은 집합투자기구를 등록하려는 경우에는 금융위원
회에 등록신청서를 제출하여야 한다.<개정 2008. 2. 29.>
④ 금융위원회는 제3항의 등록신청서를 접수한 경우에는 그 내용을 검토하여 20일 이내에 등록 여부를 결정하고,
그 결과와 이유를 지체 없이 신청인에게 문서로 통지하여야 한다. 이 경우 등록신청서에 흠결이 있는 때에는 보완을
요구할 수 있다.<개정 2008. 2. 29.>
⑤ 제4항의 검토기간을 산정함에 있어서 등록신청서 흠결의 보완기간 등 총리령으로 정하는 기간은 검토기간에 산
입하지 아니한다.<개정 2008. 2. 29.>
법제처                                                            87                                                       국가법령정보센터
자본시장과 금융투자업에 관한 법률
⑥ 금융위원회는 제4항의 등록 여부를 결정함에 있어서 다음 각 호의 어느 하나에 해당하는 사유가 없는 한 그 등
록을 거부하여서는 아니 된다.<개정 2008. 2. 29.>
1. 제2항의 등록요건을 갖추지 아니한 경우
2. 제3항의 등록신청서를 거짓으로 작성한 경우
3. 제4항 후단의 보완요구를 이행하지 아니한 경우
⑦ 금융위원회는 제4항에 따라 등록을 결정한 경우 집합투자기구등록부에 필요한 사항을 기재하여야 하며, 등록내
용을 인터넷 홈페이지 등에 공고하여야 한다.<개정 2008. 2. 29.>
⑧ 투자신탁이나 투자익명조합의 집합투자업자 또는 투자회사등은 제1항에 따라 등록된 사항이 변경된 경우에는
투자자 보호를 해할 우려가 없는 경우로서 대통령령으로 정하는 경우를 제외하고는 2주 이내에 그 내용을 금융위원
회에 변경등록하여야 한다. 이 경우 제2항부터 제7항까지의 규정을 준용한다.<개정 2008. 2. 29.>
⑨ 제1항부터 제8항까지의 규정에 따른 등록신청서의 기재사항 및 첨부서류 등 등록 및 변경등록의 신청에 관한 사
항과 등록검토의 방법ㆍ절차, 그 밖에 필요한 사항은 대통령령으로 정한다.
 
제182조의2(교차판매 집합투자기구의 등록) ① 투자신탁이나 투자익명조합의 집합투자업자 또는 투자회사등은 집합투
자기구의 집합투자증권을 대한민국 정부와 외국 정부 간 체결한 것으로서 대통령령으로 정하는 집합투자기구 교차
판매에 관한 협약 등(이하 “교차판매협약등”이라 한다)을 체결한 해당 외국에서 판매하려는 경우에는 그 집합투자기
구를 금융위원회에 교차판매 집합투자기구로 등록할 수 있다.
② 제1항에 따른 교차판매 집합투자기구(이하 “교차판매 집합투자기구”라 한다)의 등록요건은 다음 각 호와 같다.
1. 제182조제1항에 따라 등록된 집합투자기구일 것
2. 교차판매 집합투자기구를 운용하는 투자신탁이나 투자익명조합의 집합투자업자 또는 투자회사등이 자기자본, 임
원 및 운용인력 등 대통령령으로 정하는 적격 요건을 갖출 것
3. 그 밖에 집합투자재산의 투자대상자산 등 교차판매협약등의 내용 등을 고려하여 대통령령으로 정하는 요건을 갖
출 것
③ 투자신탁이나 투자익명조합의 집합투자업자 또는 투자회사등은 제1항에 따라 등록한 사항이 변경된 경우에는
투자자 보호를 해할 우려가 없는 경우로서 대통령령으로 정하는 경우를 제외하고는 2주 이내에 그 내용을 금융위원
회에 변경등록하여야 한다.
④ 제1항 및 제3항에 따른 교차판매 집합투자기구의 등록과 변경등록의 절차 등에 관하여는 제182조제3항부터 제
7항까지의 규정을 준용한다. 이 경우 등록신청서 및 변경등록신청서의 기재사항, 첨부서류 등 필요한 사항은 대통
령령으로 정한다.
[본조신설 2019. 11. 26.]
 
제183조(집합투자기구의 명칭) ① 집합투자기구는 그 상호 또는 명칭 중에 제229조 각 호의 집합투자기구의 종류를 표
시하는 문자(증권ㆍ부동산ㆍ특별자산ㆍ혼합자산ㆍ단기금융 및 기업성장을 말한다)를 사용하여야 한다. <개정 2025.
9. 16.>
② 이 법에 따른 집합투자기구가 아닌 자는 “집합투자”, “간접투자”, “투자신탁”, “투자회사”, “투자유한회사”, “투자합
자회사”, “기관전용 사모집합투자기구”, “투자유한책임회사”, “투자합자조합”, “투자익명조합”, 그 밖에 이와 유사한
명칭을 사용하여서는 아니 된다. 다만, 집합투자업자 및 제6조제5항제1호에 규정된 것의 경우에는 이를 사용할 수
있다.<개정 2013. 5. 28., 2015. 7. 24., 2021. 4. 20.>
 
제184조(집합투자기구의 업무수행 등) ① 투자신탁재산 또는 투자익명조합재산에 속하는 지분증권(그 지분증권과 관련
된 증권예탁증권을 포함한다. 이하 이 조에서 같다)의 의결권 행사는 그 투자신탁 또는 투자익명조합의 집합투자업
자가 수행하여야 하며, 투자회사등의 집합투자재산에 속하는 지분증권의 의결권 행사는 그 투자회사등이 수행하여
야 한다. 다만, 투자회사등은 그 투자회사등의 집합투자업자에게 그 투자회사등의 집합투자재산에 속하는 지분증권
의 의결권 행사를 위탁할 수 있다.
법제처                                                            88                                                       국가법령정보센터
자본시장과 금융투자업에 관한 법률
② 투자신탁재산 또는 투자익명조합재산의 운용업무는 그 투자신탁 또는 투자익명조합의 집합투자업자가 이를 수
행하며, 투자회사등의 집합투자재산 운용업무는 그 투자회사등의 법인이사ㆍ업무집행사원ㆍ업무집행자 또는 업무
집행조합원인 집합투자업자가 이를 수행한다.<개정 2013. 5. 28.>
③ 투자신탁이나 투자익명조합의 집합투자업자 또는 투자회사등은 집합투자재산의 보관ㆍ관리업무를 신탁업자에
게 위탁하여야 한다.
④ 집합투자업자는 자신이 운용하는 집합투자재산을 보관ㆍ관리하는 신탁업자가 되어서는 아니 된다.
⑤ 투자신탁이나 투자익명조합의 집합투자업자 또는 투자회사등은 집합투자기구의 집합투자증권을 판매하고자 하
는 경우 투자매매업자와 판매계약을 체결하거나 투자중개업자와 위탁판매계약을 체결하여야 한다. 다만, 투자신탁
이나 투자익명조합의 집합투자업자가 투자매매업자 또는 투자중개업자로서 집합투자기구의 집합투자증권을 판매
하는 경우에는 판매계약 또는 위탁판매계약을 체결하지 아니한다.
⑥ 투자회사는 다음 각 호의 업무를 일반사무관리회사에 위탁하여야 한다.
1. 투자회사 주식의 발행 및 명의개서(名義改書)
2. 투자회사재산의 계산
3. 법령 또는 정관에 의한 통지 및 공고
4. 이사회 및 주주총회의 소집ㆍ개최ㆍ의사록 작성 등에 관한 업무
5. 그 밖에 투자회사의 사무를 처리하기 위하여 필요한 업무로서 대통령령으로 정하는 업무
⑦ 투자회사등은 상근임원 또는 직원을 둘 수 없으며, 본점 외의 영업소를 설치할 수 없다.
 
제185조(연대책임) 집합투자업자ㆍ신탁업자ㆍ투자매매업자ㆍ투자중개업자ㆍ일반사무관리회사ㆍ집합투자기구평가회
사(제258조에 따른 집합투자기구평가회사를 말한다) 및 채권평가회사(제263조에 따른 채권평가회사를 말한다)는 이
법에 따라 투자자에 대한 손해배상책임을 부담하는 경우 귀책사유가 있는 경우에는 연대하여 손해배상책임을 진다.
 
제186조(자기집합투자증권의 취득 제한 등) ① 투자회사등은 자기의 계산으로 자기가 발행한 집합투자증권을 취득하
거나 질권의 목적으로 받지 못한다. 다만, 다음 각 호의 어느 하나에 해당하는 경우에는 자기의 계산으로 자기가 발
행한 집합투자증권을 취득할 수 있다.
1. 담보권의 실행 등 권리 행사에 필요한 경우. 이 경우 취득한 집합투자증권은 대통령령으로 정하는 방법에 따라
처분하여야 한다.
2. 제235조에 따라 투자회사등의 집합투자증권을 환매하는 경우
3. 제201조제4항에 따라 주식을 매수하는 경우
② 제87조 및 제89조부터 제92조까지의 규정은 투자회사등에 준용한다. 이 경우 제87조 중 “집합투자업자(투자신
탁이나 투자익명조합의 집합투자업자에 한한다. 이하 이 조에서 같다)는”은 “투자회사등(투자회사등이 의결권 행사
를 집합투자업자에게 위탁한 경우에는 집합투자업자를 말한다. 이하 이 조에서 같다)은”으로, “집합투자업자”는 각
각 “투자회사등”으로 보고, 제89조제1항 중 “투자신탁이나 투자익명조합의 집합투자업자는”은 “투자회사등은”으로
보며, 제90조 및 제92조 중 “집합투자업자(투자신탁이나 투자익명조합의 집합투자업자에 한한다. 이하 이 조에서
같다)는” 및 “집합투자업자는”은 각각 “투자회사등은”으로 보고, 제91조 중 “집합투자업자(투자신탁이나 투자익명조
합의 집합투자업자에 한하며, 해당 집합투자증권을 판매한 투자매매업자 및 투자중개업자를 포함한다. 이하 이 조
에서 같다)는”은 “투자회사등(해당 집합투자증권을 판매한 투자매매업자 및 투자중개업자를 포함한다. 이하 이 조에
서 같다)은”으로, “집합투자업자”는 각각 “투자회사등”으로 본다.<개정 2009. 2. 3.>
 
제187조(자료의 기록ㆍ유지) ① 투자회사등은 투자회사등의 업무와 관련한 자료를 대통령령으로 정하는 자료의 종류
별로 대통령령으로 정하는 기간 동안 기록ㆍ유지하여야 한다.
② 투자회사등은 제1항에 따라 기록ㆍ유지하여야 하는 자료가 멸실되거나 위조 또는 변조되지 아니하도록 적절한
대책을 수립ㆍ시행하여야 한다.
 
법제처                                                            89                                                       국가법령정보센터
자본시장과 금융투자업에 관한 법률
       제2장 집합투자기구의 구성 등
         제1절 투자신탁
 
제188조(신탁계약의 체결 등) ① 투자신탁을 설정하고자 하는 집합투자업자는 다음 각 호의 사항이 기재된 신탁계약서
에 의하여 신탁업자와 신탁계약을 체결하여야 한다. <개정 2016. 3. 22.>
1. 집합투자업자 및 신탁업자의 상호
2. 신탁원본의 가액 및 제189조제1항 및 제3항에 따라 발행하는 투자신탁의 수익권(이하 “수익증권”이라 한다)의 총
좌수에 관한 사항
3. 투자신탁재산의 운용 및 관리에 관한 사항
4. 이익분배 및 환매에 관한 사항
5. 집합투자업자ㆍ신탁업자 등이 받는 보수, 그 밖의 수수료의 계산방법과 지급시기ㆍ방법에 관한 사항. 다만, 집합
투자업자가 기준가격 산정업무를 위탁하는 경우에는 그 수수료는 해당 투자신탁재산에서 부담한다는 내용을 포
함하여야 한다.
6. 수익자총회에 관한 사항
7. 공시 및 보고서에 관한 사항
8. 그 밖에 수익자 보호를 위하여 필요한 사항으로서 대통령령으로 정하는 사항
② 투자신탁을 설정한 집합투자업자는 신탁계약을 변경하고자 하는 경우에는 신탁업자와 변경계약을 체결하여야
한다. 이 경우 신탁계약 중 다음 각 호의 어느 하나에 해당하는 사항을 변경하는 경우에는 미리 제190조제5항 본문
에 따른 수익자총회의 결의를 거쳐야 한다.<개정 2013. 5. 28.>
1. 집합투자업자ㆍ신탁업자 등이 받는 보수, 그 밖의 수수료의 인상
2. 신탁업자의 변경(합병ㆍ분할ㆍ분할합병, 그 밖에 대통령령으로 정하는 사유로 변경되는 경우를 제외한다)
3. 신탁계약기간의 변경(투자신탁을 설정할 당시에 그 기간변경이 신탁계약서에 명시되어 있는 경우는 제외한다)
4. 그 밖에 수익자의 이익과 관련된 중요한 사항으로서 대통령령으로 정하는 사항
③ 투자신탁을 설정한 집합투자업자는 제2항에 따라 신탁계약을 변경한 경우에는 인터넷 홈페이지 등을 이용하여
공시하여야 하며, 제2항 후단에 따라 신탁계약을 변경한 경우에는 공시 외에 이를 수익자에게 통지하여야 한다.
④ 집합투자업자는 제1항에 따라 투자신탁을 설정하는 경우(그 투자신탁을 추가로 설정하는 경우를 포함한다) 신탁
업자에게 해당 신탁계약에서 정한 신탁원본 전액을 금전으로 납입하여야 한다.
 
제189조(투자신탁의 수익권 등) ① 투자신탁을 설정한 집합투자업자는 투자신탁의 수익권을 균등하게 분할하여 수익
증권을 발행한다. <개정 2016. 3. 22.>
② 수익자는 신탁원본의 상환 및 이익의 분배 등에 관하여 수익증권의 좌수에 따라 균등한 권리를 가진다.
③투자신탁을 설정한 집합투자업자는 신탁계약에서 정한 신탁원본 전액이 납입된 경우 신탁업자의 확인을 받아 「
주식ㆍ사채 등의 전자등록에 관한 법률」에 따른 전자등록의 방법으로 투자신탁의 수익권을 발행하여야 한다.<개정
2016. 3. 22.>
④ 수익증권은 무액면 기명식으로 한다.
⑤ 투자신탁을 설정한 집합투자업자는 제3항에 따른 수익증권을 발행하는 경우에는 다음 각 호의 사항이 「주식ㆍ
사채 등의 전자등록에 관한 법률」에 따라 전자등록 또는 기록되도록 하여야 한다. 이 경우 그 집합투자업자 및 그
투자신탁재산을 보관ㆍ관리하는 신탁업자의 대표이사(집행임원 설치회사의 경우 대표집행임원을 말한다)로부터 대
통령령으로 정하는 방법과 절차에 따라 확인을 받아야 한다.<개정 2013. 5. 28., 2016. 3. 22.>
1. 집합투자업자 및 신탁업자의 상호
2. 수익자의 성명 또는 명칭
3. 신탁계약을 체결할 당시의 신탁원본의 가액 및 수익증권의 총좌수
4. 수익증권의 발행일
법제처                                                            90                                                       국가법령정보센터
자본시장과 금융투자업에 관한 법률
5. 삭제<2016. 3. 22.>
⑥ 투자신탁을 설정한 집합투자업자는 수익자명부의 작성에 관한 업무를 「주식ㆍ사채 등의 전자등록에 관한 법률」
제2조제6호에 따른 전자등록기관(이하 “전자등록기관”이라 한다)에 위탁하여야 한다.<개정 2016. 3. 22.>
⑦ 전자등록기관은 제6항에 따라 위탁을 받은 경우 다음 각 호의 사항을 기재한 수익자명부를 작성ㆍ비치하여야 한
다.<개정 2016. 3. 22.>
1. 수익자의 주소 및 성명
2. 수익자가 소유하는 수익증권의 좌수
3. 삭제<2016. 3. 22.>
⑧ 전자등록기관은 제7항 각 호에 관한 정보를 타인에게 제공해서는 아니 된다. 다만, 수익자총회 개최를 위하여 집
합투자업자에게 제공하는 경우, 그 밖에 대통령령으로 정하는 경우에는 이를 제공할 수 있다.<개정 2016. 3. 22.>
⑨ 「상법」 제337조, 제339조, 제340조 및 「주식ㆍ사채 등의 전자등록에 관한 법률」 제35조제3항 후단은 수익권 및
수익증권에 관하여 준용하며, 「상법」 제353조 및 제354조는 수익자명부에 관하여 준용한다.<개정 2016. 3. 22.>
[제목개정 2016. 3. 22.]
 
제190조(수익자총회) ① 투자신탁에는 전체 수익자로 구성되는 수익자총회를 두며, 수익자총회는 이 법 또는 신탁계약
에서 정한 사항에 대하여만 결의할 수 있다.
② 수익자총회는 투자신탁을 설정한 집합투자업자가 소집한다.
③ 투자신탁을 설정한 집합투자업자는 투자신탁재산을 보관ㆍ관리하는 신탁업자 또는 발행된 수익증권의 총좌수
의 100분의 5 이상을 소유한 수익자가 수익자총회의 목적과 소집의 이유를 기재한 서면을 제출하여 수익자총회의
소집을 그 집합투자업자에 요청하는 경우 1개월 이내에 수익자총회를 소집하여야 한다. 이 경우 집합투자업자가 정
당한 사유 없이 수익자총회를 소집하기 위한 절차를 거치지 아니하는 경우에는 그 신탁업자 또는 발행된 수익증권
총좌수의 100분의 5 이상을 소유한 수익자는 금융위원회의 승인을 받아 수익자총회를 개최할 수 있다.<개정 2008.
2. 29.>
④ 「상법」 제363조제1항 및 제2항은 수익자총회의 소집통지에 관하여 준용한다. 이 경우 “주주”는 각각 “수익자”로,
“주주명부”는 “수익자명부”로, “회사”는 “집합투자업자”로 본다.
⑤ 수익자총회는 출석한 수익자의 의결권의 과반수와 발행된 수익증권 총좌수의 4분의 1 이상의 수로 결의한다. 다
만, 이 법에서 정한 수익자총회의 결의사항 외에 신탁계약으로 정한 수익자총회의 결의사항에 대하여는 출석한 수
익자의 의결권의 과반수와 발행된 수익증권의 총좌수의 5분의 1 이상의 수로 결의할 수 있다.<개정 2013. 5. 28.>
⑥ 수익자는 수익자총회에 출석하지 아니하고 서면에 의하여 의결권을 행사할 수 있다. 다만, 다음 각 호의 요건을
모두 충족하는 경우에는 수익자총회에 출석한 수익자가 소유한 수익증권의 총좌수의 결의내용에 영향을 미치지 아
니하도록 의결권을 행사(이하 이 항에서 “간주의결권행사”라 한다)한 것으로 본다.<개정 2013. 5. 28.>
1. 수익자에게 대통령령으로 정하는 방법에 따라 의결권 행사에 관한 통지가 있었으나 의결권이 행사되지 아니하였
을 것
2. 간주의결권행사의 방법이 집합투자규약에 기재되어 있을 것
3. 수익자총회에서 의결권을 행사한 수익증권의 총좌수가 발행된 수익증권의 총좌수의 10분의 1 이상일 것
4. 그 밖에 수익자를 보호하기 위하여 대통령령으로 정하는 방법 및 절차를 따를 것
⑦ 투자신탁을 설정한 집합투자업자(제3항 후단에 따라 수익자총회를 소집하는 신탁업자 또는 발행된 수익증권 총
좌수의 100분의 5 이상을 소유한 수익자를 포함한다. 이하 이 항에서 같다)는 제5항에 따른 수익자총회의 결의가
이루어지지 아니한 경우 그 날부터 2주 이내에 연기된 수익자총회(이하 “연기수익자총회”라 한다)를 소집하여야 한
다.<개정 2013. 5. 28.>
⑧ 연기수익자총회의 결의에 관하여는 제5항 및 제6항을 준용한다. 이 경우 “발행된 수익증권 총좌수의 4분의 1 이
상”은 “발행된 수익증권 총좌수의 8분의 1 이상”으로 보고, “수익증권의 총좌수의 5분의 1 이상”은 “수익증권의 총
좌수의 10분의 1 이상”으로 본다.<개정 2013. 5. 28.>
법제처                                                            91                                                       국가법령정보센터
자본시장과 금융투자업에 관한 법률
⑨ 수익자총회 및 연기수익자총회의 소집 방법, 서면에 의한 의결권 행사 방법, 그 밖에 수익자총회에 관하여 필요
한 사항은 대통령령으로 정한다.
⑩ 「상법」 제364조, 제366조의2제2항ㆍ제3항, 제367조, 제368조제3항ㆍ제4항, 제368조의4, 제369조제1항ㆍ제2항,
제371조부터 제373조까지, 제376조, 제377조 및 제379조부터 제381조까지의 규정은 수익자총회에 관하여 준용한
다. 이 경우 “주주”는 각각 “수익자”로, “정관”은 각각 “신탁계약”으로, “주식”은 “수익증권”으로, “회사”는 각각 “집합
투자업자”로, “이사회의 결의”는 각각 “집합투자업자의 결정”으로 본다.<개정 2013. 5. 28.>
 
제191조(반대수익자의 수익증권매수청구권) ① 투자신탁의 수익자는 다음 각 호의 어느 하나에 해당하는 경우 집합투
자업자에게 수익증권의 수를 기재한 서면으로 자기가 소유하고 있는 수익증권의 매수를 청구할 수 있다. <개정
2013. 5. 28.>
1. 제188조제2항 각 호 외의 부분 후단에 따른 신탁계약의 변경 또는 제193조제2항에 따른 투자신탁의 합병에 대한
수익자총회의 결의에 반대(수익자총회 전에 해당 집합투자업자에게 서면으로 그 결의에 반대하는 의사를 통지한
경우로 한정한다)하는 수익자가 그 수익자총회의 결의일부터 20일 이내에 수익증권의 매수를 청구하는 경우
2. 제193조제2항 각 호 외의 부분 단서에 따른 투자신탁의 합병에 반대하는 수익자가 대통령령으로 정하는 방법에
따라 수익증권의 매수를 청구하는 경우
② 투자신탁을 설정한 집합투자업자는 제1항에 따른 청구가 있는 경우 해당 수익자에게 수익증권의 매수에 따른 수
수료, 그 밖의 비용을 부담시켜서는 아니 된다.
③ 투자신탁을 설정한 집합투자업자는 제1항에 따른 청구가 있는 경우에는 매수청구기간이 만료된 날부터 15일 이
내에 그 투자신탁재산으로 대통령령으로 정하는 방법에 따라 그 수익증권을 매수하여야 한다. 다만, 매수자금이 부
족하여 매수에 응할 수 없는 경우에는 금융위원회의 승인을 받아 수익증권의 매수를 연기할 수 있다.<개정 2008. 2.
29.>
④ 투자신탁을 설정한 집합투자업자는 제3항 본문에 따라 수익증권을 매수한 경우에는 지체 없이 그 수익증권을 소
각(消却)하여야 한다.
 
제192조(투자신탁의 해지) ① 투자신탁을 설정한 집합투자업자는 금융위원회의 승인을 받아 투자신탁을 해지할 수 있
다. 다만, 수익자의 이익을 해할 우려가 없는 경우로서 대통령령으로 정하는 경우에는 금융위원회의 승인을 받지 아
니하고 투자신탁을 해지할 수 있으며, 이 경우 집합투자업자는 그 해지사실을 지체 없이 금융위원회에 보고하여야
한다. <개정 2008. 2. 29.>
② 투자신탁을 설정한 집합투자업자는 다음 각 호의 어느 하나에 해당하는 경우에는 지체 없이 투자신탁을 해지하
여야 한다. 이 경우 집합투자업자는 그 해지사실을 지체 없이 금융위원회에 보고하여야 한다.<개정 2008. 2. 29.,
2013. 5. 28., 2015. 7. 24., 2018. 3. 27., 2021. 4. 20.>
1. 신탁계약에서 정한 신탁계약기간의 종료
2. 수익자총회의 투자신탁 해지 결의
3. 투자신탁의 피흡수합병
4. 투자신탁의 등록 취소
5. 수익자의 총수가 1인이 되는 경우. 다만, 제6조제6항에 따라 인정되거나 건전한 거래질서를 해할 우려가 없는 경
우로서 대통령령으로 정하는 경우는 제외한다.
6. 제249조의9제1항에 따라 투자신탁인 일반 사모집합투자기구의 해지 명령을 받은 경우
③ 투자신탁을 설정한 집합투자업자는 제1항 또는 제2항(제3호를 제외한다)에 따라 투자신탁을 해지하는 경우에는
신탁계약이 정하는 바에 따라 투자신탁재산에 속하는 자산을 해당 수익자에게 지급할 수 있다.
④ 제1항에 따라 해지 승인을 신청하는 경우 신청서의 기재사항 및 첨부서류, 제1항ㆍ제2항에 따라 투자신탁이 해
지되는 경우 미수금 및 미지급금 등의 처리방법, 그 밖에 투자신탁의 해지에 관하여 필요한 사항은 대통령령으로 정
한다.
⑤ 투자신탁을 설정한 집합투자업자는 수익자의 환매청구에 응하는 등 대통령령으로 정하는 경우에는 투자신탁의
일부를 해지할 수 있다.
법제처                                                            92                                                       국가법령정보센터
자본시장과 금융투자업에 관한 법률
제193조(투자신탁의 합병) ① 투자신탁을 설정한 집합투자업자는 그 집합투자업자가 운용하는 다른 투자신탁을 흡수
하는 방법으로 투자신탁을 합병할 수 있다.
② 투자신탁을 설정한 집합투자업자는 제1항에 따라 투자신탁을 합병하고자 하는 경우 다음 각 호의 사항을 기재한
합병계획서를 작성하여 합병하는 각 투자신탁의 수익자총회의 결의를 거쳐야 한다. 다만, 건전한 거래질서를 해할
우려가 적은 소규모 투자신탁의 합병 등 대통령령으로 정하는 경우는 제외한다.<개정 2013. 5. 28.>
1. 투자신탁의 합병으로 인하여 존속하는 투자신탁의 증가하는 신탁원본의 가액 및 수익증권의 좌수
2. 투자신탁의 합병으로 인하여 소멸하는 투자신탁의 수익자에게 발행하는 수익증권의 배정에 관한 사항
3. 투자신탁의 합병으로 인하여 소멸하는 투자신탁의 수익자에게 현금을 지급하는 경우 그 내용
4. 합병하는 각 투자신탁의 수익자총회의 회일
5. 합병을 할 날
6. 투자신탁의 합병으로 인하여 존속하는 투자신탁의 신탁계약을 변경하는 경우 그 내용
7. 그 밖에 대통령령으로 정하는 사항
③ 「상법」 제527조의5제1항 및 제3항은 채권자가 있는 투자신탁이 합병하는 경우에 준용한다. 이 경우 “회사”는 각
각 “집합투자업자”로, “주주총회”는 “수익자총회”로 본다.
④ 투자신탁을 설정한 집합투자업자는 수익자총회일의 2주 전부터 합병 후 6개월이 경과하는 날까지 다음 각 호의
서류를 본점 및 투자매매업자 또는 투자중개업자의 영업소에 비치하여야 한다. 이 경우 그 투자신탁의 수익자 및 채
권자는 영업시간 중 언제든지 그 서류를 열람할 수 있으며, 그 서류의 등본 또는 초본의 교부를 청구할 수 있다.
1. 합병하는 각 투자신탁의 최종의 결산서류
2. 합병으로 인하여 소멸하는 투자신탁의 수익자에게 발행하는 수익증권의 배정에 관한 사항 및 그 이유를 기재한
서면
3. 합병계획서
⑤ 투자신탁을 설정한 집합투자업자는 제1항에 따라 투자신탁을 합병한 경우에는 그 사실을 지체 없이 금융위원회
에 보고하여야 한다. 이 경우 합병되는 투자신탁의 수익증권이 증권시장에 상장되어 있는 때에는 거래소에도 보고
하여야 한다.<개정 2008. 2. 29.>
⑥ 투자신탁의 합병은 존속하는 투자신탁의 집합투자업자가 제5항에 따라 금융위원회에 보고를 한 때에 그 효력이
발생한다. 이 경우 소멸하는 투자신탁은 해지된 것으로 본다.<개정 2008. 2. 29.>
⑦ 합병 후 존속하는 투자신탁은 합병으로 인하여 소멸된 투자신탁의 권리ㆍ의무를 승계한다.
⑧ 수익증권의 합병가액 산정방식, 수익자총회 승인사항의 수익자 통지, 그 밖에 투자신탁의 합병에 관하여 필요한
사항은 대통령령으로 정한다.
 
         제2절 회사 형태의 집합투자기구
           제1관 투자회사
 
제194조(투자회사의 설립 등) ① 「금융회사의 지배구조에 관한 법률」 제5조에 적합하지 아니한 자는 투자회사의 발기
인이 될 수 없다. <개정 2013. 5. 28., 2015. 7. 31.>
② 발기인은 투자회사를 설립하는 경우 다음 각 호의 사항을 기재한 정관을 작성하여 발기인 전원이 기명날인 또는
서명하여야 한다.<개정 2009. 2. 3.>
1. 목적
2. 상호
3. 발행할 주식의 총수
4. 설립시에 발행하는 주식의 총수 및 발행가액
5. 회사의 소재지
6. 투자회사재산의 운용 및 관리에 관한 사항
법제처                                                            93                                                       국가법령정보센터
자본시장과 금융투자업에 관한 법률
7. 그 투자회사가 유지하여야 하는 순자산액(자산에서 부채를 뺀 금액을 말한다)의 최저액(이하 “최저순자산액”이라
한다)
8. 이익분배 및 환매에 관한 사항
9. 공시 및 보고서에 관한 사항
10. 공고방법
11. 그 밖에 주주를 보호하기 위하여 필요한 사항으로서 대통령령으로 정하는 사항
③ 투자회사 설립시의 자본금은 주식 발행가액의 총액으로 한다.
④ 투자회사가 설립시에 발행하는 주식의 총수는 그 상한과 하한을 두는 방법으로 정할 수 있다.
⑤ 삭제<2015. 7. 24.>
⑥ 투자회사의 발기인은 투자회사의 설립시에 발행하는 주식의 총수를 인수(「상법」 제293조에 따른 인수를 말한다
. 이하 이 장에서 같다)하여야 한다.
⑦ 제6항에 따라 주식을 인수한 발기인은 지체 없이 주식의 인수가액을 금전으로 납입하여야 한다.
⑧ 발기인은 투자회사 설립시에 발행하는 주식의 인수가액의 납입이 완료된 경우에는 지체 없이 의결권 과반수의
찬성으로 이사를 선임하여야 하며, 선임된 이사는 투자회사의 설립에 관하여 법령이나 투자회사의 정관을 위반한
사항이 있는지를 조사하여 그 결과를 이사회에 보고하여야 한다.
⑨ 이사는 제8항에 따른 조사결과 법령 또는 투자회사의 정관을 위반한 사항을 발견한 경우에는 지체 없이 이를 발
기인에게 보고하여야 한다.
⑩ 투자회사의 발기인은 다음 각 호의 사항을 제8항에 따른 보고를 종료한 날부터 2주 이내에 대통령령으로 정하는
서류를 첨부하여 설립등기를 하여야 한다.
1. 제2항제1호부터 제3호까지의 사항 및 같은 항 제5호ㆍ제7호ㆍ제10호의 사항
2. 정관으로 투자회사의 존속기간 또는 해산사유를 정한 경우 그 내용
3. 이사의 성명ㆍ주민등록번호(법인인 경우에는 상호ㆍ사업자등록번호)
⑪ 투자회사의 발기인은 투자회사재산을 선박에 투자하는 투자회사를 설립하여서는 아니 되며, 투자회사는 설립 후
에도 투자회사재산을 선박에 투자하는 투자회사에 해당하도록 그 투자회사의 정관을 변경하여서는 아니 된다.<개
정 2016. 3. 29.>
 
제195조(정관의 변경 등) ① 투자회사는 이사회 결의로 정관을 변경할 수 있다. 다만, 정관의 내용 중 다음 각 호의 어느
하나에 해당하는 사항을 변경하고자 하는 경우에는 제201조제2항 본문에 따른 주주총회의 결의를 거쳐야 한다. <개
정 2013. 5. 28.>
1. 집합투자업자ㆍ신탁업자 등이 받는 보수, 그 밖의 수수료의 인상
2. 집합투자업자 또는 신탁업자의 변경
3. 정관으로 투자회사의 존속기간 또는 해산사유를 정한 경우 존속기간 또는 해산사유의 변경
4. 그 밖에 주주의 이익과 관련된 중요한 사항으로서 대통령령으로 정하는 사항
② 투자회사는 제1항에 불구하고 합병ㆍ분할ㆍ분할합병, 그 밖에 대통령령으로 정하는 사유로 집합투자업자 또는
신탁업자가 변경된 경우에는 이사회 결의 및 주주총회의 결의 없이 정관을 변경할 수 있다.
③ 투자회사는 제1항 또는 제2항에 따라 정관을 변경한 경우에는 인터넷 홈페이지 등을 이용하여 공시하여야 하며,
제1항 단서에 따라 정관을 변경한 경우에는 공시 외에 이를 주주에게 통지하여야 한다.
 
제196조(투자회사의 주식) ① 투자회사의 주식은 무액면 기명식으로 한다.
② 투자회사는 회사 성립일 또는 신주(新株)의 납입기일에 지체 없이 「주식ㆍ사채 등의 전자등록에 관한 법률」에
따른 전자등록의 방법으로 주식을 발행하여야 한다.<개정 2016. 3. 22.>
③ 투자회사가 그 성립 후에 신주를 발행하는 경우 신주의 수, 발행가액 및 납입기일은 이사회가 결정한다. 다만, 정
관에서 달리 정하고 있는 경우에는 그에 따른다.
④ 주주의 청구가 있는 경우 그 주주의 주식을 매수할 수 있는 투자회사(이하 이 조에서 “개방형투자회사”라 한다
)가 그 성립 후에 신주를 발행하는 경우 이사회는 다음 각 호의 사항을 결정할 수 있다. 이 경우 개방형투자회사는
법제처                                                            94                                                       국가법령정보센터
자본시장과 금융투자업에 관한 법률
제3호의 방법에 따라 확정된 매일의 발행가액을 그 투자회사의 주식을 판매하는 투자매매업자 또는 투자중개업자
의 지점, 그 밖의 영업소에 게시하고, 인터넷 홈페이지 등을 이용하여 공시하여야 한다.
1. 신주의 발행기간
2. 제1호의 발행기간 이내에 발행하는 신주수의 상한
3. 제1호의 발행기간 동안 매일의 발행가액 및 주금납입기일을 정하는 방법
⑤ 투자회사는 그 성립 후에 신주를 발행하는 경우 같은 날에 발행하는 신주의 발행가액, 그 밖의 발행조건은 균등
하게 정하여야 한다. 이 경우 신주의 발행가액은 그 투자회사가 소유하는 자산의 순자산액에 기초하여 대통령령으
로 정하는 방법에 따라 산정한다.
⑥ 제194조제7항은 신주를 발행하는 경우의 주식인수인에게 준용한다.
⑦ 주식인수인은 투자회사가 그 성립 후에 신주를 발행하는 경우 주금의 납입과 동시에 주주의 권리ㆍ의무를 가진
다.
 
제197조(이사의 구분 등) ① 투자회사의 이사는 집합투자업자인 이사(이하 이 관에서 “법인이사”라 한다)와 감독이사로
구분한다.
② 투자회사는 법인이사 1인과 감독이사 2인 이상을 선임하여야 한다.
 
제198조(법인이사) ① 법인이사는 투자회사를 대표하고 투자회사의 업무를 집행한다.
② 법인이사는 다음 각 호의 어느 하나에 해당하는 업무를 집행하고자 하는 경우에는 이사회 결의를 거쳐야 한다.
1. 집합투자업자ㆍ신탁업자ㆍ투자매매업자ㆍ투자중개업자 및 일반사무관리회사와의 업무위탁계약(변경계약을 포
함한다)의 체결
2. 자산의 운용 또는 보관 등에 따르는 보수의 지급
3. 금전의 분배 및 주식의 배당에 관한 사항
4. 그 밖에 투자회사의 운영상 중요하다고 인정되는 사항으로서 정관이 정하는 사항
③ 법인이사는 3개월마다 1회 이상 그 업무의 집행상황 및 자산의 운용 내용을 이사회에 보고하여야 한다.
④ 법인이사는 법인이사의 직무를 정하여 그 직무를 수행할 자를 그 임직원 중에서 선임할 수 있다. 이 경우 집합투
자업자는 이를 투자회사에 서면으로 통보하여야 한다.
⑤ 제4항에 의하여 투자회사에 통보된 자가 그 직무 범위에서 행한 행위는 법인이사의 행위로 본다.
 
제199조(감독이사) ① 감독이사는 법인이사의 업무집행을 감독하며, 투자회사의 업무 및 재산상황을 파악하기 위하여
필요한 경우에는 법인이사와 그 투자회사재산을 보관ㆍ관리하는 신탁업자, 그 투자회사의 주식을 판매하는 투자매
매업자ㆍ투자중개업자 또는 그 투자회사로부터 제184조제6항의 업무를 위탁받은 일반사무관리회사에 대하여 그 투
자회사와 관련되는 업무 및 재산상황에 관한 보고를 요구할 수 있다.
② 감독이사는 그 직무를 수행함에 있어서 필요하다고 인정되는 경우에는 제240조제3항에 따른 회계감사인에 대하
여 회계감사에 관한 보고를 요구할 수 있다.
③ 제1항 또는 제2항에 따라 감독이사의 요구를 받은 자는 특별한 사유가 없는 한 이에 응하여야 한다.
④ 다음 각 호의 어느 하나에 해당하는 자는 감독이사가 될 수 없으며, 감독이사가 된 후 이에 해당하게 된 경우에
는 그 직을 상실한다.<개정 2013. 5. 28., 2015. 7. 31.>
1. 「금융회사의 지배구조에 관한 법률」 제5조에 적합하지 아니한 자
2. 해당 투자회사의 발기인(제194조제8항에 따라 최초로 투자회사의 감독이사를 선임하는 경우에 한한다)
3. 투자회사의 대주주 및 그 특수관계인
4. 법인이사의 특수관계인 또는 법인이사로부터 계속적으로 보수를 지급받고 있는 자
5. 그 투자회사의 주식을 판매하는 투자매매업자 또는 투자중개업자의 특수관계인
6. 그 투자회사의 이사가 다른 법인의 이사로 있는 경우 그 법인의 상근 임직원인 자
7. 그 밖에 감독이사로서의 중립성을 해할 우려가 있는 자로서 대통령령으로 정하는 자
법제처                                                            95                                                       국가법령정보센터
자본시장과 금융투자업에 관한 법률
⑤ 제54조는 감독이사에게 준용한다.
 
제200조(이사회) ① 이사회는 각 이사가 소집한다.
② 이사는 이사회를 소집하고자 하는 경우에는 그 회의일 3일 전까지 각 이사에게 소집을 통지하여야 한다. 다만,
정관이 정하는 바에 따라 통지기간을 단축할 수 있다.
③ 이사회는 이 법과 정관이 정하는 사항에 대하여만 결의한다.
④ 이사회는 이사가 결원된 경우 이사를 선임하기 위한 주주총회를 즉시 소집하여야 한다.
⑤ 이사회 결의는 이사 과반수의 출석과 출석한 이사 과반수의 찬성으로 한다.
 
제201조(주주총회) ① 투자회사의 주주총회는 이사회가 소집한다.
② 주주총회는 출석한 주주의 의결권의 과반수와 발행주식총수의 4분의 1 이상의 수로 결의한다. 다만, 이 법에서
정한 주주총회의 결의사항 외에 집합투자규약으로 정한 주주총회의 결의사항에 대하여는 출석한 주주의 의결권의
과반수와 발행주식총수의 5분의 1 이상의 수로 결의할 수 있다.<개정 2013. 5. 28.>
③ 제190조제1항ㆍ제3항 및 제6항부터 제9항까지의 규정은 투자회사의 주주총회에 관하여 준용한다. 이 경우 “투
자신탁”은 “투자회사”로, “신탁계약”은 “정관”으로, “투자신탁을 설정한 집합투자업자”및 “집합투자업자”는 각각 “투
자회사의 이사회”로, “투자신탁재산”은 “투자회사재산”으로, “수익증권”은 각각 “주식”으로, “총좌수”는 각각 “총수
”로, “수익자”는 각각 “주주”로, “수익자총회”는 각각 “주주총회”로, “좌수”는 각각 “수”로, 같은 조 제8항 중 “제5항
”은 “제2항”으로 본다.<개정 2013. 5. 28.>
④ 제191조는 투자회사가 제195조제1항 단서에 따른 정관의 변경 또는 제204조제2항에 따른 합병에 반대하는 주
주에게 준용한다. 이 경우 “신탁계약”은 “정관”으로, “투자신탁”, “집합투자업자” 및 “투자신탁을 설정한 집합투자업
자”는 각각 “투자회사”로, “수익자총회”는 각각 “주주총회”로, “수익자”는 각각 “주주”로, “수익증권”은 각각 “주식”으
로, “투자신탁재산”은 “투자회사재산”으로 본다.<개정 2013. 5. 28.>
 
제202조(해산) ① 투자회사는 다음 각 호의 어느 하나에 해당하는 사유로 해산한다. 이 경우 청산인은 해산일부터 30일
이내에 해산의 사유 및 연월일, 청산인 및 청산감독인의 성명ㆍ주민등록번호(청산인이 법인이사인 경우에는 상호ㆍ
사업자등록번호)를 금융위원회에 보고하여야 한다. <개정 2008. 2. 29., 2013. 5. 28.>
1. 정관에서 정한 존속기간의 만료, 그 밖의 해산사유의 발생
2. 주주총회의 해산 결의
3. 투자회사의 피흡수합병
4. 투자회사의 파산
5. 법원의 명령 또는 판결
6. 투자회사 등록의 취소
7. 주주(법인이사인 주주는 제외한다)의 총수가 1인이 되는 경우. 다만, 건전한 거래질서를 해할 우려가 없는 경우로
서 대통령령으로 정하는 경우는 제외한다.
② 투자회사는 해산한 경우 법인이사가 청산인이 되는 때에는 해산일부터 2주 이내에, 청산인이 선임된 때에는 그
선임일부터 2주 이내에 대통령령으로 정하는 서류를 첨부하여 다음 각 호의 사항을 등기하여야 한다.
1. 청산인의 성명ㆍ주민등록번호(청산인이 법인이사인 경우에는 상호ㆍ사업자등록번호)
2. 청산인 중에서 대표청산인을 정하도록 하거나 2인 이상의 청산인이 공동으로 투자회사를 대표할 것을 정한 경우
에는 그 내용
③ 투자회사는 해산한 경우 감독이사가 청산감독인이 되는 때에는 해산일부터 2주 이내에, 청산감독인이 선임된 때
에는 선임일부터 2주 이내에 대통령령으로 정하는 서류를 첨부하여 청산감독인의 성명 및 주민등록번호를 등기하
여야 한다.
④ 투자회사가 해산한 경우(제1항제3호 및 제4호의 사유로 해산한 경우를 제외한다)에는 청산인 및 청산감독인으로
구성되는 청산인회를 둔다.
법제처                                                            96                                                       국가법령정보센터
자본시장과 금융투자업에 관한 법률
⑤ 투자회사가 제1항제1호ㆍ제2호 또는 제7호의 사유로 해산한 때에는 정관 또는 주주총회에서 달리 정한 경우 외
에는 법인이사 및 감독이사가 각각 청산인 및 청산감독인이 된다.<개정 2013. 5. 28.>
⑥ 투자회사가 다음 각 호의 어느 하나에 해당하는 경우에는 금융위원회가 이해관계인의 청구에 의하여 청산인 및
청산감독인을 선임한다.<개정 2008. 2. 29.>
1. 제1항제5호의 사유로 해산한 경우
2. 청산인 또는 청산감독인이 없는 경우
3. 「상법」 제193조제1항에 따라 청산하는 경우
⑦ 투자회사가 제1항제6호의 사유로 해산한 경우에는 금융위원회가 직권으로 청산인 및 청산감독인을 선임한다.
<개정 2008. 2. 29.>
⑧ 금융위원회는 청산인 또는 청산감독인이 업무를 집행함에 있어서 현저하게 부적합하거나 중대한 법령 위반사항
이 있는 경우에는 직권으로 또는 이해관계인의 청구에 의하여 이들을 해임할 수 있다. 이 경우 금융위원회는 직권으
로 새로운 청산인 또는 청산감독인을 선임할 수 있다.<개정 2008. 2. 29.>
⑨ 금융위원회는 다음 각 호의 어느 하나에 해당하는 경우에는 등기원인을 증명하는 서면을 첨부하여 투자회사의
소재지를 관할하는 등기소에 해당 등기를 촉탁하여야 한다.<개정 2008. 2. 29.>
1. 제1항제6호의 사유로 투자회사가 해산한 경우
2. 금융위원회가 직권으로 청산인 또는 청산감독인을 해임한 경우
 
제203조(청산) ① 청산인은 취임 후 지체 없이 투자회사의 재산상황을 조사하여 총리령으로 정하는 기간 이내에 재산
목록과 재무상태표를 작성하여 이를 청산인회에 제출하여 승인을 받아야 하며, 그 등본을 지체 없이 금융위원회에
제출하여야 한다. <개정 2008. 2. 29., 2021. 4. 20.>
② 청산감독인은 청산인이 업무수행과 관련하여 법령이나 정관을 위반하거나, 그 밖에 투자회사에 대하여 현저하게
손해를 끼칠 우려가 있는 사실을 발견한 경우에는 금융위원회에 이를 보고하여야 한다.<개정 2008. 2. 29.>
③ 청산인은 취임한 날부터 1개월 이내에 투자회사의 채권자에 대하여 일정 기간 이내에 그 채권을 신고할 것과 그
기간 이내에 신고하지 아니하면 청산에서 제외된다는 뜻을 2회 이상 공고함으로써 최고하여야 한다. 이 경우 그 신
고기간은 1개월 이상으로 하여야 한다.
④ 청산인은 자금차입ㆍ채무보증 또는 담보제공이 제한되는 투자회사의 경우 제3항에 불구하고 대통령령으로 정하
는 방법에 따라 채권자에 대한 최고절차를 생략할 수 있다. 다만, 장내파생상품 매매에 따른 계약이행책임이 있는
경우 등 대통령령으로 정하는 경우에는 그 절차를 생략하여서는 아니 된다.
⑤ 청산인은 청산사무가 종결된 경우에는 지체 없이 결산보고서를 작성하여 주주총회의 승인을 받아야 한다. 이 경
우 그 결산보고서를 공고하고, 이를 금융위원회 및 협회에 제출하여야 한다.<개정 2008. 2. 29.>
⑥ 청산인 또는 청산감독인은 제202조제5항에 따른 경우에는 정관 또는 주주총회가 정하는 바에 따라, 같은 조 제
6항 및 제7항에 따라 선임된 경우에는 금융위원회가 정하는 바에 따라 투자회사로부터 보수를 지급받을 수 있다.
<개정 2008. 2. 29.>
⑦ 청산인은 제1항에 따라 승인을 얻은 재산목록과 재무상태표를 청산종결시까지 투자회사에 비치하여야 하며, 이
를 집합투자업자 및 투자매매업자ㆍ투자중개업자에게 송부하여 그 영업소에 비치하도록 하여야 한다.<개정 2021.
4. 20.>
 
제204조(합병) ① 투자회사는 그 투자회사와 법인이사가 같은 다른 투자회사를 흡수하는 방법으로 합병하는 경우가 아
니면 다른 회사와 합병할 수 없다.
② 투자회사는 제1항에 따라 합병하고자 하는 경우에는 제201조제2항 단서에 따른 주주총회의 결의를 거쳐야 한다
. 다만, 건전한 거래질서를 해할 우려가 적은 소규모 투자회사의 합병 등 대통령령으로 정하는 경우는 제외한다.<개
정 2013. 5. 28.>
③ 제193조제4항ㆍ제5항 및 제8항은 투자회사의 합병에 관하여 준용한다. 이 경우 “투자신탁을 설정한 집합투자업
자”, “투자신탁” 및 “투자신탁의 집합투자업자”는 각각 “투자회사”로, “수익자총회”는 각각 “주주총회”로, “수익자”는
각각 “주주”로, “수익증권”은 각각 “주식”으로 본다.
법제처                                                            97                                                       국가법령정보센터
자본시장과 금융투자업에 관한 법률
제205조(투자회사의 특례) ① 제3편제3장은 투자회사에는 적용하지 아니한다.
② 투자회사의 주주에 관하여는 「금융회사의 지배구조에 관한 법률」 제33조를 준용한다. 이 경우 “금융회사”는 “투
자회사”로 보고, 같은 조 제1항 중 “1만분의 10”은 “1천분의 10”으로, 같은 조 제2항 전단 중 “1만분의 150”은 “1천
분의 30”으로, “1만분의 75”는 “1천분의 15”로 보고, 같은 조 제3항 중 “10만분의 250”은 “1만분의 50”으로, “10만분
의 125”는 “1만분의 25”로 보며, 같은 조 제4항 중 “100만분의 250”은 “10만분의 50”으로, “100만분의 125”는 “10만
분의 25”로 보고, 같은 조 제5항 중 “10만분의 1”은 “1만분의 1”로 보며, 같은 조 제6항 중 “10만분의 50”은 “1만분의
10”으로, “10만분의 25”는 “1만분의 5”로 본다.<개정 2015. 7. 31.>
 
제206조(「상법」과의 관계) ① 투자회사에 「상법」을 적용함에 있어서 「상법」 제259조제4항, 제298조제4항, 제299조,
제299조의2, 제300조, 제325조, 제422조, 제467조제1항부터 제3항까지, 제536조, 제539조 및 제541조 중 “법원”은
각각 “금융위원회”로, 제176조 중 “검사”는 각각 “금융위원회”로 본다. <개정 2008. 2. 29.>
② 「상법」 제19조, 제177조, 제288조, 제292조, 제298조제1항부터 제3항까지, 제301조부터 제313조까지, 제330조,
제335조제1항 단서, 제335조의2부터 제335조의7까지, 제341조, 제341조의2부터 제341조의4까지, 제342조, 제
342조의2, 제342조의3, 제343조, 제344조, 제344조의2, 제344조의3, 제345조부터 제351조까지, 제365조, 제374조
의2, 제383조, 제389조제1항, 제397조, 제408조의2부터 제408조의9까지, 제409조, 제409조의2, 제410조부터 제
412조까지, 제412조의2부터 제412조의5까지, 제413조, 제413조의2, 제414조, 제415조, 제415조의2, 제417조부터
제420조까지, 제420조의2부터 제420조의5까지, 제438조, 제439조, 제449조, 제449조의2, 제450조, 제458조부터 제
461조까지, 제461조의2 및 제604조는 투자회사에 적용하지 아니한다.<개정 2013. 5. 28., 2026. 3. 6.>
 
           제2관 투자유한회사
 
제207조(투자유한회사의 설립 등) ① 집합투자업자는 투자유한회사를 설립하는 경우 다음 각 호의 사항을 기재한 정관
을 작성하여 기명날인 또는 서명하여야 한다.
1. 목적
2. 상호
3. 제209조제1항에 따른 법인이사의 상호ㆍ사업자등록번호
4. 회사의 소재지
5. 투자유한회사재산의 운용 및 관리에 관한 사항
6. 이익분배 및 환매에 관한 사항
7. 공시 및 보고서에 관한 사항
8. 그 밖에 사원을 보호하기 위하여 필요한 사항으로서 대통령령으로 정하는 사항
② 집합투자업자는 정관을 작성한 후 투자유한회사 설립시에 출자금을 금전으로 납입하여야 한다.
③ 집합투자업자는 다음 각 호의 사항을 출자금액이 납입된 날부터 2주 이내에 대통령령으로 정하는 서류를 첨부하
여 설립등기를 하여야 한다.
1. 제1항제1호부터 제4호까지의 사항
2. 정관으로 투자유한회사의 존속기간 또는 해산사유를 정한 경우 그 내용
④ 투자유한회사 사원의 출자의 목적은 금전에 한한다.
⑤ 투자유한회사는 제182조에 따라 등록하기 전에는 집합투자업자 외의 자를 사원으로 가입시켜서는 아니 된다.
 
제208조(지분증권) ① 투자유한회사의 사원은 출자금액의 반환 및 이익의 분배 등에 관하여 지분증권의 수에 따라 균
등한 권리를 가진다.
② 투자유한회사의 지분증권에는 다음 각 호의 사항을 기재하고, 제209조제1항에 따른 법인이사가 기명날인 또는
서명하여야 한다.
1. 회사의 상호
법제처                                                            98                                                       국가법령정보센터
자본시장과 금융투자업에 관한 법률
2. 회사의 성립연월일
3. 지분증권의 발행일
4. 사원의 성명(법인인 경우에는 상호)
5. 그 밖에 투자유한회사 사원의 보호에 필요한 사항으로서 대통령령으로 정하는 사항
③ 제196조(제2항은 제외한다)는 투자유한회사의 지분증권에 관하여 준용한다. 이 경우 “투자회사”는 각각 “투자유
한회사”로, “주식”은 각각 “지분증권”으로, “신주”는 각각 “새 지분증권”으로, “이사회”는 각각 “법인이사”로, “주주”는
각각 “사원”으로, “주금”은 각각 “지분증권 대금”으로 본다.<개정 2013. 5. 28.>
 
제209조(법인이사) ① 투자유한회사에는 집합투자업자인 이사(이하 이 관에서 “법인이사”라 한다) 1인을 둔다.
② 제198조제1항ㆍ제4항 및 제5항은 투자유한회사의 법인이사에게 준용한다. 이 경우 “투자회사”는 각각 “투자유
한회사”로 본다.
 
제210조(사원총회) ① 투자유한회사의 사원총회는 법인이사가 소집한다.
② 투자유한회사의 사원총회는 출석한 사원의 의결권의 과반수와 발행된 지분증권 총수의 4분의 1 이상의 수로 결
의한다. 다만, 이 법에서 정한 사원총회의 결의사항 외에 정관으로 정한 사원총회의 결의사항에 대하여는 출석한 사
원의 의결권의 과반수와 발행된 지분증권총수의 5분의 1 이상의 수로 결의할 수 있다.<개정 2013. 5. 28.>
③ 제190조제1항ㆍ제3항ㆍ제4항 및 제6항부터 제10항까지의 규정은 투자유한회사의 사원총회에 관하여 준용한다.
이 경우 “투자신탁을 설정한 집합투자업자” 및 “집합투자업자”는 각각 “투자유한회사의 법인이사”로, “투자신탁재산
”은 “투자유한회사재산”으로, “수익증권”은 각각 “지분증권”으로, “총좌수”는 각각 “총수”로, “수익자”는 각각 “사원
”으로, “수익자총회”는 각각 “사원총회”로, “수익자명부”는 “사원명부”로, “좌수”는 각각 “수”로 보고, 같은 조 제8항
중 “제5항”은 “제2항”으로 본다.<개정 2013. 5. 28.>
 
제211조(준용규정) ① 제195조는 투자유한회사의 정관변경에 관하여 준용한다. 이 경우 “투자회사”는 각각 “투자유한
회사”로, 같은 조 제1항 중 “이사회 결의로”는 “법인이사가”로, “제201조제2항 단서”는 “제210조제2항 단서”로, 같은
조 제1항 중 “주주총회의 결의” 및 같은 조 제2항 중 “이사회 결의 및 주주총회의 결의”는 각각 “사원총회의 결의”로,
“주주”는 각각 “사원”으로 본다.
② 제202조(제3항 및 제4항을 제외한다), 제203조(제2항을 제외한다) 및 제204조는 투자유한회사의 해산ㆍ청산 및
합병에 관하여 준용한다. 이 경우 “주주”는 “사원(법인이사인 사원은 제외한다)”으로, “투자회사”는 각각 “투자유한
회사”로, “주주총회”는 각각 “사원총회”로, “법인이사 및 감독이사”는 “법인이사”로, “청산인 및 청산감독인” 및 “청산
인 또는 청산감독인”은 각각 “청산인”으로, “재산목록과 재무상태표를 작성하여 이를 청산인회에 제출하여 그 승인
을 받은 후 그 등본을”은 “재산목록과 재무상태표를 작성하여 그 등본을”로, “제201조제2항 단서”는 “제210조제2항
단서”로, “주식”은 “지분증권”으로 본다.<개정 2013. 5. 28., 2021. 4. 20.>
 
제212조(「상법」과의 관계) ① 투자유한회사에 「상법」을 적용함에 있어서 같은 법 제582조, 제613조제1항(제259조제
4항, 제536조제2항 및 제541조제2항을 준용하는 경우에 한한다) 및 같은 조 제2항(제539조를 준용하는 경우에 한한
다) 중 “법원”은 각각 “금융위원회”로 본다. <개정 2008. 2. 29.>
② 「상법」 제543조제3항, 제546조, 제560조(제341조의3, 제342조 및 제343조제1항을 준용하는 경우에 한한다), 제
568조부터 제570조까지, 제575조 단서, 제583조(제449조제1항ㆍ제2항, 제450조, 제458조부터 제460조까지의 규정
을 준용하는 경우에 한한다), 제584조부터 제592조까지, 제597조(제439조제1항 및 제2항을 준용하는 경우에 한한
다) 및 제607조는 투자유한회사에는 적용하지 아니한다.<개정 2013. 5. 28.>
 
           제3관 투자합자회사
 
제213조(투자합자회사의 설립 등) ① 집합투자업자는 투자합자회사를 설립하는 경우 다음 각 호의 사항을 기재한 정관
을 작성하여 무한책임사원 1인과 유한책임사원 1인이 기명날인 또는 서명하여야 한다.
법제처                                                            99                                                       국가법령정보센터
자본시장과 금융투자업에 관한 법률
1. 목적
2. 상호
3. 업무집행사원의 상호ㆍ사업자등록번호
4. 회사의 소재지
5. 투자합자회사재산의 운용 및 관리에 관한 사항
6. 이익분배 및 환매에 관한 사항
7. 공시 및 보고서에 관한 사항
8. 그 밖에 사원을 보호하기 위하여 필요한 사항으로서 대통령령으로 정하는 사항
② 집합투자업자는 정관을 작성한 후 투자합자회사 설립시에 출자금을 금전으로 납입하여야 한다.
③ 집합투자업자는 다음 각 호의 사항을 출자금액이 납입된 날부터 2주 이내에 대통령령으로 정하는 서류를 첨부하
여 설립등기를 하여야 한다.
1. 제1항제1호부터 제4호까지의 사항
2. 정관으로 투자합자회사의 존속기간 또는 해산사유를 정한 경우 그 내용
④ 투자합자회사 사원의 출자의 목적은 금전에 한한다.
⑤ 투자합자회사는 제182조에 따라 등록하기 전에는 제1항에 따른 사원 외의 자를 사원으로 가입시켜서는 아니 된
다.
 
제214조(업무집행사원) ① 투자합자회사는 업무집행사원 1인 외의 무한책임사원을 둘 수 없다. 이 경우 업무집행사원
은 「상법」 제173조에 불구하고 집합투자업자이어야 한다.
② 제198조제1항ㆍ제4항 및 제5항은 투자합자회사의 업무집행사원에게 준용한다. 이 경우 “법인이사”는 각각 “업
무집행사원”으로, “투자회사”는 각각 “투자합자회사”로 본다.
 
제215조(사원총회) ① 투자합자회사에 사원 전원으로 구성되는 사원총회를 두며, 사원총회는 이 법 또는 정관에서 정한
사항에 대하여만 결의할 수 있다.
② 투자합자회사의 사원총회는 업무집행사원이 소집한다.
③ 투자합자회사의 사원총회는 출석한 사원의 의결권의 과반수와 발행된 지분증권 총수의 4분의 1 이상의 수로 결
의한다. 다만, 이 법에서 정한 사원총회의 결의사항 외에 정관으로 정한 사원총회의 결의사항에 대하여는 출석한 사
원의 의결권의 과반수와 발행된 지분증권총수의 5분의 1 이상의 수로 결의할 수 있다.<개정 2013. 5. 28.>
④ 제190조제3항ㆍ제4항 및 제6항부터 제10항까지의 규정은 투자합자회사의 사원총회에 관하여 준용한다. 이 경우
“투자신탁을 설정한 집합투자업자” 및 “집합투자업자”는 각각 “투자합자회사의 업무집행사원”으로, “투자신탁재산
”은 “투자합자회사재산”으로, “수익증권”은 각각 “지분증권”으로, “총좌수”는 각각 “총수”로, “수익자”는 각각 “사원
”으로, “수익자총회”는 각각 “사원총회”로, “수익자명부”는 “사원명부”로, “좌수”는 각각 “수”로 보고, 같은 조 제8항
중 “제5항”은 “제3항”으로 본다.<개정 2013. 5. 28.>
 
제216조(준용규정) ① 제195조는 투자합자회사의 정관변경에 관하여 준용한다. 이 경우 “투자회사”는 각각 “투자합자
회사”로, 같은 조 제1항 중 “이사회 결의로”는 “업무집행사원이”로, “제201조제2항 단서”는 “제215조제3항”으로, 같은
조 제1항 중 “주주총회의 결의” 및 같은 조 제2항 중 “이사회 결의 및 주주총회의 결의”는 각각 “사원총회의 결의”로,
“주주”는 각각 “사원”으로 본다.
② 제208조는 투자합자회사의 지분증권에 관하여 준용한다. 이 경우 “투자유한회사”는 각각 “투자합자회사”로, “제
209조제1항에 따른 법인이사” 및 “법인이사”는 각각 “업무집행사원”으로 보며, 같은 조 제1항 중 “사원”은 “유한책
임사원”으로 본다.
③ 제202조(제3항 및 제4항을 제외한다), 제203조(제2항을 제외한다) 및 제204조는 투자합자회사의 해산ㆍ청산 및
합병에 관하여 준용한다. 이 경우 “주주”는 “사원(업무집행사원은 제외한다)”으로, “투자회사”는 각각 “투자합자회사
”로, “주주총회”는 각각 “사원총회”로, “법인이사” 및 “법인이사 및 감독이사”는 각각 “업무집행사원”으로, “청산인 및
청산감독인” 및 “청산인 또는 청산감독인”은 각각 “청산인”으로, “재산목록과 재무상태표를 작성하여 이를 청산인회
법제처                                                            100                                                       국가법령정보센터
자본시장과 금융투자업에 관한 법률
에 제출하여 승인을 받은 후 그 등본을”은 “재산목록과 재무상태표를 작성하여 그 등본을”로, “제201조제2항 단서
”는 “제215조제3항”으로, “주식”은 각각 “지분증권”으로 본다.<개정 2013. 5. 28., 2021. 4. 20.>
 
제217조(「상법」과의 관계) ① 투자합자회사에 「상법」을 적용함에 있어서 같은 법 제200조의2, 제205조, 제259조 및 제
277조 중 “법원”은 각각 “금융위원회”로 본다. <개정 2008. 2. 29.>
② 「상법」 제198조, 제217조부터 제220조까지, 제224조, 제280조 및 제286조는 투자합자회사에 적용하지 아니한
다.
③ 투자합자회사의 유한책임사원은 「상법」 제279조에 불구하고 투자합자회사의 채무에 대하여 출자를 이행한 금
액을 한도로 하여 책임을 진다.
④ 투자합자회사는 정관이 정하는 바에 따라 이익을 배당함에 있어서 무한책임사원과 유한책임사원의 배당률 또는
배당순서 등을 달리 정할 수 있다.
⑤ 투자합자회사는 손실을 배분함에 있어서 무한책임사원과 유한책임사원의 배분율 또는 배분순서 등을 달리 하여
서는 아니 된다.
 
           제4관 투자유한책임회사 <신설 2013. 5. 28.>
 
제217조의2(투자유한책임회사의 설립 등) ① 집합투자업자는 투자유한책임회사를 설립하는 경우 다음 각 호의 사항을
기재한 정관을 작성하여 사원 1인이 기명날인 또는 서명하여야 한다.
1. 목적
2. 상호
3. 제217조의4제1항에 따른 업무집행자의 상호ㆍ사업자등록번호
4. 회사의 소재지
5. 투자유한책임회사재산의 운용 및 관리에 관한 사항
6. 이익분배 및 환매에 관한 사항
7. 공시 및 보고서에 관한 사항
8. 그 밖에 사원을 보호하기 위하여 필요한 사항으로서 대통령령으로 정하는 사항
② 투자유한책임회사의 사원은 정관을 작성한 후 설립등기를 할 때까지 출자금을 금전으로 납입하여야 한다.
③ 집합투자업자는 다음 각 호의 사항을 출자금액이 납입된 날부터 2주 이내에 대통령령으로 정하는 서류를 첨부하
여 설립등기를 하여야 한다.
1. 제1항제1호부터 제4호까지의 사항
2. 정관으로 투자유한책임회사의 존속기간 또는 해산사유를 정한 경우 그 내용
④ 투자유한책임회사 사원의 출자의 목적은 금전에 한한다.
⑤ 투자유한책임회사는 제182조에 따라 등록하기 전에는 제1항에 따른 사원 외의 자를 사원으로 가입시켜서는 아
니 된다.
[본조신설 2013. 5. 28.]
 
제217조의3(지분증권) ① 투자유한책임회사의 사원은 출자금액의 반환 및 이익의 분배 등에 관하여 지분증권의 수에
따라 균등한 권리를 가진다.
② 투자유한책임회사의 지분증권에는 다음 각 호의 사항을 기재하고, 제217조의4제1항에 따른 업무집행자가 기명
날인 또는 서명하여야 한다.
1. 회사의 상호
2. 회사의 성립연월일
3. 지분증권의 발행일
4. 사원의 성명(법인인 경우에는 상호)
법제처                                                            101                                                       국가법령정보센터
자본시장과 금융투자업에 관한 법률
5. 그 밖에 투자유한책임회사 사원의 보호에 필요한 사항으로서 대통령령으로 정하는 사항
③ 제196조(제2항은 제외한다)는 투자유한책임회사의 지분증권에 관하여 준용한다. 이 경우 “투자회사”는 각각 “투
자유한책임회사”로, “주식”은 각각 “지분증권”으로, “신주”는 각각 “새 지분증권”으로, “이사회”는 각각 “업무집행자
”로, “주주”는 각각 “사원”으로, “주금”은 각각 “지분증권 대금”으로 본다.
[본조신설 2013. 5. 28.]
 
제217조의4(업무집행자) ① 투자유한책임회사는 사원 또는 사원이 아닌 자로 업무집행자(이하 이 관에서 “업무집행자
”라 한다) 1인을 두어야 한다. 이 경우 업무집행자는 집합투자업자이어야 한다.
② 제198조제1항ㆍ제4항 및 제5항은 투자유한책임회사의 업무집행자에게 준용한다. 이 경우 “법인이사”는 각각
“업무집행자”로, “투자회사”는 각각 “투자유한책임회사”로 본다.
[본조신설 2013. 5. 28.]
 
제217조의5(사원총회) ① 투자유한책임회사의 사원 전원으로 구성되는 사원총회를 두며, 사원총회는 이 법 또는 정관
에서 정한 사항에 대하여만 결의할 수 있다.
② 투자유한책임회사의 사원총회는 업무집행자가 소집한다.
③ 투자유한책임회사의 사원총회는 출석한 사원의 의결권의 과반수와 발행된 지분증권 총수의 4분의 1 이상의 수
로 결의한다. 다만, 이 법에서 정한 사원총회의 결의사항 외에 정관으로 정한 사원총회의 결의사항에 대하여는 출석
한 사원의 의결권의 과반수와 발행된 지분증권총수의 5분의 1 이상의 수로 결의할 수 있다.
④ 제190조제3항ㆍ제4항 및 제6항부터 제10항까지의 규정은 투자유한책임회사의 사원총회에 관하여 준용한다. 이
경우 “투자신탁을 설정한 집합투자업자” 및 “집합투자업자”는 각각 “투자유한책임회사의 업무집행자”로, “투자신탁
재산”은 “투자유한책임회사재산”으로, “수익증권”은 각각 “지분증권”으로, “총좌수”는 각각 “총수”로, “수익자”는 각
각 “사원”으로, “수익자총회”는 각각 “사원총회”로, “수익자명부”는 “사원명부”로, “좌수”는 각각 “수”로 보고, 같은 조
제8항 중 “제5항”은 “제3항”으로 본다.
⑤ 제191조는 투자유한책임회사의 제195조제1항 단서에 따른 정관의 변경 또는 제204조제2항에 따른 합병에 반대
하는 사원에게 준용한다. 이 경우 “신탁계약”은 “정관”으로, “투자신탁”, “집합투자업자” 및 “투자신탁을 설정한 집합
투자업자”는 각각 “투자유한책임회사”로, “수익자총회”는 각각 “사원총회”로, “수익자”는 각각 “사원”으로, “수익증권
”은 각각 “지분증권”으로, “투자신탁재산”은 “투자유한책임회사재산”으로 본다.
[본조신설 2013. 5. 28.]
 
제217조의6(준용규정) ① 제195조는 투자유한책임회사의 정관변경에 관하여 준용한다. 이 경우 “투자회사”는 각각 “투
자유한책임회사”로, 같은 조 제1항 중 “이사회 결의로”는 “업무집행자가”로, “제201조제2항”은 “제217조의5제3항”으
로, 같은 조 제1항 중 “주주총회의 결의” 및 같은 조 제2항 중 “이사회 결의 및 주주총회의 결의”는 각각 “사원총회의
결의”로, “주주”는 각각 “사원”으로 본다.
② 제202조(제3항 및 제4항은 제외한다), 제203조(제2항은 제외한다) 및 제204조는 투자유한책임회사의 해산ㆍ청
산 및 합병에 관하여 준용한다. 이 경우 “주주”는 “사원(업무집행자인 사원은 제외한다)”으로, “투자회사”는 각각 “투
자유한책임회사”로, “주주총회”는 각각 “사원총회”로, “법인이사 및 감독이사”는 “업무집행자”로, “청산인 및 청산감
독인” 및 “청산인 또는 청산감독인”은 각각 “청산인”으로, “재산목록과 재무상태표를 작성하여 이를 청산인회에 제
출하여 승인을 받아야 하며, 그 등본을”은 “재산목록과 재무상태표를 작성하여 그 등본을”로, “제201조제2항 단서
”는 “제217조의5제3항”으로, “주식”은 “지분증권”으로 본다.<개정 2021. 4. 20.>
[본조신설 2013. 5. 28.]
 
제217조의7(「상법」과의 관계) ① 투자유한책임회사에 「상법」을 적용함에 있어서 같은 법 제287조의13(제200조의2를
준용하는 경우로 한정한다), 제287조의14(제277조를 준용하는 경우로 한정한다), 제287조의17(제205조를 준용하는
경우로 한정한다), 제287조의45(제259조제4항을 준용하는 경우로 한정한다) 중 “법원”은 각각 “금융위원회”로 본다.
법제처                                                            102                                                       국가법령정보센터
자본시장과 금융투자업에 관한 법률
② 「상법」 제287조의9, 제287조의10, 제287조의12, 제287조의15, 제287조의16, 제287조의23제3항, 제287조의
24부터 제287조의44까지는 투자유한책임회사에는 적용하지 아니한다.
[본조신설 2013. 5. 28.]
 
         제3절 조합 형태의 집합투자기구
           제1관 투자합자조합 <개정 2013. 5. 28.>
 
제218조(투자합자조합의 설립 등) ① 집합투자업자는 투자합자조합을 설립하는 경우 다음 각 호의 사항을 기재한 조합
계약을 작성하여 제219조제1항에 따른 업무집행조합원 1인과 유한책임조합원 1인이 기명날인 또는 서명하여야 한
다. <개정 2013. 5. 28.>
1. 목적
2. 투자합자조합의 명칭
3. 업무집행조합원의 상호ㆍ사업자등록번호
4. 투자합자조합의 소재지
5. 투자합자조합재산의 운용 및 관리에 관한 사항
6. 존속기간 또는 해산사유를 정한 경우에는 그 내용
7. 이익분배 및 환매에 관한 사항
8. 공시 및 보고서에 관한 사항
9. 그 밖에 조합원을 보호하기 위하여 필요한 사항으로서 대통령령으로 정하는 사항
② 조합원의 출자의 목적은 금전에 한한다.
③ 투자합자조합은 제182조에 따라 등록하기 전에는 제1항에 따른 조합원 외의 자를 조합원으로 가입시켜서는 아
니 된다.<개정 2013. 5. 28.>
④ 투자합자조합은 설립 후 2주 이내에 대통령령으로 정하는 서류를 첨부하여 다음 각 호의 사항을 등기하여야 한
다.<신설 2013. 5. 28.>
1. 제1항제1호부터 제4호까지의 사항
2. 조합계약으로 투자합자조합의 존속기간 또는 해산사유를 정한 경우 그 내용
[제목개정 2013. 5. 28.]
 
제219조(업무집행조합원 등) ① 투자합자조합은 투자합자조합의 채무에 대하여 무한책임을 지는 집합투자업자인 업무
집행조합원 1인과 출자액을 한도로 하여 유한책임을 지는 유한책임조합원으로 구성된다. <개정 2013. 5. 28.>
② 제198조제1항ㆍ제4항 및 제5항은 투자합자조합의 업무집행조합원에게 준용한다. 이 경우 “법인이사”는 각각
“업무집행조합원”으로, “투자회사”는 각각 “투자합자조합”으로 본다.<개정 2013. 5. 28.>
 
제220조(조합원총회) ① 투자합자조합에 조합원 전원으로 구성되는 조합원총회를 두며, 조합원총회는 이 법 또는 조합
계약에서 정한 사항에 대하여만 결의할 수 있다. <개정 2013. 5. 28.>
② 투자합자조합의 조합원총회는 업무집행조합원이 소집한다.<개정 2013. 5. 28.>
③ 투자합자조합의 조합원총회는 출석한 조합원의 의결권의 과반수와 발행된 지분증권 총수의 4분의 1 이상의 수
로 결의한다. 다만, 이 법에서 정한 조합원총회의 결의사항 외에 조합계약으로 정한 조합원총회의 결의사항에 대하
여는 출석한 조합원의 의결권의 과반수와 발행된 지분증권 총수의 5분의 1 이상의 수로 결의할 수 있다.<개정
2013. 5. 28.>
④ 제190조제3항ㆍ제4항 및 제6항부터 제10항까지의 규정은 투자합자조합의 조합원총회에 관하여 준용한다. 이 경
우 “투자신탁을 설정한 집합투자업자” 및 “집합투자업자”는 각각 “투자합자조합의 업무집행조합원”으로, “투자신탁
재산”은 “투자합자조합재산”으로, “수익증권”은 각각 “지분증권”으로, “총좌수”는 각각 “총수”로, “수익자”는 각각 “조
합원”으로, “수익자총회”는 각각 “조합원총회”로, “수익자명부”는 “조합원명부”로, “좌수”는 각각 “수”로 보고, 같은
조 제8항 중 “제5항”은 “제3항”으로 본다.<개정 2013. 5. 28.>
법제처                                                            103                                                       국가법령정보센터
자본시장과 금융투자업에 관한 법률
제221조(투자합자조합의 해산 및 청산) ① 투자합자조합은 다음 각 호의 어느 하나에 해당하는 사유로 해산한다. 이 경
우 청산인은 대통령령으로 정하는 사항을 금융위원회에 보고하여야 한다. <개정 2008. 2. 29., 2013. 5. 28.>
1. 조합계약에서 정한 존속기간의 만료, 그 밖의 해산사유의 발생
2. 조합원총회의 결의
3. 투자합자조합 등록의 취소
4. 유한책임조합원의 총수가 1인이 되는 경우. 다만, 건전한 거래질서를 해할 우려가 없는 경우로서 대통령령으로
정하는 경우는 제외한다.
② 투자합자조합이 해산하는 경우 조합계약 또는 조합원총회에서 달리 정한 경우를 제외하고는 업무집행조합원이
청산인이 된다.<개정 2013. 5. 28.>
③ 금융위원회는 투자합자조합이 제2항에 따른 청산인이 없거나 없게 된 경우에는 직권으로 청산인을 선임한다.
<개정 2008. 2. 29., 2013. 5. 28.>
④ 금융위원회는 청산인이 업무를 집행함에 있어서 현저하게 부적합하거나 중대한 법령 위반사항이 있는 경우에는
직권으로 또는 이해관계인의 청구에 의하여 청산인을 해임할 수 있다. 이 경우 금융위원회는 직권으로 새로운 청산
인을 선임할 수 있다.<개정 2008. 2. 29.>
⑤ 청산인은 투자합자조합의 잔여재산을 조합원에게 분배함에 있어서 조합계약이 정하는 바에 따라 투자합자조합
재산에 속하는 자산을 그 조합원에게 지급할 수 있다.<개정 2013. 5. 28.>
⑥ 제203조(제2항을 제외한다)는 투자합자조합의 청산에 관하여 준용한다. 이 경우 “투자회사”는 각각 “투자합자조
합”으로, “재산목록과 재무상태표를 작성하여 이를 청산인회에 제출하여 승인을 받은 후 그 등본을”은 “재산목록과
재무상태표를 작성하여 그 등본을”로, “주주총회”는 “조합원총회”로, “청산인 및 청산감독인”은 “청산인”으로 본다.
<개정 2013. 5. 28., 2021. 4. 20.>
[제목개정 2013. 5. 28.]
 
제222조(준용규정) ① 제195조는 투자합자조합의 조합계약변경에 관하여 준용한다. 이 경우 “투자회사”는 각각 “투자
합자조합”으로, 같은 조 제1항 중 “이사회 결의로”는 “업무집행조합원이”로, “제201조제2항”는 “제220조제3항”으로,
같은 조 제1항 중 “주주총회의 결의” 및 같은 조 제2항 중 “이사회 결의 및 주주총회의 결의”는 각각 “조합원총회의
결의”로, “주주”는 각각 “조합원”으로 본다. <개정 2013. 5. 28.>
② 제208조는 투자합자조합의 지분증권에 관하여 준용한다. 이 경우 “투자유한회사” 및 “회사”는 각각 “투자합자조
합”으로, “제209조제1항에 따른 법인이사” 및 “법인이사”는 각각 “업무집행조합원”으로, “정관”은 “조합계약”으로,
같은 조 제1항 중 “사원”은 “유한책임조합원”으로, 같은 조 제2항 및 제3항 중 “사원”은 각각 “조합원”으로 본다.<개
정 2013. 5. 28.>
 
제223조(「상법」 및 「민법」과의 관계) ① 투자합자조합에 「상법」을 적용함에 있어서 같은 법 제86조의8제2항(제200조
의2를 준용하는 경우로 한정한다), 같은 조 제3항(제277조를 준용하는 경우로 한정한다) 중 “법원”은 각각 “금융위원
회”로 본다.
② 「상법」 제86조의8제2항(제198조, 제208조제2항 및 제287조를 준용하는 경우로 한정한다)은 투자합자조합에는
적용하지 아니한다.
③ 「민법」 제703조, 제706조부터 제713조까지 및 제716조부터 제724조까지의 규정은 투자합자조합에 적용하지 아
니한다.
④ 투자자가 투자합자조합의 지분증권을 매수한 경우 투자합자조합에 가입한 것으로 본다.
⑤ 투자합자조합은 조합계약으로 정하는 바에 따라 이익을 배당함에 있어서 무한책임조합원과 유한책임조합원의
배당률 또는 배당순서 등을 달리 정할 수 있다.
⑥ 투자합자조합은 손실을 배분함에 있어서 무한책임조합원과 유한책임조합원의 배분율 또는 배분순서 등을 달리
하여서는 아니 된다.
[전문개정 2013. 5. 28.]
법제처                                                            104                                                       국가법령정보센터
자본시장과 금융투자업에 관한 법률
 
           제2관 투자익명조합
 
제224조(투자익명조합의 설립 등) ① 집합투자업자는 투자익명조합을 설립하는 경우 다음 각 호의 사항을 기재한 익명
조합계약을 작성하여 영업자 1인과 익명조합원 1인이 기명날인 또는 서명하여야 한다.
1. 목적
2. 투자익명조합의 명칭
3. 영업자의 상호ㆍ사업자등록번호
4. 투자익명조합의 소재지
5. 투자익명조합재산의 운용 및 관리에 관한 사항
6. 존속기간 또는 해산사유를 정한 경우에는 그 내용
7. 이익분배 및 환매에 관한 사항
8. 공시 및 보고서에 관한 사항
9. 그 밖에 익명조합원을 보호하기 위하여 필요한 사항으로서 대통령령으로 정하는 사항
② 익명조합원의 출자의 목적은 금전에 한한다.
③ 투자익명조합의 영업자는 제182조에 따라 등록하기 전에는 제1항에 따른 익명조합원 외의 자를 익명조합원으로
가입시켜서는 아니 된다.
 
제225조(영업자) ① 투자익명조합재산은 집합투자업자인 영업자 1인이 운용한다.
② 제198조제1항ㆍ제4항 및 제5항은 투자익명조합의 영업자에게 준용한다. 이 경우 “법인이사”는 각각 “영업자”로,
“투자회사”는 각각 “투자익명조합”으로 본다.
 
제226조(익명조합원총회) ① 투자익명조합에 익명조합원 전원으로 구성되는 익명조합원총회를 두며, 익명조합원총회
는 이 법 또는 익명조합계약에서 정한 사항에 대하여만 결의할 수 있다.
② 투자익명조합의 익명조합원총회는 영업자가 소집한다.
③ 투자익명조합의 익명조합원총회는 출석한 익명조합원의 의결권의 과반수와 발행된 지분증권 총수의 4분의 1 이
상의 수로 결의한다. 다만, 이 법에서 정한 익명조합원총회의 결의사항 외에 익명조합계약으로 정한 익명조합원총
회의 결의사항에 대하여는 출석한 익명조합원의 의결권의 과반수와 발행된 지분증권 총수의 5분의 1 이상의 수로
결의할 수 있다.<개정 2013. 5. 28.>
④ 제190조제3항ㆍ제4항 및 제6항부터 제10항까지의 규정은 투자익명조합의 익명조합원총회에 관하여 준용한다.
이 경우 “투자신탁을 설정한 집합투자업자” 및 “집합투자업자”는 각각 “투자익명조합의 영업자”로, “투자신탁재산
”은 “투자익명조합재산”으로, “수익증권”은 각각 “지분증권”으로, “총좌수”는 각각 “총수”로, “수익자”는 각각 “익명조
합원”으로, “수익자총회”는 각각 “익명조합원총회”로, “수익자명부”는 “익명조합원명부”로, “좌수”는 각각 “수”로 보
고, 같은 조 제8항 중 “제5항”은 “제3항”으로 본다.<개정 2013. 5. 28.>
 
제227조(준용규정) ① 제195조는 투자익명조합의 익명조합계약변경에 관하여 준용한다. 이 경우 “투자회사”는 각각
“투자익명조합”으로, 같은 조 제1항 중 “이사회 결의로”는 “영업자가”로, “제201조제2항 단서”는 “제226조제3항”으로,
같은 조 제1항 중 “주주총회의 결의” 및 같은 조 제2항 중 “이사회 결의 및 주주총회의 결의”는 각각 “익명조합원총
회의 결의”로, “주주”는 각각 “익명조합원”으로 본다.
② 제208조는 투자익명조합의 지분증권에 관하여 준용한다. 이 경우 “투자유한회사” 및 “회사”는 각각 “투자익명조
합”으로, “제209조제1항에 따른 법인이사” 및 “법인이사”는 각각 “영업자”로, “사원”은 각각 “익명조합원”으로, “정관
”은 “익명조합계약”으로 본다.
③ 제221조는 투자익명조합의 해산ㆍ청산에 관하여 준용한다. 이 경우 “투자합자조합”은 각각 “투자익명조합”으로,
“유한책임조합원”은 “익명조합원”으로, “조합원총회”는 각각 “익명조합원총회”로, “업무집행조합원”은 각각 “영업자
”로 본다.<개정 2013. 5. 28.>
법제처                                                            105                                                       국가법령정보센터
자본시장과 금융투자업에 관한 법률
제228조(다른 법률과의 관계) ① 「상법」 제82조제3항, 제83조 및 제84조는 투자익명조합에 적용하지 아니한다.
② 「신탁법」 제3장은 투자익명조합에 준용한다. 이 경우 “신탁재산”은 “투자익명조합재산”으로, “수탁자”는 “영업자
”로, “신탁”은 “투자익명조합 가입”으로, “위탁자” 및 “수익자”는 각각 “익명조합원”으로 본다.
③ 투자자가 투자익명조합의 지분증권을 매수한 경우 투자익명조합에 가입한 것으로 본다.
 
       제3장 집합투자기구의 종류 등
         제1절 집합투자기구의 종류
 
제229조(집합투자기구의 종류) 집합투자기구는 집합투자재산의 운용대상에 따라 다음 각 호와 같이 구분한다. <개정
2025. 9. 16.>
1. 증권집합투자기구 : 집합투자재산의 100분의 40 이상으로서 대통령령으로 정하는 비율을 초과하여 증권(대통령
령으로 정하는 증권을 제외하며, 대통령령으로 정하는 증권 외의 증권을 기초자산으로 한 파생상품을 포함한다.
이하 이 조에서 같다)에 투자하는 집합투자기구로서 제2호ㆍ제3호 및 제6호에 해당하지 아니하는 집합투자기구
2. 부동산집합투자기구 : 집합투자재산의 100분의 40 이상으로서 대통령령으로 정하는 비율을 초과하여 부동산(부
동산을 기초자산으로 한 파생상품, 부동산 개발과 관련된 법인에 대한 대출, 그 밖에 대통령령으로 정하는 방법으
로 부동산 및 대통령령으로 정하는 부동산과 관련된 증권에 투자하는 경우를 포함한다. 이하 이 조에서 같다)에
투자하는 집합투자기구
3. 특별자산집합투자기구 : 집합투자재산의 100분의 40 이상으로서 대통령령으로 정하는 비율을 초과하여 특별자
산(증권 및 부동산을 제외한 투자대상자산을 말한다)에 투자하는 집합투자기구
4. 혼합자산집합투자기구 : 집합투자재산을 운용할 때 제1호부터 제3호까지 및 제6호에 따른 제한을 받지 아니하는
집합투자기구
5. 단기금융집합투자기구 : 집합투자재산 전부를 대통령령으로 정하는 단기금융상품에 투자하는 집합투자기구로서
대통령령으로 정하는 방법으로 운용되는 집합투자기구
6. 기업성장집합투자기구 : 집합투자기구의 자산총액 중 100분의 50 이상으로서 대통령령으로 정하는 비율을 초과
하는 집합투자재산을 주투자대상기업에 금전의 대여, 증권의 매입 등 대통령령으로 정하는 방법으로 투자하는 집
합투자기구
 
제229조의2(기업성장집합투자기구) ① 기업성장집합투자기구를 설정ㆍ설립하는 경우에는 다음 각 호의 요건을 모두
갖추어야 한다. 다만, 전문투자자의 투자금만으로 기업성장집합투자기구를 설정ㆍ설립하는 경우에는 그 설정ㆍ설립
일부터 3년 이하의 범위에서 대통령령으로 정하는 기간까지 제4호의 요건을 갖추어야 한다.
1. 투자신탁 또는 투자회사로 설정ㆍ설립할 것
2. 제230조에 따른 환매금지형집합투자기구로 설정ㆍ설립할 것
3. 계약기간 또는 존속기간이 5년 이상으로서 대통령령으로 정하는 기간일 것
4. 모집가액이 500억원 이하의 범위에서 대통령령으로 정하는 금액 이상일 것
② 기업성장집합투자업자는 자기가 설정ㆍ설립한 각 기업성장집합투자기구 집합투자증권 총수(추가설정 또는 신규
발행된 증권 수를 포함한다)의 100분의 10 이하로서 대통령령으로 정하는 비율 이상의 집합투자증권을 3년 이상의
범위에서 대통령령으로 정하는 기간 동안 보유하여야 한다.
③ 기업성장집합투자업자는 대통령령으로 정하는 방법에 따라 집합투자재산을 시가에 따라 평가하되, 평가일 현재
신뢰할 만한 시가가 없는 경우에는 분기별로 1회 이상 대통령령으로 정하는 공정가액으로 평가하여야 한다.
④ 제1항 및 제2항에서 규정한 사항 외에 기업성장집합투자기구의 설정ㆍ설립ㆍ운용ㆍ공시ㆍ해지ㆍ해산, 주투자대
상기업에 대한 투자비율의 산정, 집합투자증권의 발행ㆍ상장 등에 필요한 사항은 대통령령으로 정한다.
[본조신설 2025. 9. 16.]
 
법제처                                                            106                                                       국가법령정보센터
자본시장과 금융투자업에 관한 법률
         제2절 특수한 형태의 집합투자기구
 
제230조(환매금지형집합투자기구) ① 투자신탁ㆍ투자유한회사ㆍ투자합자회사ㆍ투자유한책임회사ㆍ투자합자조합 및
투자익명조합을 설정ㆍ설립하고자 하는 집합투자업자 또는 투자회사의 발기인(이하 이 절에서 “집합투자업자등”이
라 한다)은 제235조제1항에 불구하고 존속기간을 정한 집합투자기구에 대하여만 집합투자증권의 환매를 청구할 수
없는 집합투자기구(이하 이 조에서 “환매금지형집합투자기구”라 한다)를 설정ㆍ설립할 수 있다. <개정 2013. 5. 28.>
② 투자신탁이나 투자익명조합의 집합투자업자 또는 투자회사등은 기존 투자자의 이익을 해할 우려가 없는 등 대
통령령으로 정하는 때에만 환매금지형집합투자기구의 집합투자증권을 추가로 발행할 수 있다.
③ 투자신탁의 집합투자업자 또는 투자회사는 신탁계약 또는 정관에 투자자의 환금성 보장 등을 위한 별도의 방법
을 정하지 아니한 경우에는 환매금지형집합투자기구의 집합투자증권을 최초로 발행한 날부터 90일(전문투자자의
투자금만으로 기업성장집합투자기구를 설정ㆍ설립하는 경우에는 3년) 이내에 그 집합투자증권을 증권시장에 상장
하여야 한다.<개정 2025. 9. 16.>
④ 제238조제6항부터 제8항까지의 규정은 환매금지형집합투자기구의 집합투자증권에 관하여는 적용하지 아니한
다. 다만, 제2항에 따라 추가로 집합투자증권을 발행할 수 있는 환매금지형집합투자기구의 경우에는 적용한다.
⑤ 집합투자업자등은 집합투자기구의 투자대상자산의 현금화하기 곤란한 사정 등을 고려하여 대통령령으로 정하
는 경우에는 그 집합투자기구를 환매금지형집합투자기구로 설정ㆍ설립하여야 한다.
 
제231조(종류형집합투자기구) ① 집합투자업자등은 제189조제2항, 제196조제5항 및 제208조제1항(제216조제2항, 제
222조제2항 및 제227조제2항에서 준용하는 경우를 포함한다)에 불구하고 같은 집합투자기구에서 제76조제4항에 따
른 판매보수의 차이로 인하여 기준가격이 다르거나 판매수수료가 다른 여러 종류의 집합투자증권을 발행하는 집합
투자기구(이하 이 조에서 “종류형집합투자기구”라 한다)를 설정ㆍ설립할 수 있다.
② 종류형집합투자기구는 집합투자자총회의 결의가 필요한 경우로서 특정 종류의 집합투자증권의 투자자에 대하
여만 이해관계가 있는 경우에는 그 종류의 투자자만으로 종류집합투자자총회를 개최할 수 있다.
③ 종류형집합투자기구의 설정ㆍ설립, 집합투자증권의 발행ㆍ판매ㆍ환매, 그 밖에 종류형집합투자기구에 관하여
필요한 사항은 대통령령으로 정한다.
 
제232조(전환형집합투자기구) ① 집합투자업자등은 복수의 집합투자기구 간에 각 집합투자기구의 투자자가 소유하고
있는 집합투자증권을 다른 집합투자기구의 집합투자증권으로 전환할 수 있는 권리를 투자자에게 부여하는 구조의
집합투자기구(이하 이 조에서 “전환형집합투자기구”라 한다)를 설정ㆍ설립하는 경우에는 다음 각 호의 요건을 모두
충족하여야 한다. <개정 2015. 7. 24.>
1. 복수의 집합투자기구 간에 공통으로 적용되는 집합투자규약이 있을 것
2. 집합투자규약에 제9조제18항제1호부터 제4호까지, 제4호의2, 제5호, 제6호 및 같은 조 제19항제1호의 규정에 따
른 집합투자기구 간의 전환이 금지되어 있을 것
② 집합투자증권의 전환, 그 밖에 전환형집합투자기구에 관하여 필요한 사항은 대통령령으로 정한다.
 
제233조(모자형집합투자기구) ① 집합투자업자등은 다른 집합투자기구(이하 이 조에서 “모집합투자기구”라 한다)가 발
행하는 집합투자증권을 취득하는 구조의 집합투자기구(이하 이 조에서 “자집합투자기구”라 한다)를 설정ㆍ설립하는
경우에는 다음 각 호의 요건을 모두 충족하여야 한다.
1. 자집합투자기구가 모집합투자기구의 집합투자증권 외의 다른 집합투자증권을 취득하는 것이 허용되지 아니할
것
2. 자집합투자기구 외의 자가 모집합투자기구의 집합투자증권을 취득하는 것이 허용되지 아니할 것
3. 자집합투자기구와 모집합투자기구의 집합투자재산을 운용하는 집합투자업자가 동일할 것
② 제81조제1항제3호(라목을 제외한다)는 자집합투자기구가 모집합투자기구의 집합투자증권을 취득하는 경우에는
적용하지 아니한다.
법제처                                                            107                                                       국가법령정보센터
자본시장과 금융투자업에 관한 법률
③ 모집합투자기구 및 자집합투자기구(이하 이 조에서 “모자형집합투자기구”라 한다)의 설정ㆍ설립, 집합투자증권
의 판매ㆍ환매, 그 밖에 모자형집합투자기구에 관하여 필요한 사항은 대통령령으로 정한다.
 
제234조(상장지수집합투자기구) ① 제34조제1항제1호ㆍ제2호, 제87조제3항(제186조제2항에서 준용하는 경우를 포함
한다), 제88조, 제147조, 제172조, 제173조 및 제235조부터 제237조까지의 규정은 다음 각 호의 요건을 모두 갖춘 집
합투자기구(이하 이 조에서 “상장지수집합투자기구”라 한다)에는 적용하지 아니한다. <개정 2009. 2. 3., 2013. 5.
28.>
1. 기초자산의 가격 또는 기초자산의 종류에 따라 다수 종목의 가격수준을 종합적으로 표시하는 지수의 변화에 연
동하여 운용하는 것을 목표로 할 것. 이 경우 기초자산의 가격 또는 지수는 대통령령으로 정하는 요건을 갖추어야
한다.
2. 수익증권 또는 투자회사 주식의 환매가 허용될 것
3. 수익증권 또는 투자회사 주식이 해당 투자신탁의 설정일 또는 투자회사의 설립일부터 30일 이내에 증권시장에
상장될 것
② 투자매매업자 또는 투자중개업자 중 대통령령으로 정하는 자가 상장지수집합투자기구의 설정ㆍ설립을 위하여
자기 또는 타인의 계산으로 증권을 매매하는 경우에는 투자일임업을 영위하는 것으로 보지 아니한다.
③ 상장지수집합투자기구를 설정ㆍ추가설정 또는 설립ㆍ신주발행하는 경우 제188조제4항 및 제194조제7항(제
196조제6항에서 준용하는 경우를 포함한다)에 불구하고 금전 외의 자산으로 납입할 수 있다.<개정 2009. 2. 3.>
④ 상장지수집합투자기구의 설정ㆍ추가설정ㆍ설립 및 신주발행, 집합투자증권의 판매 및 환매, 상장 및 상장폐지,
소유 재산의 공고, 그 밖에 필요한 사항은 대통령령으로 정한다.<개정 2009. 2. 3.>
 
제234조의2 삭제 <2013. 8. 13.>
 
       제4장 집합투자증권의 환매
 
제235조(환매청구 및 방법 등) ① 투자자는 언제든지 집합투자증권의 환매를 청구할 수 있다.
② 투자자는 집합투자증권의 환매를 청구하고자 하는 경우에는 그 집합투자증권을 판매한 투자매매업자 또는 투자
중개업자에게 청구하여야 한다. 다만, 투자매매업자 또는 투자중개업자가 해산ㆍ인가취소 또는 업무정지, 그 밖에
대통령령으로 정하는 사유(이하 이 항에서 “해산등”이라 한다)로 인하여 환매청구에 응할 수 없는 경우에는 총리령
으로 정하는 방법에 따라 해당 집합투자기구의 집합투자업자에게 직접 청구할 수 있으며, 환매청구를 받은 집합투
자업자가 해산등으로 인하여 환매에 응할 수 없는 경우에는 해당 집합투자재산을 보관ㆍ관리하는 신탁업자에게 청
구할 수 있다.<개정 2008. 2. 29.>
③ 제2항 본문에 따라 환매청구를 받은 투자매매업자 또는 투자중개업자는 수익증권 또는 투자익명조합의 지분증
권인 경우 해당 투자신탁 또는 투자익명조합의 집합투자업자에 대하여, 투자회사등이 발행한 집합투자증권인 경우
그 투자회사등에 대하여 각각 지체 없이 환매에 응할 것을 요구하여야 하며, 제2항 단서에 따라 투자회사등이 발행
한 집합투자증권의 환매청구를 받은 집합투자업자 또는 신탁업자는 투자회사등에 대하여 지체 없이 환매에 응할
것을 요구하여야 한다.
④ 제2항 및 제3항에 따라 환매청구를 받거나 환매에 응할 것을 요구받은 투자신탁이나 투자익명조합의 집합투자
업자(해당 집합투자재산을 보관ㆍ관리하는 신탁업자를 포함한다) 또는 투자회사등은 그 집합투자기구의 투자대상
자산의 환금성 등을 고려하여 대통령령으로 정하는 경우를 제외하고는 투자자가 환매청구를 한 날부터 15일 이내
에 집합투자규약에서 정한 환매일에 환매대금을 지급하여야 한다.
⑤ 투자신탁이나 투자익명조합의 집합투자업자(해당 집합투자재산을 보관ㆍ관리하는 신탁업자를 포함한다) 또는
투자회사등은 제4항에 따라 환매대금을 지급하는 경우에는 집합투자재산의 범위에서 집합투자재산으로 소유 중인
금전 또는 집합투자재산을 처분하여 조성한 금전으로만 하여야 한다. 다만, 집합투자기구의 투자자 전원의 동의를
얻은 경우에는 그 집합투자기구에서 소유하고 있는 집합투자재산으로 지급할 수 있다.
법제처                                                            108                                                       국가법령정보센터
자본시장과 금융투자업에 관한 법률
⑥ 집합투자증권을 판매한 투자매매업자ㆍ투자중개업자, 집합투자재산을 운용하는 집합투자업자 또는 집합투자재
산을 보관ㆍ관리하는 신탁업자는 환매청구를 받거나 환매에 응할 것을 요구받은 집합투자증권을 자기의 계산으로
취득하거나 타인에게 취득하게 하여서는 아니 된다. 다만, 집합투자증권의 원활한 환매를 위하여 필요하거나 투자
자의 이익을 해할 우려가 없는 경우로서 대통령령으로 정하는 경우에는 그 투자매매업자ㆍ투자중개업자ㆍ집합투
자업자 또는 신탁업자는 환매청구를 받거나 환매에 응할 것을 요구받은 집합투자증권을 자기의 계산으로 취득할
수 있다.
⑦ 투자신탁이나 투자익명조합의 집합투자업자(해당 집합투자재산을 보관ㆍ관리하는 신탁업자를 포함한다. 이하
이 장에서 같다) 또는 투자회사등은 이 장에 따라 집합투자증권을 환매한 경우에는 그 집합투자증권을 소각하여야
한다.
 
제236조(환매가격 및 수수료) ① 투자신탁이나 투자익명조합의 집합투자업자 또는 투자회사등은 집합투자증권을 환매
하는 경우 환매청구일 후에 산정되는 기준가격으로 하여야 한다. 다만, 투자자의 이익 또는 집합투자재산의 안정적
운용을 해할 우려가 없는 경우로서 대통령령으로 정하는 경우에는 환매청구일 이전에 산정된 기준가격으로 환매할
수 있다.
② 집합투자증권을 환매하는 경우에 부과하는 환매수수료는 대통령령으로 정하는 방법에 따라 집합투자증권의 환
매를 청구하는 해당 투자자가 부담하며, 투자자가 부담한 환매수수료는 집합투자재산에 귀속된다.
③ 제1항에 따른 환매청구일 후의 기준가격의 결정 등 환매가격에 관하여 필요한 사항은 대통령령으로 정한다.
 
제237조(환매의 연기) ① 투자신탁이나 투자익명조합의 집합투자업자 또는 투자회사등은 집합투자재산인 자산의 처분
이 불가능한 경우 등 대통령령으로 정하는 사유로 인하여 집합투자규약에서 정한 환매일에 집합투자증권을 환매할
수 없게 된 경우에는 그 집합투자증권의 환매를 연기할 수 있다. 이 경우 투자신탁이나 투자익명조합의 집합투자업
자 또는 투자회사등은 환매를 연기한 날부터 6주 이내에 집합투자자총회에서 집합투자증권의 환매에 관한 사항으로
서 대통령령으로 정하는 사항을 결의(제190조제5항 본문, 제201조제2항 단서, 제210조제2항 단서, 제215조제3항, 제
220조제3항 및 제226조제3항의 결의를 말한다)하여야 한다.
② 투자신탁이나 투자익명조합의 집합투자업자 또는 투자회사등은 제1항 후단의 집합투자자총회에서 집합투자증
권의 환매에 관한 사항을 정하지 아니하거나 환매에 관하여 정한 사항의 실행이 불가능한 경우에는 계속하여 환매
를 연기할 수 있다.
③ 투자신탁이나 투자익명조합의 집합투자업자 또는 투자회사등은 제1항 후단의 집합투자자총회에서 환매에 관한
사항이 결의되거나 제2항에 따라 환매의 연기를 계속하는 경우 지체 없이 다음 각 호의 구분에 따라 정한 사항을
투자자에게 통지하여야 한다.
1. 집합투자자총회에서 환매에 관한 사항을 결의한 경우
가. 환매에 관하여 결의한 사항
나. 그 밖에 대통령령으로 정하는 사항
2. 환매연기를 계속하는 경우
가. 환매를 연기하는 사유
나. 환매를 연기하는 기간
다. 환매를 재개하는 경우 환매대금의 지급방법
라. 그 밖에 대통령령으로 정하는 사항
④ 투자신탁이나 투자익명조합의 집합투자업자 또는 투자회사등은 환매연기사유의 전부 또는 일부가 해소된 경우
에는 환매가 연기된 투자자에 대하여 환매한다는 뜻을 통지하고 대통령령으로 정하는 방법에 따라 환매대금을 지
급하여야 한다.
⑤ 투자신탁이나 투자익명조합의 집합투자업자 또는 투자회사등은 집합투자재산의 일부가 제1항에 따른 환매연기
사유에 해당하는 경우 그 일부에 대하여는 환매를 연기하고 나머지에 대하여는 투자자가 소유하고 있는 집합투자
증권의 지분(持分)에 따라 환매에 응할 수 있다.
법제처                                                            109                                                       국가법령정보센터
자본시장과 금융투자업에 관한 법률
⑥ 투자신탁이나 투자익명조합의 집합투자업자 또는 투자회사등은 제5항에 따라 환매가 연기된 집합투자재산만으
로 별도의 집합투자기구를 설정 또는 설립할 수 있다. 이 경우 제81조, 제88조, 제238조제7항, 제240조제3항부터 제
8항까지 및 제248조를 적용하지 아니한다.
⑦ 제5항에 따른 환매대금의 지급방법 및 제6항에 따른 별도의 집합투자기구의 설정 또는 설립 등에 관하여 필요한
사항은 대통령령으로 정한다.
⑧ 투자신탁이나 투자익명조합의 집합투자업자 또는 투자회사등은 다음 각 호의 어느 하나에 해당하는 경우에는
제235조제1항에 따른 환매청구에 응하지 아니할 수 있다.
1. 집합투자기구(투자신탁을 제외한다)가 해산한 경우
2. 투자회사의 순자산액이 정관이 정하는 최저순자산액에 미달하는 경우
3. 법령 또는 법령에 따른 명령에 따라 환매가 제한되는 경우
4. 투자신탁의 수익자, 투자회사의 주주 또는 그 수익자ㆍ주주의 질권자로서 권리를 행사할 자를 정하기 위하여 「상
법」 제354조제1항(제189조제9항에서 준용하는 경우를 포함한다. 이하 이 조에서 같다)에 따라 일정한 날을 정하
여 수익자명부 또는 주주명부에 기재된 수익자ㆍ주주 또는 질권자를 그 권리를 행사할 수익자ㆍ주주 또는 질권
자로 보도록 한 경우로서 이 일정한 날과 그 권리를 행사할 날의 사이에 환매청구를 한 경우. 이 경우 같은 법 제
354조제3항을 적용함에 있어서 “3월”을 “2개월”로 한다.
 
       제5장 평가 및 회계
 
제238조(집합투자재산의 평가 및 기준가격의 산정 등) ① 집합투자업자는 대통령령으로 정하는 방법에 따라 집합투자
재산을 시가에 따라 평가하되, 평가일 현재 신뢰할 만한 시가가 없는 경우에는 대통령령으로 정하는 공정가액으로
평가하여야 한다. 다만, 투자자가 수시로 변동되는 등 투자자의 이익을 해할 우려가 적은 경우로서 대통령령으로 정
하는 경우에는 대통령령으로 정하는 가액으로 평가할 수 있다.
② 집합투자업자는 제1항에 따른 집합투자재산의 평가업무를 수행하기 위하여 대통령령으로 정하는 방법에 따라
평가위원회를 구성ㆍ운영하여야 한다.
③ 집합투자업자는 집합투자재산에 대한 평가가 공정하고 정확하게 이루어질 수 있도록 그 집합투자재산을 보관ㆍ
관리하는 신탁업자의 확인을 받아 다음 각 호의 사항이 포함된 집합투자재산의 평가와 절차에 관한 기준(이하 이
조에서 “집합투자재산평가기준”이라 한다)을 마련하여야 한다.
1. 제2항에 따른 평가위원회의 구성 및 운영에 관한 사항
2. 집합투자재산의 평가의 일관성 유지에 관한 사항
3. 집합투자재산의 종류별로 해당 재산의 가격을 평가하는 채권평가회사(제263조에 따른 채권평가회사를 말한다
)를 두는 경우 그 선정 및 변경과 해당 채권평가회사가 제공하는 가격의 적용에 관한 사항
4. 그 밖에 대통령령으로 정하는 사항
④ 집합투자업자는 제2항에 따른 평가위원회가 집합투자재산을 평가한 경우 그 평가명세를 지체 없이 그 집합투자
재산을 보관ㆍ관리하는 신탁업자에게 통보하여야 한다.
⑤ 집합투자재산을 보관ㆍ관리하는 신탁업자는 집합투자업자의 집합투자재산에 대한 평가가 법령 및 집합투자재
산평가기준에 따라 공정하게 이루어졌는지 확인하여야 한다.
⑥ 투자신탁이나 투자익명조합의 집합투자업자 또는 투자회사등은 제1항부터 제5항까지의 규정에 따른 집합투자
재산의 평가결과에 따라 대통령령으로 정하는 방법으로 집합투자증권의 기준가격을 산정하여야 한다.
⑦ 투자신탁이나 투자익명조합의 집합투자업자 또는 투자회사등은 제6항에 따라 산정된 기준가격을 매일 공고ㆍ게
시하여야 한다. 다만, 기준가격을 매일 공고ㆍ게시하기 곤란한 경우 등 대통령령으로 정하는 경우에는 해당 집합투
자규약에서 기준가격의 공고ㆍ게시주기를 15일 이내의 범위에서 별도로 정할 수 있다.
⑧ 금융위원회는 투자신탁이나 투자익명조합의 집합투자업자 또는 투자회사등이 제6항을 위반하여 거짓으로 기준
가격을 산정한 경우에는 그 투자신탁이나 투자익명조합의 집합투자업자 또는 투자회사등에 대하여 기준가격 산정
업무를 일반사무관리회사에 그 범위를 정하여 위탁하도록 명할 수 있다. 이 경우 해당 집합투자업자 및 그 집합투자
법제처                                                            110                                                       국가법령정보센터
자본시장과 금융투자업에 관한 법률
업자의 계열회사, 투자회사ㆍ투자유한회사ㆍ투자합자회사ㆍ투자유한책임회사의 계열회사는 그 수탁대상에서 제외
된다.<개정 2008. 2. 29., 2013. 5. 28.>
 
제239조(결산서류의 작성 등) ① 투자신탁이나 투자익명조합의 집합투자업자 또는 투자회사등은 집합투자기구의 결산
기마다 다음 각 호의 서류 및 부속명세서(이하 이 조에서 “결산서류”라 한다)를 작성하여야 한다. <개정 2021. 4.
20.>
1. 재무상태표
2. 손익계산서
3. 제88조에 따른 자산운용보고서
② 투자회사의 법인이사는 결산서류의 승인을 위하여 이사회 개최 1주 전까지 그 결산서류를 이사회에 제출하여 그
승인을 받아야 한다.
③ 투자신탁이나 투자익명조합의 집합투자업자 또는 투자회사등은 다음 각 호의 서류를 본점(투자회사등의 경우
그 투자회사등의 집합투자재산을 운용하는 집합투자업자의 본점을 포함한다)에 비치하여야 하며, 해당 집합투자증
권을 판매한 투자매매업자 또는 투자중개업자에게 이를 송부하여 그 영업소에 비치하도록 하여야 한다.
1. 결산서류
2. 회계감사보고서
3. 집합투자자총회 의사록
4. 이사회 의사록(투자회사의 경우에 한한다)
④ 투자신탁이나 투자익명조합의 집합투자업자, 투자회사등 및 해당 집합투자증권을 판매한 투자매매업자 또는 투
자중개업자는 결산서류 및 회계감사보고서를 제3항의 비치일부터 5년간 보존하여야 한다.
⑤ 집합투자기구의 투자자 및 채권자는 영업시간 중 언제든지 제3항에 따라 비치된 서류를 열람할 수 있으며, 그 서
류의 등본 또는 초본의 교부를 청구할 수 있다.
⑥ 결산서류의 기재사항 등에 관하여 필요한 사항은 금융위원회가 정하여 고시한다.<개정 2008. 2. 29.>
 
제240조(집합투자재산의 회계처리 등) ① 투자신탁이나 투자익명조합의 집합투자업자 또는 투자회사등은 집합투자재
산에 관하여 회계처리를 하는 경우 금융위원회가 증권선물위원회의 심의를 거쳐 정하여 고시한 회계처리기준에 따
라야 한다. <개정 2008. 2. 29.>
② 금융위원회는 제1항에 따른 회계처리기준의 제정 또는 개정을 전문성을 갖춘 민간법인 또는 단체로서 대통령령
으로 정하는 자에게 위탁할 수 있다. 이 경우 그 민간법인 또는 단체는 회계처리기준을 제정 또는 개정한 때에는 이
를 금융위원회에 지체 없이 보고하여야 한다.<개정 2008. 2. 29.>
③ 투자신탁이나 투자익명조합의 집합투자업자 또는 투자회사등은 집합투자재산에 대하여 회계기간의 말일 및 다
음 각 호의 날부터 2개월 이내에 회계감사인의 회계감사를 받아야 한다. 다만, 투자자의 이익을 해할 우려가 없는
경우로서 대통령령으로 정하는 경우에는 그러하지 아니하다.
1. 계약기간 종료 또는 해지의 경우 : 그 종료일 또는 해지일
2. 존속기간 만료 또는 해산의 경우 : 그 만료일 또는 해산일
④ 투자신탁이나 투자익명조합의 집합투자업자 또는 투자회사등은 집합투자재산의 회계감사인을 선임하거나 교체
한 경우에는 지체 없이 그 집합투자재산을 보관ㆍ관리하는 신탁업자에게 그 사실을 통지하여야 하며, 그 선임일 또
는 교체일부터 1주 이내에 금융위원회에 그 사실을 보고하여야 한다.<개정 2008. 2. 29.>
⑤ 회계감사인은 투자신탁이나 투자익명조합재산의 집합투자업자 또는 투자회사등의 집합투자증권의 기준가격 산
정업무 및 집합투자재산의 회계처리 업무를 감사함에 있어서 집합투자재산평가기준을 준수하는지 감사하고 그 결
과를 투자신탁이나 투자익명조합의 집합투자업자의 감사(감사위원회가 설치된 경우에는 감사위원회를 말한다) 또
는 투자회사등에 통보하여야 한다.
⑥ 회계감사인은 제10항에 따른 감사기준 및 「주식회사 등의 외부감사에 관한 법률」 제16조에 따른 회계감사기준
에 따라 회계감사를 실시하여야 한다.<개정 2009. 2. 3., 2017. 10. 31.>
법제처                                                            111                                                       국가법령정보센터
자본시장과 금융투자업에 관한 법률
⑦ 회계감사인은 다음 각 호의 자에게 집합투자재산의 회계장부 등 관계 자료의 열람ㆍ복사를 요청하거나 회계감
사에 필요한 자료의 제출을 요구할 수 있다. 이 경우 요청 또는 요구를 받은 자는 지체 없이 이에 응하여야 한다.
1. 그 집합투자재산을 운용하는 집합투자업자
2. 그 집합투자재산을 보관ㆍ관리하는 신탁업자
3. 해당 집합투자증권을 판매하는 투자매매업자ㆍ투자중개업자
4. 제184조제6항에 따라 해당 투자회사로부터 업무를 위탁받은 일반사무관리회사 또는 제238조제8항에 따라 투자
신탁이나 투자익명조합의 집합투자업자 또는 투자회사등으로부터 기준가격 산정업무를 위탁받은 일반사무관리
회사
⑧ 「주식회사 등의 외부감사에 관한 법률」 제20조는 제3항에 따른 집합투자재산의 회계감사에 관하여 준용한다.
<개정 2017. 10. 31.>
⑨ 「주식회사 등의 외부감사에 관한 법률」 제4조 및 제8조는 투자회사에는 적용하지 아니한다.<개정 2017. 10.
31.>
⑩ 회계감사인의 선임기준, 감사기준, 회계감사인의 권한, 회계감사보고서의 제출 및 공시 등에 관하여 필요한 사항
은 대통령령으로 정한다.<개정 2009. 2. 3.>
 
제241조(회계감사인의 손해배상책임) ① 회계감사인은 제240조제3항에 따른 회계감사의 결과 회계감사보고서 중 중요
사항에 관하여 거짓의 기재 또는 표시가 있거나 중요사항이 기재 또는 표시되지 아니함으로써 이를 이용한 투자자
에게 손해를 끼친 경우에는 그 투자자에 대하여 손해를 배상할 책임을 진다. 이 경우 「주식회사 등의 외부감사에 관
한 법률」 제2조제7호나목에 따른 감사반이 회계감사인인 경우에는 해당 집합투자재산에 대한 감사에 참여한 자가
연대하여 손해를 배상할 책임을 진다. <개정 2017. 10. 31.>
② 회계감사인이 투자자에 대하여 손해를 배상할 책임이 있는 경우로서 해당 집합투자재산을 운용하는 집합투자업
자의 이사ㆍ감사(감사위원회가 설치된 경우에는 감사위원회의 위원을 말한다. 이하 이 항에서 같다) 또는 투자회사
의 감독이사에게도 귀책사유가 있는 경우에는 그 회계감사인과 집합투자업자의 이사ㆍ감사 또는 투자회사의 감독
이사는 연대하여 손해를 배상할 책임을 진다. 다만, 손해를 배상할 책임이 있는 자가 고의가 없는 경우에 그 자는 법
원이 귀책사유에 따라 정하는 책임비율에 따라 손해를 배상할 책임이 있다.<개정 2014. 1. 28.>
③ 제2항 단서에도 불구하고 손해배상을 청구하는 자의 소득인정액(「국민기초생활 보장법」 제2조제8호에 따른 소
득인정액을 말한다)이 대통령령으로 정하는 금액 이하에 해당되는 경우에는 회계감사인과 집합투자업자의 이사ㆍ
감사 또는 투자회사의 감독이사는 연대하여 손해를 배상할 책임이 있다.<신설 2014. 1. 28.>
④ 「주식회사 등의 외부감사에 관한 법률」 제31조제6항부터 제9항까지의 규정은 제1항 및 제2항의 경우에 준용한
다.<개정 2014. 1. 28., 2017. 10. 31.>
 
제242조(이익금의 분배) ① 투자신탁이나 투자익명조합의 집합투자업자 또는 투자회사등은 집합투자기구의 집합투자
재산 운용에 따라 발생한 이익금을 투자자에게 금전 또는 새로 발행하는 집합투자증권으로 분배하여야 한다. 다만,
집합투자기구의 특성을 고려하여 대통령령으로 정하는 집합투자기구의 경우에는 집합투자규약이 정하는 바에 따라
이익금의 분배를 집합투자기구에 유보할 수 있다.
② 투자신탁이나 투자익명조합의 집합투자업자 또는 투자회사등은 집합투자기구의 특성에 따라 이익금을 초과하
여 분배할 필요가 있는 경우에는 이익금을 초과하여 금전으로 분배할 수 있다. 다만, 투자회사의 경우에는 순자산액
에서 최저순자산액을 뺀 금액을 초과하여 분배할 수 없다.
③ 제1항에 따른 이익금의 분배 및 제2항에 따른 이익금을 초과하는 금전의 분배에 관하여 필요한 사항은 대통령령
으로 정한다.<개정 2009. 2. 3.>
 
제243조 삭제 <2015. 7. 24.>
 
       제6장 집합투자재산의 보관 및 관리
법제처                                                            112                                                       국가법령정보센터
자본시장과 금융투자업에 관한 법률
제244조(선관주의의무) 집합투자재산을 보관ㆍ관리하는 신탁업자는 선량한 관리자의 주의로써 집합투자재산을 보관ㆍ
관리하여야 하며, 투자자의 이익을 보호하여야 한다.
 
제245조(적용배제) 제2편제4장제2절제4관(제116조 및 제117조를 제외한다)은 신탁업자가 투자신탁재산을 신탁받는
경우 그 투자신탁에 관하여는 적용하지 아니한다.
 
제246조(신탁업자의 업무제한 등) ① 집합투자재산을 보관ㆍ관리하는 신탁업자는 다음 각 호의 어느 하나에 해당하는
자의 계열회사여서는 아니 된다. <개정 2013. 5. 28.>
1. 해당 집합투자기구(투자회사ㆍ투자유한회사ㆍ투자합자회사 및 투자유한책임회사로 한정한다)
2. 그 집합투자재산을 운용하는 집합투자업자
② 집합투자재산을 보관ㆍ관리하는 신탁업자는 집합투자재산을 자신의 고유재산, 다른 집합투자재산 또는 제삼자
로부터 보관을 위탁받은 재산과 구분하여 관리하여야 한다. 이 경우 집합투자재산이라는 사실과 위탁자를 명기하여
야 한다.
③ 집합투자재산을 보관ㆍ관리하는 신탁업자는 집합투자재산 중 증권, 그 밖에 대통령령으로 정하는 것을 자신의
고유재산과 구분하여 집합투자기구별로 예탁결제원에 예탁하여야 한다. 다만, 해당 증권의 유통 가능성, 다른 법령
에 따른 유통방법이 있는지 여부, 예탁의 실행 가능성 등을 고려하여 대통령령으로 정하는 경우에는 그러하지 아니
하다.<개정 2013. 5. 28.>
④ 집합투자재산을 보관ㆍ관리하는 신탁업자는 집합투자재산을 운용하는 집합투자업자가 제80조에 따라 그 신탁
업자에 대하여 자산의 취득ㆍ처분 등의 이행 또는 보관ㆍ관리 등에 필요한 지시를 하는 경우 대통령령으로 정하는
방법에 따라 이를 각각의 집합투자기구별로 이행하여야 한다.
⑤ 집합투자재산을 보관ㆍ관리하는 신탁업자는 자신이 보관ㆍ관리하는 집합투자재산을 자신의 고유재산, 다른 집
합투자재산 또는 제삼자로부터 보관을 위탁받은 재산과 거래하여서는 아니 된다. 다만, 집합투자재산을 효율적으로
운용하기 위하여 필요한 경우로서 대통령령으로 정하는 경우에는 그러하지 아니하다.<신설 2009. 2. 3., 2013. 5.
28.>
⑥ 집합투자재산을 보관ㆍ관리하는 신탁업자는 자신이 보관ㆍ관리하는 집합투자재산을 그 이해관계인의 고유재산
과 거래하여서는 아니 된다.<신설 2009. 2. 3.>
⑦ 집합투자재산을 보관ㆍ관리하는 신탁업자는 그 집합투자기구의 집합투자재산에 관한 정보를 자기의 고유재산
의 운용, 자기가 운용하는 집합투자재산의 운용 또는 자기가 판매하는 집합투자증권의 판매를 위하여 이용하여서는
아니 된다.<신설 2009. 2. 3.>
 
제247조(운용행위감시 등) ① 집합투자재산(투자회사재산을 제외한다)을 보관ㆍ관리하는 신탁업자는 그 집합투자재산
을 운용하는 집합투자업자의 운용지시 또는 운용행위가 법령, 집합투자규약 또는 투자설명서(예비투자설명서 및 간
이투자설명서를 포함한다. 이하 이 조에서 같다) 등을 위반하는지 여부에 대하여 대통령령으로 정하는 기준 및 방법
에 따라 확인하고 위반사항이 있는 경우에는 그 집합투자업자에 대하여 그 운용지시 또는 운용행위의 철회ㆍ변경
또는 시정을 요구하여야 한다.
② 투자회사재산을 보관ㆍ관리하는 신탁업자는 그 투자회사재산을 운용하는 집합투자업자의 운용행위가 법령, 정
관 또는 투자설명서 등을 위반하는지의 여부에 대하여 대통령령으로 정하는 기준 및 방법에 따라 확인하고 위반이
있는 경우에는 그 투자회사의 감독이사에게 보고하여야 하며, 보고를 받은 투자회사의 감독이사는 그 투자회사재산
을 운용하는 집합투자업자에 대하여 그 운용행위의 시정을 요구하여야 한다.
③ 집합투자재산(투자회사재산을 제외한다)을 보관ㆍ관리하는 신탁업자 또는 투자회사의 감독이사는 해당 집합투
자재산을 운용하는 집합투자업자가 제1항 또는 제2항에 따른 요구를 3영업일 이내에 이행하지 아니하는 경우에는
그 사실을 금융위원회에 보고하여야 하며, 대통령령으로 정하는 사항을 대통령령으로 정하는 방법에 따라 공시하여
야 한다. 다만, 투자회사의 감독이사가 금융위원회에 대한 보고 또는 공시에 관한 업무를 이행하지 아니한 경우에는
그 투자회사재산을 보관ㆍ관리하는 신탁업자가 이를 이행하여야 한다.<개정 2008. 2. 29., 2021. 4. 20.>
법제처                                                            113                                                       국가법령정보센터
자본시장과 금융투자업에 관한 법률
④ 집합투자업자는 제1항 또는 제2항의 요구에 대하여 금융위원회에 이의를 신청할 수 있다. 이 경우 관련 당사자
는 대통령령으로 정하는 기준에 따라 행하는 금융위원회의 결정에 따라야 한다.<개정 2008. 2. 29.>
⑤ 집합투자재산을 보관ㆍ관리하는 신탁업자는 집합투자재산과 관련하여 다음 각 호의 사항을 확인하여야 한다.
1. 투자설명서가 법령 및 집합투자규약에 부합하는지 여부
2. 제88조제1항ㆍ제2항에 따른 자산운용보고서의 작성이 적정한지 여부
3. 제93조제2항에 따른 위험관리방법의 작성이 적정한지 여부
4. 제238조제1항에 따른 집합투자재산의 평가가 공정한지 여부
5. 제238조제6항에 따른 기준가격 산정이 적정한지 여부
6. 제1항 또는 제2항의 시정요구 등에 대한 집합투자업자의 이행명세
7. 그 밖에 투자자 보호를 위하여 필요한 사항으로서 대통령령으로 정하는 사항
⑥ 집합투자재산을 보관ㆍ관리하는 신탁업자는 제1항에 따른 요구를 하거나 제2항에 따른 보고를 하기 위하여 필
요한 경우 또는 제5항 각 호의 사항을 확인하기 위하여 필요한 경우에는 해당 집합투자업자, 투자회사등 또는 투자
회사로부터 제184조제6항의 업무를 위탁받은 일반사무관리회사에 대하여 관련된 자료의 제출을 요구할 수 있다.
이 경우 그 집합투자업자, 투자회사등 또는 일반사무관리회사는 정당한 사유가 없는 한 이에 응하여야 한다.<개정
2021. 4. 20.>
⑦ 집합투자재산을 보관ㆍ관리하는 신탁업자가 제5항 각 호의 사항을 확인하는 시기ㆍ절차ㆍ범위 등에 관하여 필
요한 사항은 총리령으로 정한다.<개정 2008. 2. 29.>
 
제248조(자산보관ㆍ관리보고서의 교부) ① 집합투자재산을 보관ㆍ관리하는 신탁업자는 집합투자재산에 관하여 제
90조제2항 각 호의 어느 하나의 사유가 발생한 날부터 2개월 이내에 다음 각 호의 사항이 기재된 자산보관ㆍ관리보
고서를 작성하여 투자자에게 교부하여야 한다. 다만, 투자자가 수시로 변동되는 등 투자자의 이익을 해할 우려가 없
는 경우로서 대통령령으로 정하는 경우에는 자산보관ㆍ관리보고서를 투자자에게 교부하지 아니할 수 있다. <개정
2009. 2. 3.>
1. 집합투자규약의 주요 변경사항
2. 투자운용인력의 변경
3. 집합투자자총회의 결의내용
4. 제247조제5항 각 호의 사항
5. 그 밖에 대통령령으로 정하는 사항
② 신탁업자는 제1항에 따른 자산보관ㆍ관리보고서를 제1항의 기간 이내에 금융위원회 및 협회에 교부하여야 한다
.<개정 2008. 2. 29., 2009. 2. 3.>
③ 제1항에 따른 자산보관ㆍ관리보고서의 제공시기 및 방법, 비용부담 등에 관하여 필요한 사항은 대통령령으로 정
한다.
[제목개정 2009. 2. 3.]
 
       제7장 사모집합투자기구 등에 대한 특례
         제1절 일반 사모집합투자기구 <개정 2021. 4. 20.>
 
제249조(미등록 영업행위의 금지) 누구든지 이 법에 따른 일반 사모집합투자업 등록을 하지 아니하고는 일반 사모집합
투자업을 영위해서는 아니 된다. <개정 2021. 4. 20.>
[전문개정 2015. 7. 24.]
 
제249조의2(일반 사모집합투자기구의 투자자) 일반 사모집합투자기구인 투자신탁이나 투자익명조합의 일반 사모집합
투자업자 또는 일반 사모집합투자기구인 투자회사등은 다음 각 호의 어느 하나에 해당하는 투자자(이하 이 장에서
“적격투자자”라 한다)에 한정하여 집합투자증권을 발행할 수 있다. <개정 2021. 4. 20.>
법제처                                                            114                                                       국가법령정보센터
자본시장과 금융투자업에 관한 법률
1. 전문투자자로서 대통령령으로 정하는 투자자
2. 1억원 이상으로서 대통령령으로 정하는 금액 이상을 투자하는 개인 또는 법인, 그 밖의 단체(「국가재정법」 별표
2에서 정한 법률에 따른 기금과 집합투자기구를 포함한다)
[전문개정 2015. 7. 24.]
[제목개정 2021. 4. 20.]
 
제249조의3(일반 사모집합투자업의 등록) ① 일반 사모집합투자업을 영위하려는 자는 금융위원회에 일반 사모집합투
자업 등록을 하여야 한다. <개정 2021. 4. 20.>
② 제1항에 따라 등록을 하려는 자는 다음 각 호의 요건을 모두 갖추어야 한다.<개정 2015. 7. 31., 2021. 4. 20.>
1. 다음 각 목의 어느 하나에 해당하는 자일 것
가. 「상법」에 따른 주식회사이거나 대통령령으로 정하는 금융회사
나. 외국 집합투자업자(외국 법령에 따라 외국에서 집합투자업에 상당하는 영업을 영위하는 자를 말한다. 이하 이
조에서 같다)로서 외국에서 영위하고 있는 영업에 상당하는 집합투자업 수행에 필요한 지점, 그 밖의 영업소를
설치한 자
2. 5억원 이상으로서 대통령령으로 정하는 금액 이상의 자기자본을 갖출 것
3. 투자자의 보호가 가능하고 그 영위하려는 일반 사모집합투자업을 수행하기에 충분한 인력과 전산설비, 그 밖의
물적 설비를 갖출 것
4. 임원이 「금융회사의 지배구조에 관한 법률」 제5조에 적합할 것
5. 대주주나 외국 집합투자업자가 다음 각 목의 구분에 따른 요건을 갖출 것
가. 제1호가목의 경우 대주주(제12조제2항제6호가목의 대주주를 말한다)가 충분한 출자능력, 건전한 재무상태 및
사회적 신용을 갖출 것
나. 제1호나목의 경우 외국 집합투자업자가 충분한 출자능력, 건전한 재무상태 및 사회적 신용을 갖출 것
6. 경영건전성기준 등 대통령령으로 정하는 건전한 재무상태와 법령 위반사실이 없는 등 대통령령으로 정하는 건전
한 사회적 신용을 갖출 것
7. 일반 사모집합투자업자와 투자자 간, 특정 투자자와 다른 투자자 간의 이해상충을 방지하기 위한 체계를 갖출 것
③ 제1항에 따른 일반 사모집합투자업 등록을 하려는 자는 등록신청서를 금융위원회에 제출하여야 한다.<개정
2021. 4. 20.>
④ 금융위원회는 제3항의 등록신청서를 접수한 경우에는 그 내용을 검토하여 2개월 이내에 일반 사모집합투자업
등록 여부를 결정하고, 그 결과와 이유를 지체 없이 신청인에게 문서로 통지하여야 한다. 이 경우 등록신청서에 흠
결이 있는 때에는 보완을 요구할 수 있다.<개정 2021. 4. 20.>
⑤ 제4항의 검토기간을 산정할 때 등록신청서 흠결의 보완기간 등 총리령으로 정하는 기간은 검토기간에 산입하지
아니한다.
⑥ 금융위원회는 제4항의 일반 사모집합투자업 등록 여부를 결정할 때 다음 각 호의 어느 하나에 해당하는 사유가
없으면 등록을 거부해서는 아니 된다.<개정 2021. 4. 20.>
1. 제2항의 일반 사모집합투자업 등록요건을 갖추지 아니한 경우
2. 제3항의 등록신청서를 거짓으로 작성한 경우
3. 제4항 후단의 보완요구를 이행하지 아니한 경우
⑦ 금융위원회는 제4항에 따라 일반 사모집합투자업 등록을 결정한 경우 일반 사모집합투자업자 등록부에 필요한
사항을 적어야 하며, 등록결정한 내용을 관보 및 인터넷 홈페이지 등에 공고하여야 한다.<개정 2021. 4. 20.>
⑧ 일반 사모집합투자업자는 등록 이후 그 영업을 영위하는 경우 제2항 각 호의 등록요건(같은 항 제6호는 제외하
며, 같은 항 제2호 및 제5호의 경우에는 대통령령으로 정하는 완화된 요건을 말한다)을 유지하여야 한다.<개정
2021. 4. 20.>
⑨ 제1항부터 제8항까지의 규정에 따른 등록요건, 등록신청서의 기재사항ㆍ첨부서류 등 등록의 신청에 관한 사항
및 등록검토의 방법ㆍ절차, 그 밖에 필요한 사항은 대통령령으로 정한다.
법제처                                                            115                                                       국가법령정보센터
자본시장과 금융투자업에 관한 법률
[본조신설 2015. 7. 24.]
[제목개정 2021. 4. 20.]
 
제249조의4(일반 사모집합투자기구의 투자권유 등) ① 일반 사모집합투자기구의 집합투자증권을 판매하는 금융투자업
자는 투자자가 적격투자자인지를 확인하여야 한다.
② 일반 사모집합투자기구의 집합투자증권을 발행하는 집합투자업자는 「금융소비자 보호에 관한 법률」 제19조에
도 불구하고 대통령령으로 정하는 사항이 포함된 설명서(이하 “핵심상품설명서”라 한다)를 작성하여 그 일반 사모
집합투자기구의 집합투자증권을 투자권유 또는 판매하는 자에게 제공하여야 한다. 그 핵심상품설명서에 기재된 사
항(경미한 사항으로서 대통령령으로 정하는 경우는 제외한다)이 변경된 경우에도 이와 같다.
③ 일반 사모집합투자기구의 집합투자증권을 투자권유 또는 판매하는 자는 핵심상품설명서가 그 일반 사모집합투
자기구의 집합투자규약과 부합하는지 여부 등 대통령령으로 정하는 사항을 미리 검증하여야 한다.
④ 일반 사모집합투자기구의 집합투자증권을 투자권유 또는 판매하는 자는 그 일반 사모집합투자기구의 집합투자
증권을 발행하는 자가 작성하여 제공한 핵심상품설명서를 투자자(전문투자자와 그 밖에 대통령령으로 정하는 자는
제외한다)에게 대통령령으로 정하는 방법에 따라 교부하고, 그 핵심상품설명서를 사용하여 투자권유 또는 판매하여
야 한다. 다만, 일반 사모집합투자기구의 집합투자증권을 투자권유 또는 판매하는 자가 투자자가 이해하기 쉽도록
핵심상품설명서의 내용 중 대통령령으로 정하는 중요한 사항을 발췌하여 기재 또는 표시한 경우로서 그 일반 사모
집합투자기구의 집합투자증권을 발행한 집합투자업자와 미리 합의한 경우에는 해당 자료를 사용하여 투자권유 또
는 판매할 수 있다.
⑤ 일반 사모집합투자기구(일반투자자를 대상으로 하는 경우로 한정한다)의 집합투자증권을 판매한 자는 그 일반
사모집합투자기구의 집합투자증권을 발행한 집합투자업자의 운용행위가 제2항에 따른 핵심상품설명서에 부합하는
지 여부에 대하여 대통령령으로 정하는 기준 및 방법에 따라 확인하고, 부합하지 아니하는 경우에는 그 집합투자업
자에게 그 운용행위의 철회ㆍ변경 또는 시정을 요구하여야 한다.
⑥ 일반 사모집합투자기구의 집합투자증권을 판매한 자는 제5항의 요구를 한 날부터 3영업일 이내(집합투자업자가
3영업일 이내에 요구를 이행하기 곤란한 불가피한 사유가 있는 경우로서 일반 사모집합투자기구의 집합투자증권을
판매하는 자와 이행을 위한 기간을 따로 합의한 경우에는 그 기간 이내)에 그 일반 사모집합투자기구의 집합투자증
권을 발행한 집합투자업자가 그 요구를 이행하지 아니하는 경우에는 그 사실을 대통령령으로 정하는 방법에 따라
금융위원회에 보고하고 투자자에게 통보하여야 한다.
⑦ 집합투자업자는 제5항의 요구에 대하여 금융위원회에 이의를 신청할 수 있다. 이 경우 관련 당사자는 대통령령
으로 정하는 기준에 따라 행하는 금융위원회의 결정에 따라야 한다.
[전문개정 2021. 4. 20.]
 
제249조의5(일반 사모집합투자기구의 투자광고) ① 일반 사모집합투자기구의 집합투자증권을 판매하는 금융투자업자
가 그 사모집합투자기구의 투자광고를 하는 경우에는 전문투자자 또는 투자광고를 하는 날 전날의 금융투자상품 잔
고(투자자예탁금 잔액을 포함한다)가 1억원 이상으로서 대통령령으로 정하는 금액 이상인 일반투자자만을 대상으로
하여야 한다.
② 제1항에 따른 투자광고를 하는 경우에는 서면, 전화, 전자우편, 그 밖에 금융위원회가 고시하는 매체를 통하여 전
문투자자 또는 제1항에 따른 투자자에게 개별적으로 알려야 한다.
[전문개정 2021. 4. 20.]
 
제249조의6(일반 사모집합투자기구의 설정ㆍ설립 및 보고) ① 일반 사모집합투자기구인 투자신탁이나 투자익명조합의
집합투자업자 또는 일반 사모집합투자기구인 투자회사등은 다음 각 호의 요건을 모두 갖추어 일반 사모집합투자기
구를 설정ㆍ설립하여야 한다. <개정 2021. 4. 20.>
1. 다음 각 목의 자가 업무정지기간 중에 있지 아니할 것
가. 그 일반 사모집합투자기구의 집합투자재산을 운용하는 집합투자업자
법제처                                                            116                                                       국가법령정보센터
자본시장과 금융투자업에 관한 법률
나. 그 일반 사모집합투자기구의 집합투자재산을 보관ㆍ관리하는 신탁업자
다. 그 일반 사모집합투자기구의 집합투자증권을 판매하는 투자매매업자ㆍ투자중개업자
라. 투자회사인 경우 그 투자회사로부터 제184조제6항의 업무를 위탁받은 일반사무관리회사
2. 일반 사모집합투자기구가 이 법에 따라 적법하게 설정ㆍ설립되었을 것
3. 일반 사모집합투자기구의 집합투자규약이 법령을 위반하거나 투자자의 이익을 명백히 침해하지 아니할 것
4. 그 밖에 제9조제18항 각 호의 집합투자기구의 형태 등을 고려하여 대통령령으로 정하는 요건을 갖출 것
② 일반 사모집합투자기구인 투자신탁이나 투자익명조합의 집합투자업자 또는 일반 사모집합투자기구인 투자회사
등은 제1항에 따라 일반 사모집합투자기구를 설정ㆍ설립한 경우 그 날부터 2주일 이내에 금융위원회에 보고하여야
한다. 다만, 투자자 보호 및 건전한 거래질서를 해칠 우려가 있는 경우로서 대통령령으로 정하는 경우에는 일반 사
모집합투자기구가 설정ㆍ설립된 후 지체 없이 보고하여야 한다.<개정 2021. 4. 20.>
③ 금융위원회는 제2항에 따른 보고 내용에 흠결이 있는 경우에는 보완을 요구할 수 있다.
④ 일반 사모집합투자기구인 투자신탁이나 투자익명조합의 집합투자업자 또는 일반 사모집합투자기구인 투자회사
등은 제2항에 따라 보고한 사항이 변경된 경우에는 투자자 보호를 해칠 우려가 없는 경우로서 대통령령으로 정하는
경우를 제외하고는 그 변경된 날부터 2주일 이내에 금융위원회에 변경보고를 하여야 한다. 이 경우 제3항을 준용한
다.<개정 2021. 4. 20.>
⑤ 제1항부터 제4항까지의 규정에 따른 보고 및 변경보고의 방법ㆍ절차, 그 밖에 필요한 사항은 대통령령으로 정한
다.
[본조신설 2015. 7. 24.]
[제목개정 2021. 4. 20.]
 
제249조의7(일반 사모집합투자기구의 집합투자재산 운용방법 등) ① 일반 사모집합투자업자가 일반 사모집합투자기구
의 집합투자재산(제249조의13에 따른 투자목적회사의 재산을 포함한다. 이하 이 조에서 같다)을 운용하는 경우 다음
각 호의 금액을 합산한 금액이 일반 사모집합투자기구의 자산총액에서 부채총액을 뺀 가액의 100분의 400 이내에서
대통령령으로 정하는 비율을 초과해서는 아니 된다. 다만, 투자자 보호 및 집합투자재산의 안정적 운용을 해칠 우려
가 없는 경우로서 대통령령으로 정하는 일반 사모집합투자기구의 경우에는 제1호ㆍ제2호 및 제4호를 합산한 금액
또는 제3호의 금액이 각각 일반 사모집합투자기구의 자산총액에서 부채총액을 뺀 가액의 100분의 400 이내에서 대
통령령으로 정하는 비율을 초과해서는 아니 된다. <개정 2021. 4. 20.>
1. 파생상품에 투자하는 경우 그 파생상품의 매매에 따른 위험평가액
2. 집합투자재산으로 해당 일반 사모집합투자기구 외의 자를 위하여 채무보증 또는 담보제공을 하는 방법으로 운용
하는 경우 그 채무보증액 또는 담보목적물의 가액
3. 일반 사모집합투자기구의 계산으로 금전을 차입하는 경우 그 차입금의 총액
4. 그 밖에 거래의 실질이 차입에 해당하는 경우로서 대통령령으로 정하는 경우에는 대통령령으로 정하는 방법에
따라 산정한 그 실질적인 차입금의 총액
② 일반 사모집합투자업자는 일반 사모집합투자기구의 집합투자재산을 운용할 때 다음 각 호의 어느 하나에 해당
하는 행위를 해서는 아니 된다.<개정 2021. 4. 20.>
1. 대통령령으로 정하는 부동산을 취득한 후 5년 이내의 범위에서 대통령령으로 정하는 기간 이내에 이를 처분(대
통령령으로 정하는 부동산을 취득한 투자목적회사가 발행한 주식 또는 지분을 처분하는 것을 포함한다. 이하 이
항에서 같다)하는 행위. 다만, 부동산개발사업에 따라 조성하거나 설치한 토지ㆍ건축물 등을 분양하는 경우, 그
밖에 투자자 보호를 위하여 필요한 경우로서 대통령령으로 정하는 경우는 제외한다.
2. 건축물, 그 밖의 공작물이 없는 토지로서 그 토지에 대하여 부동산개발사업을 시행하기 전에 이를 처분하는 행위.
다만, 일반 사모집합투자기구의 합병ㆍ해지 또는 해산, 그 밖에 투자자 보호를 위하여 필요한 경우로서 대통령령
으로 정하는 경우는 제외한다.
3. 일반 사모집합투자업자가 일반 사모집합투자기구의 집합투자재산을 개인 및 그 밖에 대통령령으로 정하는 자에
게 직접 대여하거나 이를 회피할 목적으로 「대부업 등의 등록 및 금융이용자 보호에 관한 법률」 제3조에 따라 등
법제처                                                            117                                                       국가법령정보센터
자본시장과 금융투자업에 관한 법률
록한 대부업자 등 대통령령으로 정하는 자와의 연계거래 등을 이용하는 행위
4. 일반 사모집합투자업자가 일반 사모집합투자기구의 집합투자재산을 금전의 대여로 운용하는 경우 그 집합투자
기구의 집합투자증권을 다음 각 목의 자 이외의 자에게 발행하는 행위. 다만, 집합투자재산의 안정적 운용을 해칠
우려가 없는 경우로서 일반 사모집합투자기구가 금전을 대여한 차주의 목적이 대통령령으로 정하는 경우에 해당
하는 경우에는 그러하지 아니하다.
가. 국가
나. 한국은행
다. 전문투자자 중 대통령령으로 정하는 자
5. 일반 사모집합투자업자가 이 장의 규제를 회피할 목적으로 제249조의13에 따른 투자목적회사가 아닌 법인으로
서 이와 유사한 목적 또는 형태를 가진 법인을 설립 또는 이용(그 법인이 발행한 지분증권에 투자하는 행위를 포
함한다. 이하 이 호에서 같다)하는 행위. 다만, 외국 투자대상자산의 취득을 목적으로 설립된 외국법인 등 대통령
령으로 정하는 법인을 설립 또는 이용하는 행위는 제외한다.
③ 일반 사모집합투자업자는 대통령령으로 정하는 방법에 따라 다음 각 호의 사항에 관하여 매분기의 말일을 기준
으로 금융위원회에 보고하여야 한다.<개정 2021. 4. 20.>
1. 파생상품 매매 및 그에 따른 위험평가액 현황
2. 채무보증 또는 담보제공 현황
3. 금전차입 현황
4. 그 밖에 투자자 보호 또는 건전한 거래질서를 위하여 필요한 사항으로서 대통령령으로 정하는 사항
④ 일반 사모집합투자기구인 투자신탁이나 투자익명조합의 집합투자업자 또는 일반 사모집합투자기구인 투자회사
등은 투자자 보호와 관련하여 대통령령으로 정한 사유가 발생한 경우에는 그 날부터 3영업일 이내에 금융위원회에
보고하여야 한다.<개정 2021. 4. 20.>
⑤ 일반 사모집합투자업자는 다른 회사(투자목적회사, 투자회사, 투자유한회사, 투자합자회사, 투자유한책임회사,
그 밖에 대통령령으로 정하는 회사는 제외한다. 이하 이 항에서 같다)에 대한 경영권 참여, 사업구조 또는 지배구조
의 개선 등을 위하여 다음 각 호의 어느 하나에 해당하는 방법으로 일반 사모집합투자기구의 집합투자재산을 운용
하는 경우(대통령령으로 정하는 방법에 따라 다른 사모집합투자기구와 공동으로 운용하는 경우를 포함한다) 다음
각 호의 어느 하나에 해당하는 날부터 15년이 되는 날까지 그 지분증권을 제삼자에게 처분하여야 한다.<신설 2021.
4. 20.>
1. 다른 회사의 의결권 있는 발행주식총수 또는 출자총액의 100분의 10 이상을 보유하게 된 날
2. 임원의 임면 등 투자하는 회사의 주요 경영사항에 대하여 사실상의 지배력 행사가 가능하도록 하는 투자로서 대
통령령으로 정하는 투자를 한 날
⑥ 일반 사모집합투자업자는 제87조제4항에도 불구하고 다음 각 호의 어느 하나에 해당하지 아니하는 일반 사모집
합투자기구의 집합투자재산인 주식과 관련하여 제81조제1항에 따른 투자한도를 초과하여 취득한 주식에 대하여
의결권을 행사할 수 있다.<신설 2021. 4. 20.>
1. 상호출자제한기업집단의 계열회사인 일반 사모집합투자업자가 운용하는 일반 사모집합투자기구
2. 같은 상호출자제한기업집단에 속하는 금융회사가 집합투자증권 총수의 100분의 30을 초과하여 투자한 일반 사
모집합투자기구
⑦ 제1항부터 제6항까지의 규정에 따른 일반 사모집합투자기구 집합투자재산의 구체적인 운용방법과 보고 절차,
그 밖에 필요한 사항은 대통령령으로 정한다.<개정 2021. 4. 20.>
[본조신설 2015. 7. 24.]
[제목개정 2021. 4. 20.]
 
제249조의8(일반 사모집합투자기구에 대한 특례) ① 제76조제2항부터 제6항까지, 제81조부터 제83조까지, 제88조, 제
89조(제186조제2항에서 준용하는 경우를 포함한다), 제90조(제186조제2항에서 준용하는 경우를 포함한다), 제91조
제3항(제186조제2항에서 준용하는 경우를 포함한다), 제93조, 제94조제1항부터 제4항까지, 같은 조 제6항, 제182조,
법제처                                                            118                                                       국가법령정보센터
자본시장과 금융투자업에 관한 법률
제183조제1항, 제186조(제87조를 준용하는 경우는 제외한다), 제188조제2항ㆍ제3항, 제189조제2항, 제195조, 제
196조제5항(제208조제3항, 제216조제2항, 제217조의3제3항, 제222조제2항 및 제227조제2항에서 준용하는 경우를
포함한다), 제197조, 제198조제2항ㆍ제3항, 제199조, 제200조, 제207조제5항, 제208조제1항(제216조제2항, 제222조
제2항 및 제227조제2항에서 준용하는 경우를 포함한다), 제211조제1항, 제213조제5항, 제216조제1항, 제217조의2제
5항, 제217조의3제1항, 제217조의6제1항, 제218조제3항, 제222조제1항, 제224조제3항, 제227조제1항, 제229조, 제
230조, 제235조, 제237조, 제238조제7항ㆍ제8항, 제239조제1항제3호, 같은 조 제2항부터 제5항까지, 제240조제3항
부터 제8항까지, 같은 조 제10항, 제241조, 제247조제1항부터 제4항까지, 같은 조 제5항제1호부터 제3호까지, 같은
항 제6호ㆍ제7호, 같은 조 제6항ㆍ제7항, 제248조 및 제253조는 일반 사모집합투자기구에는 적용하지 아니한다.
<개정 2020. 3. 24., 2021. 4. 20.>
② 제1항에도 불구하고 일반투자자를 대상으로 하는 일반 사모집합투자기구에는 다음 각 호의 조항을 적용한다. 다
만, 제5호의 경우 다른 사모집합투자기구에 투자하는 집합투자기구로서 일반투자자를 대상으로 하는 일반 사모집
합투자기구 등 대통령령으로 정하는 집합투자기구는 일반투자자로 본다.<신설 2021. 4. 20.>
1. 제76조제2항. 다만, 제92조제1항제1호 및 제2호(제186조제2항에서 준용하는 경우를 포함한다)에 따른 통지를 받
은 경우로 한정한다.
2. 제88조. 다만, 전문투자자에 대해서는 자산운용보고서를 교부하지 아니할 수 있다.
3. 제230조제5항
4. 제240조제3항부터 제10항까지의 규정. 다만, 투자자 전원의 동의를 얻은 경우 및 투자자의 이익을 해할 우려가
없는 경우로서 대통령령으로 정하는 경우에는 이를 적용하지 아니한다.
5. 제247조(집합투자재산을 보관ㆍ관리하는 신탁업자가 제42조제1항에 따라 다른 신탁업자에게 업무를 위탁한 경
우에는 당사자 간 합의가 있는 경우를 제외하고 위탁한 신탁업자가 제247조를 이행하여야 한다). 이 경우 “투자설
명서”는 “핵심상품설명서”로, “3영업일”은 “3영업일 또는 집합투자업자가 3영업일 이내에 요구를 이행하기 곤란
한 불가피한 사유가 있는 경우로서 일반 사모집합투자기구의 집합투자재산을 보관ㆍ관리하는 신탁업자와 이행
을 위한 기간을 따로 합의한 경우에는 그 기간”으로 각각 본다.
③ 일반 사모집합투자기구의 투자자는 그 집합투자증권을 적격투자자가 아닌 자에게 양도해서는 아니 된다.<개정
2021. 4. 20.>
④ 일반 사모집합투자기구의 투자자(투자신탁의 경우 그 투자신탁재산을 운용하는 일반 사모집합투자업자를 말한
다)는 제188조제4항, 제194조제7항(제196조제6항에서 준용하는 경우를 포함한다), 제207조제4항, 제213조제4항,
제217조의2제4항, 제218조제2항 및 제224조제2항에도 불구하고 객관적인 가치평가가 가능하고 다른 투자자의 이
익을 해칠 우려가 없는 경우에는 대통령령으로 정하는 방법에 따라 증권, 부동산 또는 실물자산 등 금전 외의 자산
으로 납입할 수 있다.<개정 2021. 4. 20.>
⑤ 집합투자자총회 및 그와 관련된 사항은 일반 사모집합투자기구에는 적용하지 아니한다. 다만, 제1항에도 불구하
고 일반투자자를 대상으로 하는 일반 사모집합투자기구의 경우에는 제237조를 적용하며, 이 경우 집합투자자총회
결의일은 환매를 연기한 날부터 3개월 이내로 한다.<개정 2021. 4. 20.>
⑥ 일반 사모집합투자기구인 투자신탁이나 투자익명조합의 집합투자업자 또는 일반 사모집합투자기구인 투자회사
등이 이 법 또는 「상법」에 따라 투자자에게 공시 또는 공고하여야 하는 사항에 대하여 집합투자규약에서 정한 방법
으로 전체 투자자에게 통지한 경우에는 이 법 또는 「상법」에 따라 공시 또는 공고한 것으로 본다.<개정 2021. 4.
20.>
⑦ 일반 사모집합투자기구인 투자회사는 일반 사모집합투자업자인 법인이사 1명을 두며, 「상법」 제383조제1항에
도 불구하고 이사의 수를 1명 또는 2명으로 할 수 있다.<개정 2021. 4. 20.>
⑧ 일반 사모집합투자기구는 집합투자규약에 따라 투자자에 대한 손익의 분배 또는 손익의 순위 등에 관한 사항을
정할 수 있다.<개정 2021. 4. 20.>
⑨ 제7조제6항제3호에도 불구하고 일반 사모집합투자업자가 자신이 운용하는 일반 사모집합투자기구의 집합투자
증권을 판매하는 경우에는 제71조제5호부터 제7호까지(제7호의 경우 같은 호에 따른 대통령령으로 정하는 행위 중
대통령령으로 정하는 것으로 한정한다), 제74조 및 제76조제1항을 준용한다. 이 경우 제74조 및 제76조제1항 중
법제처                                                            119                                                       국가법령정보센터
자본시장과 금융투자업에 관한 법률
“투자매매업자 또는 투자중개업자는”은 “자신이 운용하는 일반 사모집합투자기구의 집합투자증권을 판매하는 일반
사모집합투자업자는”으로 본다.<개정 2021. 4. 20.>
[본조신설 2015. 7. 24.]
[제목개정 2021. 4. 20.]
 
제249조의9(일반 사모집합투자기구에 대한 조치) ① 금융위원회는 다음 각 호의 어느 하나에 해당하는 경우 일반 사모
집합투자기구의 해지ㆍ해산을 명할 수 있다. <개정 2021. 4. 20.>
1. 일반 사모집합투자기구가 제249조의6제1항 각 호에 따른 요건을 갖추지 못한 경우
2. 제249조의6제2항ㆍ제4항에 따른 보고 또는 변경보고를 하지 아니한 경우
3. 거짓, 그 밖의 부정한 방법으로 제249조의6제2항ㆍ제4항에 따른 보고 또는 변경보고를 한 경우
4. 금융관련 법령 중 대통령령으로 정하는 법령을 위반하는 경우로서 사회적 신용을 훼손하는 등 대통령령으로 정
하는 경우
5. 제2항제3호에 따른 시정명령 또는 중지명령을 이행하지 아니한 경우
6. 그 밖에 투자자의 이익을 현저히 해칠 우려가 있거나 일반 사모집합투자기구로서 존속하기 곤란하다고 인정되는
경우로서 대통령령으로 정하는 경우
② 금융위원회는 일반 사모집합투자기구인 투자회사등(그 집합투자업자 또는 그 법인이사ㆍ업무집행사원ㆍ업무집
행조합원을 포함한다)이 제1항 각 호의 어느 하나에 해당하거나 별표 2 각 호의 어느 하나에 해당하는 경우에는 그
투자회사등에 대하여 다음 각 호의 어느 하나에 해당하는 조치를 할 수 있다.<개정 2021. 4. 20.>
1. 6개월 이내의 업무의 전부 또는 일부의 정지
2. 계약의 인계명령
3. 위법행위의 시정명령 또는 중지명령
4. 위법행위로 인한 조치를 받았다는 사실의 공표명령 또는 게시명령
5. 기관경고
6. 기관주의
7. 그 밖에 위법행위를 시정하거나 방지하기 위하여 필요한 조치로서 대통령령으로 정하는 조치
③ 금융위원회는 일반 사모집합투자기구인 투자회사의 감독이사가 다음 각 호의 어느 하나에 해당하는 경우에는
해임요구, 6개월 이내의 직무정지, 문책경고, 주의적 경고, 주의, 그 밖에 대통령령으로 정하는 조치를 할 수 있다.
<개정 2020. 5. 19., 2021. 4. 20.>
1. 제199조제5항에서 준용하는 제54조제1항을 위반하여 정당한 사유 없이 직무관련 정보를 이용한 경우
2. 그 밖에 투자자 보호 또는 건전한 거래질서를 해할 우려가 있는 경우로서 대통령령으로 정하는 경우
④ 일반 사모집합투자기구, 일반 사모집합투자업자 및 그 임직원에 대한 조치 등에 관하여는 제422조제3항 및 제
423조부터 제425조까지의 규정을 준용한다.<개정 2021. 4. 20.>
[본조신설 2015. 7. 24.]
[제목개정 2021. 4. 20.]
 
         제2절 기관전용 사모집합투자기구 등 <개정 2021. 4. 20.>
 
제249조의10(설립 및 보고) ① 기관전용 사모집합투자기구의 정관에는 다음 각 호의 사항을 기재하고, 총사원이 기명
날인 또는 서명하여야 한다. <개정 2021. 4. 20.>
1. 목적
2. 상호
3. 회사의 소재지
4. 각 사원의 출자의 목적과 가격 또는 평가의 기준
법제처                                                            120                                                       국가법령정보센터
자본시장과 금융투자업에 관한 법률
5. 삭제<2021. 4. 20.>
6. 회사의 해산사유를 정한 경우에는 그 내용
7. 사원의 성명ㆍ주민등록번호(법인인 경우에는 상호 또는 명칭ㆍ사업자등록번호) 및 주소
8. 무한책임사원 또는 유한책임사원의 구분
9. 정관의 작성연월일
② 기관전용 사모집합투자기구는 다음 각 호의 사항을 등기하여야 한다.<개정 2021. 4. 20.>
1. 제1항제1호부터 제3호까지의 사항 및 같은 항 제6호의 사항
2. 무한책임사원의 상호 또는 명칭ㆍ사업자등록번호 및 주소
③ 기관전용 사모집합투자기구는 다음 각 호의 요건을 모두 갖추어야 한다.<개정 2021. 4. 20.>
1. 기관전용 사모집합투자기구가 이 법에 따라 적법하게 설립되었을 것
2. 기관전용 사모집합투자기구의 정관이 법령을 위반하거나 투자자의 이익을 명백히 침해하지 아니할 것
④ 기관전용 사모집합투자기구는 설립등기일부터 2주일 이내에 대통령령으로 정하는 바에 따라 금융위원회에 보고
하여야 한다. 다만, 금융시장의 안정 또는 건전한 거래질서를 해칠 우려가 있는 경우로서 대통령령으로 정하는 경우
에는 기관전용 사모집합투자기구의 설립등기 후 지체 없이 보고하여야 한다.<개정 2021. 4. 20.>
⑤ 금융위원회는 제4항에 따른 보고 내용에 흠결이 있는 경우에는 보완을 요구할 수 있다.
⑥ 기관전용 사모집합투자기구는 제4항에 따라 보고한 사항이 변경된 경우에는 경미한 사항으로서 대통령령으로
정하는 경우를 제외하고는 그 날부터 2주일 이내에 금융위원회에 변경보고를 하여야 한다. 이 경우 제4항 및 제5항
을 준용한다.<개정 2021. 4. 20.>
⑦ 제4항부터 제6항까지의 규정에 따른 보고 및 변경보고의 방법ㆍ절차, 그 밖에 필요한 사항은 대통령령으로 정한
다.
[본조신설 2015. 7. 24.]
 
제249조의11(사원 및 출자) ① 기관전용 사모집합투자기구의 사원은 1인 이상의 무한책임사원과 1인 이상의 유한책임
사원으로 하되, 사원의 총수는 100인 이하로 한다. <개정 2021. 4. 20.>
② 제1항의 사원 총수를 계산할 때 다른 집합투자기구가 그 기관전용 사모집합투자기구의 지분을 100분의 10 이상
취득하는 경우 등 대통령령으로 정하는 경우에는 그 다른 집합투자기구의 투자자 수를 합하여 계산하여야 한다.<개
정 2021. 4. 20.>
③ 전문투자자 중 대통령령으로 정하는 자는 제1항에 따른 사원의 총수 계산에서 제외한다.
④ 유한책임사원은 기관전용 사모집합투자기구의 집합투자재산인 주식 또는 지분의 의결권 행사 및 대통령령으로
정하는 업무집행사원의 업무에 관여해서는 아니 된다.<개정 2021. 4. 20.>
⑤ 기관전용 사모집합투자기구 사원의 출자의 방법은 금전에 한정한다. 다만, 객관적인 가치평가가 가능하고 사원
의 이익을 해칠 우려가 없는 경우로서 다른 모든 사원의 동의가 있는 경우에는 증권으로 출자할 수 있다.<개정
2021. 4. 20.>
⑥ 유한책임사원은 개인(제168조제1항에 따른 외국인, 해당 기관전용 사모집합투자기구의 업무집행사원의 임원 또
는 운용인력을 제외한다)이 아닌 자로서 다음 각 호에 해당하는 자여야 한다.<개정 2021. 4. 20.>
1. 전문투자자로서 대통령령으로 정하는 투자자
2. 그 밖에 전문성 또는 위험감수능력 등을 갖춘 자로서 대통령령으로 정하는 투자자
⑦ 「한국산업은행법」에 따른 한국산업은행과 「중소기업은행법」에 따른 중소기업은행은 그 설립목적에 부합하는
범위에서 기관전용 사모집합투자기구에 출자할 수 있다.<개정 2021. 4. 20.>
⑧ 기관전용 사모집합투자기구는 그 업무집행사원의 특수관계인인 유한책임사원의 출자지분이 그 기관전용 사모
집합투자기구의 전체 출자지분 중 대통령령으로 정하는 비율 이상인 경우 해당 유한책임사원 관련 정보 및 기관전
용 사모집합투자기구의 투자 구조 등 대통령령으로 정하는 사항을 대통령령으로 정하는 기간 이내에 금융위원회에
보고하여야 한다.<개정 2021. 4. 20.>
법제처                                                            121                                                       국가법령정보센터
자본시장과 금융투자업에 관한 법률
⑨ 제1항부터 제8항까지에서 규정한 사항 외에 사원의 출자방법 및 절차, 보고의 절차 등에 관하여 필요한 사항은
대통령령으로 정한다.
[본조신설 2015. 7. 24.]
 
제249조의12(기관전용 사모집합투자기구 집합투자재산의 운용방법) ① 기관전용 사모집합투자기구의 집합투자재산
운용에 관하여는 제249조의7(제3항 및 제6항은 제외한다)을 준용한다.
② 기관전용 사모집합투자기구는 대통령령으로 정하는 방법에 따라 다음 각 호의 사항에 관하여 금융위원회에 보
고하여야 한다.
1. 파생상품 매매 및 그에 따른 위험평가액 현황
2. 채무보증 또는 담보제공 현황
3. 금전차입 현황
4. 그 밖에 금융시장의 안정 또는 건전한 거래질서를 위하여 필요한 사항으로서 대통령령으로 정하는 사항
[전문개정 2021. 4. 20.]
 
제249조의13(투자목적회사) ① 사모집합투자기구는 다음 각 호의 요건을 모두 충족하는 투자목적회사의 지분증권에
투자할 수 있다. <개정 2021. 4. 20.>
1. 「상법」에 따른 주식회사 또는 유한회사일 것
2. 특정 법인 또는 특정 자산 등에 대한 효율적인 투자를 목적으로 할 것
3. 그 주주 또는 사원이 다음 각 목의 어느 하나에 해당하되, 가목에 해당하는 주주 또는 사원의 출자비율이 대통령
령으로 정하는 비율 이상일 것
가. 사모집합투자기구 또는 그 사모집합투자기구가 투자한 투자목적회사
나. 투자목적회사가 투자하는 회사의 임원 또는 대주주
다. 그 밖에 투자목적회사의 효율적 운영을 위하여 투자목적회사의 주주 또는 사원이 될 필요가 있는 자로서 대통
령령으로 정하는 자
4. 그 주주 또는 사원인 사모집합투자기구의 투자자 수와 사모집합투자기구가 아닌 주주 또는 사원의 수를 합산한
수가 100인 이내일 것
5. 상근임원을 두거나 직원을 고용하지 아니하고, 본점 외에 영업소를 설치하지 아니할 것
② 투자목적회사에 관하여는 이 법에 특별한 규정이 없으면 「상법」의 주식회사 또는 유한회사에 관한 규정을 적용
한다.
③ 삭제<2021. 4. 20.>
④ 투자목적회사 재산의 투자비율 산정방식과 그 밖에 투자목적회사 재산의 운용에 관하여 필요한 사항은 대통령
령으로 정한다.
⑤ 투자목적회사에 관하여는 제242조, 제249조의11제3항 및 제249조의18을 준용한다.<개정 2021. 4. 20.>
⑥ 일반투자자를 대상으로 하는 일반 사모집합투자기구가 주주 또는 사원인 투자목적회사에 관하여는 제184조제
3항ㆍ제4항 및 제249조의8제2항제5호를 준용한다. 이 경우 “집합투자재산”은 “투자목적회사의 재산”으로 본다.<신
설 2021. 4. 20.>
⑦ 「상법」 제317조제2항제2호ㆍ제3호 및 제549조제2항제2호는 투자목적회사에는 적용하지 아니한다.<개정 2021.
4. 20.>
[본조신설 2015. 7. 24.]
 
제249조의14(업무집행사원 등) ① 기관전용 사모집합투자기구는 정관으로 무한책임사원 중 1인 이상을 업무집행사원
으로 정하여야 한다. 이 경우 그 업무집행사원이 회사의 업무를 집행할 권리와 의무를 가진다. <개정 2021. 4. 20.>
② 금융관련 법령 중 대통령령으로 정하는 법령에서 규정하고 있는 업무를 영위하고 있는 자는 그 법령에도 불구하
고 업무집행사원이 될 수 있다. 이 경우 그 업무집행사원은 그 법령에서 제한하거나 금지하는 규정을 위반하지 아니
하는 범위에서 업무를 집행할 수 있으며, 대통령령으로 정하는 방법으로 기관전용 사모집합투자기구의 집합투자재
법제처                                                            122                                                       국가법령정보센터
자본시장과 금융투자업에 관한 법률
산을 운용하여야 한다.<개정 2021. 4. 20.>
③ 기관전용 사모집합투자기구는 정관으로 업무집행사원에 대한 손익의 분배 또는 손익의 순위 등에 관한 사항을
정할 수 있다.<개정 2021. 4. 20.>
④ 기관전용 사모집합투자기구의 업무집행사원이 기관전용 사모집합투자기구의 집합투자재산의 운용 및 보관ㆍ관
리, 기관전용 사모집합투자기구 지분의 판매 및 환매 등을 영위하는 경우에는 제11조를 적용하지 아니한다.<개정
2021. 4. 20.>
⑤ 업무집행사원은 법령과 정관에 따라 기관전용 사모집합투자기구를 위하여 그 직무를 충실히 수행하여야 한다.
<개정 2021. 4. 20.>
⑥ 업무집행사원(법인이 업무집행사원인 경우 제2호 및 제3호에 대해서는 법인의 임직원을 포함한다)은 다음 각 호
의 행위를 해서는 아니 된다.<개정 2021. 4. 20.>
1. 기관전용 사모집합투자기구와 거래하는 행위(사원 전원의 동의가 있는 경우는 제외한다)
2. 원금 또는 일정한 이익의 보장을 약속하는 등의 방법으로 사원이 될 것을 부당하게 권유하는 행위
3. 사원 전원의 동의 없이 사원의 일부 또는 제삼자의 이익을 위하여 기관전용 사모집합투자기구가 소유한 자산의
명세를 사원이 아닌 자에게 제공하는 행위
4. 그 밖에 금융시장의 안정 및 건전한 거래질서를 해칠 우려가 있는 경우로서 대통령령으로 정하는 행위
⑦ 기관전용 사모집합투자기구는 제5항 및 제6항에 따라 업무집행사원이 준수하여야 할 구체적인 행위준칙을 제정
하여야 하며, 행위준칙을 제정ㆍ변경한 경우에는 지체 없이 이를 금융위원회에 보고하여야 한다. 이 경우 금융위원
회는 보고받은 행위준칙이 법령을 위반하거나 금융시장의 안정 및 건전한 거래질서를 해칠 우려가 있는 때에는 그
내용을 변경하거나 보완할 것을 명할 수 있다.<개정 2021. 4. 20.>
⑧ 업무집행사원은 대통령령으로 정하는 기간마다 1회 이상 기관전용 사모집합투자기구 및 기관전용 사모집합투자
기구가 출자한 투자목적회사의 재무제표 등을 사원에게 제공하고 그 운영 및 재산에 관한 사항을 설명하여야 하며,
그 제공 및 설명 사실에 관한 내용을 기록ㆍ유지하여야 한다.<개정 2021. 4. 20.>
⑨ 업무집행사원이 아닌 사원은 영업시간 내에만 기관전용 사모집합투자기구 또는 기관전용 사모집합투자기구가
출자한 투자목적회사의 재산에 관한 장부ㆍ서류의 열람이나 등본 또는 초본의 교부를 청구할 수 있다.<개정 2021.
4. 20.>
⑩ 업무집행사원이 아닌 사원은 업무집행사원이 업무를 집행할 때 현저하게 부적합하거나 업무수행에 중대한 위반
행위가 있는 경우에는 기관전용 사모집합투자기구 또는 기관전용 사모집합투자기구가 출자한 투자목적회사의 업
무와 재산상황을 검사할 수 있다.<개정 2021. 4. 20.>
⑪ 기관전용 사모집합투자기구는 정관에서 정하는 바에 따라 기관전용 사모집합투자기구의 집합투자재산으로 업
무집행사원에게 보수(운용실적에 따른 성과보수를 포함한다)를 지급할 수 있다.<개정 2021. 4. 20.>
⑫ 금융위원회는 금융시장의 안정 또는 건전한 거래질서를 위하여 필요한 경우에는 기관전용 사모집합투자기구의
업무집행사원에 대하여 기관전용 사모집합투자기구의 운용에 관하여 필요한 조치를 명할 수 있다.<신설 2021. 4.
20.>
⑬ 금융감독원장은 금융시장의 안정 또는 건전한 거래질서를 위하여 필요한 경우에는 기관전용 사모집합투자기구
의 업무와 재산상황에 관하여 기관전용 사모집합투자기구 및 그 업무집행사원을 검사할 수 있다. 이 경우 제419조
제5항부터 제7항까지 및 제9항을 준용한다.<신설 2021. 4. 20.>
[본조신설 2015. 7. 24.]
 
제249조의15(업무집행사원의 등록 등) ① 기관전용 사모집합투자기구의 업무집행사원으로서 기관전용 사모집합투자
기구의 집합투자재산 운용업무를 영위하려는 자는 다음 각 호의 요건을 갖추어 금융위원회에 등록하여야 한다. <개
정 2015. 7. 31., 2021. 4. 20.>
1. 1억원 이상으로서 대통령령으로 정하는 금액 이상의 자기자본을 갖출 것
2. 임원(합자회사의 업무집행사원 등 대통령령으로 정하는 자를 포함한다)이 「금융회사의 지배구조에 관한 법률」
제5조에 적합할 것
법제처                                                            123                                                       국가법령정보센터
자본시장과 금융투자업에 관한 법률
3. 대통령령으로 정하는 투자운용전문인력을 대통령령으로 정하는 수 이상 갖출 것
4. 제44조에 따라 이해상충이 발생할 가능성을 파악ㆍ평가ㆍ관리할 수 있는 적절한 내부통제기준을 갖출 것
5. 대통령령으로 정하는 건전한 재무상태와 사회적 신용을 갖출 것
② 제1항에 따른 등록을 하려는 자는 금융위원회에 등록신청서를 제출하여야 한다.
③ 금융위원회는 제2항의 등록신청서를 접수한 경우에는 그 내용을 검토하여 1개월 이내에 등록 여부를 결정하고,
그 결과와 이유를 지체 없이 신청인에게 문서로 통지하여야 한다. 이 경우 등록신청서에 흠결이 있을 때에는 보완을
요구할 수 있다.
④ 제3항의 검토기간을 산정할 때 등록신청서 흠결의 보완기간 등 총리령으로 정하는 기간은 검토기간에 산입하지
아니한다.
⑤ 금융위원회는 제3항의 등록 여부를 결정할 때 다음 각 호의 어느 하나에 해당하는 사유가 없으면 그 등록을 거
부해서는 아니 된다.
1. 제1항의 등록요건을 갖추지 아니한 경우
2. 제2항의 등록신청서를 거짓으로 작성한 경우
3. 제3항 후단의 보완요구를 이행하지 아니한 경우
⑥ 기관전용 사모집합투자기구의 업무집행사원은 제1항에 따른 등록 이후 그 기관전용 사모집합투자기구의 집합투
자재산 운용업무를 영위하는 경우 같은 항 각 호의 등록요건을 유지하여야 한다.<개정 2021. 4. 20.>
⑦ 금융위원회는 기관전용 사모집합투자기구의 업무집행사원이 다음 각 호의 어느 하나에 해당하는 경우에는 그
업무집행사원의 등록을 취소할 수 있다.<개정 2021. 4. 20.>
1. 거짓, 그 밖의 부정한 방법으로 업무집행사원의 등록을 한 경우
2. 제6항에 따른 등록요건의 유지의무를 위반한 경우
3. 업무의 정지기간 중에 업무를 한 경우
4. 금융위원회의 시정명령 또는 중지명령을 이행하지 아니한 경우
5. 그 밖에 금융시장의 안정 또는 건전한 거래질서를 현저히 해칠 우려가 있거나 해당 기관전용 사모집합투자기구
의 집합투자재산 운용업무를 영위하기 곤란하다고 인정되는 경우로서 대통령령으로 정하는 경우
⑧ 제1항에 따라 등록한 기관전용 사모집합투자기구의 업무집행사원은 등록사항이 변경된 경우 대통령령으로 정하
는 경미한 사항을 제외하고는 그 날부터 2주일 이내에 금융위원회에 변경된 사항을 보고하여야 한다. 이 경우 금융
위원회는 보고 내용에 흠결이 있으면 보완을 요구할 수 있다.<신설 2021. 4. 20.>
⑨ 업무집행사원(「금융회사의 지배구조에 관한 법률」 제2조제1호에 따른 금융회사는 제외한다)은 각 사업연도의
재무제표를 작성하여 매 사업연도 경과 후 90일 이내의 범위에서 대통령령으로 정하는 기간 이내에 금융위원회에
제출하여야 한다.<신설 2021. 4. 20.>
⑩ 제8항에 따라 변경사항을 보고하거나 제9항에 따라 재무제표를 제출한 경우에는 제249조의10제6항에 따른 변
경보고 사항 중 업무집행사원에 관한 것으로서 대통령령으로 정하는 사항을 금융위원회에 변경보고한 것으로 본다.
<신설 2021. 4. 20.>
⑪ 제1항부터 제5항까지 및 제8항의 규정에 따른 등록신청서의 기재사항ㆍ첨부서류 등 등록의 신청에 관한 사항과
등록검토의 방법ㆍ절차, 등록사항 변경의 보고에 관한 사항 및 그 밖에 필요한 사항은 대통령령으로 정한다.<개정
2021. 4. 20.>
[본조신설 2015. 7. 24.]
 
제249조의16(이해관계인과의 거래제한 등) ① 업무집행사원은 기관전용 사모집합투자기구의 집합투자재산을 운용할
때 대통령령으로 정하는 이해관계인(이하 이 조에서 “이해관계인”이라 한다)과 거래행위를 해서는 아니 된다. 다만,
기관전용 사모집합투자기구와 이해가 상충될 우려가 없는 거래로서 다음 각 호의 어느 하나에 해당하는 거래의 경
우에는 이를 할 수 있다. <개정 2021. 4. 20.>
1. 증권시장 등 불특정다수인이 참여하는 공개시장을 통한 거래
법제처                                                            124                                                       국가법령정보센터
자본시장과 금융투자업에 관한 법률
2. 일반적인 거래조건에 비추어 기관전용 사모집합투자기구에 유리한 거래
3. 그 밖에 대통령령으로 정하는 거래
② 업무집행사원은 제1항 단서에 따라 허용되는 이해관계인과의 거래가 있는 경우 또는 이해관계인의 변경이 있는
경우에는 그 내용을 해당 기관전용 사모집합투자기구의 집합투자재산을 보관ㆍ관리하는 신탁업자에게 즉시 통보
하여야 한다.<개정 2021. 4. 20.>
③ 업무집행사원은 기관전용 사모집합투자기구의 집합투자재산을 운용할 때 기관전용 사모집합투자기구의 계산으
로 그 업무집행사원이 발행한 증권을 취득해서는 아니 된다.<개정 2021. 4. 20.>
④ 업무집행사원은 기관전용 사모집합투자기구의 집합투자재산을 운용할 때 집합투자재산의 100분의 5 이하로서
대통령령으로 정하는 비율을 초과하여 다음 각 호의 어느 하나에 해당하는 계열회사가 발행한 증권(그 계열회사가
발행한 지분증권과 관련한 증권예탁증권 및 대통령령으로 정하는 투자대상자산을 포함한다)을 취득해서는 아니 된
다. 이 경우 기관전용 사모집합투자기구의 집합투자재산으로 취득하는 증권은 시가로 평가하되 평가의 방법과 절차
는 대통령령으로 정하는 바에 따른다.<개정 2021. 4. 20.>
1. 그 업무집행사원의 계열회사
2. 그 기관전용 사모집합투자기구에 사실상 지배력을 행사하는 유한책임사원으로서 대통령령으로 정하는 자의 계
열회사
[본조신설 2015. 7. 24.]
 
제249조의17(지분양도 등) ① 기관전용 사모집합투자기구의 무한책임사원은 출자한 지분을 타인에게 양도할 수 없다.
다만, 정관으로 정한 경우에는 사원 전원의 동의를 받아 지분을 분할하지 아니하고 타인에게 양도할 수 있다. <개정
2021. 4. 20.>
② 기관전용 사모집합투자기구의 유한책임사원은 무한책임사원 전원의 동의를 받아 출자한 지분을 분할하지 아니
하고 타인에게 양도할 수 있다.<개정 2021. 4. 20.>
③ 기관전용 사모집합투자기구의 무한책임사원 및 유한책임사원은 제1항 단서 및 제2항에도 불구하고 양도의 결과
기관전용 사모집합투자기구의 사원 총수가 100인을 초과하지 아니하는 범위에서는 지분을 분할하여 양도할 수 있
다. 이 경우 제249조의11제3항을 준용한다.<개정 2021. 4. 20.>
④ 기관전용 사모집합투자기구는 다른 회사(다른 기관전용 사모집합투자기구를 포함한다)와 합병할 수 없다.<개정
2021. 4. 20.>
⑤ 기관전용 사모집합투자기구의 유한책임사원은 그 지분을 제249조의11제6항 각 호에 해당하지 아니하는 자에게
양도해서는 아니 된다.<개정 2021. 4. 20.>
[본조신설 2015. 7. 24.]
 
제249조의18(상호출자제한기업집단 계열 기관전용 사모집합투자기구 등에 대한 제한) ① 상호출자제한기업집단의 계
열회사인 기관전용 사모집합투자기구 또는 상호출자제한기업집단의 계열회사가 무한책임사원인 기관전용 사모집합
투자기구는 다른 회사(제9조제16항제4호에 따른 외국 기업은 제외한다)를 계열회사로 편입한 경우에는 편입일부터
5년 이내에 그 다른 회사의 지분증권을 그 상호출자제한기업집단의 계열회사가 아닌 자에게 처분하여야 한다. <개
정 2021. 4. 20.>
② 제1항에도 불구하고 다음 각 호의 자(이하 “기관전용 사모집합투자기구등”이라 한다)를 제외한 상호출자제한기
업집단의 계열회사 전체의 자산총액[금융업 또는 보험업을 영위하는 회사의 경우 자본총액(재무상태표상의 자산총
액에서 부채총액을 뺀 금액을 말한다. 이하 이 항에서 같다) 또는 자본금 중 큰 금액으로 한다]에 대한 금융업 또는
보험업을 영위하는 회사의 자본총액 또는 자본금 중 큰 금액의 합계액의 비율이 100분의 75 이상으로서 대통령령
으로 정하는 비율 이상인 상호출자제한기업집단의 계열회사인 기관전용 사모집합투자기구 또는 상호출자제한기업
집단의 계열회사가 무한책임사원인 기관전용 사모집합투자기구가 다른 회사(제9조제16항제4호에 따른 외국 기업
은 제외한다)를 계열회사로 편입한 경우에는 편입일부터 7년 이내에 그 다른 회사의 지분증권을 그 상호출자제한기
업집단의 계열회사가 아닌 자에게 처분하여야 한다. 다만, 대통령령으로 정하는 방법에 따라 금융위원회의 승인을
받은 경우에는 처분기한을 3년 이내에서 연장할 수 있다<개정 2021. 4. 20.>
법제처                                                            125                                                       국가법령정보센터
자본시장과 금융투자업에 관한 법률
1. 기관전용 사모집합투자기구
2. 제1호에 해당하는 자가 투자한 투자목적회사
3. 제2호에 해당하는 자가 투자한 투자목적회사
4. 제1호부터 제3호까지에 해당하는 자가 투자한 투자대상기업(기관전용 사모집합투자기구 또는 제249조의13에 따
른 투자목적회사가 제249조의7제5항제1호 또는 제2호의 방법으로 투자한 기업을 말한다. 이하 이 장에서 같다)
5. 제4호에 해당하는 자가 지배하는 회사
③ 상호출자제한기업집단의 계열회사인 기관전용 사모집합투자기구 또는 상호출자제한기업집단의 계열회사가 무
한책임사원인 기관전용 사모집합투자기구는 그 계열회사(투자목적회사 및 투자대상기업은 제외한다)가 발행한 지
분증권을 취득해서는 아니 된다.<개정 2021. 4. 20.>
④ 제2항에 해당하는 상호출자제한기업집단의 계열회사는 다음 각 호의 어느 하나에 해당하는 행위를 해서는 아니
된다.<개정 2021. 4. 20.>
1. 기관전용 사모집합투자기구등이 기관전용 사모집합투자기구등이 아닌 계열회사의 지분증권을 취득 또는 소유하
는 행위
2. 기관전용 사모집합투자기구등이 아닌 계열회사가 제2항제4호 또는 제5호의 자의 지분증권을 취득 또는 소유하
는 행위
[본조신설 2015. 7. 24.]
[제목개정 2021. 4. 20.]
 
제249조의19(지주회사 규제의 특례) ① 「독점규제 및 공정거래에 관한 법률」에 따른 지주회사에 관한 규정은 사모집합
투자기구 또는 투자목적회사가 제249조의7제5항제1호 또는 제2호의 요건을 충족하는 경우 그 요건을 충족한 날부
터 10년이 되는 날까지는 적용하지 아니한다. <개정 2021. 4. 20.>
② 사모집합투자기구(일반 사모집합투자기구인 투자신탁이나 투자익명조합의 집합투자업자를 포함한다) 또는 투자
목적회사는 제1항에 해당하는 경우 그 요건을 충족한 날부터 2주일 이내에 그 사실을 대통령령으로 정하는 방법에
따라 금융위원회에 보고하여야 하며, 금융위원회는 그 사항을 공정거래위원회에 통보하여야 한다.<개정 2021. 4.
20.>
③ 사모집합투자기구(기관전용 사모집합투자기구의 무한책임사원 또는 일반 사모집합투자기구의 집합투자업자 중
상호출자제한기업집단 계열회사 또는 금융지주회사가 아닌 자를 포함한다) 및 투자목적회사에 대해서는 제249조의
7제5항제1호 또는 제2호의 요건을 충족하는 경우 그 요건을 충족한 날부터 10년이 되는 날까지는 「금융지주회사법
」에 따른 금융지주회사로 보지 아니한다. 다만, 사모집합투자기구 또는 투자목적회사가 대통령령으로 정하는 1개
이상의 금융기관을 지배하는 경우에는 같은 법 제45조, 제45조의2부터 제45조의4까지 및 제48조를 준용한다.<개정
2021. 4. 20.>
④ 회사가 기관전용 사모집합투자기구의 업무집행사원 또는 일반 사모집합투자기구의 집합투자업자인 경우에는 「
금융지주회사법」 제45조의2부터 제45조의4까지의 규정을 준용한다. 이 경우 “은행지주회사의 주요출자자”는 “업무
집행사원 또는 집합투자업자” 또는 “업무집행사원 또는 집합투자업자의 대주주”로 본다.<개정 2021. 4. 20.>
⑤ 「금융지주회사법」에 따른 자회사는 같은 법 제19조에도 불구하고 사모집합투자기구의 지분을 취득할 수 있다.
<개정 2021. 4. 20.>
[본조신설 2015. 7. 24.]
 
제249조의20(기관전용 사모집합투자기구에 대한 특례) ① 제182조, 제183조제1항, 제184조제1항ㆍ제2항ㆍ제5항ㆍ제
6항, 제186조, 제213조부터 제215조까지, 제216조(같은 조 제3항 중 투자합자회사의 해산ㆍ청산에 관하여 준용하는
부분은 제외한다), 제217조, 제229조부터 제237조까지, 제238조제2항부터 제5항까지, 같은 조 제7항ㆍ제8항, 제
239조, 제240조제3항부터 제10항까지, 제241조, 제247조제1항부터 제4항까지, 같은 조 제5항제1호부터 제3호까지,
같은 항 제6호ㆍ제7호, 같은 조 제6항ㆍ제7항, 제248조, 제249조, 제249조의2부터 제249조의6까지, 제249조의8, 제
249조의9, 제250조, 제251조 및 제253조는 기관전용 사모집합투자기구에 적용하지 아니한다. <개정 2021. 4. 20.>
법제처                                                            126                                                       국가법령정보센터
자본시장과 금융투자업에 관한 법률
② 「상법」 제173조, 제198조, 제217조제2항, 제224조, 제274조 및 제286조는 기관전용 사모집합투자기구에 적용하
지 아니한다.<개정 2021. 4. 20.>
③ 「독점규제 및 공정거래에 관한 법률」 제25조제1항은 제249조의18제2항에 해당하는 상호출자제한기업집단에
속하는 기관전용 사모집합투자기구 또는 그 기관전용 사모집합투자기구가 투자한 투자목적회사가 소유하는 투자
목적회사 또는 투자대상기업[상호출자제한기업집단에 속하는 기관전용 사모집합투자기구 또는 그 기관전용 사모집
합투자기구가 투자한 투자목적회사의 「독점규제 및 공정거래에 관한 법률」 제9조제1항에 따른 특수관계인(동일인
및 그 친족에 한정한다)이 주식을 소유하고 있는 기업은 제외한다]의 지분증권에 대하여 의결권을 행사하는 경우에
는 적용하지 아니한다.<개정 2020. 12. 29., 2021. 4. 20.>
④ 「독점규제 및 공정거래에 관한 법률」 제27조 및 제28조 중 유한책임사원의 현황과 관련된 것으로서 대통령령으
로 정하는 사항은 「독점규제 및 공정거래에 관한 법률」 제14조제1항에 따른 공시대상기업집단(이하 “공시대상기업
집단”이라 한다)의 계열회사인 기관전용 사모집합투자기구 또는 공시대상기업집단의 계열회사가 무한책임사원인
기관전용 사모집합투자기구 중에서 대통령령으로 정하는 기관전용 사모집합투자기구에 대해서는 적용하지 아니한
다.<개정 2020. 12. 29., 2021. 4. 20.>
[본조신설 2015. 7. 24.]
[제목개정 2021. 4. 20.]
 
제249조의21(기관전용 사모집합투자기구에 대한 조치) ① 금융위원회는 다음 각 호의 어느 하나에 해당하는 경우 기관
전용 사모집합투자기구의 해산을 명할 수 있다. <개정 2021. 4. 20.>
1. 제249조의10제4항ㆍ제6항 또는 제249조의11제8항에 따른 보고나 변경보고를 하지 아니한 경우
2. 거짓, 그 밖의 부정한 방법으로 제249조의10제4항ㆍ제6항 또는 제249조의11제8항에 따른 보고나 변경보고를 한
경우
3. 기관전용 사모집합투자기구가 제249조의10제3항 각 호에 따른 요건을 갖추지 못한 경우
4. 별표 6 각 호의 어느 하나에 해당하는 경우로서 대통령령으로 정하는 경우
5. 금융관련 법령 중 대통령령으로 정하는 법령을 위반하는 경우로서 사회적 신용을 훼손하는 등 대통령령으로 정
하는 경우
6. 제2항제3호에 따른 시정명령 또는 중지명령을 이행하지 아니한 경우
7. 그 밖에 금융시장의 안정 또는 건전한 거래질서를 현저히 해칠 우려가 있거나 기관전용 사모집합투자기구로서
존속하기 곤란하다고 인정되는 경우로서 대통령령으로 정하는 경우
② 금융위원회는 기관전용 사모집합투자기구가 제1항 각 호(제4호는 제외한다)의 어느 하나에 해당하거나 별표 6
각 호의 어느 하나에 해당하는 경우에는 다음 각 호의 어느 하나에 해당하는 조치를 할 수 있다.<개정 2021. 4. 20.>
1. 6개월 이내의 업무의 전부 또는 일부의 정지
2. 계약의 인계명령
3. 위법행위의 시정명령 또는 중지명령
4. 위법행위로 인한 조치를 받았다는 사실의 공표명령 또는 게시명령
5. 기관경고
6. 기관주의
7. 그 밖에 위법행위를 시정하거나 방지하기 위하여 필요한 조치로서 대통령령으로 정하는 조치
③ 금융위원회는 기관전용 사모집합투자기구의 업무집행사원이 제1항 각 호(제4호는 제외한다)의 어느 하나에 해
당하거나 별표 6 각 호의 어느 하나에 해당하는 경우에는 다음 각 호의 어느 하나에 해당하는 조치를 할 수 있다.
<개정 2021. 4. 20.>
1. 그 업무집행사원에 대한 조치
가. 해임요구
나. 6개월 이내의 직무정지
법제처                                                            127                                                       국가법령정보센터
자본시장과 금융투자업에 관한 법률
다. 기관경고
라. 기관주의
마. 그 밖에 위법행위를 시정하거나 방지하기 위하여 필요한 조치로서 대통령령으로 정하는 조치
2. 그 업무집행사원의 임원에 대한 조치
가. 해임요구
나. 6개월 이내의 직무정지
다. 문책경고
라. 주의적 경고
마. 그 밖에 위법행위를 시정하거나 방지하기 위하여 필요한 조치로서 대통령령으로 정하는 조치
3. 그 업무집행사원의 직원에 대한 조치요구
가. 면직
나. 6개월 이내의 정직
다. 감봉
라. 견책
마. 주의
바. 그 밖에 위법행위를 시정하거나 방지하기 위하여 필요한 조치로서 대통령령으로 정하는 조치
④ 기관전용 사모집합투자기구 및 기관전용 사모집합투자기구의 업무집행사원에 대한 조치 등에 관하여는 제
422조제3항 및 제423조부터 제425조까지의 규정을 준용한다.<개정 2021. 4. 20.>
[본조신설 2015. 7. 24.]
[제목개정 2021. 4. 20.]
 
제249조의22(기업재무안정 사모집합투자기구 등에 대한 특례) ① 이 조에서 “기업재무안정 사모집합투자기구”란 다음
각 호의 어느 하나에 해당하는 재무구조개선기업(「금융산업의 구조개선에 관한 법률」에서 정하는 금융기관은 제외
한다. 이하 이 조에서 같다)의 경영정상화 및 재무안정 등을 위하여 제2항에서 정하는 바에 따라 투자ㆍ운용하여 그
수익을 투자자에게 배분하는 것을 목적으로 하는 사모집합투자기구를 말한다. <개정 2021. 4. 20.>
1. 「기업구조조정 촉진법」 제2조제7호에 따른 부실징후기업
2. 「채무자 회생 및 파산에 관한 법률」 제34조 또는 제35조에 따라 법원에 회생절차개시를 신청한 기업
3. 「채무자 회생 및 파산에 관한 법률」 제294조 또는 제295조에 따라 법원에 파산을 신청한 기업
4. 채권금융기관(대통령령으로 정하는 금융기관을 말한다)과 대통령령으로 정하는 재무구조개선을 위한 약정을 체
결한 기업
5. 법인(그 계열회사를 포함한다)의 합병ㆍ전환ㆍ정리 등 대통령령으로 정하는 바에 따라 구조조정 또는 재무구조
개선 등을 하려는 기업
6. 그 밖에 기업의 재무구조개선 또는 경영정상화의 추진이 필요한 기업으로서 대통령령으로 정하는 요건에 해당하
는 기업
② 기업재무안정 사모집합투자기구는 그 집합투자재산을 운용할 때에는 사원이 출자한 날부터 6개월 이상의 기간
으로서 대통령령으로 정하는 기간 이내에 출자한 금액의 100분의 50 이상으로서 대통령령으로 정하는 비율 이상을
다음 각 호의 어느 하나에 해당하는 방법으로 운용하여야 하며, 그와 같이 운용하고 남은 재산은 대통령령으로 정하
는 바에 따라 운용할 수 있다.<개정 2021. 4. 20.>
1. 재무구조개선기업이 발행한 증권의 매매
2. 재무구조개선기업이 채무자인 대출채권 등 채권, 이에 수반되는 담보권 및 그 밖의 권리의 매매
3. 재무구조개선기업이 보유하고 있는 부동산, 영업권 등 경제적 가치가 있는 자산의 매매
4. 자산총액에서 부채총액을 뺀 가액을 초과하지 아니하는 범위에서의 재무구조개선기업에 대한 자금의 대여 및 지
급의 보증
법제처                                                            128                                                       국가법령정보센터
자본시장과 금융투자업에 관한 법률
5. 제3항에 따른 투자목적회사의 지분증권에 대한 투자
③ 기업재무안정 사모집합투자기구가 주주 또는 사원인 경우로서 주주 또는 사원의 출자비율이 대통령령으로 정하
는 비율 이상인 투자목적회사는 제249조의13제1항제2호에도 불구하고 제2항제1호부터 제4호까지(제4호를 적용할
때 자산총액은 투자목적회사의 자산총액을 말한다)의 어느 하나에 해당하는 방법 및 그 밖에 대통령령으로 정하는
방법으로 재산을 운용할 수 있다.<개정 2021. 4. 20.>
④ 삭제<2021. 4. 20.>
⑤ 「국가재정법」 제13조제1항제2호부터 제5호까지의 기금을 관리하는 자는 해당 기금 여유자금운용액의 100분의
10의 범위에서 대통령령으로 정하는 비율 이내의 자금을 해당 기금운용계획에 따라 기업재무안정 사모집합투자기
구에 출자할 수 있다. 이 경우 기금이 출자한 금액은 제3항의 투자목적회사에 출자한 금액을 합하여 산정한다.<개
정 2021. 4. 20.>
⑥ 기업재무안정 사모집합투자기구 및 제3항의 투자목적회사는 6개월 미만의 기간 중에는 취득한 지분증권을 처분
해서는 아니 된다. 다만, 그 지분증권을 계속 소유함으로써 사원의 이익을 명백히 해칠 우려가 있는 경우, 그 밖에
대통령령으로 정하는 경우로서 미리 금융위원회의 승인을 받은 경우에는 6개월 미만의 기간 중에 이를 처분할 수
있다.<개정 2021. 4. 20.>
⑦ 기업재무안정 사모집합투자기구의 집합투자재산 및 제3항의 투자목적회사 재산의 투자비율의 산정방식, 그 밖
에 기업재무안정 사모집합투자기구의 집합투자재산 및 제3항의 투자목적회사 재산의 운용 및 운용제한, 자금차입
한도 산정방법 등에 관하여 필요한 사항은 대통령령으로 정한다.<개정 2021. 4. 20.>
[본조신설 2016. 12. 20.]
[제목개정 2021. 4. 20.]
 
제249조의23(창업ㆍ벤처전문 사모집합투자기구 등에 대한 특례) ① 이 조에서 “창업ㆍ벤처전문 사모집합투자기구”란
다음 각 호의 어느 하나에 해당하는 기업(이하 이 조에서 “창업ㆍ벤처기업등”이라 한다)의 성장기반 조성 및 건전한
발전을 위하여 제2항에서 정하는 바에 따라 투자ㆍ운용하여 그 수익을 투자자에게 배분하는 것을 목적으로 하는 사
모집합투자기구를 말한다. <개정 2019. 12. 31., 2020. 2. 11., 2021. 4. 20., 2021. 12. 28., 2023. 6. 13., 2024. 1. 9.>
1. 「중소기업창업 지원법」 제2조제3호에 따른 창업기업. 다만, 해당 창업기업이 창업하거나 창업하여 사업을 개시
한 중소기업이 「중소기업창업 지원법」 제5조제1항 단서에 해당하는 업종의 중소기업인 경우는 제외한다.
2. 「벤처기업육성에 관한 특별법」 제2조제1항에 따른 벤처기업
3. 「중소기업 기술혁신 촉진법」 제15조에 따른 기술혁신형 중소기업 또는 같은 법 제15조의3에 따른 경영혁신형
중소기업
4. 「기술보증기금법」 제2조제1호에 따른 신기술사업자
5. 「소재ㆍ부품ㆍ장비산업 경쟁력 강화 및 공급망 안정화를 위한 특별조치법」 제2조제5호에 따른 전문기업으로서
「중소기업기본법」 제2조에 따른 중소기업
6. 그 밖에 성장기반 조성 및 건전한 발전이 필요한 「중소기업기본법」 제2조에 따른 중소기업으로서 대통령령으로
정하는 기업
② 창업ㆍ벤처전문 사모집합투자기구는 그 집합투자재산을 운용할 때에는 사원이 출자한 날부터 6개월 이상의 기
간으로서 대통령령으로 정하는 기간 이내에 출자한 금액의 100분의 50 이상으로서 대통령령으로 정하는 비율 이상
을 다음 각 호의 어느 하나에 해당하는 방법으로 운용하여야 하며, 그와 같이 운용하고 남은 재산은 대통령령으로
정하는 바에 따라 운용할 수 있다.<개정 2021. 4. 20.>
1. 창업ㆍ벤처기업등이 발행한 증권에 대한 투자
2. 제3항에 따른 투자목적회사의 지분증권에 대한 투자
3. 그 밖에 창업ㆍ벤처기업등에 대한 자금 지원을 위하여 필요한 방법으로서 대통령령으로 정하는 방법
③ 창업ㆍ벤처전문 사모집합투자기구가 주주 또는 사원인 경우로서 주주 또는 사원의 출자비율이 대통령령으로 정
하는 비율 이상인 투자목적회사는 제249조의13제1항제2호에도 불구하고 제2항제1호ㆍ제3호 또는 그 밖에 대통령
령으로 정하는 방법으로 재산을 운용할 수 있다.<개정 2021. 4. 20.>
법제처                                                            129                                                       국가법령정보센터
자본시장과 금융투자업에 관한 법률
④ 창업ㆍ벤처전문 사모집합투자기구의 집합투자재산 및 제3항의 투자목적회사 재산의 투자비율의 산정방식, 그
밖에 창업ㆍ벤처전문 사모집합투자기구의 집합투자재산 및 제3항의 투자목적회사 재산의 운용 및 운용제한 등에
관하여 필요한 사항은 대통령령으로 정한다.<개정 2021. 4. 20.>
⑤ 창업ㆍ벤처전문 사모집합투자기구는 대통령령으로 정하는 바에 따라 제2항에 따른 집합투자재산 운용 현황, 그
밖에 대통령령으로 정하는 사항에 관하여 금융위원회에 보고하여야 한다.<개정 2021. 4. 20.>
[본조신설 2016. 12. 20.]
[제목개정 2021. 4. 20.]
 
         제3절 은행 및 보험회사에 대한 특칙 <신설 2015. 7. 24.>
 
제250조(은행에 대한 특칙) ① 은행으로서 제12조에 따라 집합투자업에 관한 금융투자업인가를 받은 자(이하 이 조에
서 “집합투자업겸영은행”이라 한다)는 인가받은 범위에서 투자신탁의 설정ㆍ해지 및 투자신탁재산의 운용업무를 영
위할 수 있다.
② 집합투자업겸영은행은 집합투자재산 운용업무와 관련한 의사결정을 위하여 제7항제1호ㆍ제3호ㆍ제4호의 업무
를 수행하지 아니하는 임원 3인(사외이사 2인을 포함한다)으로 구성된 집합투자재산운용위원회를 설치하여야 한다.
이 경우 집합투자재산운용위원회의 운영 등에 관하여 필요한 사항은 대통령령으로 정한다.
③ 집합투자업겸영은행은 투자신탁재산의 운용과 관련하여 다음 각 호의 어느 하나에 해당하는 행위를 하여서는
아니 된다.
1. 자기가 발행한 투자신탁의 수익증권을 자기의 고유재산으로 취득하는 행위
2. 자기가 운용하는 투자신탁의 투자신탁재산에 관한 정보를 다른 집합투자증권의 판매에 이용하는 행위
3. 자기가 운용하는 투자신탁의 수익증권을 다른 은행을 통하여 판매하는 행위
4. 제229조제5호의 단기금융집합투자기구를 설정하는 행위
④ 집합투자재산의 보관ㆍ관리업무를 영위하는 은행은 그 집합투자기구의 집합투자재산에 관한 정보를 자기가 운
용하는 투자신탁재산의 운용 또는 자기가 판매하는 집합투자증권의 판매를 위하여 이용하여서는 아니 된다.
⑤ 일반사무관리회사의 업무를 영위하는 은행은 해당 집합투자기구의 집합투자재산에 관한 정보를 자기가 운용하
는 투자신탁재산의 운용 또는 자기가 판매하는 집합투자증권의 판매를 위하여 이용하여서는 아니 된다.
⑥ 투자매매업 또는 투자중개업 인가를 받아 집합투자증권의 판매를 영위하는 은행은 다음 각 호의 어느 하나에 해
당하는 행위를 하여서는 아니 된다.
1. 자기가 판매하는 집합투자증권의 집합투자재산에 관한 정보를 자기가 운용하는 투자신탁재산의 운용 또는 자기
가 운용하는 투자신탁의 수익증권의 판매를 위하여 이용하는 행위
2. 집합투자증권의 판매업무와 「은행법」에 따른 업무를 연계하여 정당한 사유 없이 고객을 차별하는 행위
⑦ 은행이 이 법에 따라 집합투자업, 신탁업(집합투자재산의 보관ㆍ관리업무를 포함한다. 이하 이 항에서 같다) 또
는 일반사무관리회사의 업무를 영위하는 경우에는 임원(사실상 임원과 동등한 지위에 있는 자로서 대통령령으로
정하는 자를 포함한다. 이하 이 항에서 같다)을 두어야 하고, 임직원에게 다음 각 호의 업무를 겸직하게 하여서는 아
니 되며, 전산설비 또는 사무실 등의 공동사용 금지 및 다른 업무를 영위하는 임직원 간의 정보교류 제한 등 대통령
령으로 정하는 이해상충방지체계를 갖추어야 한다. 다만, 임원의 경우 제1호의 업무 중 제2호부터 제4호까지의 업
무와 이해상충이 적은 업무로서 대통령령으로 정하는 업무와 제2호부터 제4호까지의 업무를 겸직할 수 있으며, 제
3호 및 제4호의 업무 간에는 겸직할 수 있다.<개정 2009. 2. 3., 2013. 5. 28.>
1. 「은행법」에 따른 업무(제2호부터 제4호까지의 업무 및 대통령령으로 정하는 업무는 제외한다)
2. 집합투자업
3. 신탁업
4. 일반사무관리회사의 업무
 
법제처                                                            130                                                       국가법령정보센터
자본시장과 금융투자업에 관한 법률
제251조(보험회사에 대한 특칙) ① 보험회사로서 제12조에 따라 집합투자업에 관한 금융투자업인가를 받은 자(이하 이
조에서 “집합투자업겸영보험회사”라 한다)는 인가받은 범위에서 투자신탁의 설정ㆍ해지 및 투자신탁재산의 운용업
무를 영위할 수 있다. 이 경우 투자신탁의 설정ㆍ해지 및 투자신탁재산의 운용업무는 「보험업법」 제108조제1항제
3호에 따른 특별계정(특별계정 내에 각각의 신탁계약에 의하여 설정된 다수의 투자신탁이 있는 경우 각각의 투자신
탁을 말한다. 이하 이 항에서 같다)에 한하며, 그 특별계정은 이 법에 따른 투자신탁으로 본다.
② 제250조제3항(제2호에 한한다)은 집합투자업겸영보험회사에 준용하며, 같은 조 제4항부터 제6항까지의 규정은
보험회사에 준용한다. 이 경우 “은행”은 “보험회사”로, “「은행법」”은 “「보험업법」”으로 본다.
③ 보험회사는 이 법에 따라 집합투자업, 신탁업(집합투자재산의 보관ㆍ관리업무를 포함한다. 이하 이 항에서 같다)
또는 일반사무관리회사의 업무를 영위하는 경우에는 임원(대통령령으로 정하는 방법으로 투자신탁재산을 운용하는
경우의 임원을 제외하며, 사실상 임원과 동등한 지위에 있는 자로서 대통령령으로 정하는 자를 포함한다. 이하 이
항에서 같다)을 두어야 하고, 임직원에게 다음 각 호의 업무를 겸직하게 하여서는 아니 되며, 전산설비 또는 사무실
등의 공동사용 금지 및 다른 업무를 영위하는 임직원 간의 정보교류 제한 등 대통령령으로 정하는 이해상충방지체
계를 갖추어야 한다. 다만, 임원의 경우 제1호의 업무 중 제2호부터 제4호까지의 업무와 이해상충이 적은 업무로서
대통령령으로 정하는 업무와 제2호부터 제4호까지의 업무를 겸직할 수 있으며, 제3호 및 제4호의 업무 간에는 겸직
할 수 있다.<개정 2009. 2. 3., 2013. 5. 28.>
1. 「보험업법」에 따른 업무(제2호부터 제4호까지의 업무 및 대통령령으로 정하는 업무는 제외한다)
2. 집합투자업
3. 신탁업
4. 일반사무관리회사의 업무
④ 집합투자업겸영보험회사는 제83조제4항에 불구하고 투자신탁재산에 속하는 자산을 「보험업법」에서 정하는 방
법에 따라 그 보험에 가입한 자에게 대출하는 방법으로 운용할 수 있다.
⑤ 제182조, 제183조제1항, 제188조제1항제2호ㆍ제6호, 같은 조 제2항 각 호 외의 부분 후단 및 같은 조 제3항, 제
189조부터 제191조까지, 제192조(같은 조 제1항 단서는 제외한다), 제193조, 제230조, 제235조부터 제237조까지,
제238조제2항(대통령령으로 정하는 방법으로 투자신탁재산을 운용하는 경우에 한한다), 제239조제3항, 제253조제
1항 및 제420조제1항은 집합투자업겸영보험회사가 운용하는 투자신탁에 관하여는 적용하지 아니한다.<개정 2013.
5. 28.>
⑥ 제82조, 제86조, 제89조제1항제4호, 제90조 및 제92조는 보험회사의 집합투자업 영위에 관하여는 적용하지 아니
한다.<개정 2009. 2. 3.>
 
       제8장 감독ㆍ검사
 
제252조(투자회사등에 대한 감독ㆍ검사) ① 금융위원회는 투자자를 보호하고 건전한 거래질서를 유지하기 위하여 투
자회사등(기관전용 사모집합투자기구는 제외한다. 이하 이 조에서 같다)에 대하여 다음 각 호의 사항에 관하여 필요
한 조치를 명할 수 있다. <개정 2008. 2. 29., 2021. 4. 20.>
1. 집합투자재산의 운용에 관한 사항
2. 집합투자재산의 공시에 관한 사항
3. 그 밖에 투자자 보호 또는 건전한 거래질서를 위하여 필요한 사항으로서 대통령령으로 정하는 사항
② 제419조(제2항부터 제4항까지 및 제8항을 제외한다)는 투자회사등에 대한 검사에 관하여 준용한다.
 
제253조(집합투자기구의 등록취소 등) ① 금융위원회는 다음 각 호의 어느 하나에 해당하는 경우에는 집합투자기구의
등록을 취소할 수 있다. 다만, 제3호의 경우에는 등록을 취소하여야 한다. <개정 2008. 2. 29.>
1. 거짓, 그 밖의 부정한 방법으로 제182조제1항 또는 제8항에 따른 등록이나 변경등록을 한 경우
2. 제182조제2항 각 호에 따른 등록요건을 갖추지 못하게 된 경우
법제처                                                            131                                                       국가법령정보센터
자본시장과 금융투자업에 관한 법률
3. 집합투자기구가 해지 또는 해산한 경우
4. 투자회사의 순자산액이 3개월 이상 계속하여 제194조제2항제7호에 따른 최저순자산액에 미달하는 경우
5. 제182조제8항에 따른 변경등록을 하지 아니한 경우
6. 금융위원회의 시정명령 또는 중지명령을 이행하지 아니한 경우
7. 별표 2 각 호의 어느 하나에 해당하는 경우로서 대통령령으로 정하는 경우
8. 대통령령으로 정하는 금융관련 법령 등을 위반한 경우로서 대통령령으로 정하는 경우
9. 그 밖에 투자자의 이익을 현저히 해할 우려가 있거나 집합투자기구로서 존속하기 곤란하다고 인정되는 경우로서
대통령령으로 정하는 경우
② 금융위원회는 투자회사등(그 집합투자업자 또는 그 법인이사ㆍ업무집행사원ㆍ업무집행조합원을 포함한다)이 제
1항 각 호(제7호를 제외한다)의 어느 하나에 해당하거나 별표 2 각 호의 어느 하나에 해당하는 경우에는 그 투자회
사등에 대하여 다음 각 호의 어느 하나에 해당하는 조치를 할 수 있다.<개정 2008. 2. 29.>
1. 6개월 이내의 업무의 전부 또는 일부의 정지
2. 계약의 인계명령
3. 위법행위의 시정명령 또는 중지명령
4. 위법행위로 인한 조치를 받았다는 사실의 공표명령 또는 게시명령
5. 기관경고
6. 기관주의
7. 그 밖에 위법행위를 시정하거나 방지하기 위하여 필요한 조치로서 대통령령으로 정하는 조치
③ 금융위원회는 투자회사의 감독이사가 다음 각 호의 어느 하나에 해당하는 경우에는 해임요구, 6개월 이내의 직
무정지, 문책경고, 주의적 경고, 주의, 그 밖에 대통령령으로 정하는 조치를 할 수 있다.<개정 2008. 2. 29., 2020. 5.
19.>
1. 제195조제1항 각 호 외의 부분 단서를 위반하여 정관을 변경한 경우
2. 제199조제5항에서 준용하는 제54조제1항을 위반하여 정당한 사유 없이 직무관련 정보를 이용한 경우
3. 제200조제3항을 위반하여 결의한 경우
4. 제247조제2항을 위반하여 시정을 요구하지 아니하거나, 같은 조 제3항을 위반하여 보고 또는 공시에 관한 업무
를 이행하지 아니한 경우
5. 그 밖에 투자자 보호 또는 건전한 거래질서를 해할 우려가 있는 경우로서 대통령령으로 정하는 경우
④ 금융위원회는 다음 각 호의 어느 하나에 해당하는 경우에는 교차판매 집합투자기구의 등록을 취소할 수 있다. 다
만, 제1호 및 제4호의 경우에는 등록을 취소하여야 한다.<신설 2019. 11. 26.>
1. 거짓이나 그 밖의 부정한 방법으로 제182조의2제1항 또는 제3항에 따른 등록이나 변경등록을 한 경우
2. 제182조의2제2항 각 호에 따른 등록요건을 갖추지 못하게 된 경우
3. 제182조의2제3항에 따른 변경등록을 하지 아니한 경우
4. 제1항에 따라 집합투자기구의 등록이 취소된 경우
5. 그 밖에 투자자의 이익을 현저히 해할 우려가 있거나 교차판매 집합투자기구로서 존속하기 곤란하다고 인정되는
경우로서 대통령령으로 정하는 경우
⑤ 금융위원회는 제1항 또는 제4항에 따라 집합투자기구 또는 교차판매 집합투자기구의 등록을 취소하거나, 제3항
에 따라 투자회사의 감독이사에 대한 해임요구를 하고자 하는 경우에는 청문을 실시하여야 한다.<개정 2008. 2.
29., 2019. 11. 26.>
⑥ 제424조 및 제425조는 집합투자기구 및 투자회사의 감독이사에 대한 조치 등에 관하여 준용한다.<개정 2019.
11. 26.>
 
       제9장 집합투자기구의 관계회사
법제처                                                            132                                                       국가법령정보센터
자본시장과 금융투자업에 관한 법률
제254조(일반사무관리회사) ① 제184조제6항에 따라 투자회사의 위탁을 받아 같은 조 제6항 각 호의 업무를 영위하거
나, 투자신탁이나 투자익명조합의 집합투자업자 또는 투자회사등의 위탁을 받아 제238조제6항에 따른 집합투자증
권의 기준가격 산정 및 그 밖에 이와 관련된 업무로서 대통령령으로 정하는 업무를 영위하려는 자는 금융위원회에
등록하여야 한다. <개정 2008. 2. 29., 2021. 6. 8.>
② 제1항에 따른 등록을 하려는 자는 다음 각 호의 요건을 모두 갖추어야 한다.<개정 2013. 5. 28., 2015. 7. 31.,
2016. 3. 22.>
1. 다음 각 목의 어느 하나에 해당할 것
가. 「상법」에 따른 주식회사
나. 명의개서대행회사
다. 그 밖에 대통령령으로 정하는 금융기관
2. 5억원 이상으로서 대통령령으로 정하는 금액 이상의 자기자본을 갖출 것
3. 상근 임직원 중 대통령령으로 정하는 기준의 전문인력을 보유할 것
4. 전산설비 등 대통령령으로 정하는 물적 설비를 갖출 것
5. 임원이 「금융회사의 지배구조에 관한 법률」 제5조에 적합할 것
6. 대통령령으로 정하는 이해상충방지체계를 구축하고 있을 것(대통령령으로 정하는 금융업을 영위하고 있는 경우
에 한한다)
③ 제1항에 따른 등록을 하려는 자는 금융위원회에 등록신청서를 제출하여야 한다.<개정 2008. 2. 29.>
④ 금융위원회는 제3항의 등록신청서를 접수한 경우에는 그 내용을 검토하여 30일 이내에 등록 여부를 결정하고,
그 결과와 이유를 지체 없이 신청인에게 문서로 통지하여야 한다. 이 경우 등록신청서에 흠결이 있는 때에는 보완을
요구할 수 있다.<개정 2008. 2. 29.>
⑤ 제4항의 검토기간을 산정함에 있어서 등록신청서 흠결의 보완기간 등 총리령으로 정하는 기간은 검토기간에 산
입하지 아니한다.<개정 2008. 2. 29.>
⑥ 금융위원회는 제4항의 등록 여부를 결정함에 있어서 다음 각 호의 어느 하나에 해당하는 사유가 없는 한 그 등
록을 거부하여서는 아니 된다.<개정 2008. 2. 29.>
1. 제2항의 등록요건을 갖추지 아니한 경우
2. 제3항의 등록신청서를 거짓으로 작성한 경우
3. 제4항 후단의 보완요구를 이행하지 아니한 경우
⑦ 금융위원회는 제4항에 따라 등록을 결정한 경우 일반사무관리회사등록부에 필요한 사항을 기재하여야 하며, 등
록결정한 내용을 관보 및 인터넷 홈페이지 등에 공고하여야 한다.<개정 2008. 2. 29.>
⑧ 제1항에 따라 등록을 한 자(이하 “일반사무관리회사”라 한다)는 등록 이후 그 영업을 영위함에 있어서 제2항 각
호의 등록요건(같은 항 제2호의 경우에는 대통령령으로 정하는 완화된 요건을 말한다)을 계속 유지하여야 한다.
⑨ 제1항부터 제7항까지의 규정에 따른 등록신청서의 기재사항ㆍ첨부서류 등 등록의 신청에 관한 사항과 등록검토
의 방법ㆍ절차, 그 밖에 필요한 사항은 대통령령으로 정한다.
 
제255조(준용규정) 제42조, 제54조, 제60조 및 제64조는 일반사무관리회사에 준용한다.
 
제256조(일반사무관리회사에 대한 감독ㆍ검사) ① 금융위원회는 투자자를 보호하고 건전한 거래질서를 유지하기 위하
여 일반사무관리회사에 대하여 다음 각 호의 사항에 관하여 필요한 조치를 명할 수 있다. <개정 2008. 2. 29.>
1. 고유재산의 운용에 관한 사항
2. 영업의 질서 유지에 관한 사항
3. 영업방법에 관한 사항
4. 그 밖에 투자자 보호 또는 건전한 거래질서를 위하여 필요한 사항으로서 대통령령으로 정하는 사항
② 제419조(제2항부터 제4항까지 및 제8항을 제외한다)는 일반사무관리회사에 대한 검사에 관하여 준용한다.
 
법제처                                                            133                                                       국가법령정보센터
자본시장과 금융투자업에 관한 법률
제257조(일반사무관리회사에 대한 처분) ① 금융위원회는 일반사무관리회사가 별표 3 각 호의 어느 하나에 해당하는
경우에는 제254조제1항에 따른 등록을 취소할 수 있다. <개정 2008. 2. 29.>
② 금융위원회는 일반사무관리회사가 별표 3 각 호의 어느 하나에 해당하는 경우에는 다음 각 호의 어느 하나에 해
당하는 조치를 할 수 있다.<개정 2008. 2. 29.>
1. 6개월 이내의 업무의 전부 또는 일부의 정지
2. 계약의 인계명령
3. 위법행위의 시정명령 또는 중지명령
4. 위법행위로 인한 조치를 받았다는 사실의 공표명령 또는 게시명령
5. 기관경고
6. 기관주의
7. 그 밖에 위법행위를 시정하거나 방지하기 위하여 필요한 조치로서 대통령령으로 정하는 조치
③ 금융위원회는 일반사무관리회사의 임원이 별표 3 각 호의 어느 하나에 해당하는 경우에는 다음 각 호의 어느 하
나에 해당하는 조치를 할 수 있다.<개정 2008. 2. 29.>
1. 해임요구
2. 6개월 이내의 직무정지
3. 문책경고
4. 주의적 경고
5. 주의
6. 그 밖에 위법행위를 시정하거나 방지하기 위하여 필요한 조치로서 대통령령으로 정하는 조치
④ 금융위원회는 일반사무관리회사의 직원이 별표 3 각 호의 어느 하나에 해당하는 경우에는 다음 각 호의 어느 하
나에 해당하는 조치를 그 일반사무관리회사에 요구할 수 있다.<개정 2008. 2. 29.>
1. 면직
2. 6개월 이내의 정직
3. 감봉
4. 견책
5. 경고
6. 주의
7. 그 밖에 위법행위를 시정하거나 방지하기 위하여 필요한 조치로서 대통령령으로 정하는 조치
⑤ 제422조제3항 및 제423조부터 제425조까지의 규정은 일반사무관리회사 및 그 임직원에 대한 조치 등에 관하여
준용한다.
 
제258조(집합투자기구평가회사) ① 집합투자기구를 평가하고 이를 투자자에게 제공하는 업무를 영위하려는 자는 금융
위원회에 등록하여야 한다. <개정 2008. 2. 29.>
② 제1항에 따른 등록을 하려는 자는 다음 각 호의 요건을 모두 갖추어야 한다.<개정 2013. 5. 28., 2015. 7. 31.>
1. 「상법」에 따른 주식회사일 것
2. 투자매매업자ㆍ투자중개업자 또는 집합투자업자와 그 계열회사가 아닐 것
3. 1억원 이상으로서 대통령령으로 정하는 금액 이상의 자기자본을 갖출 것
4. 상근 임직원 중 대통령령으로 정하는 기준의 전문인력을 보유할 것
5. 전산설비 등 대통령령으로 정하는 물적 설비를 갖출 것
6. 임원이 「금융회사의 지배구조에 관한 법률」 제5조에 적합할 것
7. 대통령령으로 정하는 집합투자기구평가체계를 갖출 것
8. 대통령령으로 정하는 이해상충방지체계를 구축하고 있을 것(대통령령으로 정하는 금융업을 영위하고 있는 경우
에 한한다)
법제처                                                            134                                                       국가법령정보센터
자본시장과 금융투자업에 관한 법률
③ 제1항에 따른 등록을 하려는 자는 금융위원회에 등록신청서를 제출하여야 한다.<개정 2008. 2. 29.>
④ 금융위원회는 제3항의 등록신청서를 접수한 경우에는 그 내용을 검토하여 30일 이내에 등록 여부를 결정하고,
그 결과와 이유를 지체 없이 신청인에게 문서로 통지하여야 한다. 이 경우 등록신청서에 흠결이 있는 때에는 보완을
요구할 수 있다.<개정 2008. 2. 29.>
⑤ 제4항의 검토기간을 산정함에 있어서 등록신청서 흠결의 보완기간 등 총리령으로 정하는 기간은 검토기간에 산
입하지 아니한다.<개정 2008. 2. 29.>
⑥ 금융위원회는 제4항의 등록 여부를 결정함에 있어서 다음 각 호의 어느 하나에 해당하는 사유가 없는 한 그 등
록을 거부하여서는 아니 된다.<개정 2008. 2. 29.>
1. 제2항의 등록요건을 갖추지 아니한 경우
2. 제3항의 등록신청서를 거짓으로 작성한 경우
3. 제4항 후단의 보완요구를 이행하지 아니한 경우
⑦ 금융위원회는 제4항에 따라 등록을 결정한 경우 집합투자기구평가회사등록부에 필요한 사항을 기재하여야 하며
, 등록결정한 내용을 관보 및 인터넷 홈페이지 등에 공고하여야 한다.<개정 2008. 2. 29.>
⑧ 제1항에 따라 등록을 한 자(이하 “집합투자기구평가회사”라 한다)는 등록 이후 그 영업을 영위함에 있어서 제2항
각 호의 등록요건(같은 항 제3호의 경우에는 대통령령으로 정하는 완화된 요건을 말한다)을 계속 유지하여야 한다.
⑨ 제1항부터 제7항까지의 규정에 따른 등록신청서의 기재사항ㆍ첨부서류 등 등록의 신청에 관한 사항과 등록검토
의 방법ㆍ절차, 그 밖에 필요한 사항은 대통령령으로 정한다.
 
제259조(영업행위준칙 등) ① 집합투자기구평가회사는 대통령령으로 정하는 사항이 포함된 영업행위준칙을 제정하여
야 한다.
② 집합투자업자는 집합투자재산의 명세를 대통령령으로 정하는 방법에 따라 집합투자기구평가회사에 제공할 수
있다.
③ 집합투자기구평가회사의 평가기준의 공시방법 등에 관하여 필요한 사항은 대통령령으로 정한다.
 
제260조(준용규정) 제54조, 제60조 및 제64조는 집합투자기구평가회사에 준용한다.
 
제261조(집합투자기구평가회사에 대한 감독ㆍ검사) ① 금융위원회는 투자자를 보호하고 건전한 거래질서를 유지하기
위하여 집합투자기구평가회사에 대하여 다음 각 호의 사항에 관하여 필요한 조치를 명할 수 있다. <개정 2008. 2.
29.>
1. 고유재산의 운용에 관한 사항
2. 영업의 질서 유지에 관한 사항
3. 영업방법에 관한 사항
4. 그 밖에 투자자 보호 또는 건전한 거래질서를 위하여 필요한 사항으로서 대통령령으로 정하는 사항
② 제419조(제2항부터 제4항까지 및 제8항을 제외한다)는 집합투자기구평가회사에 대한 검사에 관하여 준용한다.
 
제262조(집합투자기구평가회사에 대한 조치) ① 금융위원회는 집합투자기구평가회사가 별표 4 각 호의 어느 하나에 해
당하는 경우에는 제258조제1항에 따른 등록을 취소할 수 있다. <개정 2008. 2. 29.>
② 금융위원회는 집합투자기구평가회사가 별표 4 각 호의 어느 하나에 해당하는 경우에는 다음 각 호의 어느 하나
에 해당하는 조치를 할 수 있다.<개정 2008. 2. 29.>
1. 6개월 이내의 업무의 전부 또는 일부의 정지
2. 계약의 인계명령
3. 위법행위의 시정명령 또는 중지명령
4. 위법행위로 인한 조치를 받았다는 사실의 공표명령 또는 게시명령
5. 기관경고
법제처                                                            135                                                       국가법령정보센터
자본시장과 금융투자업에 관한 법률
6. 기관주의
7. 그 밖에 위법행위를 시정하거나 방지하기 위하여 필요한 조치로서 대통령령으로 정하는 조치
③ 금융위원회는 집합투자기구평가회사의 임원이 별표 4 각 호의 어느 하나에 해당하는 경우에는 다음 각 호의 어
느 하나에 해당하는 조치를 할 수 있다.<개정 2008. 2. 29.>
1. 해임요구
2. 6개월 이내의 직무정지
3. 문책경고
4. 주의적 경고
5. 주의
6. 그 밖에 위법행위를 시정하거나 방지하기 위하여 필요한 조치로서 대통령령으로 정하는 조치
④ 금융위원회는 집합투자기구평가회사의 직원이 별표 4 각 호의 어느 하나에 해당하는 경우에는 다음 각 호의 어
느 하나에 해당하는 조치를 그 집합투자기구평가회사에 요구할 수 있다.<개정 2008. 2. 29.>
1. 면직
2. 6개월 이내의 정직
3. 감봉
4. 견책
5. 경고
6. 주의
7. 그 밖에 위법행위를 시정하거나 방지하기 위하여 필요한 조치로서 대통령령으로 정하는 조치
⑤ 제422조제3항 및 제423조부터 제425조까지의 규정은 집합투자기구평가회사 및 그 임직원에 대한 조치 등에 관
하여 준용한다.
 
제263조(채권평가회사) ① 집합투자재산에 속하는 채권 등 자산의 가격을 평가하고 이를 집합투자기구에게 제공하는
업무를 영위하려는 자는 금융위원회에 등록하여야 한다. <개정 2008. 2. 29.>
② 제1항에 따른 등록을 하려는 자는 다음 각 호의 요건을 모두 갖추어야 한다.<개정 2013. 5. 28., 2015. 7. 31.>
1. 「상법」에 따른 주식회사일 것
2. 20억원 이상으로서 대통령령으로 정하는 금액 이상의 자기자본을 갖출 것
3. 상호출자제한기업집단의 출자액 또는 대통령령으로 정하는 금융기관의 출자액이 각각 100분의 10 이하일 것
4. 상근 임직원 중 대통령령으로 정하는 기준의 전문인력을 보유할 것
5. 전산설비 등 대통령령으로 정하는 물적 설비를 갖출 것
6. 임원이 「금융회사의 지배구조에 관한 법률」 제5조에 적합할 것
7. 대통령령으로 정하는 채권 등의 가격평가체계를 갖출 것
8. 대통령령으로 정하는 이해상충방지체계를 구축하고 있을 것(대통령령으로 정하는 금융업을 영위하고 있는 경우
에 한한다)
③ 제1항에 따른 등록을 하려는 자는 금융위원회에 등록신청서를 제출하여야 한다.<개정 2008. 2. 29.>
④ 금융위원회는 제3항의 등록신청서를 접수한 경우에는 그 내용을 검토하여 30일 이내에 등록 여부를 결정하고,
그 결과와 이유를 지체 없이 신청인에게 문서로 통지하여야 한다. 이 경우 등록신청서에 흠결이 있는 때에는 보완을
요구할 수 있다.<개정 2008. 2. 29.>
⑤ 제4항의 검토기간을 산정함에 있어서 등록신청서 흠결의 보완기간 등 총리령으로 정하는 기간은 검토기간에 산
입하지 아니한다.<개정 2008. 2. 29.>
⑥ 금융위원회는 제4항의 등록 여부를 결정함에 있어서 다음 각 호의 어느 하나에 해당하는 사유가 없는 한 그 등
록을 거부하여서는 아니 된다.<개정 2008. 2. 29.>
1. 제2항의 등록요건을 갖추지 아니한 경우
법제처                                                            136                                                       국가법령정보센터
자본시장과 금융투자업에 관한 법률
2. 제3항의 등록신청서를 거짓으로 작성한 경우
3. 제4항 후단의 보완요구를 이행하지 아니한 경우
⑦ 금융위원회는 제4항에 따라 등록을 결정한 경우 채권평가회사등록부에 필요한 사항을 기재하여야 하며, 등록결
정한 내용을 관보 및 인터넷 홈페이지 등에 공고하여야 한다.<개정 2008. 2. 29.>
⑧ 제1항에 따라 등록을 한 자(이하 “채권평가회사”라 한다)는 등록 이후 그 영업을 영위함에 있어서 제2항 각 호의
등록요건(같은 항 제2호의 경우에는 대통령령으로 정하는 완화된 요건을 말한다)을 계속 유지하여야 한다.
⑨ 제1항부터 제7항까지의 규정에 따른 등록신청서의 기재사항ㆍ첨부서류 등 등록의 신청에 관한 사항과 등록검토
의 방법ㆍ절차, 그 밖에 필요한 사항은 대통령령으로 정한다.
 
제264조(업무준칙 등) ① 채권평가회사는 대통령령으로 정하는 사항이 포함된 업무준칙을 제정하여야 한다.
② 채권평가회사의 증권평가기준 공시방법 등에 관하여 필요한 사항은 대통령령으로 정한다.
 
제265조(준용규정) 제54조, 제60조 및 제64조는 채권평가회사에 준용한다.
 
제266조(채권평가회사에 대한 감독ㆍ검사) ① 금융위원회는 투자자를 보호하고 건전한 거래질서를 유지하기 위하여
채권평가회사에 대하여 다음 각 호의 사항에 관하여 필요한 조치를 명할 수 있다. <개정 2008. 2. 29.>
1. 고유재산의 운용에 관한 사항
2. 영업의 질서 유지에 관한 사항
3. 영업방법에 관한 사항
4. 그 밖에 투자자 보호 또는 건전한 거래질서를 위하여 필요한 사항으로서 대통령령으로 정하는 사항
② 제419조(제2항부터 제4항까지 및 제8항을 제외한다)는 채권평가회사에 대한 검사에 관하여 준용한다.
 
제267조(채권평가회사에 대한 조치) ① 금융위원회는 채권평가회사가 별표 5 각 호의 어느 하나에 해당하는 경우에는
제263조제1항에 따른 등록을 취소할 수 있다. <개정 2008. 2. 29.>
② 금융위원회는 채권평가회사가 별표 5 각 호의 어느 하나에 해당하는 경우에는 다음 각 호의 어느 하나에 해당하
는 조치를 할 수 있다.<개정 2008. 2. 29.>
1. 6개월 이내의 업무의 전부 또는 일부의 정지
2. 계약의 인계명령
3. 위법행위의 시정명령 또는 중지명령
4. 위법행위로 인한 조치를 받았다는 사실의 공표명령 또는 게시명령
5. 기관경고
6. 기관주의
7. 그 밖에 위법행위를 시정하거나 방지하기 위하여 필요한 조치로서 대통령령으로 정하는 조치
③ 금융위원회는 채권평가회사의 임원이 별표 5 각 호의 어느 하나에 해당하는 경우에는 다음 각 호의 어느 하나에
해당하는 조치를 할 수 있다.<개정 2008. 2. 29.>
1. 해임요구
2. 6개월 이내의 직무정지
3. 문책경고
4. 주의적 경고
5. 주의
6. 그 밖에 위법행위를 시정하거나 방지하기 위하여 필요한 조치로서 대통령령으로 정하는 조치
④ 금융위원회는 채권평가회사의 직원이 별표 5 각 호의 어느 하나에 해당하는 경우에는 다음 각 호의 어느 하나에
해당하는 조치를 그 채권평가회사에 요구할 수 있다.<개정 2008. 2. 29.>
1. 면직
법제처                                                            137                                                       국가법령정보센터
자본시장과 금융투자업에 관한 법률
2. 6개월 이내의 정직
3. 감봉
4. 견책
5. 경고
6. 주의
7. 그 밖에 위법행위를 시정하거나 방지하기 위하여 필요한 조치로서 대통령령으로 정하는 조치
⑤ 제422조제3항 및 제423조부터 제425조까지의 규정은 채권평가회사 및 그 임직원에 대한 조치 등에 관하여 준용
한다.
 
       제10장 삭제 <2015. 7. 24.>
 
제268조 삭제 <2015. 7. 24.>
 
제269조 삭제 <2015. 7. 24.>
 
제270조 삭제 <2015. 7. 24.>
 
제271조 삭제 <2015. 7. 24.>
 
제272조 삭제 <2015. 7. 24.>
 
제272조의2 삭제 <2015. 7. 24.>
 
제273조 삭제 <2015. 7. 24.>
 
제274조 삭제 <2015. 7. 24.>
 
제275조 삭제 <2009. 6. 9.>
 
제276조 삭제 <2015. 7. 24.>
 
제277조 삭제 <2015. 7. 24.>
 
제278조 삭제 <2015. 7. 24.>
 
제278조의2 삭제 <2013. 8. 13.>
 
제278조의3 삭제 <2015. 7. 24.>
 
       제11장 외국 집합투자증권에 대한 특례
 
제279조(외국 집합투자기구의 등록 등) ① 외국 투자신탁(투자신탁과 유사한 것으로서 외국 법령에 따라 설정된 투자
신탁을 말한다. 이하 같다)이나 외국 투자익명조합(투자익명조합과 유사한 것으로서 외국 법령에 따라 설립된 투자
익명조합을 말한다. 이하 같다)의 외국 집합투자업자(외국 법령에 따라 집합투자업에 상당하는 영업을 영위하는 자
를 말한다. 이하 같다) 또는 외국 투자회사등(외국 법령에 따라 설립된 투자회사등을 말한다. 이하 같다)은 외국 집합
투자증권(집합투자증권과 유사한 것으로서 외국 법령에 따라 외국에서 발행된 것을 말한다. 이하 같다)을 국내에서
판매하고자 하는 경우에는 해당 외국 집합투자기구(집합투자기구와 유사한 것으로서 외국 법령에 따라 설정ㆍ설립
된 것을 말한다. 이하 같다)를 금융위원회에 등록하여야 한다. <개정 2008. 2. 29.>
법제처                                                            138                                                       국가법령정보센터
자본시장과 금융투자업에 관한 법률
② 외국 투자신탁이나 외국 투자익명조합의 외국 집합투자업자 또는 외국 투자회사등은 제1항에 따라 외국 집합투
자기구를 등록하고자 하는 경우 대통령령으로 정하는 외국 집합투자업자 적격 요건 및 외국 집합투자증권 판매적
격 요건을 갖추어야 한다. 이 경우 다음 각 호의 어느 하나에 해당하는 경우에는 외국 집합투자업자 적격 요건 및
외국 집합투자증권 판매적격 요건을 달리 정할 수 있다.<개정 2019. 11. 26.>
1. 전문투자자 중 대통령령으로 정하는 자만을 대상으로 외국 집합투자증권을 판매하려는 경우
2. 교차판매협약등을 체결한 외국에서 교차판매협약등에 따라 설정ㆍ설립된 것으로 인정되는 외국 집합투자기구의
집합투자증권을 판매하려는 경우
③ 제182조제2항부터 제9항까지의 규정은 제1항에 따른 외국 집합투자기구의 등록에 관하여 준용한다. 이 경우 같
은 조 제2항제2호 중 “이 법”은 “외국 집합투자기구가 설정ㆍ설립된 국가의 법”으로 본다.
 
제280조(외국 집합투자증권의 국내판매) ① 외국 투자신탁이나 외국 투자익명조합의 외국 집합투자업자 또는 외국 투
자회사등은 외국 집합투자증권을 국내에서 판매하는 경우에는 투자매매업자 또는 투자중개업자를 통하여 판매하여
야 한다.
② 외국 집합투자업자는 제88조에 따른 자산운용보고서를 작성하여 3개월마다 1회 이상 해당 외국 집합투자기구의
투자자에게 제공하여야 한다.
③ 투자자는 외국 투자신탁이나 외국 투자익명조합의 외국 집합투자업자, 외국 투자회사등 또는 외국 집합투자증권
을 판매한 투자매매업자 또는 투자중개업자에 대하여 영업시간 중 이유를 기재한 서면으로 그 투자자에 관련된 집
합투자재산에 관한 장부ㆍ서류로서 대통령령으로 정하는 장부ㆍ서류의 열람이나 등본 또는 초본의 교부를 청구할
수 있으며, 외국 투자신탁이나 외국 투자익명조합의 외국 집합투자업자, 외국 투자회사등 또는 외국 집합투자증권
을 판매한 투자매매업자 또는 투자중개업자는 대통령령으로 정하는 정당한 사유가 없는 한 이를 거절하지 못한다.
④ 외국 투자신탁이나 외국 투자익명조합의 외국 집합투자업자 또는 외국 투자회사등은 해당 외국 집합투자증권의
기준가격을 매일 공고ㆍ게시하여야 한다. 다만, 기준가격을 매일 공고ㆍ게시하기 곤란한 경우 등 대통령령으로 정
하는 경우에는 해당 집합투자규약에서 기준가격의 공고ㆍ게시기간을 15일 이내의 범위에서 별도로 정할 수 있다.
⑤ 외국 집합투자증권의 국내 판매와 관련하여 판매방법, 보고서 제공, 그 밖에 필요한 사항은 대통령령으로 정한다
.
 
제281조(외국 집합투자업자 등에 대한 감독ㆍ검사) ① 금융위원회는 투자자를 보호하고 건전한 거래질서를 유지하기
위하여 외국 투자신탁이나 외국 투자익명조합의 외국 집합투자업자 또는 외국 투자회사등에 대하여 해당 집합투자
재산의 공시 등에 관하여 필요한 조치를 명할 수 있다. <개정 2008. 2. 29.>
② 제419조(제2항부터 제4항까지 및 제8항을 제외한다)는 외국 투자신탁이나 외국 투자익명조합의 외국 집합투자
업자 또는 외국 투자회사등에 대한 검사에 관하여 준용한다.
 
제282조(외국 집합투자기구의 등록취소) ① 금융위원회는 다음 각 호의 어느 하나에 해당하는 경우에는 외국 집합투자
기구의 등록을 취소할 수 있다. <개정 2008. 2. 29.>
1. 거짓, 그 밖의 부정한 방법으로 제279조제1항에 따른 등록을 하거나 제279조제3항에서 준용하는 제182조제8항
에 따른 변경등록을 한 경우
2. 제279조제3항에서 준용하는 제182조제2항 각 호에 따른 등록요건을 갖추지 못하게 된 경우
3. 제279조제3항에서 준용하는 제182조제8항에 따른 변경등록을 하지 아니한 경우
4. 제279조제2항에 따른 외국 집합투자업자 적격 요건 또는 외국 집합투자증권 판매적격 요건을 갖추지 못하게 된
경우
5. 제280조를 위반한 경우
6. 제281조제1항에 따른 명령을 위반한 경우
7. 그 밖에 투자자의 이익을 현저히 해할 우려가 있거나 외국 집합투자기구로서 존속하기 곤란하다고 인정되는 경
우로서 대통령령으로 정하는 경우
법제처                                                            139                                                       국가법령정보센터
자본시장과 금융투자업에 관한 법률
② 금융위원회는 제1항에 따라 외국 집합투자기구의 등록을 취소하고자 하는 경우에는 청문을 실시하여야 한다.
<개정 2008. 2. 29.>
③ 제424조 및 제425조는 외국 집합투자기구의 등록 취소에 관하여 준용한다.
 
     제6편 금융투자업관계기관
       제1장 한국금융투자협회
 
제283조(설립) ① 회원 상호 간의 업무질서 유지 및 공정한 거래를 확립하고 투자자를 보호하며 금융투자업의 건전한
발전을 위하여 한국금융투자협회를 설립한다.
② 협회는 회원조직으로서의 법인으로 한다.
③ 협회는 대통령령으로 정하는 바에 따라 주된 사무소의 소재지에서 설립등기를 함으로써 성립한다.
④ 협회에 대하여는 이 법에서 특별한 규정이 있는 것을 제외하고는 「민법」 중 사단법인에 관한 규정을 준용한다.
 
제284조(유사명칭 사용의 금지) 협회가 아닌 자는 “금융투자협회”, “증권협회”, “선물협회”, “자산운용협회” 또는 이와
유사한 명칭을 사용하여서는 아니 된다.
 
제285조(회원) ① 협회의 회원이 될 수 있는 자는 금융투자업자, 그 밖에 금융투자업과 관련된 업무를 영위하는 자로서
대통령령으로 정하는 자로 한다.
② 협회는 정관이 정하는 바에 따라 회원으로부터 회비를 징수할 수 있다.
 
제286조(업무) ① 협회는 정관이 정하는 바에 따라 다음 각 호의 업무를 행한다. <개정 2010. 3. 12.>
1. 회원 간의 건전한 영업질서 유지 및 투자자 보호를 위한 자율규제업무
2. 회원의 영업행위와 관련된 분쟁의 자율조정(당사자의 신청이 있는 경우에 한한다)에 관한 업무
3. 다음 각 목의 주요직무 종사자의 등록 및 관리에 관한 업무
가. 투자권유자문인력(투자권유를 하거나 투자에 관한 자문 업무를 수행하는 자를 말한다)
나. 조사분석인력(조사분석자료를 작성하거나 이를 심사ㆍ승인하는 업무를 수행하는 자를 말한다)
다. 투자운용인력(집합투자재산ㆍ신탁재산 또는 투자일임재산을 운용하는 업무를 수행하는 자를 말한다)
라. 그 밖에 투자자 보호 또는 건전한 거래질서를 위하여 대통령령으로 정하는 주요직무 종사자
4. 금융투자업자가 다음 각 목의 어느 하나에 해당하는 장외파생상품을 신규로 취급하는 경우 그 사전심의업무
가. 기초자산이 제4조제10항제4호 또는 제5호에 해당하는 장외파생상품
나. 일반투자자를 대상으로 하는 장외파생상품
5. 증권시장에 상장되지 아니한 주권의 장외매매거래에 관한 업무
6. 금융투자업 관련제도의 조사ㆍ연구에 관한 업무
7. 투자자 교육 및 이를 위한 재단의 설립ㆍ운영에 관한 업무
8. 금융투자업 관련 연수업무
9. 이 법 또는 다른 법령에 따라 위탁받은 업무
10. 제1호부터 제9호까지의 업무 외에 대통령령으로 정하는 업무
11. 제1호부터 제10호까지의 업무에 부수되는 업무
② 협회는 제1항 각 호의 업무를 행함에 있어 같은 항 제1호, 제2호 및 제4호의 업무가 다른 업무와 독립적으로 운
영되도록 하여야 하며, 이를 위하여 별도의 조직을 갖추어야 한다.<개정 2010. 3. 12.>
 
제287조(정관) ① 협회의 정관에는 다음 각 호의 사항을 기재하여야 한다.
1. 목적
2. 명칭
법제처                                                            140                                                       국가법령정보센터
자본시장과 금융투자업에 관한 법률
3. 조직에 관한 사항. 이 경우 조직은 금융투자업의 종류 및 금융투자상품의 범위를 기준으로 대통령령으로 정하는
바에 따라 구분ㆍ운영되어야 한다.
4. 사무소에 관한 사항
5. 업무에 관한 사항
6. 회원의 자격 및 권리의무에 관한 사항
7. 회원의 가입, 제명, 그 밖의 제재(회원의 임직원에 대한 제재의 권고를 포함한다)에 관한 사항
8. 회비에 관한 사항
9. 공고의 방법
10. 그 밖에 협회의 운영에 관한 사항으로서 대통령령으로 정하는 사항
② 협회는 정관 중 대통령령으로 정하는 사항을 변경하고자 하는 경우에는 금융위원회의 승인을 받아야 한다.<개정
2008. 2. 29.>
 
제288조(분쟁의 자율조정) ① 협회는 제286조제1항제2호에 따른 분쟁의 자율조정을 위하여 필요한 분쟁조정규정을 정
한다.
② 협회는 분쟁의 조정을 위하여 필요하다고 인정되는 경우에는 당사자에 대하여 사실의 확인 또는 자료의 제출 등
을 요구할 수 있다.
③ 협회는 당사자, 그 밖의 이해관계인의 의견을 들을 필요가 있다고 인정되는 경우에는 이들에게 회의에 출석하여
의견을 진술할 것을 요청할 수 있다.
 
제288조의2(장외파생상품심의위원회) ① 협회는 제286조제1항제4호에 따른 장외파생상품에 관한 사전심의업무 수행
을 위하여 장외파생상품심의위원회(이하 이 조에서 “위원회”라 한다)를 둔다.
② 위원회는 위원장 1명을 포함한 5명 이상 10명 이내의 위원으로 구성한다.
③ 위원회의 회의는 재적위원 과반수의 출석과 출석위원 3분의 2 이상의 찬성으로 의결한다.
④ 위원회는 제1항의 사전심의업무를 수행함에 있어서 다음 각 호의 사항을 고려하여야 한다.
1. 기초자산이 제4조제10항제4호 또는 제5호에 해당하는 장외파생상품의 경우 기초자산 가격 변동에 대한 정보 제
공 가능성에 관한 사항
2. 일반투자자를 대상으로 하는 장외파생상품의 경우 위험회피구조의 타당성, 일반투자자에게 교부하는 설명 자료
의 충실성, 투자권유자문인력의 자격 사항 및 교육 등 판매계획의 적정성에 관한 사항
3. 그 밖에 투자자 보호를 위하여 위원회가 필요하다고 인정하는 사항
⑤ 위원회는 제1항의 사전심의업무를 수행함에 있어 필요한 경우에는 금융투자업자 등에 대하여 사실의 확인 또는
자료의 제출 등을 요구할 수 있다.
⑥ 위원회는 제3항에 따른 의결이 있을 경우 금융감독원장에게 지체 없이 보고하여야 한다.
⑦ 협회는 다음 각 호의 사항을 포함하여 위원회의 구성 및 운영을 위하여 필요한 규정을 정하여야 한다.
1. 위원장 및 위원의 자격, 선임방법에 관한 사항
2. 위원장 및 위원의 임기에 관한 사항
3. 위원회 운영 및 의사결정의 독립성 확보에 관한 사항
4. 위원회 심의절차 및 의사결정의 효력에 관한 사항
[본조신설 2010. 3. 12.]
 
제289조(준용규정) 제54조, 제63조 및 「금융회사의 지배구조에 관한 법률」 제5조는 협회에 준용한다. <개정 2009. 2.
3., 2015. 7. 31.>
 
제290조(업무규정의 보고) 협회는 업무에 관한 규정(規程)을 제정ㆍ변경하거나 폐지한 경우에는 지체 없이 금융위원회
에 이를 보고하여야 한다. <개정 2008. 2. 29.>
법제처                                                            141                                                       국가법령정보센터
자본시장과 금융투자업에 관한 법률
제291조(연수원) 협회는 금융투자업에 종사하는 자의 자질을 향상시키고 금융투자업에 관한 전문적인 지식을 보급하
기 위하여 연수원을 둘 수 있다.
 
제292조(협회에 대한 검사) 제419조(제2항부터 제4항까지 및 제8항을 제외한다)는 협회에 대한 검사에 관하여 준용한
다.
 
제293조(협회에 대한 조치) ① 금융위원회는 협회가 별표 7 각 호의 어느 하나에 해당하는 경우에는 다음 각 호의 어느
하나에 해당하는 조치를 할 수 있다. <개정 2008. 2. 29.>
1. 6개월 이내의 업무의 전부 또는 일부의 정지
2. 계약의 인계명령
3. 위법행위의 시정명령 또는 중지명령
4. 위법행위로 인한 조치를 받았다는 사실의 공표명령 또는 게시명령
5. 기관경고
6. 기관주의
7. 그 밖에 위법행위를 시정하거나 방지하기 위하여 필요한 조치로서 대통령령으로 정하는 조치
② 금융위원회는 협회의 임원이 별표 7 각 호의 어느 하나에 해당하는 경우에는 다음 각 호의 어느 하나에 해당하
는 조치를 할 수 있다.<개정 2008. 2. 29.>
1. 해임요구
2. 6개월 이내의 직무정지
3. 문책경고
4. 주의적 경고
5. 주의
6. 그 밖에 위법행위를 시정하거나 방지하기 위하여 필요한 조치로서 대통령령으로 정하는 조치
③ 금융위원회는 협회의 직원이 별표 7 각 호의 어느 하나에 해당하는 경우에는 다음 각 호의 어느 하나에 해당하
는 조치를 협회에 요구할 수 있다.<개정 2008. 2. 29.>
1. 면직
2. 6개월 이내의 정직
3. 감봉
4. 견책
5. 경고
6. 주의
7. 그 밖에 위법행위를 시정하거나 방지하기 위하여 필요한 조치로서 대통령령으로 정하는 조치
④ 제422조제3항, 제423조(제1호를 제외한다), 제424조(제2항을 제외한다) 및 제425조는 협회 및 그 임직원에 대한
조치 등에 관하여 준용한다.
 
       제2장 한국예탁결제원
         제1절 설립 및 감독
 
제294조(설립) ① 증권등(증권, 그 밖에 대통령령으로 정하는 것을 말한다. 이하 이 장에서 같다)의 집중예탁과 계좌 간
대체, 매매거래에 따른 결제업무 및 유통의 원활을 위하여 한국예탁결제원을 설립한다.
② 예탁결제원은 법인으로 한다.
③ 예탁결제원은 대통령령으로 정하는 바에 따라 주된 사무소의 소재지에서 설립등기를 함으로써 성립한다.
 
제295조(유사명칭의 사용금지) 예탁결제원이 아닌 자는 “한국예탁결제원” 또는 이와 유사한 명칭을 사용하여서는 아니
된다.
법제처                                                            142                                                       국가법령정보센터
자본시장과 금융투자업에 관한 법률
제296조(업무) ①예탁결제원은 정관으로 정하는 바에 따라 다음 각 호의 업무를 행한다. <개정 2013. 5. 28.>
1. 증권등의 집중예탁업무
2. 증권등의 계좌 간 대체업무
3. 삭제<2016. 3. 22.>
4. 증권시장 밖에서의 증권등의 매매거래(다자간매매체결회사에서의 증권의 매매거래는 제외한다)에 따른 증권등
의 인도와 대금의 지급에 관한 업무
5. 예탁결제원과 유사한 업무를 영위하는 외국 법인(이하 “외국예탁결제기관”이라 한다)과의 계좌설정을 통한 증권
등의 예탁, 계좌 간 대체 및 매매거래에 따른 증권등의 인도와 대금의 지급에 관한 업무
6. 삭제<2013. 5. 28.>
7. 삭제<2013. 5. 28.>
8. 삭제<2013. 5. 28.>
9. 삭제<2013. 5. 28.>
10. 삭제<2013. 5. 28.>
② 예탁결제원은 정관으로 정하는 바에 따라 제1항 각 호의 업무에 부수하는 업무로서 다음 각 호의 어느 하나에
해당하는 업무를 행한다.<신설 2013. 5. 28.>
1. 증권등의 보호예수업무
2. 예탁증권등의 담보관리에 관한 업무
3. 제80조에 따라 집합투자업자ㆍ투자일임업자와 집합투자재산을 보관ㆍ관리하는 신탁업자 등 사이에서 이루어지
는 집합투자재산의 취득ㆍ처분 등에 관한 지시 등을 처리하는 업무
4. 그 밖에 금융위원회로부터 승인을 받은 업무
③ 예탁결제원은 정관으로 정하는 바에 따라 제1항 및 제2항 각 호의 업무 외에 다음 각 호의 업무를 영위할 수 있
다.<신설 2013. 5. 28., 2016. 3. 22.>
1. 금융위원회의 승인을 받은 업무. 이 경우 이 법 또는 다른 법률에서 인가ㆍ허가ㆍ등록ㆍ신고 등이 필요한 경우에
는 인가ㆍ허가 등을 받거나 등록ㆍ신고 등을 하여야 한다.
2. 이 법 또는 다른 법령에서 예탁결제원의 업무로 규정한 업무
3. 삭제<2016. 3. 22.>
 
제297조(증권시장 결제기관) 증권시장에서의 매매거래(다자간매매체결회사에서의 증권의 매매거래를 포함한다. 이하
제303조제2항제5호에서 같다)에 따른 증권인도 및 대금지급 업무는 결제기관으로서 전자등록기관이 수행한다. 이
경우 전자등록기관은 대금지급 업무를 금융위원회가 따로 지정하는 전자등록기관에 위탁할 수 있다. <개정 2016. 3.
22.>
 
제298조(예탁업무 영위 등의 금지) ① 예탁결제원이 아닌 자는 증권등을 예탁받아 그 증권등의 수수를 갈음하여 계좌
간의 대체로 결제하는 업무를 영위하여서는 아니 된다.
② 전자등록기관이 아닌 자는 국내에서 증권예탁증권을 발행하는 업무를 영위하여서는 아니 된다.<개정 2016. 3.
22.>
 
제299조(정관) ① 예탁결제원의 정관에는 다음 각 호의 사항을 기재하여야 한다.
1. 목적
2. 명칭
3. 주된 사무소의 소재지
4. 주식 및 자본금에 관한 사항
5. 주식의 취득자격 및 소유한도에 관한 사항
6. 주주총회 및 이사회에 관한 사항
법제처                                                            143                                                       국가법령정보센터
자본시장과 금융투자업에 관한 법률
7. 임원에 관한 사항
8. 회계에 관한 사항
9. 공고의 방법
② 예탁결제원은 정관을 변경하고자 하는 경우에는 금융위원회의 승인을 받아야 한다.<개정 2008. 2. 29.>
 
제300조(「상법」의 준용) ①예탁결제원에 관하여 이 법 또는 이 법에 따른 명령에 특별한 규정이 있는 것을 제외하고는
「상법」 중 주식회사에 관한 규정(제517조부터 제521조의2까지의 규정을 제외한다)을 준용한다. <개정 2013. 4. 5.>
② 예탁결제원은 이 법 또는 다른 법률에서 인가ㆍ허가ㆍ등록ㆍ신고 등이 필요한 업무를 수행하는 경우에는 「상법
」에 따른 주식회사로 본다.<신설 2013. 4. 5.>
 
제301조(임원 등) ① 예탁결제원의 임원은 사장ㆍ전무이사ㆍ이사 및 감사로 한다.
② 사장은 주주총회에서 선출하되, 금융위원회의 승인을 받아야 한다.<개정 2008. 2. 29.>
③ 상근감사는 주주총회에서 선출한다.
④ 「금융회사의 지배구조에 관한 법률」 제5조는 예탁결제원의 임원에게 준용한다.<개정 2015. 7. 31.>
⑤ 예탁결제원의 상근 임직원은 금융투자업자 및 다른 금융투자업관계기관과 자금의 공여, 손익의 분배, 그 밖에 영
업에 관하여 대통령령으로 정하는 특별한 이해관계를 가져서는 아니 된다.
 
제302조(예탁업무규정) ① 예탁결제원은 증권등의 예탁과 제309조제3항제2호의 예탁증권등의 관리를 위하여 예탁업
무규정을 정하여야 한다.
② 제1항의 예탁업무규정에는 다음 각 호의 사항이 포함되어야 한다.
1. 제308조에 따른 예탁대상증권등의 지정ㆍ취소 및 그 관리에 관한 사항
2. 예탁자의 계좌개설과 그 폐지에 관한 사항
3. 예탁자계좌부의 작성 및 비치에 관한 사항
4. 제308조에 따른 예탁대상증권등의 예탁ㆍ반환 및 계좌 간 대체에 관한 사항
5. 제309조제3항제2호의 예탁증권등에 대한 담보권의 설정ㆍ소멸 및 신탁재산의 표시ㆍ말소에 관한 사항
6. 제309조제3항제2호의 예탁증권등의 권리 행사에 관한 사항
7. 그 밖에 제309조제3항제2호의 예탁증권등의 관리를 위하여 필요한 사항
 
제303조(결제업무규정) ① 예탁결제원 및 전자등록기관은 증권등의 매매거래에 따른 결제업무의 수행을 위하여 결제
업무규정을 정하여야 한다. 이 경우 결제업무규정은 제323조의11의 청산업무규정, 제387조의 회원관리규정 및 제
393조의 업무규정과 상충되어서는 아니 된다. <개정 2013. 5. 28., 2016. 3. 22.>
② 제1항의 결제업무규정에는 다음 각 호의 사항이 포함되어야 한다.<개정 2016. 3. 22.>
1. 예탁결제원 및 전자등록기관 결제회원의 가입ㆍ탈퇴 및 권리ㆍ의무에 관한 사항
2. 결제계좌의 개설 및 관리에 관한 사항
3. 결제시한에 관한 사항
4. 증권등의 인도 및 대금지급에 관한 사항
5. 증권시장에서의 증권의 매매거래에 따른 결제이행ㆍ불이행 결과의 거래소에 대한 통지에 관한 사항(전자등록기
관의 결제업무규정에 한정한다)
6. 그 밖에 결제업무 수행을 위하여 필요한 사항
 
제304조(준용규정) 제54조, 제63조, 제408조, 제413조(제296조제1항제1호ㆍ제2호ㆍ제4호의 업무로 한정한다) 및 「금
융실명거래 및 비밀보장에 관한 법률」 제4조는 예탁결제원에 준용한다. <개정 2013. 5. 28., 2016. 3. 22.>
 
제305조(업무규정의 승인ㆍ보고) ① 예탁결제원은 제296조제1항제5호의 업무에 관한 규정(規程), 제302조의 예탁업무
규정 및 제303조의 결제업무규정을 제정ㆍ변경하거나 폐지하고자 하는 경우에는 금융위원회의 승인을 받아야 한다.
<개정 2008. 2. 29., 2016. 3. 22.>
법제처                                                            144                                                       국가법령정보센터
자본시장과 금융투자업에 관한 법률
② 삭제<2008. 2. 29.>
③ 예탁결제원은 제1항 외의 업무에 관한 규정을 제정ㆍ변경하거나 폐지한 경우에는 지체 없이 금융위원회에 보고
하여야 한다.<개정 2008. 2. 29.>
 
제306조(예탁결제원에 대한 검사) 제419조(제2항부터 제4항까지 및 제8항을 제외한다)는 예탁결제원에 대한 검사에 관
하여 준용한다.
 
제307조(예탁결제원에 대한 조치) ① 금융위원회는 예탁결제원이 별표 8 각 호의 어느 하나에 해당하는 경우에는 다음
각 호의 어느 하나에 해당하는 조치를 할 수 있다. <개정 2008. 2. 29.>
1. 6개월 이내의 업무의 전부 또는 일부의 정지
2. 계약의 인계명령
3. 위법행위의 시정명령 또는 중지명령
4. 위법행위로 인한 조치를 받았다는 사실의 공표명령 또는 게시명령
5. 기관경고
6. 기관주의
7. 그 밖에 위법행위를 시정하거나 방지하기 위하여 필요한 조치로서 대통령령으로 정하는 조치
② 금융위원회는 예탁결제원의 임원이 별표 8 각 호의 어느 하나에 해당하는 경우에는 다음 각 호의 어느 하나에
해당하는 조치를 할 수 있다.<개정 2008. 2. 29.>
1. 해임요구
2. 6개월 이내의 직무정지
3. 문책경고
4. 주의적 경고
5. 주의
6. 그 밖에 위법행위를 시정하거나 방지하기 위하여 필요한 조치로서 대통령령으로 정하는 조치
③ 금융위원회는 예탁결제원의 직원이 별표 8 각 호의 어느 하나에 해당하는 경우에는 다음 각 호의 어느 하나에
해당하는 조치를 예탁결제원에 요구할 수 있다.<개정 2008. 2. 29.>
1. 면직
2. 6개월 이내의 정직
3. 감봉
4. 견책
5. 경고
6. 주의
7. 그 밖에 위법행위를 시정하거나 방지하기 위하여 필요한 조치로서 대통령령으로 정하는 조치
④ 제422조제3항, 제423조(제1호를 제외한다), 제424조(제2항을 제외한다) 및 제425조는 예탁결제원 및 그 임직원
에 대한 조치 등에 관하여 준용한다.
 
         제2절 예탁관련제도
 
제308조(예탁대상증권등) ① 이 절은 증권등에 표시될 수 있거나 표시되어야 할 권리가 「주식ㆍ사채 등의 전자등록에
관한 법률」에 따라 전자등록된 경우 그 증권등에 대해서는 적용하지 아니한다.
② 예탁결제원에 예탁할 수 있는 증권등(이하 “예탁대상증권등”이라 한다)은 예탁결제원이 지정한다.
[전문개정 2016. 3. 22.]
 
제309조(예탁결제원에의 예탁 등) ① 예탁결제원에 증권등을 예탁하고자 하는 자는 예탁결제원에 계좌를 개설하여야
한다.
법제처                                                            145                                                       국가법령정보센터
자본시장과 금융투자업에 관한 법률
② 제1항에 따라 계좌를 개설한 자(이하 “예탁자”라 한다)는 자기가 소유하고 있는 증권등과 투자자로부터 예탁받은
증권등을 투자자의 동의를 얻어 예탁결제원에 예탁할 수 있다.
③ 예탁결제원은 다음 각 호의 사항을 기재하여 예탁자계좌부를 작성ㆍ비치하되, 예탁자의 자기소유분과 투자자 예
탁분이 구분될 수 있도록 하여야 한다.<개정 2008. 2. 29.>
1. 예탁자의 명칭 및 주소
2. 예탁받은 증권등(이하 “예탁증권등”이라 한다)의 종류 및 수와 그 발행인의 명칭
3. 그 밖에 총리령으로 정하는 사항
④ 예탁결제원은 예탁증권등을 종류ㆍ종목별로 혼합하여 보관할 수 있다.
⑤ 예탁자 또는 그 투자자가 증권등을 인수 또는 청약하거나, 그 밖의 사유로 새로 증권등의 발행을 청구하는 경우
에 그 증권등의 발행인은 예탁자 또는 그 투자자의 신청에 의하여 이들을 갈음하여 예탁결제원을 명의인으로 하여
그 증권등을 발행할 수 있다.<개정 2016. 3. 22.>
 
제310조(투자자의 예탁자에의 예탁 등) ① 투자자로부터 예탁받은 증권등을 예탁결제원에 다시 예탁하는 예탁자는 다
음 각 호의 사항을 기재하여 투자자계좌부를 작성ㆍ비치하여야 한다. <개정 2008. 2. 29.>
1. 투자자의 성명 및 주소
2. 예탁증권등의 종류 및 수와 그 발행인의 명칭
3. 그 밖에 총리령으로 정하는 사항
② 예탁자는 제1항에 따른 기재를 한 경우에는 해당 증권등이 투자자 예탁분이라는 것을 밝혀 지체 없이 예탁결제
원에 예탁하여야 한다.
③ 예탁자는 제1항에 따른 기재를 한 경우에는 제2항에 따라 해당 증권등을 예탁결제원에 예탁하기 전까지는 이를
자기소유분과 구분하여 보관하여야 한다.
④ 제1항에 따른 투자자계좌부에 기재된 증권등은 그 기재를 한 때에 예탁결제원에 예탁된 것으로 본다.
 
제311조(계좌부 기재의 효력) ① 투자자계좌부와 예탁자계좌부에 기재된 자는 각각 그 증권등을 점유하는 것으로 본다.
② 투자자계좌부 또는 예탁자계좌부에 증권등의 양도를 목적으로 계좌 간 대체의 기재를 하거나 질권설정을 목적
으로 질물(質物)인 뜻과 질권자를 기재한 경우에는 증권등의 교부가 있었던 것으로 본다.
③ 예탁증권등의 신탁은 예탁자계좌부 또는 투자자계좌부에 신탁재산인 뜻을 기재함으로써 제삼자에게 대항할 수
있다.<개정 2011. 7. 25.>
④ 삭제<2016. 3. 22.>
 
제312조(권리 추정 등) ① 예탁자의 투자자와 예탁자는 각각 투자자계좌부와 예탁자계좌부에 기재된 증권등의 종류ㆍ
종목 및 수량에 따라 예탁증권등에 대한 공유지분을 가지는 것으로 추정한다.
② 예탁자의 투자자나 그 질권자는 예탁자에 대하여, 예탁자는 예탁결제원에 대하여 언제든지 공유지분에 해당하는
예탁증권등의 반환을 청구할 수 있다. 이 경우 질권의 목적으로 되어 있는 예탁증권등에 대하여는 질권자의 동의가
있어야 한다.
③ 예탁결제원은 예탁자의 파산ㆍ해산, 그 밖에 대통령령으로 정하는 사유가 발생한 경우 총리령으로 정하는 기준
및 방법에 따라 예탁증권등 중 투자자 예탁분의 반환 또는 계좌 간 대체를 제한할 수 있다.<개정 2008. 2. 29.>
 
제313조(보전의무) ① 예탁증권등이 부족하게 된 경우에는 예탁결제원 및 제310조제1항에 규정된 예탁자가 대통령령
으로 정하는 방법 및 절차에 따라 이를 보전하여야 한다. 이 경우 예탁결제원 및 예탁자는 그 부족에 대한 책임이 있
는 자에 대하여 구상권(求償權)을 행사할 수 있다.
② 제1항의 예탁자는 제309조제1항에 따른 계좌를 폐쇄한 이후에도 제1항에 따른 보전책임을 부담한다. 다만, 계좌
를 폐쇄한 때부터 5년이 경과한 경우에는 그 책임은 소멸한다.
 
제314조(예탁증권등의 권리 행사 등) ① 예탁결제원은 예탁자 또는 그 투자자의 신청에 의하여 예탁증권등에 관한 권
리를 행사할 수 있다. 이 경우 그 투자자의 신청은 예탁자를 거쳐야 한다.
법제처                                                            146                                                       국가법령정보센터
자본시장과 금융투자업에 관한 법률
② 예탁결제원은 예탁증권등에 대하여 자기명의로 명의개서를 청구할 수 있다.<개정 2016. 3. 22.>
③ 예탁결제원은 제2항에 따라 자기명의로 명의개서된 주권에 대하여는 예탁자의 신청이 없는 경우에도 「상법」 제
358조의2에 규정된 사항과 주주명부의 기재 및 주권에 관하여 주주로서의 권리를 행사할 수 있다.
④ 삭제<2013. 5. 28.>
⑤ 삭제<2013. 5. 28.>
⑥ 예탁증권등의 발행인은 제1항에 따른 예탁결제원의 권리 행사를 위하여 대통령령으로 정하는 사항을 지체 없이
예탁결제원에 통지하여야 한다.<개정 2013. 5. 28.>
⑦ 제3항은 예탁증권등 중 기명식 증권에 관하여 준용한다.
⑧ 예탁자를 통하여 투자자에게 반환된 후 투자자의 명의로 명의개서가 되지 아니한 예탁결제원 명의의 주권(그 주
권에서 발생하는 권리를 포함한다)의 관리에 대하여 필요한 사항은 대통령령으로 정한다.<신설 2013. 5. 28., 2016.
3. 29., 2017. 4. 18., 2016. 3. 22.>
[제목개정 2013. 5. 28.]
 
제315조(실질주주의 권리 행사 등) ① 예탁증권등 중 주식의 공유자(이하 “실질주주”라 한다)는 주주로서의 권리 행사
에 있어서는 각각 제312조제1항에 따른 공유지분에 상당하는 주식을 가지는 것으로 본다.
② 실질주주는 제314조제3항에 따른 권리를 행사할 수 없다. 다만, 회사의 주주에 대한 통지 및 「상법」 제396조제
2항에 따른 주주명부의 열람 또는 등사 청구에 대하여는 그 권리를 행사할 수 있다.
③ 예탁증권등 중 주권의 발행인은 「상법」 제354조에 따라 일정한 기간 또는 일정한 날을 정한 경우에는 예탁결제
원에 이를 지체 없이 통지하여야 하며, 예탁결제원은 그 일정한 기간의 첫날 또는 그 일정한 날(이하 이 조에서 “주
주명부폐쇄기준일”이라 한다)의 실질주주에 관하여 다음 각 호의 사항을 지체 없이 그 주권의 발행인 또는 명의개
서를 대리하는 회사에 통지하여야 한다.
1. 성명 및 주소
2. 제1항에 따른 주식의 종류 및 수
④ 예탁결제원은 제310조제1항에 규정된 예탁자에게 주주명부폐쇄기준일의 실질주주에 관하여 제3항 각 호에 규
정된 사항의 통보를 요청할 수 있다. 이 경우 요청받은 예탁자는 지체 없이 이를 통보하여야 한다.
⑤ 삭제<2016. 3. 22.>
⑥ 삭제<2016. 3. 22.>
 
제316조(실질주주명부의 작성 등) ① 제315조제3항에 따라 통지받은 발행인 또는 명의개서를 대행하는 회사는 통지받
은 사항과 통지 연월일을 기재하여 실질주주명부를 작성ㆍ비치하여야 한다.
② 예탁결제원에 예탁된 주권의 주식에 관한 실질주주명부에의 기재는 주주명부에의 기재와 같은 효력을 가진다.
③ 제1항에 따른 발행인 또는 명의개서를 대리하는 회사는 주주명부에 주주로 기재된 자와 실질주주명부에 실질주
주로 기재된 자가 동일인이라고 인정되는 경우에는 주주로서의 권리 행사에 있어서 주주명부의 주식수와 실질주주
명부의 주식수를 합산하여야 한다.
 
제317조(민사집행) 예탁증권등에 관한 강제집행ㆍ가압류 및 가처분의 집행 또는 경매에 관하여 필요한 사항은 대법원
규칙으로 정한다.
 
제318조(실질주주증명서) ① 예탁결제원은 예탁자 또는 그 투자자가 주주로서의 권리를 행사하기 위하여 증권등의 예
탁을 증명하는 문서(이하 이 조에서 “실질주주증명서”라 한다)의 발행을 신청하는 경우에는 총리령으로 정하는 방법
에 따라 이를 발행하여야 한다. 이 경우 투자자의 신청은 예탁자를 거쳐야 한다. <개정 2008. 2. 29.>
② 예탁결제원은 제1항에 따라 실질주주증명서를 발행한 경우에는 해당 발행인에게 그 사실을 지체 없이 통지하여
야 한다.
③ 예탁자 또는 그 투자자가 제1항에 따라 발행된 실질주주증명서를 발행인에게 제출한 경우에는 「상법」 제337조
제1항에 불구하고 발행인에게 대항할 수 있다.
법제처                                                            147                                                       국가법령정보센터
자본시장과 금융투자업에 관한 법률
제319조 삭제 <2016. 3. 22.>
 
제320조(외국예탁결제기관 등의 예탁 등에 관한 특례) ① 제310조, 제313조, 제314조제6항, 제315조 및 제316조제3항
은 외국예탁결제기관에 적용하지 아니한다. 다만, 외국예탁결제기관이 그 적용을 요청하는 경우에는 그러하지 아니
하다. <개정 2013. 5. 28.>
② 제309조제5항, 제314조제6항, 제315조, 제316조 및 제318조는 예탁증권등의 발행인이 외국법인등인 경우에 적
용하지 아니한다. 다만, 그 외국법인등이 그 적용을 요청하는 경우에는 그러하지 아니하다.<개정 2013. 5. 28.>
 
제321조(보고 및 확인 등) 예탁결제원은 예탁자에 대하여 예탁업무에 관한 보고 또는 자료의 제출을 요구하거나, 관련
장부의 열람 또는 예탁자 자체보관 증권등의 보관상황 등을 확인할 수 있다.
 
제322조(증권등의 관리) ① 상장법인 및 명의개서대행회사는 증권등의 용지ㆍ발행ㆍ소각ㆍ교체발행ㆍ폐기, 그 밖에 그
관리에 관하여 예탁결제원이 정하는 증권등 취급규정에 따라야 한다.
② 예탁결제원은 상장법인이 증권등의 발행을 위하여 예비로 보관하고 있는 증권등의 용지(이하 “예비증권등”이라
한다)를 관리할 수 있다.
③ 예탁결제원은 필요하다고 인정되는 경우에는 상장법인 및 명의개서대행회사에 대하여 제1항에 따른 증권등의
사무취급절차와 예비증권등의 관리에 관한 자료의 제출을 요구할 수 있고, 소속직원에게 이를 확인하게 할 수 있다.
④ 비상장법인이 발행하는 증권등에 관하여 예탁결제원의 증권등 취급규정에 따른 용지를 사용하고자 할 경우에는
예탁결제원의 승인을 받아야 한다. 이 경우 제1항부터 제3항까지의 규정을 준용한다.
⑤ 제1항부터 제3항까지의 규정은 상장법인이 비상장법인으로 된 경우 예탁결제원의 증권등 취급규정에 따른 용지
와 그 용지에 의하여 발행한 증권등이 전부 폐기될 때까지 준용한다.
 
제323조(발행명세 및 사고증권등의 명세 통지 등) ① 예탁대상증권등의 발행인은 새로 증권등을 발행하는 경우 그 증
권등의 종류, 그 밖에 총리령으로 정하는 사항을 예탁결제원에 지체 없이 통지하여야 한다. <개정 2008. 2. 29.>
② 예탁대상증권등의 발행인은 증권등의 압류ㆍ가압류 또는 가처분의 명령에 관한 통지를 받거나 도난ㆍ분실 또는
멸실된 증권등에 대한 사고신고(「민사소송법」에 따른 공시최고 및 제권판결을 포함한다)를 접수한 경우 그 증권등
의 종류, 그 밖에 총리령으로 정하는 사항을 예탁결제원에 지체 없이 통지하여야 한다.<개정 2008. 2. 29.>
③ 제1항 및 제2항에 따라 통지를 받은 예탁결제원은 그 내용을 공표하여야 한다.
 
       제2장의2 금융투자상품거래청산회사 <신설 2013. 4. 5.>
 
제323조의2(무인가 청산영업행위 금지) 누구든지 이 법에 따른 금융투자상품거래청산업인가(변경인가를 포함한다)를
받지 아니하고는 금융투자상품거래청산업을 영위하여서는 아니 된다.
[본조신설 2013. 4. 5.]
 
제323조의3(금융투자상품거래청산업의 인가) ① 금융투자상품거래청산업을 영위하려는 자는 청산대상거래 및 청산대
상업자를 구성요소로 하여 대통령령으로 정하는 업무 단위(이하 “청산업 인가업무 단위”라 한다)의 전부나 일부를
선택하여 금융위원회로부터 하나의 금융투자상품거래청산업인가를 받아야 한다.
② 제1항에 따라 금융투자상품거래청산업인가를 받으려는 자는 다음 각 호의 요건을 모두 갖추어야 한다.<개정
2015. 7. 31.>
1. 「상법」에 따른 주식회사일 것
2. 청산업 인가업무 단위별로 200억원 이상으로서 대통령령으로 정하는 금액 이상의 자기자본을 갖출 것
3. 사업계획이 타당하고 건전할 것
4. 투자자의 보호가 가능하고 그 영위하려는 금융투자상품거래청산업을 수행하기에 충분한 인력과 전산설비, 그 밖
의 물적 설비를 갖출 것
법제처                                                            148                                                       국가법령정보센터
자본시장과 금융투자업에 관한 법률
5. 정관 및 청산업무규정이 법령에 적합하고 금융투자상품거래청산업을 수행하기에 충분할 것
6. 임원이 「금융회사의 지배구조에 관한 법률」 제5조에 적합할 것
7. 대주주(제12조제2항제6호가목의 대주주를 말한다)가 충분한 출자능력, 건전한 재무상태 및 사회적 신용을 갖출
것
8. 대통령령으로 정하는 사회적 신용을 갖출 것
9. 이해상충방지체계를 구축하고 있을 것
③ 제2항의 인가요건에 관하여 필요한 사항은 대통령령으로 정한다.
[본조신설 2013. 4. 5.]
 
제323조의4(인가의 신청 및 심사) ① 제323조의3제1항에 따른 인가를 받으려는 자는 인가신청서를 금융위원회에 제출
하여야 한다.
② 금융위원회는 제1항의 인가신청서를 접수한 때에는 그 내용을 심사하여 3개월 이내에 인가 여부를 결정하고, 그
결과와 이유를 지체 없이 신청인에게 문서로 통지하여야 한다. 이 경우 인가신청서에 흠결이 있는 경우에는 보완을
요구할 수 있다.
③ 제2항의 심사기간을 산정함에 있어서 인가신청서 흠결의 보완기간 등 총리령으로 정하는 기간은 산입하지 아니
한다.
④ 금융위원회는 제2항에 따라 인가를 하는 경우에는 금융투자상품거래청산회사의 경영의 건전성 확보 및 건전한
시장질서 유지에 필요한 조건을 붙일 수 있다.
⑤ 제4항에 따라 조건이 붙은 인가를 받은 자는 사정의 변경이나 그 밖에 정당한 사유가 있는 경우에는 금융위원회
에 조건의 취소 또는 변경을 요청할 수 있다. 이 경우 금융위원회는 2개월 이내에 조건의 취소 또는 변경 여부를 결
정하고, 그 결과를 지체 없이 신청인에게 문서로 통지하여야 한다.
⑥ 금융위원회는 제2항에 따라 인가를 한 경우에는 다음 각 호의 사항을 관보 및 인터넷 홈페이지 등에 공고하여야
한다.
1. 인가의 내용
2. 인가의 조건(조건을 붙인 경우로 한정한다)
3. 인가의 조건을 취소하거나 변경한 경우 그 내용(조건을 취소하거나 변경한 경우로 한정한다)
⑦ 제1항부터 제6항까지의 규정에 따른 인가신청서의 기재사항ㆍ첨부서류 등 인가의 신청에 관한 사항과 인가심사
의 방법ㆍ절차, 그 밖에 필요한 사항은 대통령령으로 정한다.
[본조신설 2013. 4. 5.]
 
제323조의5(예비인가) ① 제323조의3에 따른 금융투자상품거래청산업인가(이하 이 조에서 “본인가”라 한다)를 받으려
는 자는 미리 금융위원회에 예비인가를 신청할 수 있다.
② 금융위원회는 예비인가를 신청받은 경우에는 2개월 이내에 제323조의3제2항 각 호의 요건을 갖출 수 있는지 여
부를 심사하여 예비인가 여부를 결정하고, 그 결과와 이유를 지체 없이 신청인에게 문서로 통지하여야 한다. 이 경
우 예비인가신청에 관하여 흠결이 있는 때에는 보완을 요구할 수 있다.
③ 제2항의 심사기간을 산정함에 있어서 예비인가신청과 관련된 흠결의 보완기간 등 총리령으로 정하는 기간은 심
사기간에 산입하지 아니한다.
④ 금융위원회는 제2항에 따라 예비인가를 하는 경우에는 금융투자상품거래청산회사의 경영의 건전성 확보 및 건
전한 시장질서 유지에 필요한 조건을 붙일 수 있다.
⑤ 금융위원회는 예비인가를 받은 자가 본인가를 신청하는 경우에는 제4항에 따른 예비인가의 조건을 이행하였는
지 여부와 제323조의3제2항 각 호의 요건을 갖추었는지 여부를 확인한 후 본인가 여부를 결정하여야 한다.
⑥ 제1항부터 제5항까지의 규정에 따른 예비인가의 신청서 및 그 기재사항ㆍ첨부서류 등 예비인가의 신청에 관한
사항과 예비인가심사의 방법ㆍ절차, 그 밖에 예비인가에 관하여 필요한 사항은 대통령령으로 정한다.
[본조신설 2013. 4. 5.]
법제처                                                            149                                                       국가법령정보센터
자본시장과 금융투자업에 관한 법률
제323조의6(인가요건의 유지) 금융투자상품거래청산회사는 제323조의3에 따른 금융투자상품거래청산업인가를 받아
그 업무를 영위함에 있어서 같은 조 제2항 각 호의 인가요건(제8호는 제외한다)을 유지하여야 한다.
[본조신설 2013. 4. 5.]
 
제323조의7(업무의 추가 및 인가의 변경) 금융투자상품거래청산회사는 제323조의3에 따라 인가받은 청산업 인가업무
단위 외에 다른 청산업 인가업무 단위를 추가하여 금융투자상품거래청산업을 영위하려는 경우에는 제323조의3 및
제323조의4에 따라 금융위원회의 변경인가를 받아야 한다. 이 경우 제323조의5를 적용한다.
[본조신설 2013. 4. 5.]
 
제323조의8(유사명칭 사용 금지) 금융투자상품거래청산회사가 아닌 자는 “금융투자상품거래청산”, “금융투자상품청산
”, “증권거래청산”, “증권청산”, “파생상품거래청산”, “파생상품청산” 또는 이와 유사한 명칭을 사용하여서는 아니 된
다.
[본조신설 2013. 4. 5.]
 
제323조의9(임원 등) ① 금융투자상품거래청산회사의 상근임원은 청산대상업자의 임직원 외의 사람이어야 한다.
② 금융투자상품거래청산회사의 임원의 자격에 관하여는 「금융회사의 지배구조에 관한 법률」 제5조를 준용한다.
<개정 2015. 7. 31.>
③ 금융투자상품거래청산회사의 상근 임직원은 청산대상업자 및 금융투자업관계기관(그 상근 임직원이 소속된 금
융투자상품거래청산회사는 제외한다)과 자금의 공여, 손익의 분배, 그 밖에 영업에 관하여 대통령령으로 정하는 특
별한 이해관계를 가져서는 아니 된다.
[본조신설 2013. 4. 5.]
 
제323조의10(업무) ① 금융투자상품거래청산회사는 정관으로 정하는 바에 따라 다음 각 호의 업무를 행한다.
1. 청산대상거래의 확인업무
2. 청산대상거래에 따른 채무의 채무인수, 경개, 그 밖의 방법에 따른 채무부담업무
3. 청산대상거래에서 발생하는 다수의 채권 및 채무에 대한 차감업무
4. 결제목적물ㆍ결제금액의 확정 및 결제기관에 대한 결제지시업무
5. 결제불이행에 따른 처리업무
6. 제1호부터 제5호까지의 규정에 따른 업무에 수반되는 부수업무로서 금융위원회로부터 승인을 받은 업무
② 금융투자상품거래청산회사는 제1항 각 호의 업무 외에 다른 업무를 할 수 없다. 다만, 다음 각 호의 어느 하나에
해당하는 경우에는 그러하지 아니하다.
1. 이 법 또는 다른 법령에서 금융투자상품거래청산회사의 업무로 규정한 업무를 행하는 경우
2. 이 법 또는 다른 법률에서 정하는 바에 따라 거래소, 그 밖에 대통령령으로 정하는 금융투자업관계기관이 금융투
자상품거래청산업무를 하는 경우
[본조신설 2013. 4. 5.]
 
제323조의11(청산업무규정 등) ① 금융투자상품거래청산회사는 청산업무규정을 정하여야 한다. 이 경우 청산업무규정
은 제303조의 결제업무규정, 제387조의 회원관리규정 및 제393조의 업무규정과 상충되어서는 아니 된다.
② 금융투자상품거래청산회사는 정관 및 제1항의 청산업무규정을 변경하려는 경우에는 금융위원회의 승인을 받아
야 한다.
③ 제1항의 청산업무규정에는 다음 각 호의 사항을 포함하여야 한다.
1. 청산대상거래 및 그 거래대상이 되는 금융투자상품에 관한 사항
2. 청산대상업자의 요건에 관한 사항
3. 금융투자상품거래청산업으로서 행하는 채무의 채무인수, 경개, 그 밖의 방법에 의한 채무의 부담 및 그 이행에 관
한 사항
법제처                                                            150                                                       국가법령정보센터
자본시장과 금융투자업에 관한 법률
4. 청산대상업자의 채무의 이행 확보에 관한 사항
5. 청산증거금 및 손해배상공동기금에 관한 사항
6. 청산대상업자가 아닌 자가 청산대상업자를 통하여 금융투자상품거래청산회사로 하여금 청산대상거래의 채무를
부담하게 하는 경우 그 금융투자상품거래청산의 중개ㆍ주선이나 대리에 관한 사항
7. 외국 금융투자상품거래청산회사(외국의 법령에 따라 외국에서 금융투자상품거래청산업무에 상당하는 업무를 수
행하는 자를 말한다)와의 협력에 관한 사항
8. 그 밖에 금융투자상품거래청산업무의 수행을 위하여 필요한 사항으로서 금융위원회가 정하여 고시하는 사항
[본조신설 2013. 4. 5.]
 
제323조의12(부당한 차별의 금지) 금융투자상품거래청산회사는 정당한 사유 없이 특정한 청산대상업자를 차별적으로
대우하여서는 아니 된다.
[본조신설 2013. 4. 5.]
 
제323조의13(청산증거금) ① 청산대상업자는 금융투자상품거래청산회사에 대하여 부담하는 채무의 이행을 보증하기
위하여 청산업무규정으로 정하는 바에 따라 금융투자상품거래청산회사에 금전등으로 청산증거금을 예치하여야 한
다. 다만, 금융투자상품거래청산회사가 인정하는 청산대상거래에 대하여는 그러하지 아니하다.
② 금융투자상품거래청산회사는 청산대상업자가 금융투자상품거래청산회사에 대하여 청산대상거래에 따른 채무를
이행하지 아니하는 경우에는 그 청산대상업자의 청산증거금으로 그 채무의 변제에 충당할 수 있다.
[본조신설 2013. 4. 5.]
 
제323조의14(손해배상공동기금) ① 청산대상업자는 청산대상거래에 따른 채무의 불이행으로 인하여 발생하는 손해를
배상하기 위하여 청산업무규정으로 정하는 바에 따라 금융투자상품거래청산회사에 금전등으로 손해배상공동기금을
적립하여야 한다. 다만, 청산업무규정으로 정하는 청산대상업자에 대하여는 그러하지 아니하다.
② 금융투자상품거래청산회사는 제1항에 따른 손해배상공동기금을 청산대상거래의 유형별로 구분하여 적립하여야
한다.
③ 청산대상업자(제1항 단서에 따른 청산대상업자는 제외한다)는 제1항 및 제2항의 손해배상공동기금의 범위에서
청산대상거래에 따른 채무의 불이행으로 인하여 발생하는 손해배상에 관하여 연대책임을 진다.
④ 금융투자상품거래청산회사는 손해배상공동기금으로 제1항에 따른 손해를 보전한 경우에는 손해를 끼친 청산대
상업자에 대하여 그 보전한 금액과 이에 소요된 비용에 관하여 구상권을 가진다.
⑤ 금융투자상품거래청산회사는 제4항에 따라 추심된 금액을 손해배상공동기금에 충당한다.
⑥ 제1항의 손해배상공동기금의 총적립규모, 적립방법, 사용ㆍ관리ㆍ환급 및 제4항에 따른 구상권 행사 등에 관하
여 필요한 사항은 대통령령으로 정한다.
[본조신설 2013. 4. 5.]
 
제323조의15(채무변제순위) ① 청산대상업자가 청산대상거래에 따른 채무를 이행하지 아니하여 금융투자상품거래청
산회사 또는 다른 청산대상업자에게 손해를 끼친 경우 그 손해를 입은 금융투자상품거래청산회사 또는 다른 청산대
상업자는 그 손해를 끼친 청산대상업자의 청산증거금 및 손해배상공동기금 지분에 대하여 다른 채권자보다 우선하
여 변제받을 권리를 가진다.
② 금융투자상품거래청산회사는 청산대상업자가 결제를 위하여 납부한 결제목적물 및 결제대금에 관하여 다른 채
권자보다 우선하여 변제를 받을 권리가 있다.
③ 금융투자상품거래청산회사는 청산대상거래에 따른 결제의 완료 전에 결제목적물 또는 결제대금이 인도된 경우
에 해당 청산대상업자가 그 결제를 이행하지 아니함으로써 금융투자상품거래청산회사에 손해를 끼친 때에는 그 청
산대상업자의 재산에 관하여 다른 채권자보다 우선하여 변제를 받을 권리가 있다. 다만, 그 결제의 이행 기한이 도
래하기 전에 설정된 전세권ㆍ질권ㆍ저당권 또는 「동산ㆍ채권 등의 담보에 관한 법률」에 따른 담보권에 의하여 담
보된 채권에 대하여는 우선하여 변제를 받을 권리가 없다.
법제처                                                            151                                                       국가법령정보센터
자본시장과 금융투자업에 관한 법률
[본조신설 2013. 4. 5.]
 
제323조의16(금융투자상품거래청산회사의 거래정보 보고 등) ① 금융투자상품거래청산회사는 제166조의3에 따른 청
산의무거래, 그 밖에 대통령령으로 정하는 거래정보를 보관ㆍ관리하여야 한다.
② 금융투자상품거래청산회사는 제1항에 따라 보관ㆍ관리하는 거래정보를 금융위원회, 그 밖에 대통령령으로 정하
는 자에게 보고하여야 한다.
③ 제1항 및 제2항에 따른 거래정보의 보관ㆍ관리 및 보고의 요령과 방법, 그 밖에 필요한 사항은 대통령령으로 정
한다.
[본조신설 2013. 4. 5.]
 
제323조의17(준용규정) 제54조, 제63조, 제383조제1항, 제408조, 제413조 및 「금융실명거래 및 비밀보장에 관한 법률」
제4조는 금융투자상품거래청산회사에 준용한다.
[본조신설 2013. 4. 5.]
 
제323조의18(주식소유의 제한) 누구든지 다음 각 호의 어느 하나에 해당하는 경우를 제외하고는 금융투자상품거래청
산회사의 의결권 있는 발행주식총수의 100분의 20을 초과하여 금융투자상품거래청산회사가 발행한 주식을 소유할
수 없다. 이 경우 제406조제2항부터 제4항까지 및 제407조를 준용한다.
1. 정부가 소유하는 경우
2. 그 밖에 대통령령으로 정하는 바에 따라 금융위원회의 승인을 받은 경우
[본조신설 2013. 4. 5.]
 
제323조의19(금융투자상품거래청산회사에 대한 검사) 금융투자상품거래청산회사에 대한 검사에 관하여는 제419조(제
2항부터 제4항까지 및 제8항은 제외한다)를 준용한다.
[본조신설 2013. 4. 5.]
 
제323조의20(금융투자상품거래청산회사에 대한 조치) ① 금융위원회는 금융투자상품거래청산회사가 다음 각 호의 어
느 하나에 해당하는 경우에는 제323조의3제1항에 따른 인가를 취소할 수 있다.
1. 거짓, 그 밖의 부정한 방법으로 제323조의3제1항에 따른 인가를 받은 경우
2. 인가조건을 위반한 경우
3. 제323조의6에 따른 인가요건 유지의무를 위반한 경우
4. 업무의 정지기간 중에 업무를 한 경우
5. 금융위원회의 시정명령 또는 중지명령을 이행하지 아니한 경우
6. 별표 8의2 각 호의 어느 하나에 해당하는 경우로서 대통령령으로 정하는 경우
7. 대통령령으로 정하는 금융 관련 법령 등을 위반한 경우로서 대통령령으로 정하는 경우
8. 그 밖에 투자자의 이익을 현저히 해할 우려가 있거나 해당 업무를 영위하기 곤란하다고 인정되는 경우로서 대통
령령으로 정하는 경우
② 금융위원회는 금융투자상품거래청산회사가 제1항 각 호(제6호는 제외한다)의 어느 하나에 해당하거나 별표 8의
2 각 호의 어느 하나에 해당하는 경우에는 다음 각 호의 어느 하나에 해당하는 조치를 할 수 있다.
1. 6개월 이내의 업무의 전부 또는 일부의 정지
2. 계약의 인계명령
3. 위법행위의 시정명령 또는 중지명령
4. 위법행위로 인한 조치를 받았다는 사실의 공표명령 또는 게시명령
5. 기관경고
6. 기관주의
7. 그 밖에 위법행위를 시정하거나 방지하기 위하여 필요한 조치로서 대통령령으로 정하는 조치
법제처                                                            152                                                       국가법령정보센터
자본시장과 금융투자업에 관한 법률
③ 금융위원회는 금융투자상품거래청산회사의 임원이 제1항 각 호(제6호는 제외한다)의 어느 하나에 해당하거나
별표 8의2 각 호의 어느 하나에 해당하는 경우에는 다음 각 호의 어느 하나에 해당하는 조치를 할 수 있다.
1. 해임요구
2. 6개월 이내의 직무정지
3. 문책경고
4. 주의적 경고
5. 주의
6. 그 밖에 위법행위를 시정하거나 방지하기 위하여 필요한 조치로서 대통령령으로 정하는 조치
④ 금융위원회는 금융투자상품거래청산회사의 직원이 제1항 각 호(제6호는 제외한다)의 어느 하나에 해당하거나
별표 8의2 각 호의 어느 하나에 해당하는 경우에는 다음 각 호의 어느 하나에 해당하는 조치를 그 금융투자상품거
래청산회사에 요구할 수 있다.
1. 면직
2. 6개월 이내의 정직
3. 감봉
4. 견책
5. 경고
6. 주의
7. 그 밖에 위법행위를 시정하거나 방지하기 위하여 필요한 조치로서 대통령령으로 정하는 조치
⑤ 제422조제3항 및 제423조부터 제425조까지의 규정은 금융투자상품거래청산회사 및 그 임직원에 대한 조치 등
에 관하여 준용한다.
[본조신설 2013. 4. 5.]
 
       제3장 증권금융회사
 
제323조의21(무인가 증권금융업무 금지) 누구든지 이 법에 따른 인가를 받지 아니하고는 증권금융업무(제326조제1항
에 따른 업무를 말한다. 이하 같다)를 영위하여서는 아니 된다. 다만, 투자자 보호 및 건전한 거래질서를 해할 우려가
없는 경우로서 대통령령으로 정하는 경우는 제외한다.
[본조신설 2013. 5. 28.]
 
제324조(인가) ① 제326조제1항제2호의 업무를 포함하는 증권금융업무(이하 “증권금융업무”라 한다)를 영위하려는 자
는 금융위원회의 인가를 받아야 한다. <개정 2008. 2. 29., 2013. 5. 28.>
② 제1항에 따른 인가를 받으려는 자는 다음 각 호의 요건을 모두 갖추어야 한다.<개정 2013. 5. 28., 2015. 7. 31.>
1. 「상법」에 따른 주식회사일 것
2. 20억원 이상으로서 대통령령으로 정하는 금액 이상의 자기자본을 갖출 것
3. 사업계획이 타당하고 건전할 것
4. 투자자를 보호하고 영위하고자 하는 업무를 수행하기에 충분한 인력 및 전산설비, 그 밖의 물적 설비를 갖출 것
5. 임원이 「금융회사의 지배구조에 관한 법률」 제5조에 적합할 것
6. 대주주(제12조제2항제6호가목의 대주주를 말한다)가 충분한 출자능력, 건전한 재무상태 및 사회적 신용을 갖출
것
7. 이해상충방지체계를 구축하고 있을 것
③ 제1항에 따른 인가를 받으려는 자는 인가신청서를 금융위원회에 제출하여야 한다.<개정 2008. 2. 29.>
④ 금융위원회는 제3항의 인가신청서를 접수한 경우에는 그 내용을 심사하여 3개월 이내에 인가 여부를 결정하고,
그 결과와 이유를 지체 없이 신청인에게 문서로 통지하여야 한다. 이 경우 인가신청서에 흠결이 있는 때에는 보완을
요구할 수 있다.<개정 2008. 2. 29.>
법제처                                                            153                                                       국가법령정보센터
자본시장과 금융투자업에 관한 법률
⑤ 제4항의 심사기간을 산정함에 있어서 인가신청서 흠결의 보완기간 등 총리령으로 정하는 기간은 산입하지 아니
한다.<개정 2008. 2. 29.>
⑥ 금융위원회는 제4항에 따라 인가를 하는 경우에는 경영의 건전성 확보 및 투자자 보호에 필요한 조건을 붙일 수
있다.<개정 2008. 2. 29.>
⑦ 제6항에 따라 조건이 붙은 인가를 받은 자는 사정의 변경, 그 밖에 정당한 사유가 있는 경우에는 금융위원회에
조건의 취소 또는 변경을 요청할 수 있다. 이 경우 금융위원회는 2개월 이내에 조건의 취소 또는 변경 여부를 결정
하고, 그 결과를 지체 없이 신청인에게 문서로 통지하여야 한다.<개정 2008. 2. 29.>
⑧ 금융위원회는 제4항에 따라 인가를 한 경우에는 다음 각 호의 사항을 관보 및 인터넷 홈페이지 등에 공고하여야
한다.<개정 2008. 2. 29.>
1. 인가의 내용
2. 인가의 조건(조건을 붙인 경우에 한한다)
3. 인가의 조건을 취소하거나 변경한 경우 그 내용
⑨ 증권금융회사는 인가를 받아 그 영업을 영위함에 있어서 제2항 각 호의 인가요건(제2호 및 제6호의 경우에는 대
통령령으로 정하는 완화된 요건을 말한다)을 유지하여야 한다.
⑩ 제1항부터 제8항까지의 규정에 따른 인가신청서의 기재사항ㆍ첨부서류 등 인가의 신청에 관한 사항과 인가심사
의 방법ㆍ절차, 그 밖에 필요한 사항은 대통령령으로 정한다.
 
제325조(유사명칭 사용 금지) 증권금융회사가 아닌 자는 “증권금융” 또는 이와 유사한 명칭을 사용하여서는 아니 된다.
 
제326조(업무) ① 증권금융업무는 다음 각 호와 같다. <개정 2008. 2. 29., 2013. 5. 28.>
1. 금융투자상품의 매도ㆍ매수, 증권의 발행ㆍ인수 또는 그 중개나 청약의 권유, 청약, 청약의 승낙과 관련하여 투자
매매업자 또는 투자중개업자에 대하여 필요한 자금 또는 증권을 대여하는 업무
2. 거래소시장에서의 매매거래(다자간매매체결회사에서의 거래를 포함한다) 또는 청산대상거래에 필요한 자금 또
는 증권을 제378조제1항에 따른 청산기관인 거래소 또는 금융투자상품거래청산회사를 통하여 대여하는 업무
3. 증권을 담보로 하는 대출업무
4. 그 밖에 금융위원회의 승인을 받은 업무
② 증권금융회사는 증권금융업무 외에 다음 각 호의 업무를 영위할 수 있다.<개정 2008. 2. 29., 2013. 5. 28.>
1. 다음 각 목의 어느 하나에 해당하는 업무. 이 경우 이 법 또는 다른 법률에서 인가ㆍ허가ㆍ등록 등이 필요한 경우
에는 이를 받아야 한다.
가. 투자매매업 및 투자중개업 중 대통령령으로 정하는 업무
나. 신탁업무
다. 집합투자재산의 보관ㆍ관리 업무
라. 증권대차업무
마. 그 밖에 금융위원회의 승인을 받은 업무
2. 이 법 또는 다른 법령에서 증권금융회사의 업무로 규정한 업무
3. 그 밖에 금융위원회로부터 승인을 받은 업무
③ 증권금융회사는 증권금융업무, 제2항의 업무 또는 제330조에 따른 업무에 부수하는 업무로서 다음 각 호의 어느
하나에 해당하는 업무를 행한다.<개정 2013. 5. 28.>
1. 보호예수업무
2. 그 밖에 금융위원회의 승인을 받은 업무
 
제327조(임원 등) ① 증권금융회사의 상근임원은 금융투자업자의 임직원 외의 자이어야 한다.
② 「금융회사의 지배구조에 관한 법률」 제5조는 증권금융회사의 임원에게 준용한다.<개정 2015. 7. 31.>
③ 증권금융회사의 상근 임직원은 금융투자업자 및 금융투자업관계기관(그 상근 임직원이 소속된 증권금융회사를
제외한다)과 자금의 공여, 손익의 분배, 그 밖에 영업에 관하여 대통령령으로 정하는 특별한 이해관계를 가져서는
법제처                                                            154                                                       국가법령정보센터
자본시장과 금융투자업에 관한 법률
아니 된다.
 
제328조(준용규정) 제54조, 제63조, 제64조 및 「금융회사의 지배구조에 관한 법률」 제31조(제5항은 제외한다)는 증권
금융회사에 준용한다.
[전문개정 2015. 7. 31.]
 
제329조(사채의 발행) ① 증권금융회사는 자본금과 준비금의 합계액의 20배를 초과하지 아니하는 범위에서 사채를 발
행할 수 있다. <개정 2013. 5. 28.>
② 증권금융회사는 제1항에 따라 발행한 사채의 상환을 위하여 일시적으로 그 한도를 초과하여 사채를 발행할 수
있다. 이 경우 발행 후 1개월 이내에 제1항의 한도에 적합하도록 하여야 한다.
③ 제1항에 따른 증권금융회사의 사채 발행에 관하여 필요한 사항은 대통령령으로 정한다.
 
제330조(금융투자업자 자금의 예탁 등) ① 증권금융회사는 금융투자업자, 금융투자업관계기관(그 증권금융회사를 제외
한다), 거래소, 상장법인, 그 밖에 총리령으로 정하는 자로부터 자금의 예탁을 받을 수 있다. <개정 2008. 2. 29.>
② 증권금융회사는 제1항의 업무를 위하여 필요한 경우에는 총리령으로 정하는 방법에 따라 채무증서를 발행할 수
있다.<개정 2008. 2. 29.>
③ 제1항 및 제2항의 경우에는 「한국은행법」과 「은행법」을 적용하지 아니한다.
 
제331조(감독) ① 금융위원회는 증권금융회사에 대하여 이 법이 정하는 바에 따라 감독하며, 이에 필요한 조치를 명할
수 있다. <개정 2008. 2. 29.>
② 삭제<2008. 2. 29.>
③ 「은행법」 제34조 및 제46조는 증권금융회사의 경영의 건전성을 유지하기 위한 감독업무에 관하여 준용한다. 이
경우 금융위원회는 증권금융회사의 특성을 고려하여 별도의 경영지도기준을 정하여야 한다.<개정 2008. 2. 29.,
2010. 5. 17.>
 
제332조(업무 폐지 등의 승인) ① 증권금융회사는 제326조제1항에 따른 업무를 폐지하거나 해산하고자 하는 경우에는
금융위원회의 승인을 받아야 한다. <개정 2008. 2. 29.>
② 금융위원회는 제1항에 따른 승인을 한 경우 그 내용을 관보 및 인터넷 홈페이지 등에 공고하여야 한다.<개정
2008. 2. 29.>
③ 제1항에 따른 승인방법ㆍ절차, 그 밖의 승인업무 처리를 위하여 필요한 사항은 대통령령으로 정한다.
 
제333조(정관ㆍ규정의 보고) ① 증권금융회사는 정관을 변경한 경우에는 이를 지체 없이 금융위원회에 보고하여야 한
다. <개정 2008. 2. 29.>
② 증권금융회사는 그 업무에 관한 규정(規程)을 제정ㆍ변경하거나 폐지한 경우에는 이를 지체 없이 금융위원회에
보고하여야 한다.<개정 2008. 2. 29.>
 
제334조(증권금융회사에 대한 검사) 제419조(제2항부터 제4항까지의 규정 및 제8항을 제외한다)는 증권금융회사에 대
한 검사에 관하여 준용한다.
 
제335조(증권금융회사에 대한 조치) ① 금융위원회는 증권금융회사가 다음 각 호의 어느 하나에 해당하는 경우에는 제
324조제1항에 따른 인가를 취소할 수 있다. <개정 2008. 2. 29.>
1. 거짓, 그 밖의 부정한 방법으로 제324조제1항에 따른 인가를 받은 경우
2. 인가조건을 위반한 경우
3. 제324조제9항에 따른 인가요건 유지의무를 위반한 경우
4. 업무의 정지기간 중에 업무를 한 경우
5. 금융위원회의 시정명령 또는 중지명령을 이행하지 아니한 경우
법제처                                                            155                                                       국가법령정보센터
자본시장과 금융투자업에 관한 법률
6. 별표 9 각 호의 어느 하나에 해당하는 경우로서 대통령령으로 정하는 경우
7. 대통령령으로 정하는 금융관련 법령 등을 위반한 경우로서 대통령령으로 정하는 경우
8. 그 밖에 투자자의 이익을 현저히 해할 우려가 있거나 해당 업무를 영위하기 곤란하다고 인정되는 경우로서 대통
령령으로 정하는 경우
② 금융위원회는 증권금융회사가 제1항 각 호(제6호를 제외한다)의 어느 하나에 해당하거나 별표 9 각 호의 어느
하나에 해당하는 경우에는 다음 각 호의 어느 하나에 해당하는 조치를 할 수 있다.<개정 2008. 2. 29.>
1. 6개월 이내의 업무의 전부 또는 일부의 정지
2. 계약의 인계명령
3. 위법행위의 시정명령 또는 중지명령
4. 위법행위로 인한 조치를 받았다는 사실의 공표명령 또는 게시명령
5. 기관경고
6. 기관주의
7. 그 밖에 위법행위를 시정하거나 방지하기 위하여 필요한 조치로서 대통령령으로 정하는 조치
③ 금융위원회는 증권금융회사의 임원이 제1항 각 호(제6호를 제외한다)의 어느 하나에 해당하거나 별표 9 각 호의
어느 하나에 해당하는 경우에는 다음 각 호의 어느 하나에 해당하는 조치를 할 수 있다.<개정 2008. 2. 29.>
1. 해임요구
2. 6개월 이내의 직무정지
3. 문책경고
4. 주의적 경고
5. 주의
6. 그 밖에 위법행위를 시정하거나 방지하기 위하여 필요한 조치로서 대통령령으로 정하는 조치
④ 금융위원회는 증권금융회사의 직원이 제1항 각 호(제6호를 제외한다)의 어느 하나에 해당하거나 별표 9 각 호의
어느 하나에 해당하는 경우에는 다음 각 호의 어느 하나에 해당하는 조치를 그 증권금융회사에 요구할 수 있다.<개
정 2008. 2. 29.>
1. 면직
2. 6개월 이내의 정직
3. 감봉
4. 견책
5. 경고
6. 주의
7. 그 밖에 위법행위를 시정하거나 방지하기 위하여 필요한 조치로서 대통령령으로 정하는 조치
⑤ 제422조제3항 및 제423조부터 제425조까지의 규정은 증권금융회사 및 그 임직원에 대한 조치 등에 관하여 준용
한다.<개정 2008. 2. 29.>
 
       제3장의2 신용평가회사 <신설 2013. 5. 28.>
 
제335조의2(무인가 신용평가 금지) 누구든지 이 법에 따른 신용평가업인가를 받지 아니하고는 신용평가업을 영위하여
서는 아니 된다. 다만, 투자자 보호 및 건전한 거래질서를 해할 우려가 없는 경우로서 대통령령으로 정하는 경우는
제외한다.
[본조신설 2013. 5. 28.]
 
제335조의3(인가) ① 신용평가업을 영위하려는 자는 금융위원회로부터 신용평가업인가를 받아야 한다.
② 제1항에 따라 신용평가업인가를 받으려는 자는 다음 각 호의 요건을 모두 갖추어야 한다.<개정 2015. 7. 31.>
법제처                                                            156                                                       국가법령정보센터
자본시장과 금융투자업에 관한 법률
1. 「상법」에 따른 주식회사, 그 밖에 대통령령으로 정하는 법인일 것. 다만, 다음 각 목의 어느 하나에 해당하는 자
는 제외한다.
가. 상호출자제한기업집단에 속하는 회사가 100분의 10을 초과하여 출자한 법인
나. 대통령령으로 정하는 금융기관이 100분의 10을 초과하여 출자한 법인
다. 가목 또는 나목의 회사가 최대주주인 법인
2. 50억원 이상으로서 대통령령으로 정하는 금액 이상의 자기자본을 갖출 것
3. 사업계획이 타당하고 건전할 것
4. 신뢰성 있는 신용등급을 지속적으로 생산하기에 충분한 인력 및 전산설비, 그 밖의 물적 설비를 갖출 것
5. 임원이 「금융회사의 지배구조에 관한 법률」 제5조에 적합할 것
6. 대주주(제12조제2항제6호가목의 대주주를 말한다)가 충분한 출자능력, 건전한 재무상태 및 사회적 신용을 갖출
것
7. 신용평가회사와 투자자 또는 발행인 사이의 이해상충을 방지하기 위한 체계를 갖출 것
③ 제2항의 인가요건에 관하여 필요한 세부사항은 대통령령으로 정한다.
[본조신설 2013. 5. 28.]
 
제335조의4(인가의 신청 및 심사) ① 제335조의3제1항에 따른 인가를 받으려는 자는 인가신청서를 금융위원회에 제출
하여야 한다.
② 금융위원회는 제1항의 인가신청서를 접수한 때에는 그 내용을 심사하여 3개월 이내에 인가 여부를 결정하고, 그
결과와 이유를 지체 없이 신청인에게 문서로 통지하여야 한다. 이 경우 인가신청서에 흠결이 있는 경우에는 보완을
요구할 수 있다.
③ 제2항의 심사기간을 산정함에 있어서 인가신청서 흠결의 보완기간 등 총리령으로 정하는 기간은 이를 산입하지
아니한다.
④ 금융위원회는 제2항에 따라 인가를 하는 경우에는 신용평가회사의 경영의 건전성 확보 및 건전한 시장질서 유지
에 필요한 조건을 붙일 수 있다.
⑤ 제4항에 따라 조건이 붙은 인가를 받은 자는 사정의 변경이나 그 밖에 정당한 사유가 있는 경우에는 금융위원회
에 조건의 취소 또는 변경을 요청할 수 있다. 이 경우 금융위원회는 2개월 이내에 조건의 취소 또는 변경 여부를 결
정하고, 그 결과를 지체 없이 신청인에게 문서로 통지하여야 한다.
⑥ 금융위원회는 제2항에 따라 인가를 한 경우에는 다음 각 호의 사항을 관보 및 인터넷 홈페이지 등에 공고하여야
한다.
1. 인가의 내용
2. 인가의 조건(조건을 붙인 경우로 한정한다)
3. 인가의 조건을 취소하거나 변경한 경우 그 내용(조건을 취소하거나 변경한 경우로 한정한다)
⑦ 제1항부터 제6항까지의 규정에 따른 인가신청서의 기재사항ㆍ첨부서류 등 인가의 신청에 관한 사항과 인가심사
의 방법ㆍ절차, 그 밖에 필요한 사항은 대통령령으로 정한다.
[본조신설 2013. 5. 28.]
 
제335조의5(예비인가) ① 제335조의3에 따른 신용평가업인가(이하 이 조에서 “본인가”라 한다)를 받으려는 자는 미리
금융위원회에 예비인가를 신청할 수 있다.
② 금융위원회는 예비인가를 신청받은 경우에는 2개월 이내에 제335조의3제2항 각 호의 요건을 갖출 수 있는지 여
부를 심사하여 예비인가 여부를 결정하고, 그 결과와 이유를 지체 없이 신청인에게 문서로 통지하여야 한다. 이 경
우 예비인가신청에 관하여 흠결이 있는 때에는 보완을 요구할 수 있다.
③ 제2항의 심사기간을 산정함에 있어서 예비인가신청과 관련된 흠결의 보완기간 등 총리령으로 정하는 기간은 심
사기간에 산입하지 아니한다.
④ 금융위원회는 제2항에 따라 예비인가를 하는 경우에는 신용평가회사의 경영의 건전성 확보 및 건전한 시장질서
유지에 필요한 조건을 붙일 수 있다.
법제처                                                            157                                                       국가법령정보센터
자본시장과 금융투자업에 관한 법률
⑤ 금융위원회는 예비인가를 받은 자가 본인가를 신청하는 경우에는 제4항에 따른 예비인가의 조건을 이행하였는
지 여부와 제335조의2제2항 각 호의 요건을 갖추었는지 여부를 확인한 후 본인가 여부를 결정하여야 한다.
⑥ 제1항부터 제5항까지의 규정에 따른 예비인가의 신청서 및 그 기재사항ㆍ첨부서류 등 예비인가의 신청에 관한
사항과 예비인가심사의 방법ㆍ절차, 그 밖에 예비인가에 관하여 필요한 사항은 대통령령으로 정한다.
[본조신설 2013. 5. 28.]
 
제335조의6(인가요건의 유지) 신용평가회사는 제335조의3에 따른 신용평가업인가를 받아 그 업무를 영위함에 있어서
제335조의3제2항 각 호의 인가요건을 유지하여야 한다.
[본조신설 2013. 5. 28.]
 
제335조의7(유사명칭 사용 금지) 신용평가회사가 아닌 자는 신용평가 또는 이와 유사한 명칭을 사용하여서는 아니 된
다. 다만, 그 밖에 대통령령으로 정하는 경우에는 그러하지 아니하다. <개정 2020. 2. 4.>
[본조신설 2013. 5. 28.]
 
제335조의8(임원 및 내부통제기준 등) ① 「금융회사의 지배구조에 관한 법률」 제5조 및 제31조(제5항은 제외한다)는
신용평가회사 및 그 임원에게 준용한다. <개정 2015. 7. 31.>
② 신용평가회사는 그 임직원이 직무를 수행함에 있어서 준수하여야 할 적절한 기준 및 절차로서 다음 각 호의 사
항을 포함하는 신용평가내부통제기준을 정하여야 한다.
1. 평가조직과 영업조직의 분리에 관한 사항
2. 이해상충방지체계에 관한 사항
3. 불공정행위의 금지에 관한 사항
4. 신용평가 대상의 특성에 적합한 신용평가기준 도입에 관한 사항
5. 그 밖에 신용평가내부통제기준에 관하여 필요한 사항으로서 대통령령으로 정하는 사항
③ 신용평가회사(자산규모, 매출액 등을 고려하여 대통령령으로 정하는 법인은 제외한다. 이하 이 조에서 같다)는
신용평가내부통제기준의 준수 여부를 점검하고 신용평가내부통제기준을 위반하는 경우 이를 조사하여 감사위원회
또는 감사에게 보고하는 자로서 준법감시인을 1인 이상 두어야 한다.
④ 준법감시인은 선량한 관리자의 주의로 그 직무를 수행하여야 하며, 다음 각 호의 업무를 수행하는 직무를 담당하
여서는 아니 된다.
1. 해당 신용평가회사의 고유재산의 운용업무
2. 해당 신용평가회사가 영위하고 있는 신용평가업 및 그 부수업무
3. 해당 신용평가회사가 제335조의10에 따라 영위하고 있는 겸영업무
⑤ 「금융회사의 지배구조에 관한 법률」 제5조, 제25조제3항, 제26조제1항제1호 및 제30조는 신용평가회사의 준법
감시인에게 준용한다.<개정 2015. 7. 31.>
⑥ 그 밖에 신용평가내부통제기준 및 준법감시인에 관하여 필요한 사항은 대통령령으로 정한다.
[본조신설 2013. 5. 28.]
 
제335조의9(독립성ㆍ공정성) 신용평가회사 및 그 임직원은 신용평가에 관한 업무를 함에 있어 독립적인 입장에서 공정
하고 충실하게 그 업무를 수행하여야 한다.
[본조신설 2013. 5. 28.]
 
제335조의10(겸영업무 및 부수업무) ① 신용평가회사는 투자자 보호 및 건전한 거래질서를 해할 우려가 없는 업무로서
다음 각 호의 업무를 겸영할 수 있다.
1. 제263조에 따른 채권평가회사의 업무
2. 그 밖에 대통령령으로 정하는 업무
② 신용평가회사는 다음 각 호의 어느 하나에 해당하는 업무를 포함하여 신용평가업에 부수하는 업무를 영위할 수
있다.
법제처                                                            158                                                       국가법령정보센터
자본시장과 금융투자업에 관한 법률
1. 은행, 그 밖에 대통령령으로 정하는 금융기관의 기업 등에 대한 신용공여의 원리금상환 가능성에 대한 평가 업무
2. 은행, 보험회사, 그 밖에 대통령령으로 정하는 금융기관의 지급능력, 재무건전성 등에 대한 평가 업무
3. 그 밖에 대통령령으로 정하는 업무
③ 신용평가회사는 제1항 또는 제2항의 업무를 영위하려는 때에는 영위하려는 날의 7일 전까지 이를 금융위원회에
신고하여야 한다.
④ 제41조제2항부터 제4항까지의 규정은 신용평가회사에 대하여 준용한다.
[본조신설 2013. 5. 28.]
 
제335조의11(신용평가회사의 행위규칙) ① 신용평가회사는 금융위원회가 정하여 고시하는 바에 따라 신용등급의 부여
ㆍ제공ㆍ열람에 제공하기 위한 방침 및 방법(이하 “신용평가방법”이라 한다)을 정하고, 그 신용평가방법 등에 따라
신용평가를 하여야 한다.
② 신용평가회사는 신용평가를 요청한 자(이하 “요청인”이라 한다)에 대한 신용평가를 하는 경우에는 재무상태ㆍ사
업실적 등 현재의 상황과 사업위험ㆍ경영위험 및 재무위험 등 미래의 전망을 종합적으로 고려하여야 한다.
③ 신용평가회사는 신용평가의 결과를 기술(記述)한 것으로서 다음 각 호의 사항을 포함한 서류(이하 “신용평가서
”라 한다)를 작성하여야 한다.
1. 신용등급
2. 신용평가회사의 의견
3. 제7항제1호에 따라 대통령령으로 정하는 자가 아닌 자로서 해당 신용평가회사와 출자관계에 있는 자와 관련한
신용평가를 하는 경우에 그 출자관계에 관한 사항
4. 그 밖에 투자자 등의 합리적 의사결정에 필요한 정보로서 금융위원회가 정하여 고시하는 사항
④ 신용평가회사는 요청인에게 신용평가서를 제공하는 경우에는 신용평가실적서(신용평가회사가 부여한 신용등급
별로 원리금 상환 이행률 등을 기재한 것을 말한다), 그 밖에 해당 신용평가회사의 신용평가 능력의 파악에 필요한
것으로서 금융위원회가 정하여 고시하는 서류(이하 “신용평가실적서등”이라 한다)를 함께 제공하여야 한다.
⑤ 신용평가회사는 다음 각 호의 사항에 대한 기록을 3년간 보존하여야 한다.
1. 요청인의 주소와 성명
2. 요청받은 업무 내용 및 요청받은 날짜
3. 요청받은 업무의 처리 내용 또는 제공한 신용평가서 및 제공한 날짜
4. 그 밖에 투자자 보호 및 건전한 거래질서 유지를 위하여 기록 보존이 필요한 것으로서 대통령령으로 정하는 사항
⑥ 신용평가회사의 임직원이나 임직원이었던 자는 직무상 알게 된 요청인의 비밀을 누설하거나 이용하여서는 아니
된다. 다만, 다음 각 호의 어느 하나에 해당하는 경우에는 그러하지 아니하다.
1. 요청인이 제공ㆍ이용에 동의한 목적으로 이용하는 경우
2. 법원의 제출명령 또는 법관이 발부한 영장에 따라 제공되는 경우
3. 그 밖에 법률에 따라 제공되는 경우
⑦ 신용평가회사는 다음 각 호의 어느 하나에 해당하는 행위를 하여서는 아니 된다.
1. 신용평가회사와 일정한 비율 이상의 출자관계에 있는 등 특수한 관계에 있는 자로서 대통령령으로 정하는 자와
관련된 신용평가를 하는 행위
2. 신용평가 과정에서 신용평가회사 또는 그 계열회사의 상품이나 서비스를 구매하거나 이용하도록 강요하는 행위
3. 그 밖에 투자자 보호 또는 건전한 거래질서를 해할 우려가 있는 행위로서 대통령령으로 정하는 행위
[본조신설 2013. 5. 28.]
 
제335조의12(신용평가서 등의 제출ㆍ공시 등) ① 신용평가회사는 신용평가방법을 제335조의11제1항에 따라 정하거나
변경한 경우에는 금융위원회, 거래소 및 협회에 이를 제출하여야 한다.
② 신용평가회사는 다음 각 호의 어느 하나에 해당하는 경우에는 신용평가서를 금융위원회, 거래소 및 협회에 제출
하여야 한다.
법제처                                                            159                                                       국가법령정보센터
자본시장과 금융투자업에 관한 법률
1. 이 법 또는 금융관련 법령에 따라 발행인 등에 대하여 신용평가를 받도록 한 경우
2. 증권신고서ㆍ사업보고서 등 이 법 또는 금융관련 법령에 따라 의무적으로 작성되는 서류에 신용평가서를 첨부하
는 경우
3. 그 밖에 투자자 보호 및 건전한 거래질서를 위하여 필요한 경우로서 대통령령으로 정하는 경우
③ 신용평가회사는 신용평가의 적정성 등에 관한 것으로서 금융위원회가 정하여 고시하는 서류를 금융위원회, 거래
소 및 협회에 제출하여야 한다.
④ 금융위원회와 거래소는 제1항부터 제3항까지의 규정에 따라 제출받은 서류 중 대통령령으로 정하는 서류를 3년
간 일정한 장소에 비치하고, 인터넷 홈페이지 등을 이용하여 공시하여야 한다.
⑤ 제1항부터 제3항까지의 규정에 따른 서류제출의 방법, 시기 및 절차 등에 관하여는 대통령령으로 정한다.
[본조신설 2013. 5. 28.]
 
제335조의13(의결권의 제한) ① 상호출자제한기업집단에 속하는 회사 또는 제335조의3제2항제1호나목에 따른 금융기
관이 같은 호 가목 또는 나목에 따른 출자한도를 초과하여 신용평가회사의 주식(출자지분을 포함한다. 이하 이 조에
서 같다)을 보유하는 경우 해당 주식의 의결권 행사의 범위는 같은 항 각 호에 따른 한도로 제한하며, 지체 없이 그
한도에 적합하도록 하여야 한다.
② 금융위원회는 상호출자제한기업집단에 속하는 회사 또는 제335조의3제2항제1호나목에 따른 금융기관이 제
335조의3제2항제1호가목 또는 나목에 따른 출자한도를 초과하여 보유하고 있는 신용평가회사의 주식을 처분할 것
을 6개월 이내의 기간을 정하여 명할 수 있다.
[본조신설 2013. 5. 28.]
 
제335조의14(준용규정) ① 제33조(제2항부터 제4항까지의 규정은 제외한다), 제63조(금융투자상품의 신용평가를 담당
하는 임직원으로 한정한다), 제415조부터 제419조(제2항부터 제4항까지 및 제8항은 제외한다)까지의 규정은 신용평
가회사에 준용한다.
② 제259조제2항은 신용평가회사에 준용한다. 이 경우 “집합투자기구평가회사”는 “신용평가회사”로 본다.
[본조신설 2013. 5. 28.]
 
제335조의15(신용평가회사에 대한 조치) ① 금융위원회는 신용평가회사가 다음 각 호의 어느 하나에 해당하는 경우에
는 제335조의3제1항에 따른 인가를 취소할 수 있다.
1. 거짓, 그 밖의 부정한 방법으로 제335조의3제1항에 따른 인가를 받은 경우
2. 제335조의4제4항에 따른 인가조건을 위반한 경우
3. 제335조의6에 따른 인가요건 유지의무를 위반한 경우
4. 업무의 정지기간 중에 업무를 한 경우
5. 금융위원회의 시정명령 또는 중지명령을 이행하지 아니한 경우
6. 별표 9의2 각 호의 어느 하나에 해당하는 경우로서 대통령령으로 정하는 경우
7. 대통령령으로 정하는 금융관련 법령 등을 위반한 경우로서 대통령령으로 정하는 경우
8. 그 밖에 투자자의 이익을 현저히 해할 우려가 있거나 해당 업무를 영위하기 곤란하다고 인정되는 경우로서 대통
령령으로 정하는 경우
② 금융위원회는 신용평가회사가 제1항 각 호(제6호는 제외한다)의 어느 하나에 해당하거나 별표 9의2 각 호의 어
느 하나에 해당하는 경우에는 다음 각 호의 어느 하나에 해당하는 조치를 할 수 있다.
1. 6개월 이내의 업무의 전부 또는 일부의 정지
2. 계약의 인계명령
3. 위법행위의 시정명령 또는 중지명령
4. 위법행위로 인한 조치를 받았다는 사실의 공표명령 또는 게시명령
5. 기관경고
법제처                                                            160                                                       국가법령정보센터
자본시장과 금융투자업에 관한 법률
6. 기관주의
7. 그 밖에 위법행위를 시정하거나 방지하기 위하여 필요한 조치로서 대통령령으로 정하는 조치
③ 금융위원회는 신용평가회사의 임원이 제1항 각 호(제6호는 제외한다)의 어느 하나에 해당하거나 별표 9의2 각
호의 하나에 해당하는 경우에는 다음 각 호의 어느 하나에 해당하는 조치를 할 수 있다.
1. 해임요구
2. 6개월 이내의 직무정지
3. 문책경고
4. 주의적 경고
5. 주의
6. 그 밖에 위법행위를 시정하거나 방지하기 위하여 필요한 조치로서 대통령령으로 정하는 조치
④ 금융위원회는 신용평가회사의 직원이 제1항 각 호(제6호는 제외한다)의 어느 하나에 해당하거나 별표 9의2 각
호의 어느 하나에 해당하는 경우에는 다음 각 호의 어느 하나에 해당하는 조치를 그 신용평가회사에 요구할 수 있
다.
1. 면직
2. 6개월 이내의 정직
3. 감봉
4. 견책
5. 경고
6. 주의
7. 그 밖에 위법행위를 시정하거나 방지하기 위하여 필요한 조치로서 대통령령으로 정하는 조치
⑤ 제422조제3항 및 제423조부터 제425조까지의 규정은 신용평가회사 및 그 임직원에 대한 조치 등에 관하여 준용
한다.
[본조신설 2013. 5. 28.]
 
       제4장 종합금융회사
 
제336조(종합금융회사의 업무) ① 종합금융회사(종전의 「종합금융회사에 관한 법률」 제3조에 따라 금융위원회의 인가
를 받은 자를 말한다. 이하 같다)의 업무는 다음 각 호와 같다. <개정 2008. 2. 29.>
1. 1년 이내에서 대통령령으로 정하는 기간 이내에 만기가 도래하는 어음의 발행ㆍ할인ㆍ매매ㆍ중개ㆍ인수 및 보
증
2. 설비 또는 운전자금의 투융자
3. 증권의 인수ㆍ매출 또는 모집ㆍ매출의 중개ㆍ주선ㆍ대리
4. 외자도입, 해외 투자, 그 밖의 국제금융의 주선과 외자의 차입 및 전대
5. 채권의 발행
6. 기업의 경영 상담과 기업인수 또는 합병 등에 관한 용역
7. 지급보증
8. 제1호부터 제7호까지의 업무에 부수되는 업무로서 대통령령으로 정하는 업무
② 종합금융회사는 제1항의 업무 외에 다음 각 호의 어느 하나에 해당하는 업무를 이 법 또는 해당 법률이 정하는
바에 따라 인가ㆍ허가ㆍ등록 등을 받아 영위할 수 있다.
1. 「여신전문금융업법」에 따른 시설대여업무
2. 집합투자업(투자신탁의 설정ㆍ해지 및 투자신탁재산의 운용업무에 한한다)
3. 금전신탁 외의 신탁업
4. 증권을 대상으로 하는 투자매매업 및 투자중개업(제1항제3호에 해당되는 부분을 제외한다)
법제처                                                            161                                                       국가법령정보센터
자본시장과 금융투자업에 관한 법률
5. 「외국환거래법」에 따른 외국환업무
6. 그 밖에 제1항 각 호의 업무 또는 제1호부터 제5호까지의 업무와 관련된 업무로서 대통령령으로 정하는 업무
③ 제1항 각 호의 업무를 영위함에 있어서 그 방법 및 절차와 준수사항 등에 관하여 필요한 사항은 대통령령으로
정한다.
 
제337조(지점등의 설치) 종합금융회사는 지점ㆍ사무소, 그 밖에 이와 유사한 명칭의 영업소(사무의 일부만을 수행하는
출장소ㆍ관리사무소, 그 밖에 이와 유사한 장소를 포함하며, 이하 “지점등”이라 한다)를 설치하고자 하는 경우에는
대통령령으로 정하는 기준 및 방법에 따라 금융위원회의 인가를 받아야 한다. <개정 2008. 2. 29.>
 
제338조(유사명칭의 사용금지) 종합금융회사가 아닌 자는 “종합금융회사” 또는 이와 유사한 명칭을 사용하여서는 아니
된다.
 
제339조(인가사항 등) ① 종합금융회사는 제336조제1항에 따른 업무를 폐지하거나 해산하고자 하는 경우에는 금융위
원회의 인가를 받아야 한다. <개정 2008. 2. 29.>
② 종합금융회사는 다음 각 호의 어느 하나에 해당하는 경우에는 그 사유가 발생한 날부터 7일 이내에 금융위원회
에 그 내용을 보고하여야 한다. 다만, 제3호의 경우에는 사전에 금융위원회에 신고하여야 한다.<개정 2008. 2. 29.>
1. 정관의 변경
2. 업무방법의 변경
3. 본점의 이전 또는 지점등의 이전ㆍ폐쇄
 
제340조(채권의 발행) ① 종합금융회사는 「상법」 제470조에 불구하고 자기자본의 10배의 범위에서 채권을 발행할 수
있다.
② 종합금융회사는 제1항에 따라 발행한 채권의 상환을 위하여 필요한 경우에는 일시적으로 그 한도를 초과하여 채
권을 발행할 수 있다.
③ 그 밖에 채권의 발행에 관하여 필요한 사항은 대통령령으로 정한다.
 
제341조(집합투자업에 대한 특례) ① 제250조제3항(제1호 및 제2호에 한한다)ㆍ제5항 및 제6항은 종합금융회사에 준
용한다.
② 종합금융회사는 이 법에 따라 투자신탁의 설정ㆍ해지 및 투자신탁재산의 운용업무를 영위하는 경우에는 임원
(사실상 임원과 동등한 지위에 있는 자로서 대통령령으로 정하는 자를 포함한다. 이하 이 항에서 같다)을 두어야 하
고, 임직원에게 다음 각 호의 업무를 겸직하게 하여서는 아니 되며, 전산설비 또는 사무실 등의 공동사용 금지 및 다
른 업무를 영위하는 임직원 간의 정보교류 제한 등 대통령령으로 정하는 이해상충방지체계를 갖추어야 한다. 다만,
임원의 경우 제1호의 업무 중 제2호의 업무와 이해상충이 적은 업무로서 대통령령으로 정하는 업무와 제2호의 업
무를 겸직할 수 있다.
1. 제336조에 따른 업무(제2호의 업무를 제외한다)
2. 투자신탁의 설정ㆍ해지 및 투자신탁재산의 운용업무
 
제342조(동일차주 등에 대한 신용공여한도 등) ① 종합금융회사는 같은 개인ㆍ법인 및 그와 신용위험을 공유하는 자
(이하 이 조에서 “동일차주”라 한다)에 대하여 그 종합금융회사의 자기자본(국제결제은행의 기준에 따른 기본자본과
보완자본의 합계액을 말한다. 이하 이 장에서 같다)의 100분의 25를 초과하는 신용공여(대출, 어음의 할인, 지급보증,
자금 지원적 성격의 증권의 매입, 그 밖에 금융거래상의 신용위험을 수반하는 종합금융회사의 직접ㆍ간접적 거래를
말한다. 이하 이 장에서 같다)를 할 수 없다.
② 종합금융회사는 그 종합금융회사의 임원ㆍ자회사 및 그와 신용위험을 공유하는 자(이하 이 조에서 “관계인”이라
한다)에 대하여 그 종합금융회사의 자기자본의 100분의 25의 범위에서 대통령령으로 정하는 한도를 초과하는 신용
공여를 할 수 없다.
법제처                                                            162                                                       국가법령정보센터
자본시장과 금융투자업에 관한 법률
③ 종합금융회사의 동일차주 각각에 대한 신용공여가 그 종합금융회사의 자기자본의 100분의 10을 초과하는 신용
공여의 총 합계액은 매 월말 기준으로 그 종합금융회사 자기자본의 5배를 초과할 수 없다.
④ 종합금융회사는 같은 개인이나 법인 각각에 대하여 그 종합금융회사의 자기자본의 100분의 20을 초과하여 신용
공여를 할 수 없다.
⑤ 종합금융회사는 제1항부터 제4항까지의 규정에 불구하고 다음 각 호의 어느 하나에 해당하는 경우로서 대통령
령으로 정하는 경우에는 제1항부터 제4항까지의 규정에 따른 한도를 초과하여 신용공여를 할 수 있다.
1. 국민경제 또는 종합금융회사의 채권확보의 실효성 제고를 위하여 필요한 경우
2. 종합금융회사가 추가로 신용공여를 하지 아니하였음에도 불구하고 자기자본의 변동, 동일차주 구성의 변동 등으
로 인하여 제1항부터 제4항까지의 규정에 따른 한도를 초과하게 되는 경우
⑥ 종합금융회사는 제5항제2호에 따라 제1항부터 제4항까지의 규정에 따른 한도를 초과하게 되는 경우에는 그 한
도를 초과하게 된 날부터 1년 이내에 제1항부터 제4항까지의 규정에 따른 한도에 적합하도록 하여야 한다. 다만, 대
통령령으로 정하는 부득이한 사유에 해당하는 경우에는 금융위원회가 그 기간을 정하여 연장할 수 있다.<개정
2008. 2. 29.>
⑦ 제1항에 따른 자기자본, 신용공여 및 동일차주와 제2항에 따른 관계인의 구체적 범위는 대통령령으로 정한다.
 
제343조(대주주와의 거래의 제한 등) ① 종합금융회사는 그의 대주주(그의 특수관계인을 포함한다. 이하 이 조에서 같
다)에게 신용공여를 함에 있어서 자기자본의 100분의 25의 범위에서 대통령령으로 정하는 한도를 초과하여서는 아
니 되며, 대주주는 그 종합금융회사로부터 그 한도를 초과하여 신용공여를 받아서는 아니 된다.
② 종합금융회사는 그의 대주주에게 제1항의 범위에서 대통령령으로 정하는 금액 이상의 신용공여(대통령령으로
정하는 거래를 포함한다. 이하 이 조에서 같다)를 하거나 대주주가 발행한 주식을 대통령령으로 정하는 금액 이상으
로 취득하려는 경우에는 미리 이사회 결의를 거쳐야 한다. 이 경우 이사회는 재적이사 전원의 찬성으로 결의한다.
③ 종합금융회사는 그의 대주주에게 제2항에 따라 대통령령으로 정하는 금액 이상의 신용공여를 하거나 대주주가
발행한 주식을 대통령령으로 정하는 금액 이상으로 취득한 경우에는 그 사실을 금융위원회에 지체 없이 보고하고,
인터넷 홈페이지 등을 이용하여 공시하여야 한다.<개정 2008. 2. 29.>
④ 종합금융회사는 그의 대주주에 대한 신용공여 또는 대주주가 발행한 주식의 취득에 관한 보고사항 중 대통령령
으로 정하는 사항을 종합하여 분기별로 금융위원회에 보고하고, 인터넷 홈페이지 등을 이용하여 공시하여야 한다.
<개정 2008. 2. 29.>
⑤ 종합금융회사는 추가적인 신용공여를 하지 아니하였음에도 불구하고 자기자본의 변동 및 대주주의 변경 등으로
인하여 제1항에서 정한 한도를 초과하게 되는 경우에는 대통령령으로 정하는 기간 이내에 제1항에 적합하도록 하
여야 한다.
⑥ 종합금융회사는 제5항에 불구하고 신용공여의 기한 및 규모 등에 따른 부득이한 사유가 있는 경우에는 금융위원
회의 승인을 받아 그 기간을 연장할 수 있다.<개정 2008. 2. 29.>
⑦ 제6항에 따른 승인을 받으려는 종합금융회사는 제5항에 따른 기간이 만료되기 3개월 전까지 제1항에 따른 한도
에 적합하도록 하기 위한 세부계획서를 금융위원회에 제출하여야 하고, 금융위원회는 세부계획서를 제출받은 날부
터 1개월 이내에 승인 여부를 결정ㆍ통보하여야 한다.<개정 2008. 2. 29.>
⑧ 금융위원회는 종합금융회사 또는 그의 대주주가 제1항부터 제7항까지의 규정을 위반한 혐의가 있다고 인정되는
경우에는 종합금융회사 또는 대주주에 대하여 필요한 자료의 제출을 명할 수 있다.<개정 2008. 2. 29.>
⑨ 금융위원회는 종합금융회사의 대주주(회사에 한한다)의 부채가 자산을 초과하는 등 재무구조의 부실로 인하여
종합금융회사의 경영건전성을 현저히 해칠 우려가 있는 경우로서 대통령령으로 정하는 경우에는 그 종합금융회사
에 대하여 다음 각 호의 조치를 할 수 있다.<개정 2008. 2. 29.>
1. 그 대주주에 대한 신규 신용공여의 금지
2. 그 대주주가 발행한 증권의 신규취득 금지
3. 그 밖에 그 대주주에 대한 자금지원 성격의 거래제한 등 대통령령으로 정하는 조치
법제처                                                            163                                                       국가법령정보센터
자본시장과 금융투자업에 관한 법률
제344조(증권의 투자한도) ① 종합금융회사는 대통령령으로 정하는 경우를 제외하고는 자기자본의 100분의 100을 초
과하여 증권에 투자하여서는 아니 된다. 이 경우 국채증권과 한국은행이 발행한 통화안정증권은 그 한도계산에 산입
하지 아니한다.
② 금융위원회는 필요한 경우 제1항에 따른 투자한도의 범위에서 대통령령으로 정하는 방법에 따라 주식 및 파생결
합증권 등에 대한 투자한도를 따로 정하여 고시할 수 있다.<개정 2008. 2. 29.>
 
제345조(자금지원 관련 금지행위) ① 상호출자제한기업집단에 속하는 종합금융회사는 다른 상호출자제한기업집단에
속하는 금융기관(「금융산업의 구조개선에 관한 법률」에 따른 금융기관을 말한다. 이하 이 항에서 같다) 또는 회사와
다음 각 호의 행위를 하여서는 아니 된다.
1. 제342조부터 제344조까지의 규정에 따른 한도를 회피하기 위한 목적으로 다른 금융기관 또는 회사의 의결권 있
는 주식을 서로 교차하여 소유하거나 신용공여를 하는 행위
2. 「상법」, 그 밖의 법률에 따른 자기주식 취득의 제한을 회피하기 위한 목적으로 서로 교차하여 주식을 취득하는
행위
3. 그 밖에 예금자 및 투자자의 이익을 크게 해할 우려가 있는 행위로서 대통령령으로 정하는 행위
② 종합금융회사는 제1항을 위반하여 취득한 주식에 대하여는 의결권을 행사할 수 없다.
③ 종합금융회사는 그 종합금융회사의 주식을 매입시키기 위한 신용공여를 하여서는 아니 된다.
④ 금융위원회는 제1항 또는 제3항을 위반하여 주식을 취득하거나 신용공여를 한 종합금융회사에 대하여 6개월 이
내의 기간을 정하여 그 주식의 처분 또는 신용공여의 회수를 명하는 등 필요한 조치를 할 수 있다.<개정 2008. 2.
29.>
 
제346조(지급준비자산의 보유) 종합금융회사는 채무의 변제와 긴급한 자금인출에 대비하기 위하여 대통령령으로 정하
는 기준 및 방법에 따라 지급준비자산을 보유하여야 한다.
 
제347조(부동산 취득의 제한) ① 종합금융회사는 업무용 부동산을 제외하고는 부동산을 취득하거나 소유할 수 없다. 다
만, 담보권의 실행으로 인하여 취득하는 경우에는 이를 소유할 수 있다.
② 종합금융회사는 자기자본의 100분의 100을 초과하여 업무용 부동산을 취득하여서는 아니 된다.
③ 종합금융회사는 자기가 소유하는 부동산 중 업무용 부동산이 아니거나 제1항 단서에 따라 취득한 부동산을 대통
령령으로 정하는 방법에 따라 처분하여야 한다.
④ 제1항 본문에 따른 업무용 부동산의 범위는 대통령령으로 정한다.
 
제348조 삭제 <2016. 3. 29.>
 
제349조(과징금) ① 금융위원회는 종합금융회사가 제343조제1항을 위반한 경우에는 그 종합금융회사에 대하여 한도를
초과한 신용공여액의 범위에서 과징금을 부과할 수 있다. <개정 2008. 2. 29., 2017. 4. 18.>
② 금융위원회는 종합금융회사가 제347조제1항 또는 제2항을 위반한 경우에는 그 종합금융회사에 대하여 다음 각
호의 구분에 따른 범위에서 과징금을 부과할 수 있다.<신설 2017. 4. 18.>
1. 제347조제1항을 위반한 경우: 부동산 취득금액의 100분의 30
2. 제347조제2항을 위반한 경우: 한도를 초과한 업무용 부동산 취득금액의 100분의 30
③ 제1항 및 제2항에 따른 과징금의 부과에 관하여는 제430조부터 제434조까지의 규정을 준용한다.<개정 2017. 4.
18.>
 
제350조(준용규정) 종합금융회사에 관하여는 제31조부터 제33조까지, 제35조, 제36조, 제416조, 제418조(제4호부터 제
9호까지의 규정에 한정한다) 및 「금융회사의 지배구조에 관한 법률」 제31조(제5항은 제외한다)를 준용한다. 이 경우
제31조제1항 중 “금융투자업자(겸영금융투자업자를 제외한다. 이하 이 절에서 같다)”는 “종합금융회사”로 보고, 제
418조 각 호 외의 부분 중 “금융투자업자(겸영금융투자업자의 경우에는 제6호부터 제9호까지에 한한다)”는 “종합금
융회사”로 본다.
법제처                                                            164                                                       국가법령정보센터
자본시장과 금융투자업에 관한 법률
[전문개정 2015. 7. 31.]
 
제351조 삭제 <2009. 2. 3.>
 
제352조(다른 법률과의 관계) ① 「한국은행법」 및 「은행법」은 종합금융회사에는 적용하지 아니한다.
② 종합금융회사가 제336조에 규정하는 업무를 영위하는 경우에는 이 장에 특별한 규정이 있는 사항을 제외하고는
그 업무의 종류에 따라 이 법 또는 각 해당 법률을 적용한다.
 
제353조(종합금융회사에 대한 검사) 제419조(제2항부터 제4항까지 및 제8항을 제외한다)는 종합금융회사에 대한 검사
에 관하여 준용한다.
 
제354조(종합금융회사에 대한 조치) ① 금융위원회는 종합금융회사가 다음 각 호의 어느 하나에 해당하는 경우에는 종
합금융회사의 인가를 취소할 수 있다. <개정 2008. 2. 29.>
1. 인가조건을 위반한 경우
2. 업무의 정지기간 중에 업무를 한 경우
3. 금융위원회의 시정명령 또는 중지명령을 이행하지 아니한 경우
4. 별표 10 각 호의 어느 하나에 해당하는 경우로서 대통령령으로 정하는 경우
5. 대통령령으로 정하는 금융관련 법령 등을 위반한 경우로서 대통령령으로 정하는 경우
6. 그 밖에 투자자의 이익을 현저히 해할 우려가 있거나 해당 업무를 영위하기 곤란하다고 인정되는 경우로서 대통
령령으로 정하는 경우
② 금융위원회는 종합금융회사가 제1항 각 호(제4호를 제외한다)의 어느 하나에 해당하거나 별표 10 각 호의 어느
하나에 해당하는 경우에는 다음 각 호의 어느 하나에 해당하는 조치를 할 수 있다.<개정 2008. 2. 29.>
1. 6개월 이내의 업무의 전부 또는 일부의 정지
2. 계약의 인계명령
3. 위법행위의 시정명령 또는 중지명령
4. 위법행위로 인한 조치를 받았다는 사실의 공표명령 또는 게시명령
5. 기관경고
6. 기관주의
7. 그 밖에 위법행위를 시정하거나 방지하기 위하여 필요한 조치로서 대통령령으로 정하는 조치
③ 금융위원회는 종합금융회사의 임원이 제1항 각 호(제4호를 제외한다)의 어느 하나에 해당하거나 별표 10 각 호
의 어느 하나에 해당하는 경우에는 다음 각 호의 어느 하나에 해당하는 조치를 할 수 있다.<개정 2008. 2. 29.>
1. 해임요구
2. 6개월 이내의 직무정지
3. 문책경고
4. 주의적 경고
5. 주의
6. 그 밖에 위법행위를 시정하거나 방지하기 위하여 필요한 조치로서 대통령령으로 정하는 조치
④ 금융위원회는 종합금융회사의 직원이 제1항 각 호(제4호를 제외한다)의 어느 하나에 해당하거나 별표 10 각 호
의 어느 하나에 해당하는 경우에는 다음 각 호의 어느 하나에 해당하는 조치를 그 종합금융회사에 요구할 수 있다.
<개정 2008. 2. 29.>
1. 면직
2. 6개월 이내의 정직
3. 감봉
4. 견책
법제처                                                            165                                                       국가법령정보센터
자본시장과 금융투자업에 관한 법률
5. 경고
6. 주의
7. 그 밖에 위법행위를 시정하거나 방지하기 위하여 필요한 조치로서 대통령령으로 정하는 조치
⑤ 제422조제3항 및 제423조부터 제425조까지의 규정은 종합금융회사 및 그 임직원에 대한 조치 등에 관하여 준용
한다.
 
       제5장 자금중개회사
 
제355조(자금중개회사의 인가) ① 대통령령으로 정하는 금융기관 등 간 자금거래의 중개업무를 영위하려는 자는 금융
위원회의 인가를 받아야 한다. <개정 2008. 2. 29.>
② 제1항에 따른 인가를 받으려는 자는 다음 각 호의 요건을 모두 갖추어야 한다.<개정 2013. 5. 28., 2015. 7. 31.>
1. 「상법」에 따른 주식회사일 것
2. 10억원 이상으로서 대통령령으로 정하는 금액 이상의 자기자본을 갖출 것
3. 사업계획이 타당하고 건전할 것
4. 투자자를 보호하고 영위하고자 하는 업을 수행하기에 충분한 인력 및 전산설비, 그 밖의 물적 설비를 갖출 것
5. 임원이 「금융회사의 지배구조에 관한 법률」 제5조에 적합할 것
6. 대주주(제12조제2항제6호가목의 대주주를 말한다)가 충분한 출자능력, 건전한 재무상태 및 사회적 신용을 갖출
것
③ 제1항에 따른 인가를 받으려는 자는 인가신청서를 금융위원회에 제출하여야 한다.<개정 2008. 2. 29.>
④ 금융위원회는 제3항의 인가신청서를 접수한 경우에는 그 내용을 심사하여 3개월 이내에 인가 여부를 결정하고,
그 결과와 이유를 지체 없이 신청인에게 문서로 통지하여야 한다. 이 경우 인가신청서에 흠결이 있는 때에는 보완을
요구할 수 있다.<개정 2008. 2. 29.>
⑤ 제4항의 심사기간을 산정함에 있어서 인가신청서 흠결의 보완기간 등 총리령으로 정하는 기간은 산입하지 아니
한다.<개정 2008. 2. 29.>
⑥ 금융위원회는 제4항에 따라 인가를 하는 경우에는 경영의 건전성 확보 및 투자자 보호에 필요한 조건을 붙일 수
있다.<개정 2008. 2. 29.>
⑦ 제6항에 따라 조건이 붙은 인가를 받은 자는 사정의 변경, 그 밖에 정당한 사유가 있는 경우에는 금융위원회에
조건의 취소 또는 변경을 요청할 수 있다. 이 경우 금융위원회는 2개월 이내에 조건의 취소 또는 변경 여부를 결정
하고, 그 결과를 지체 없이 신청인에게 문서로 통지하여야 한다.<개정 2008. 2. 29.>
⑧ 금융위원회는 제4항에 따라 인가를 한 경우에는 다음 각 호의 사항을 관보 및 인터넷 홈페이지 등에 공고하여야
한다.<개정 2008. 2. 29.>
1. 인가의 내용
2. 인가의 조건(조건을 붙인 경우에 한한다)
3. 인가의 조건을 취소하거나 변경한 경우 그 내용
⑨ 자금중개회사는 인가를 받아 그 업무를 영위함에 있어서 제2항 각 호의 인가요건(제2호 및 제6호의 경우에는 대
통령령으로 정하는 완화된 요건을 말한다)을 유지하여야 한다.
⑩ 제1항부터 제8항까지의 규정에 따른 인가신청서의 기재사항ㆍ첨부서류 등 인가의 신청에 관한 사항과 인가심사
의 방법ㆍ절차, 그 밖에 필요한 사항은 대통령령으로 정한다.
 
제356조(유사명칭 사용 금지) 자금중개회사가 아닌 자는 “자금중개” 또는 이와 유사한 명칭을 사용하여서는 아니 된다.
 
제357조(자금중개회사의 행위규제 등) ① 자금중개회사는 금융투자업(제355조제1항에 따른 자금거래의 중개업무와 경
제적 실질이 유사한 것으로서 대통령령으로 정하는 금융투자업을 제외한다)을 영위하여서는 아니 된다.
② 제31조부터 제33조까지, 제339조(제2항제3호는 제외한다) 및 제416조는 자금중개회사에 준용한다.<개정 2015.
7. 31.>
법제처                                                            166                                                       국가법령정보센터
자본시장과 금융투자업에 관한 법률
③ 자금중개회사가 제355조제1항에 따른 자금거래의 중개업무를 영위함에 있어서 필요한 방법 및 절차 등은 대통
령령으로 정한다.
④ 자금중개회사의 상근임원은 대통령령으로 정하는 다른 영리법인의 상시적인 업무에 종사하려는 경우에는 금융
위원회의 승인을 받아야 한다.<신설 2015. 7. 31.>
 
제358조(자금중개회사에 대한 검사) 제419조(제2항부터 제4항까지 및 제8항을 제외한다)는 자금중개회사에 대한 검사
에 관하여 준용한다.
 
제359조(자금중개회사에 대한 조치) ① 금융위원회는 자금중개회사가 다음 각 호의 어느 하나에 해당하는 경우에는 제
355조제1항에 따른 인가를 취소할 수 있다. <개정 2008. 2. 29.>
1. 거짓, 그 밖의 부정한 방법으로 제355조제1항에 따른 인가를 받은 경우
2. 인가조건을 위반한 경우
3. 제355조제9항에 따른 인가요건 유지의무를 위반한 경우
4. 업무의 정지기간 중에 업무를 한 경우
5. 금융위원회의 시정명령 또는 중지명령을 이행하지 아니한 경우
6. 별표 11 각 호의 어느 하나에 해당하는 경우로서 대통령령으로 정하는 경우
7. 대통령령으로 정하는 금융관련 법령 등을 위반한 경우로서 대통령령으로 정하는 경우
8. 그 밖에 투자자의 이익을 현저히 해할 우려가 있거나 해당 업무를 영위하기 곤란하다고 인정되는 경우로서 대통
령령으로 정하는 경우
② 금융위원회는 자금중개회사가 제1항 각 호(제6호를 제외한다)의 어느 하나에 해당하거나 별표 11 각 호의 어느
하나에 해당하는 경우에는 다음 각 호의 어느 하나에 해당하는 조치를 할 수 있다.<개정 2008. 2. 29.>
1. 6개월 이내의 업무의 전부 또는 일부의 정지
2. 계약의 인계명령
3. 위법행위의 시정명령 또는 중지명령
4. 위법행위로 인한 조치를 받았다는 사실의 공표명령 또는 게시명령
5. 기관경고
6. 기관주의
7. 그 밖에 위법행위를 시정하거나 방지하기 위하여 필요한 조치로서 대통령령으로 정하는 조치
③ 금융위원회는 자금중개회사의 임원이 제1항 각 호(제6호를 제외한다)의 어느 하나에 해당하거나 별표 11 각 호
의 하나에 해당하는 경우에는 다음 각 호의 어느 하나에 해당하는 조치를 할 수 있다.<개정 2008. 2. 29.>
1. 해임요구
2. 6개월 이내의 직무정지
3. 문책경고
4. 주의적 경고
5. 주의
6. 그 밖에 위법행위를 시정하거나 방지하기 위하여 필요한 조치로서 대통령령으로 정하는 조치
④ 금융위원회는 자금중개회사의 직원이 제1항 각 호(제6호를 제외한다)의 어느 하나에 해당하거나 별표 11 각 호
의 어느 하나에 해당하는 경우에는 다음 각 호의 어느 하나에 해당하는 조치를 그 자금중개회사에 요구할 수 있다.
<개정 2008. 2. 29.>
1. 면직
2. 6개월 이내의 정직
3. 감봉
4. 견책
5. 경고
법제처                                                            167                                                       국가법령정보센터
자본시장과 금융투자업에 관한 법률
6. 주의
7. 그 밖에 위법행위를 시정하거나 방지하기 위하여 필요한 조치로서 대통령령으로 정하는 조치
⑤ 제422조제3항 및 제423조부터 제425조까지의 규정은 자금중개회사 및 그 임직원에 대한 조치 등에 관하여 준용
한다.
 
       제6장 단기금융회사
 
제360조(금융기관의 단기금융업무) ① 1년 이내에서 대통령령으로 정하는 기간 이내에 만기가 도래하는 어음의 발행ㆍ
할인ㆍ매매ㆍ중개ㆍ인수 및 보증업무와 그 부대업무(附帶業務)로서 대통령령으로 정하는 업무(이하 “단기금융업무
”라 한다)를 영위하려는 자는 금융위원회의 인가를 받아야 한다. <개정 2008. 2. 29.>
② 제1항에 따른 인가를 받으려는 자는 다음 각 호의 요건을 모두 갖추어야 한다.<개정 2021. 6. 8.>
1. 은행, 그 밖에 대통령령으로 정하는 금융기관일 것
2. 200억원 이상으로서 대통령령으로 정하는 금액 이상의 자기자본을 갖출 것
3. 사업계획이 타당하고 건전할 것
4. 투자자를 보호하고 영위하고자 하는 업을 수행하기에 충분한 인력 및 전산설비, 그 밖의 물적 시설을 갖출 것
5. 대주주(제12조제2항제6호가목의 대주주를 말한다)가 충분한 출자능력, 건전한 재무상태 및 사회적 신용을 갖출
것
6. 대통령령으로 정하는 건전한 재무상태와 사회적 신용을 갖출 것
③ 제1항에 따른 인가를 받으려는 자는 인가신청서를 금융위원회에 제출하여야 한다.<개정 2008. 2. 29.>
④ 금융위원회는 제3항의 인가신청서를 접수한 경우에는 그 내용을 심사하여 3개월 이내에 인가 여부를 결정하고,
그 결과와 이유를 지체 없이 신청인에게 문서로 통지하여야 한다. 이 경우 인가신청서에 흠결이 있는 때에는 보완을
요구할 수 있다.<개정 2008. 2. 29.>
⑤ 제4항의 심사기간을 산정함에 있어서 인가신청서 흠결의 보완기간 등 총리령으로 정하는 기간은 산입하지 아니
한다.<개정 2008. 2. 29.>
⑥ 금융위원회는 제4항에 따라 인가를 하는 경우에는 경영의 건전성 확보 및 투자자 보호에 필요한 조건을 붙일 수
있다.<개정 2008. 2. 29.>
⑦ 제6항에 따라 조건이 붙은 인가를 받은 자는 사정의 변경, 그 밖에 정당한 사유가 있는 경우에는 금융위원회에
조건의 취소 또는 변경을 요청할 수 있다. 이 경우 금융위원회는 2개월 이내에 조건의 취소 또는 변경 여부를 결정
하고, 그 결과를 지체 없이 신청인에게 문서로 통지하여야 한다.<개정 2008. 2. 29.>
⑧ 금융위원회는 제4항에 따라 인가를 한 경우에는 다음 각 호의 사항을 관보 및 인터넷 홈페이지 등에 공고하여야
한다.<개정 2008. 2. 29.>
1. 인가의 내용
2. 인가의 조건(조건을 붙인 경우에 한한다)
3. 인가의 조건을 취소하거나 변경한 경우 그 내용
⑨ 단기금융회사는 인가를 받아 그 영업을 영위함에 있어서 제2항 각 호의 인가요건(제6호를 제외하며, 제2호 및 제
5호의 경우에는 대통령령으로 정하는 완화된 요건을 말한다)을 유지하여야 한다.<개정 2021. 6. 8.>
⑩ 제1항부터 제8항까지의 규정에 따른 인가신청서의 기재사항ㆍ첨부서류 등 인가의 신청에 관한 사항과 인가심사
의 방법ㆍ절차, 그 밖에 필요한 사항은 대통령령으로 정한다.
 
제361조(준용규정) 제33조, 제339조(제2항제1호 및 제3호를 제외한다), 제342조, 제352조제1항 및 제416조는 단기금융
회사에 그 인가받은 단기금융업무 범위에서 준용한다.
 
제362조(단기금융업무의 적용배제 등) ① 투자매매업 또는 투자중개업에 관한 금융투자업인가를 받은 자가 기업어음
증권에 대한 투자매매업 또는 투자중개업을 영위하는 경우에는 이를 단기금융업무로 보지 아니한다.
법제처                                                            168                                                       국가법령정보센터
자본시장과 금융투자업에 관한 법률
② 단기금융회사(종합금융회사를 포함한다)가 해당 업무를 영위하는 경우에는 이를 기업어음증권에 대한 투자매매
업 또는 투자중개업으로 보지 아니한다.
 
제363조(단기금융회사에 대한 검사) 제419조(제2항부터 제4항까지 및 제8항을 제외한다)는 단기금융회사에 대한 검사
에 관하여 준용한다.
 
제364조(단기금융회사에 대한 조치) ① 금융위원회는 단기금융회사가 다음 각 호의 어느 하나에 해당하는 경우에는 제
360조제1항에 따른 인가를 취소할 수 있다. <개정 2008. 2. 29.>
1. 거짓, 그 밖의 부정한 방법으로 제360조제1항에 따른 인가를 받은 경우
2. 인가조건을 위반한 경우
3. 제360조제9항에 따른 인가요건 유지의무를 위반한 경우
4. 업무의 정지기간 중에 업무를 한 경우
5. 금융위원회의 시정명령 또는 중지명령을 이행하지 아니한 경우
6. 별표 12 각 호의 어느 하나에 해당하는 경우로서 대통령령으로 정하는 경우
7. 대통령령으로 정하는 금융관련 법령 등을 위반한 경우로서 대통령령으로 정하는 경우
8. 그 밖에 투자자의 이익을 현저히 해할 우려가 있거나 해당 업무를 영위하기 곤란하다고 인정되는 경우로서 대통
령령으로 정하는 경우
② 금융위원회는 단기금융회사가 제1항 각 호(제6호를 제외한다)의 어느 하나에 해당하거나 별표 12 각 호의 어느
하나에 해당하는 경우에는 다음 각 호의 어느 하나에 해당하는 조치를 할 수 있다.<개정 2008. 2. 29.>
1. 6개월 이내의 업무의 전부 또는 일부의 정지
2. 계약의 인계명령
3. 위법행위의 시정명령 또는 중지명령
4. 위법행위로 인한 조치를 받았다는 사실의 공표명령 또는 게시명령
5. 기관경고
6. 기관주의
7. 그 밖에 위법행위를 시정하거나 방지하기 위하여 필요한 조치로서 대통령령으로 정하는 조치
③ 금융위원회는 단기금융회사의 임원이 제1항 각 호(제6호를 제외한다)의 어느 하나에 해당하거나 별표 12 각 호
의 어느 하나에 해당하는 경우에는 다음 각 호의 어느 하나에 해당하는 조치를 할 수 있다.<개정 2008. 2. 29.>
1. 해임요구
2. 6개월 이내의 직무정지
3. 문책경고
4. 주의적 경고
5. 주의
6. 그 밖에 위법행위를 시정하거나 방지하기 위하여 필요한 조치로서 대통령령으로 정하는 조치
④ 금융위원회는 단기금융회사의 직원이 제1항 각 호(제6호를 제외한다)의 어느 하나에 해당하거나 별표 12 각 호
의 어느 하나에 해당하는 경우에는 다음 각 호의 어느 하나에 해당하는 조치를 그 단기금융회사에 요구할 수 있다.
<개정 2008. 2. 29.>
1. 면직
2. 6개월 이내의 정직
3. 감봉
4. 견책
5. 경고
6. 주의
7. 그 밖에 위법행위를 시정하거나 방지하기 위하여 필요한 조치로서 대통령령으로 정하는 조치
법제처                                                            169                                                       국가법령정보센터
자본시장과 금융투자업에 관한 법률
⑤ 제422조제3항 및 제423조부터 제425조까지의 규정은 단기금융회사 및 그 임직원에 대한 조치 등에 관하여 준용
한다.
 
       제7장 명의개서대행회사
 
제365조(명의개서대행회사의 등록) ① 증권의 명의개서를 대행하는 업무를 영위하려는 자는 금융위원회에 등록하여야
한다. <개정 2008. 2. 29.>
② 제1항에 따른 등록을 하려는 자는 다음 각 호의 요건을 모두 갖추어야 한다.<개정 2016. 3. 22.>
1. 전자등록기관 또는 전국적인 점포망을 갖춘 은행일 것
2. 전산설비 등 대통령령으로 정하는 물적 설비를 갖출 것
3. 대통령령으로 정하는 이해상충방지체계를 구축하고 있을 것
③ 제1항에 따른 등록을 하려는 자는 금융위원회에 등록신청서를 제출하여야 한다.<개정 2008. 2. 29.>
④ 금융위원회는 제3항의 등록신청서를 접수한 경우에는 그 내용을 검토하여 2개월 이내에 등록 여부를 결정하고,
그 결과와 이유를 지체 없이 신청인에게 문서로 통지하여야 한다. 이 경우 등록신청서에 흠결이 있는 때에는 보완을
요구할 수 있다.<개정 2008. 2. 29.>
⑤ 제4항의 검토기간을 산정함에 있어서 등록신청서 흠결의 보완기간 등 총리령으로 정하는 기간은 검토기간에 산
입하지 아니한다.<개정 2008. 2. 29.>
⑥ 금융위원회는 제4항의 등록 여부를 결정함에 있어서 다음 각 호의 어느 하나에 해당하는 사유가 없는 한 그 등
록을 거부하여서는 아니 된다.<개정 2008. 2. 29.>
1. 제2항의 등록요건을 갖추지 아니한 경우
2. 제3항의 등록신청서를 거짓으로 작성한 경우
3. 제4항 후단의 보완요구를 이행하지 아니한 경우
⑦ 금융위원회는 제4항에 따라 등록을 결정한 경우 명의개서대행회사등록부에 필요한 사항을 기재하여야 하며, 등
록결정한 내용을 관보 및 인터넷 홈페이지 등에 공고하여야 한다.<개정 2008. 2. 29.>
⑧ 명의개서대행회사는 등록 이후 그 영업을 영위함에 있어서 제2항 각 호의 등록요건을 계속 유지하여야 한다.
⑨ 제1항부터 제7항까지의 규정에 따른 등록신청서의 기재사항ㆍ첨부서류 등 등록의 신청에 관한 사항과 등록검토
의 방법ㆍ절차, 그 밖에 필요한 사항은 대통령령으로 정한다.
 
제366조(명의개서대행회사의 부수업무) 명의개서대행회사는 증권의 배당ㆍ이자 및 상환금의 지급을 대행하는 업무와
증권의 발행을 대행하는 업무를 영위할 수 있다.
 
제367조(준용규정) 제54조, 제63조(증권의 명의개서를 대행하는 업무를 담당하는 임직원에 한한다), 제64조 및 제
416조는 명의개서대행회사에 준용한다.
 
제368조(명의개서대행회사에 대한 검사) 제419조(제2항부터 제4항까지 및 제8항을 제외한다)는 명의개서대행회사에
대한 검사에 관하여 준용한다.
 
제369조(명의개서대행회사에 대한 조치) ① 금융위원회는 명의개서대행회사가 다음 각 호의 어느 하나에 해당하는 경
우에는 제365조제1항에 따른 등록을 취소할 수 있다. <개정 2008. 2. 29.>
1. 거짓, 그 밖의 부정한 방법으로 제365조제1항에 따른 등록을 한 경우
2. 제365조제8항에 따른 등록요건 유지의무를 위반한 경우
3. 업무의 정지기간 중에 업무를 한 경우
4. 금융위원회의 시정명령 또는 중지명령을 이행하지 아니한 경우
5. 별표 13 각 호의 어느 하나에 해당하는 경우로서 대통령령으로 정하는 경우
6. 대통령령으로 정하는 금융관련 법령 등을 위반한 경우로서 대통령령으로 정하는 경우
법제처                                                            170                                                       국가법령정보센터
자본시장과 금융투자업에 관한 법률
7. 그 밖에 투자자의 이익을 현저히 해할 우려가 있거나 해당 업무를 영위하기 곤란하다고 인정되는 경우로서 대통
령령으로 정하는 경우
② 금융위원회는 명의개서대행회사가 제1항 각 호(제5호를 제외한다)의 어느 하나에 해당하거나 별표 13 각 호의
어느 하나에 해당하는 경우에는 다음 각 호의 어느 하나에 해당하는 조치를 할 수 있다.<개정 2008. 2. 29.>
1. 6개월 이내의 업무의 전부 또는 일부의 정지
2. 명의개서대행계약, 그 밖의 계약의 인계명령
3. 위법행위의 시정명령 또는 중지명령
4. 위법행위로 인한 조치를 받았다는 사실의 공표명령 또는 게시명령
5. 기관경고
6. 기관주의
7. 그 밖에 위법행위를 시정하거나 방지하기 위하여 필요한 조치로서 대통령령으로 정하는 조치
③ 금융위원회는 명의개서대행회사의 임원이 제1항 각 호(제5호를 제외한다)의 어느 하나에 해당하거나 별표 13 각
호의 어느 하나에 해당하는 경우에는 다음 각 호의 어느 하나에 해당하는 조치를 할 수 있다.<개정 2008. 2. 29.>
1. 해임요구
2. 6개월 이내의 직무정지
3. 문책경고
4. 주의적 경고
5. 주의
6. 그 밖에 위법행위를 시정하거나 방지하기 위하여 필요한 조치로서 대통령령으로 정하는 조치
④ 금융위원회는 명의개서대행회사의 직원이 제1항 각 호(제5호를 제외한다)의 어느 하나에 해당하거나 별표 13 각
호의 어느 하나에 해당하는 경우에는 다음 각 호의 어느 하나에 해당하는 조치를 그 명의개서대행회사에 요구할 수
있다.<개정 2008. 2. 29.>
1. 면직
2. 6개월 이내의 정직
3. 감봉
4. 견책
5. 경고
6. 주의
7. 그 밖에 위법행위를 시정하거나 방지하기 위하여 필요한 조치로서 대통령령으로 정하는 조치
⑤ 제422조제3항 및 제423조부터 제425조까지의 규정은 명의개서대행회사 및 그 임직원에 대한 조치 등에 관하여
준용한다.
 
       제8장 금융투자 관계 단체
 
제370조(금융투자 관계 단체의 설립 및 감독) ① 투자자 보호 및 건전한 거래질서를 위하여 투자자, 주권상장법인 또는
대통령령으로 정하는 자로 구성되는 단체를 설립하고자 하는 자는 금융위원회의 허가를 받아야 한다. <개정 2008.
2. 29., 2009. 2. 3.>
② 금융위원회는 제1항의 허가를 하고자 하는 경우에는 다음 각 호의 사항을 심사하여야 한다.<개정 2008. 2. 29.,
2013. 5. 28.>
1. 설립취지
2. 해당 단체의 재산상황과 수지 전망
3. 발기인 및 임원의 인적 구성
4. 자본시장과 금융투자업에 대한 기여도
법제처                                                            171                                                       국가법령정보센터
자본시장과 금융투자업에 관한 법률
③ 제1항의 허가에 관하여 필요한 사항은 대통령령으로 정한다.
④ 제1항의 허가를 받은 단체는 정관을 변경한 경우에는 이를 지체 없이 금융위원회에 보고하여야 한다.<개정
2008. 2. 29.>
 
제371조(금융투자 관계 단체에 대한 검사) 제419조(제2항부터 제4항까지 및 제8항을 제외한다)는 금융투자 관계 단체
에 대한 검사에 관하여 준용한다.
 
제372조(금융투자 관계 단체에 대한 조치) ① 금융위원회는 금융투자 관계 단체가 다음 각 호의 어느 하나에 해당하는
경우에는 제370조제1항에 따른 허가를 취소할 수 있다. <개정 2008. 2. 29.>
1. 거짓, 그 밖의 부정한 방법으로 제370조제1항에 따른 허가를 받은 경우
2. 허가조건을 위반한 경우
3. 정관에 따른 목적 외의 업무를 영위한 경우
4. 그 밖에 투자자 보호 또는 건전한 거래질서를 해할 우려가 있는 경우로서 대통령령으로 정하는 경우
② 제423조(제2호를 제외한다), 제424조제1항ㆍ제2항 및 제425조는 금융투자 관계 단체의 허가 취소에 관하여 준
용한다.<개정 2008. 2. 29.>
 
     제7편 거래소 <개정 2013. 5. 28.>
       제1장 총칙
 
제373조(무허가 시장개설행위 금지) 누구든지 이 법에 따른 거래소허가를 받지 아니하고는 금융투자상품시장을 개설
하거나 운영하여서는 아니 된다. 다만, 다음 각 호의 어느 하나에 해당하는 경우에는 그러하지 아니하다.
1. 다자간매매체결회사가 제78조에 따라 다자간매매체결업무를 하는 경우
2. 협회가 제286조제1항제5호에 따라 증권시장에 상장되지 아니한 주권의 장외매매거래에 관한 업무를 하는 경우
3. 그 밖에 거래소 외의 자가 금융투자상품의 매매체결에 관한 업무를 수행하더라도 공정한 가격 형성, 매매 그 밖
의 거래의 안정성 및 효율성의 도모 및 투자자의 보호에 우려가 없는 경우로서 대통령령으로 정하는 경우
[전문개정 2013. 5. 28.]
 
제373조의2(거래소의 허가) ① 금융투자상품시장을 개설하거나 운영하려는 자는 다음 각 호의 사항을 구성요소로 하여
대통령령으로 정하는 시장개설 단위의 전부나 일부를 선택하여 금융위원회로부터 하나의 거래소허가를 받아야 한다
.
1. 매매의 대상이 되는 금융투자상품의 범위(증권 및 장내파생상품을 말하되, 증권 중 주권, 그 밖에 대통령령으로
정하는 것을 포함한다)
2. 회원(거래소시장에서의 거래에 참가할 수 있는 자로서 제387조제1항의 회원관리규정에 따른 자를 말한다. 이하
같다)이 되는 자의 범위
② 제1항에 따라 거래소허가를 받으려는 자는 다음 각 호의 요건을 모두 갖추어야 한다.<개정 2015. 7. 31.>
1. 「상법」에 따른 주식회사일 것
2. 거래소허가 단위별로 1천억원 이상으로서 대통령령으로 정하는 금액 이상의 자기자본을 갖출 것
3. 사업계획이 타당하고 건전할 것
4. 투자자의 보호가 가능하고 금융투자상품시장을 개설ㆍ운영하기에 충분한 인력과 전산설비, 그 밖의 물적 설비를
갖출 것
5. 정관, 회원관리규정ㆍ증권시장업무규정ㆍ파생상품시장업무규정ㆍ상장규정ㆍ공시규정ㆍ시장감시규정ㆍ분쟁조
정규정, 그 밖의 업무에 관한 규정(이하 이 호 및 제373조의7에서 “정관등”이라 한다)이 법령에 적합하고, 증권 및
장내파생상품의 공정한 가격 형성과 매매 그 밖의 거래의 안정성 및 효율성을 도모하며 투자자의 보호를 위하여
충분할 것
법제처                                                            172                                                       국가법령정보센터
자본시장과 금융투자업에 관한 법률
6. 임원이 「금융회사의 지배구조에 관한 법률」 제5조에 적합할 것
7. 대주주(제12조제2항제6호가목의 대주주를 말한다)가 충분한 출자능력, 건전한 재무상태 및 사회적 신용을 갖출
것
8. 대통령령으로 정하는 사회적 신용을 갖출 것
9. 이해상충방지체계를 구축하고 있을 것
③ 제2항의 허가요건에 관하여 필요한 세부사항은 대통령령으로 정한다.
[본조신설 2013. 5. 28.]
 
제373조의3(허가의 신청 및 심사) ① 제373조의2제1항에 따른 허가를 받으려는 자는 허가신청서를 금융위원회에 제출
하여야 한다.
② 금융위원회는 제1항의 허가신청서를 접수한 때에는 그 내용을 심사하여 3개월 이내에 허가 여부를 결정하고, 그
결과와 이유를 지체 없이 신청인에게 문서로 통지하여야 한다. 이 경우 허가신청서에 흠결이 있는 경우에는 보완을
요구할 수 있다.
③ 제2항의 심사기간을 산정함에 있어서 허가신청서 흠결의 보완기간 등 총리령으로 정하는 기간은 이를 산입하지
아니한다.
④ 금융위원회는 제2항에 따라 허가를 하는 경우에는 증권 및 장내파생상품의 공정한 가격 형성과 그 매매, 그 밖의
거래의 안정성 및 효율성 도모, 회사 경영의 건전성 확보 및 투자자 보호에 필요한 조건을 붙일 수 있다.
⑤ 제4항에 따라 조건이 붙은 허가를 받은 자는 사정의 변경이나 그 밖에 정당한 사유가 있는 경우에는 금융위원회
에 조건의 취소 또는 변경을 요청할 수 있다. 이 경우 금융위원회는 2개월 이내에 조건의 취소 또는 변경 여부를 결
정하고, 그 결과를 지체 없이 신청인에게 문서로 통지하여야 한다.
⑥ 금융위원회는 제2항에 따라 허가를 한 경우에는 다음 각 호의 사항을 관보 및 인터넷 홈페이지 등에 공고하여야
한다.
1. 허가의 내용
2. 허가의 조건(조건을 붙인 경우로 한정한다)
3. 허가의 조건을 취소하거나 변경한 경우 그 내용(조건을 취소하거나 변경한 경우로 한정한다)
⑦ 제1항부터 제6항까지의 규정에 따른 허가신청서의 기재사항ㆍ첨부서류 등 허가의 신청에 관한 사항과 허가심사
의 방법ㆍ절차, 그 밖에 필요한 사항은 대통령령으로 정한다.
[본조신설 2013. 5. 28.]
 
제373조의4(예비허가) ① 제373조의2에 따른 거래소허가(이하 이 조에서 “본허가”라 한다)를 받으려는 자는 미리 금융
위원회에 예비허가를 신청할 수 있다.
② 금융위원회는 예비허가를 신청받은 경우에는 2개월 이내에 제373조의2제2항 각 호의 요건을 갖출 수 있는지 여
부를 심사하여 예비허가 여부를 결정하고, 그 결과와 이유를 지체 없이 신청인에게 문서로 통지하여야 한다. 이 경
우 예비허가신청에 관하여 흠결이 있는 때에는 보완을 요구할 수 있다.
③ 제2항의 심사기간을 산정함에 있어서 예비허가신청과 관련된 흠결의 보완기간 등 총리령으로 정하는 기간은 심
사기간에 산입하지 아니한다.
④ 금융위원회는 제2항에 따라 예비허가를 하는 경우에는 증권 및 장내파생상품의 공정한 가격 형성과 그 매매, 그
밖의 거래의 안정성 및 효율성 도모, 회사 경영의 건전성 확보 및 투자자 보호에 필요한 조건을 붙일 수 있다.
⑤ 금융위원회는 예비허가를 받은 자가 본허가를 신청하는 경우에는 제4항에 따른 예비허가의 조건을 이행하였는
지 여부와 제373조의2제2항 각 호의 요건을 갖추었는지 여부를 확인한 후 본허가 여부를 결정하여야 한다.
⑥ 제1항부터 제5항까지의 규정에 따른 예비허가의 신청서 및 그 기재사항ㆍ첨부서류 등 예비허가의 신청에 관한
사항과 예비허가심사의 방법ㆍ절차, 그 밖에 예비허가에 관하여 필요한 사항은 대통령령으로 정한다.
[본조신설 2013. 5. 28.]
 
법제처                                                            173                                                       국가법령정보센터
자본시장과 금융투자업에 관한 법률
제373조의5(허가요건의 유지) 거래소는 제373조의2에 따른 거래소허가를 받아 시장을 개설ㆍ운영함에 있어서 제
373조의2제2항 각 호(제8호는 제외한다)의 허가요건을 유지하여야 한다.
[본조신설 2013. 5. 28.]
 
제373조의6(시장개설 단위의 추가 및 허가의 변경) 거래소는 제373조의2에 따라 허가받은 시장개설 단위 외에 다른 시
장개설 단위를 추가하여 금융투자상품시장을 개설ㆍ운영하려는 경우에는 제373조의2 및 제373조의3에 따라 금융
위원회의 변경허가를 받아야 한다. 이 경우 제373조의4를 적용한다.
[본조신설 2013. 5. 28.]
 
제373조의7(상장 및 시장감시 등의 책무) 거래소는 다음 각 호의 업무를 행함에 있어서 이 법 또는 정관등에 따라 거래
소시장에서 투자자를 보호하고 증권 및 장내파생상품의 매매를 공정하게 수행할 책무를 가진다.
1. 증권의 상장 및 상장폐지 업무
2. 제402조제1항제1호부터 제3호까지의 규정에 따른 업무
3. 그 밖에 투자자를 보호하고 공정한 거래질서를 확보하기 위하여 필요한 업무로서 대통령령으로 정하는 업무
[본조신설 2013. 5. 28.]
 
제374조(「상법」의 적용) 거래소에 대하여는 이 법에서 특별히 정한 경우를 제외하고는 「상법」 중 주식회사에 관한 규
정을 적용한다.
 
       제2장 조직 등
 
제375조 삭제 <2013. 5. 28.>
 
제376조(정관) ① 거래소의 정관에는 다음 각 호의 사항을 기재하여야 한다. <개정 2013. 5. 28.>
1. 목적
2. 상호
3. 거래소가 발행할 주식의 총수
4. 1주의 금액
5. 거래소의 설립시에 발행하는 주식의 총수
6. 거래소가 공고하는 방법
7. 증권시장 및 파생상품시장 등 시장의 구분에 관한 사항
8. 거래소 규정(規程)의 제정ㆍ변경 및 폐지에 관한 사항
9. 임원 및 집행간부에 관한 사항
10. 이사회, 이사회 내 소위원회 및 이사후보추천위원회에 관한 사항
11. 감사위원회에 관한 사항
12. 시장감시위원회에 관한 사항
13. 업무의 집행에 관한 사항
② 거래소는 정관을 변경하고자 하는 경우에는 금융위원회의 승인을 받아야 한다. 이 경우 금융위원회는 정관변경
을 승인함에 있어서 각 시장운영의 자율성을 고려하여야 한다.<개정 2008. 2. 29.>
 
제377조(업무) ①거래소는 정관으로 정하는 바에 따라 다음 각 호의 업무를 행한다. 다만, 제3호 및 제4호의 업무는 제
378조에 따라 금융위원회로부터 청산기관 또는 결제기관으로 지정된 거래소로 한정한다. <개정 2013. 5. 28.>
1. 거래소시장의 개설ㆍ운영에 관한 업무
2. 증권 및 장내파생상품의 매매에 관한 업무
3. 증권 및 장내파생상품의 거래(다자간매매체결회사에서의 거래를 포함한다)에 따른 매매확인, 채무인수, 차감, 결
제증권ㆍ결제품목ㆍ결제금액의 확정, 결제이행보증, 결제불이행에 따른 처리 및 결제지시에 관한 업무
법제처                                                            174                                                       국가법령정보센터
자본시장과 금융투자업에 관한 법률
4. 장내파생상품의 매매거래에 따른 품목인도 및 대금지급에 관한 업무
5. 증권의 상장에 관한 업무
6. 장내파생상품 매매의 유형 및 품목의 결정에 관한 업무
7. 상장법인의 신고ㆍ공시에 관한 업무
8. 증권 또는 장내파생상품 매매 품목의 가격이나 거래량이 비정상적으로 변동하는 거래 등 대통령령으로 정하는
이상거래(이하 “이상거래”라 한다)의 심리 및 회원의 감리에 관한 업무
9. 증권의 경매업무
10. 거래소시장 등에서의 매매와 관련된 분쟁의 자율조정(당사자의 신청이 있는 경우에 한한다)에 관한 업무
11. 거래소시장의 개설에 수반되는 부대업무
12. 금융위원회의 승인을 받은 업무
13. 그 밖에 정관에서 정하는 업무
② 거래소는 제1항 각 호의 업무 외에 다른 업무를 할 수 없다. 다만, 다음 각 호의 어느 하나에 해당하는 경우에는
그러하지 아니하다.<신설 2013. 5. 28.>
1. 이 법 또는 다른 법령에서 거래소가 운영할 수 있도록 한 업무를 행하는 경우
2. 제323조의3에 따라 인가를 받아 금융투자상품거래청산업을 영위하는 경우
 
제378조(청산기관 및 결제기관) ① 증권시장 및 파생상품시장에서의 매매거래(다자간매매체결회사에서의 거래를 포함
한다)에 따른 매매확인, 채무인수, 차감, 결제증권ㆍ결제품목ㆍ결제금액의 확정, 결제이행보증, 결제불이행에 따른
처리 및 결제지시업무는 제323조의2 및 제323조의3에도 불구하고 청산기관으로서 금융위원회가 지정하는 거래소
가 수행한다. <개정 2013. 4. 5., 2013. 5. 28.>
② 파생상품시장에서의 품목인도 및 대금지급업무는 결제기관으로서 금융위원회가 지정하는 거래소가 수행한다.
<개정 2013. 5. 28.>
 
제379조(유사명칭의 사용금지) 거래소가 아닌 자는 그 명칭 또는 상호에 “한국거래소”, “금융상품거래소”, “금융투자상
품거래소”, “증권선물거래소”, “증권거래소”, “선물거래소”, “파생상품거래소”, “거래소시장”, “증권시장”, “유가증권시
장”, “코스닥시장”, “선물시장”, “파생상품시장” 또는 이와 유사한 명칭을 사용하여서는 아니 된다. <개정 2013. 5.
28.>
 
제380조(임원) ① 거래소에 15인 이내로 다음 각 호의 임원을 둔다.
1. 이사장 1인
2. 상근이사인 감사위원회 위원 1인
3. 시장감시위원장 1인
4. 이사 12인 이내
② 임원의 임기는 3년으로 하며, 정관이 정하는 바에 따라 연임할 수 있다.
③ 이사장은 대통령령으로 정하는 금융에 관한 경험과 지식을 갖추고 거래소의 건전한 경영과 공정한 거래질서를
해할 우려가 없는 자 중에서 제385조제1항에 따른 이사후보추천위원회(이하 “후보추천위원회”라 한다)의 추천을 받
아 주주총회에서 선임한다.
④ 금융위원회는 제3항에 따라 선임된 이사장이 직무수행에 부적합하다고 인정되는 경우로서 대통령령으로 정하는
경우에는 그 선임된 날부터 1개월 이내에 그 사유를 구체적으로 밝혀 해임을 요구할 수 있다. 이 경우 해임 요구된
이사장의 직무는 정지되며, 거래소는 2개월 이내에 이사장을 새로 선임하여야 한다.<개정 2008. 2. 29.>
⑤ 거래소의 사외이사(상시적인 업무에 종사하지 아니하는 자로서 거래소의 정관이 정하는 요건을 갖춘 자를 말한
다. 이하 이 장에서 같다)와 상근이사인 감사위원회의 위원은 후보추천위원회의 추천을 받아 주주총회에서 각각 선
임한다. 이 경우 최대주주와 그 특수관계인, 그 밖에 대통령령으로 정하는 자가 소유하는 거래소의 의결권 있는 주
식의 합계가 거래소의 의결권 있는 발행주식총수의 100분의 3(정관으로 그 비율을 더 낮게 정한 경우에는 그 비율
로 한다)을 초과하는 경우 그 주주는 그 초과하는 주식에 관하여 상근이사인 감사위원회 위원의 선임 및 해임에 있
법제처                                                            175                                                       국가법령정보센터
자본시장과 금융투자업에 관한 법률
어서는 의결권을 행사하지 못한다.
⑥ 제384조제3항 각 호의 어느 하나에 해당하는 자는 거래소의 상근이사인 감사위원회의 위원이 될 수 없으며, 상
근이사인 감사위원회의 위원이 된 후 이에 해당하게 된 경우에는 그 직을 상실한다. 다만, 거래소의 상근이사인 감
사위원회의 위원으로 재임 중이거나 재임하였던 자는 제384조제3항제2호에 불구하고 상근이사인 감사위원회의 위
원이 될 수 있다.<개정 2015. 7. 31.>
 
제381조(이사회) ① 거래소에 제380조제1항 각 호의 자로 구성되는 이사회를 둔다. 이 경우 사외이사가 이사회의 과반
수를 구성하도록 하여야 한다.
② 거래소 이사회의 효율적인 업무수행을 위하여 이사회 내에 각 시장별로 이사회가 위임한 사항을 심의ㆍ결의하
는 「상법」 제393조의2에 따른 이사회 내 위원회로서 소위원회를 설치한다.
③ 그 밖에 이사회 및 소위원회의 구성 및 운영에 관하여 필요한 사항은 정관으로 정한다.
 
제382조(임원의 자격 등) ① 「금융회사의 지배구조에 관한 법률」 제5조는 거래소의 임원에게 준용한다. <개정 2015. 7.
31.>
② 「금융회사의 지배구조에 관한 법률」 제6조제1항(제1호는 제외한다) 및 제2항은 거래소의 사외이사에게 준용한
다.<개정 2015. 7. 31.>
③ 거래소의 임원은 둘 이상의 거래소의 임원의 지위를 겸직하여서는 아니 된다.<신설 2013. 5. 28.>
 
제383조(정보이용금지 등) ① 거래소의 임직원 및 임직원이었던 자는 그 직무에 관하여 알게 된 비밀을 누설 또는 이용
하여서는 아니 된다.
② 거래소의 상근 임직원은 금융투자업자 및 금융투자업관계기관과 자금의 공여, 손익의 분배, 그 밖에 영업에 관하
여 대통령령으로 정하는 특별한 이해관계를 가져서는 아니 된다.
③ 제63조는 거래소의 임직원에게 준용한다.
 
제384조(감사위원회) ① 거래소에 감사위원회를 설치하여야 한다.
② 감사위원회는 다음 각 호의 요건을 모두 충족하여야 한다.<개정 2015. 7. 31.>
1. 총 위원의 3분의 2 이상이 사외이사일 것
2. 위원 중 1명 이상은 대통령령으로 정하는 회계 또는 재무전문가일 것
3. 감사위원회의 대표는 사외이사일 것
③ 다음 각 호의 어느 하나에 해당하는 사람은 사외이사가 아닌 감사위원회의 위원이 될 수 없으며, 사외이사가 아
닌 감사위원회의 위원이 된 후 이에 해당하게 된 경우에는 그 직을 상실한다. 다만, 거래소의 상근감사 또는 사외이
사가 아닌 감사위원회의 위원으로 재임 중이거나 재임하였던 사람은 제2호에도 불구하고 사외이사가 아닌 감사위
원회의 위원이 될 수 있다.<신설 2015. 7. 31.>
1. 거래소의 주요주주
2. 거래소의 상근 임직원 또는 최근 2년 이내에 상근 임직원이었던 사람
3. 그 밖에 거래소의 경영에 영향을 미칠 수 있는 사람 등 사외이사가 아닌 감사위원회의 위원으로서의 직무를 충실
하게 수행하기 곤란한 사람으로서 대통령령으로 정하는 사람
④거래소는 사외이사의 사임ㆍ사망 등 사전에 예측하지 못한 사유로 사외이사의 수가 제2항에 따른 감사위원회의
구성요건에 미치지 못하게 된 경우에는 그 사유가 발생한 후 최초로 소집되는 주주총회에서 제2항에 따른 요건을
충족하도록 조치하여야 한다.<신설 2015. 7. 31.>
⑤ 감사위원회의 위원이 되는 사외이사의 선임에 관하여는 감사선임 시 의결권 행사의 제한에 관한 「상법」 제
409조제2항 및 제3항을 준용한다.<신설 2015. 7. 31.>
 
제385조(이사후보추천위원회) ① 거래소에 이사장ㆍ사외이사의 적정한 선임을 위하여 후보추천위원회를 둔다.
② 이사장은 다음 각 호의 자를 후보추천위원회 위원으로 위촉하며, 후보추천위원회의 위원장은 위원 간의 호선으
로 선출한다.<개정 2013. 5. 28.>
법제처                                                            176                                                       국가법령정보센터
자본시장과 금융투자업에 관한 법률
1. 사외이사인 이사 5인
2. 협회가 추천하는 2인
3. 대통령령으로 정하는 주권상장법인 대표 2인
4. 삭제<2013. 5. 28.>
③ 후보추천위원회의 구성 및 운영에 관하여 필요한 사항은 정관으로 정한다.
 
       제3장 시장
 
제386조(시장의 개설ㆍ운영) 거래소는 시장을 효율적으로 관리하기 위하여 증권시장 또는 파생상품시장별로 둘 이상
의 금융투자상품시장을 개설하여 운영할 수 있다.
[전문개정 2013. 5. 28.]
 
제387조(회원) ① 거래소는 회원의 관리를 위하여 회원관리규정(이하 “회원관리규정”이라 한다)을 정하여야 한다.
② 회원은 다음 각 호와 같이 구분한다.
1. 거래소 결제회원
2. 매매전문회원
3. 그 밖에 대통령령으로 정하는 회원
③ 회원관리규정에는 다음 각 호의 사항이 포함되어야 한다.
1. 회원의 자격에 관한 사항
2. 회원의 가입과 탈퇴에 관한 사항
3. 회원의 권리와 의무에 관한 사항
4. 그 밖에 회원을 관리하기 위하여 필요한 사항
 
제388조(시장에서의 거래자격) ① 거래소의 회원이 아닌 자는 증권시장 및 파생상품시장에서의 매매거래를 하여서는
아니 된다. 다만, 회원관리규정에서 특정한 증권의 매매거래를 할 수 있도록 정한 경우에는 그 특정한 증권의 매매거
래를 할 수 있다.
② 제1항 단서에 따라 증권시장에서 매매거래를 할 수 있게 된 자는 제377조제8호, 제387조, 제389조, 제394조, 제
395조, 제396조제2항, 제397조부터 제400조까지, 제404조 및 제426조제6항을 적용함에 있어서 이를 거래소의 회
원으로 본다.
 
제389조(거래의 종결) ① 거래소는 회원이 거래의 정지를 당하거나 그 자격을 상실한 경우에는 그 회원 또는 다른 회원
으로 하여금 해당 증권시장 또는 파생상품시장에서 행한 매매거래를 종결시켜야 한다. 이 경우 자격을 상실한 회원
은 매매거래를 종결시키는 범위에서 회원의 자격을 가진 것으로 본다.
② 제1항에 따라 거래소가 다른 회원으로 하여금 해당 매매거래를 종결시키는 경우에는 그 회원과 다른 회원 사이
에 위임계약이 체결된 것으로 본다.
 
제390조(상장규정) ① 거래소는 증권시장에 상장할 증권의 심사 및 상장증권의 관리를 위하여 증권상장규정(이하 “상
장규정”이라 한다)을 정하여야 한다. 이 경우 거래소가 개설ㆍ운영하는 둘 이상의 증권시장에 대하여 별도의 상장규
정으로 정할 수 있다. <개정 2013. 5. 28.>
② 상장규정에는 다음 각 호의 사항이 포함되어야 한다.
1. 증권의 상장기준 및 상장심사에 관한 사항
2. 증권의 상장폐지기준 및 상장폐지에 관한 사항
3. 증권의 매매거래정지와 그 해제에 관한 사항
4. 그 밖에 상장법인 및 상장증권의 관리에 관하여 필요한 사항
 
법제처                                                            177                                                       국가법령정보센터
자본시장과 금융투자업에 관한 법률
제391조(공시규정) ① 거래소는 주권, 그 밖에 대통령령으로 정하는 증권을 상장한 법인(이하 이 조 및 제392조에서 “주
권등상장법인”이라 한다)의 기업내용 등의 신고ㆍ공시 및 관리를 위하여 주권등상장법인 공시규정(이하 “공시규정
”이라 한다)을 정하여야 한다. 이 경우 거래소가 개설ㆍ운영하는 둘 이상의 증권시장에 대하여 별도의 공시규정으로
정할 수 있다. <개정 2013. 5. 28.>
② 공시규정에는 다음 각 호의 사항이 포함되어야 한다.
1. 주권등상장법인이 신고하여야 하는 내용에 관한 사항
2. 주권등상장법인이 신고함에 있어서 준수하여야 할 방법 및 절차에 관한 사항
3. 주권등상장법인에 관한 풍문이나 보도 등의 사실 여부 및 그 법인이 발행한 증권의 가격이나 거래량의 현저한 변
동의 원인 등에 대한 거래소의 신고 또는 확인 요구에 관한 사항
4. 주권등상장법인의 경영상 비밀유지와 투자자 보호와의 형평 등을 고려하여 신고ㆍ공시하지 아니할 사항
5. 주권등상장법인이 신고한 내용의 공시에 관한 사항
6. 주권등상장법인의 제1호부터 제4호까지의 위반유형, 위반 여부 결정기준 및 조치 등에 관한 사항
7. 매매거래의 정지 등 주권등상장법인의 관리에 관한 사항
8. 주권등상장법인의 신고의무 이행실태의 점검에 관한 사항
9. 그 밖에 주권등상장법인의 신고 또는 공시와 관련하여 필요한 사항
 
제392조(공시의 실효성 확보) ① 은행은 주권등상장법인에 대하여 다음 각 호에 해당하는 사실이 발생한 경우에는 이
를 지체 없이 거래소에 통보하여야 한다.
1. 발행한 어음이나 수표가 부도로 된 경우
2. 은행과의 당좌거래가 정지 또는 금지된 경우
② 거래소는 제391조제2항제1호의 신고사항과 같은 항 제3호에 따른 신고 또는 확인 요구사항에 대하여 투자자의
투자판단에 중대한 영향을 미칠 우려가 있어 그 내용을 신속하게 알릴 필요가 있는 경우에는 대통령령으로 정하는
방법에 따라 행정기관, 그 밖의 관계기관에 대하여 필요한 정보의 제공 또는 교환을 요청할 수 있다. 이 경우 요청을
받은 기관은 특별한 사유가 없는 한 이에 협조하여야 한다.
③ 거래소는 주권등상장법인이 제391조에 따라 신고를 한 경우에는 이를 지체 없이 금융위원회에 송부하여야 한다.
<개정 2008. 2. 29.>
④ 금융위원회는 제3항에 따른 송부를 받은 경우에는 이를 인터넷 홈페이지 등을 이용하여 공시하여야 한다.<개정
2008. 2. 29.>
 
제393조(업무규정) ① 증권시장에서의 매매거래에 관하여 다음 각 호의 사항은 거래소의 증권시장업무규정으로 정한
다. 이 경우 거래소가 개설ㆍ운영하는 둘 이상의 증권시장에 대하여 별도의 증권시장업무규정으로 정할 수 있다.
<개정 2013. 5. 28.>
1. 매매거래의 종류 및 수탁에 관한 사항
2. 증권시장의 개폐ㆍ정지 또는 휴장에 관한 사항
3. 매매거래계약의 체결 및 결제의 방법. 다만, 증권인도와 대금지급에 관한 것을 제외한다.
4. 증거금(證據金)의 납부 등 매매거래의 규제에 관한 사항
5. 그 밖에 매매거래에 관하여 필요한 사항
② 파생상품시장에서의 매매에 관하여 다음 각 호의 사항은 거래소의 파생상품시장업무규정으로 정한다.
1. 장내파생상품 매매의 수탁에 관한 사항
2. 취급하는 장내파생상품 매매의 유형 및 품목
3. 장내파생상품 매매의 결제월
4. 파생상품시장의 개폐ㆍ정지 또는 휴장에 관한 사항
5. 장내파생상품 매매에 관한 계약의 체결 및 제한에 관한 사항
6. 위탁증거금 및 거래증거금에 관한 사항
법제처                                                            178                                                       국가법령정보센터
자본시장과 금융투자업에 관한 법률
7. 결제의 방법
8. 그 밖에 장내파생상품 매매 및 그 수탁에 관하여 필요한 사항
 
제394조(손해배상공동기금) ① 회원은 증권시장 또는 파생상품시장에서의 매매거래(다자간매매체결회사에서의 매매거
래를 포함한다. 이하 이 조에서 같다)에 따른 채무의 불이행으로 인하여 발생하는 손해를 배상하기 위하여 거래소에
손해배상공동기금(이하 “공동기금”이라 한다)을 적립하여야 한다. 다만, 증권시장 또는 파생상품시장에서의 매매거
래에 대한 결제이행의 책임을 부담하지 아니하는 회원 등 거래소가 정하는 회원은 공동기금을 적립하지 아니할 수
있다. <개정 2025. 3. 6.>
② 거래소는 제1항에 따른 공동기금을 증권시장과 파생상품시장으로 구분하여 적립하여야 한다.
③ 회원(제1항 단서에 따른 회원을 제외한다)은 제1항 및 제2항의 공동기금의 범위에서 회원의 증권시장 또는 파생
상품시장에서의 매매거래에 따른 채무의 불이행으로 인하여 발생하는 손해배상에 관하여 연대책임을 진다.
④ 제1항의 공동기금의 총적립규모, 회원별 적립률, 적립방법, 사용, 관리, 환급, 그 밖에 그 운용에 관하여 필요한 사
항은 대통령령으로 정한다.
 
제395조(회원보증금) ① 회원은 장래 증권시장 또는 파생상품시장에서의 매매거래와 관련하여 발생할 수 있는 채무의
이행을 보증하기 위하여 거래소에 회원보증금을 예치하여야 한다.
② 거래소는 제398조에 따라 회원을 대신하여 채무를 이행 또는 인수함으로써 취득한 채권을 그 회원에 대한 회원
보증금과 상계하여서는 아니 된다.
③ 회원에게 증권 또는 장내파생상품의 매매를 위탁한 자는 그 위탁으로 발생한 채권에 대하여 그 회원의 회원보증
금에 관하여 다른 채권자보다 우선하여 변제받을 권리가 있다.
④ 제1항에 따른 회원보증금의 최저한도ㆍ운용 및 관리 등에 관하여 필요한 사항은 거래소의 회원관리규정으로 정
한다.
 
제396조(위탁증거금 및 거래증거금) ① 거래소의 회원은 파생상품시장에서의 매매의 수탁과 관련하여 거래소의 파생
상품시장업무규정이 정하는 바에 따라 위탁자로부터 위탁증거금을 받아야 한다.
② 거래소의 회원은 증권시장 또는 파생상품시장에서의 매매거래를 함에 있어서 거래소에 대하여 부담하는 채무의
이행을 보증하기 위하여 증권시장업무규정 및 파생상품시장업무규정이 정하는 바에 따라 거래소에 거래증거금을
예치하여야 한다.
 
제397조(거래증거금과 회원보증금의 채무변제에의 충당) 거래소는 회원이 거래소 또는 다른 회원에 대하여 증권시장
또는 파생상품시장에서의 매매거래에 관한 채무를 이행하지 아니한 경우에는 그 회원의 거래증거금과 회원보증금으
로 그 채무의 변제에 충당할 수 있다.
 
제398조(거래소에 의한 채무이행 등) ① 거래소는 증권시장 및 파생상품시장에서의 매매거래를 원활하게 하기 위하여
증권시장업무규정 및 파생상품시장업무규정이 정하는 바에 따라 회원을 대신하여 그 회원의 증권시장 또는 파생상
품시장에서의 매매거래에 의한 채권ㆍ채무에 대하여 그 채권을 행사 또는 취득하거나 그 채무를 이행 또는 인수할
수 있다.
② 제1항의 채무의 이행 또는 인수로 인하여 거래소에 손실이 발생한 경우 해당 회원은 증권시장업무규정 및 파생
상품시장업무규정이 정하는 바에 따라 거래소에 대하여 같은 채무를 부담한다.
 
제399조(거래소의 손해배상책임) ① 거래소는 회원의 증권시장 또는 파생상품시장에서의 매매거래의 위약(違約)으로
인하여 발생하는 손해에 관하여 배상의 책임을 진다.
② 거래소가 제1항에 따라 손해를 배상하는 경우에는 대통령령으로 정하는 바에 따라 거래소의 재산과 제394조에
따라 적립된 공동기금에서 충당한다.<개정 2015. 7. 24.>
③ 거래소는 제1항 및 제2항에 따라 손해를 배상한 경우에는 위약한 회원에 대하여 그 배상한 금액과 이에 소요된
비용에 관하여 구상권을 가진다.
법제처                                                            179                                                       국가법령정보센터
자본시장과 금융투자업에 관한 법률
④ 삭제<2015. 7. 24.>
⑤ 제3항의 구상권의 행사와 같은 항에 따라 추심된 금액의 배분 등에 필요한 사항은 대통령령으로 정한다.<개정
2015. 7. 24.>
 
제400조(채무변제순위) ① 거래소의 회원이 증권시장 또는 파생상품시장에서의 매매거래에 따른 채무를 이행하지 아
니하여 거래소 또는 다른 회원에게 손해를 끼친 경우 그 손해를 입은 거래소 또는 다른 회원은 그 손해를 끼친 회원
의 회원보증금ㆍ거래증거금 및 공동기금 지분에 대하여 다른 채권자보다 우선하여 변제받을 권리를 가진다.
② 거래소는 회원이 증권시장 또는 파생상품시장에서의 매매에 따른 결제를 위하여 납부한 대금ㆍ증권 및 품목에
관하여 다른 채권자보다 우선하여 변제를 받을 권리가 있다.
③ 거래소는 증권시장 또는 파생상품시장에서의 매매에 따른 결제완료 전에 대금ㆍ증권 및 품목이 인도된 경우에
해당 회원이 그 결제를 이행하지 아니함으로써 거래소에 손해를 끼친 때에는 그 회원의 재산에 관하여 다른 채권자
보다 우선하여 변제를 받을 권리가 있다. 다만, 그 결제의 이행 기한이 도래하기 전에 설정된 전세권ㆍ질권ㆍ저당권
또는 「동산ㆍ채권 등의 담보에 관한 법률」에 따른 담보권에 의하여 담보된 채권에 대하여는 우선하여 변제를 받을
권리가 없다.<개정 2010. 6. 10.>
④ 제1항부터 제3항까지의 규정에 따른 거래소의 우선권은 제395조제3항에 따른 위탁자의 회원보증금에 대한 권
리보다 우선하는 효력을 가진다.
 
제401조(시세의 공표) 거래소는 대통령령으로 정하는 방법에 따라 다음 각 호의 증권 및 장내파생상품의 시세(다자간
매매체결회사가 다자간매매체결업무를 할 때 형성된 시세를 제외한다. 이하 이 조에서 같다)를 공표하여야 한다.
<개정 2013. 5. 28.>
1. 증권의 매일의 매매거래량 및 그 성립가격과 최고ㆍ최저 및 최종가격
2. 장내파생상품의 종목별 매일의 총거래량, 최초ㆍ최고ㆍ최저 및 최종거래 성립가격 또는 약정수치
3. 그 밖에 시세의 공정한 형성 및 투자자 보호에 필요하다고 인정되는 시세로서 대통령령으로 정하는 시세
 
       제4장 시장감시 및 분쟁조정
 
제402조(시장감시위원회) ① 거래소에 다음 각 호의 업무를 수행하기 위하여 시장감시위원회를 둔다. <개정 2013. 5.
28., 2014. 12. 30.>
1. 시장감시, 이상거래의 심리 및 회원에 대한 감리(지정거래소가 제78조제3항 및 제4항에 따라 행하는 감시, 이상
거래의 심리 또는 거래참가자에 대한 감리를 포함한다)
2. 증권시장과 파생상품시장 사이의 연계감시(지정거래소가 제404조제2항 및 제3항에 따라 행하는 거래소시장과
다른 거래소시장 사이 및 거래소시장과 다자간매매체결회사 사이의 연계감시를 포함한다)
3. 제1호 및 제2호에 따른 이상거래의 심리, 회원에 대한 감리, 연계감시의 결과에 따른 회원 또는 거래참가자에 대
한 징계 또는 관련 임직원에 대한 징계요구의 결정
4. 불공정거래의 예방 등을 위한 활동
5. 제377조제10호에 따른 분쟁의 자율조정에 관한 업무
6. 제403조에 따른 시장감시규정 및 제405조제1항에 따른 분쟁조정규정의 제정ㆍ변경 및 폐지
7. 그 밖에 제1호부터 제6호까지의 업무에 부수하는 업무
② 시장감시위원회는 다음 각 호의 위원으로 구성한다.<개정 2008. 2. 29.>
1. 시장감시위원회 위원장(이하 이 조에서 “시장감시위원장”이라 한다)
2. 삭제<2008. 2. 29.>
3. 금융위원회 위원장이 추천하는 2인
4. 협회가 추천하는 2인
③ 시장감시위원회 위원의 임기는 3년으로 하며, 정관이 정하는 바에 따라 연임할 수 있다.
법제처                                                            180                                                       국가법령정보센터
자본시장과 금융투자업에 관한 법률
④ 시장감시위원장은 대통령령으로 정하는 금융에 관한 경험과 지식을 갖추고 거래소의 건전한 경영과 공정한 거
래질서를 해할 우려가 없는 자 중에서 시장감시위원회의 추천을 받아 주주총회에서 선임한다.
⑤ 금융위원회는 제4항에 따라 선임된 시장감시위원장이 직무수행에 부적합하다고 인정되는 경우로서 대통령령으
로 정하는 경우에는 그 선임된 날부터 1개월 이내에 그 사유를 구체적으로 밝혀 해임을 요구할 수 있다. 이 경우 해
임 요구된 시장감시위원장의 직무는 정지되며, 거래소는 2개월 이내에 시장감시위원장을 새로 선임하여야 한다.
<개정 2008. 2. 29.>
⑥ 「금융회사의 지배구조에 관한 법률」 제5조는 시장감시위원회 위원의 자격에 관하여 준용한다.<개정 2015. 7.
31.>
⑦ 시장감시위원회 위원 및 그 직에 있었던 자는 그 직무에 관하여 알게 된 비밀을 누설 또는 이용하여서는 아니 된
다.
⑧ 금융위원회는 시장감시위원회의 위원이 다음 각 호의 어느 하나에 해당하는 경우에는 그 위원에 대하여 6개월
이내의 기간을 정하여 업무집행을 정지하거나 해임을 요구할 수 있다.<개정 2008. 2. 29.>
1. 제7항을 위반하여 비밀을 누설하거나 이용한 경우
2. 그 밖에 투자자 보호 또는 건전한 시장 질서를 해할 우려가 있는 경우로서 대통령령으로 정하는 경우
⑨ 그 밖에 시장감시위원회의 구성 및 운영에 관하여 필요한 사항은 정관으로 정한다.
 
제403조(시장감시규정) 시장감시위원회는 제402조제1항제1호부터 제4호까지의 규정 및 이에 부수하는 사항이 포함된
시장감시규정을 제정하고, 이에 따라 업무를 수행한다. <개정 2013. 5. 28., 2014. 12. 30.>
1. 삭제<2013. 5. 28.>
2. 삭제<2013. 5. 28.>
3. 삭제<2013. 5. 28.>
4. 삭제<2013. 5. 28.>
 
제404조(이상거래의 심리 또는 회원의 감리) ① 거래소는 다음 각 호의 어느 하나에 해당하는 경우에는 금융투자업자
(증권 또는 장내파생상품을 대상으로 금융투자업을 영위하는 투자매매업자 또는 투자중개업자에 한한다)에게 그 사
유를 밝힌 서면으로 관련 자료의 제출을 요청하거나, 회원에 대하여 그와 관련된 업무ㆍ재산상황ㆍ장부ㆍ서류, 그
밖의 물건을 감리할 수 있다. <개정 2013. 5. 28., 2014. 12. 30.>
1. 거래소시장에서 이상거래의 혐의가 있다고 인정되는 해당 증권의 종목 또는 장내파생상품 매매 품목의 거래상황
을 파악하기 위한 경우
2. 회원이 거래소의 업무관련규정을 준수하는지를 확인하기 위한 경우
3. 회원이 제178조의2를 위반하는지를 확인하기 위한 경우
② 거래소는 제1항에 따른 심리 또는 감리를 위하여 필요한 경우에는 회원에 대하여 이상거래 또는 업무관련규정
위반혐의와 관련된 보고, 자료의 제출 또는 관계자의 출석ㆍ진술을 요청할 수 있고, 지정거래소는 다른 거래소 또는
다자간매매체결회사에 대하여 이상거래의 심리 및 감리와 관련한 정보의 제공 또는 교환을 요구할 수 있다.<개정
2013. 5. 28.>
③ 거래소는 제1항 또는 제2항에 따른 요청 또는 요구를 거부하거나 제1항에 따른 감리에 협조하지 아니하는 경우
시장감시규정이 정하는 바에 따라 회원의 자격을 정지하거나 증권 및 장내파생상품의 매매거래를 제한할 수 있고,
지정거래소는 다른 거래소 또는 다자간매매체결회사에 대하여 회원 또는 거래참가자의 자격을 정지하거나 거래를
제한할 것을 요구할 수 있다.<개정 2013. 5. 28.>
 
제405조(분쟁의 자율조정) ① 시장감시위원회는 제377조제10호에 따른 분쟁의 자율조정을 위하여 필요한 분쟁조정규
정을 정한다.
② 시장감시위원회는 분쟁조정을 위하여 필요하다고 인정되는 경우에는 당사자에 대하여 사실의 확인 또는 자료의
제출 등을 요구할 수 있다.
법제처                                                            181                                                       국가법령정보센터
자본시장과 금융투자업에 관한 법률
③ 시장감시위원회는 당사자, 그 밖의 이해관계인의 의견을 들을 필요가 있다고 인정되는 경우에는 이들에게 회의
에 출석하여 의견을 진술할 것을 요청할 수 있다.
 
       제5장 소유 등에 대한 규제
 
제406조(주식소유의 제한) ① 누구든지 다음 각 호의 어느 하나에 해당하는 경우를 제외하고는 거래소의 의결권 있는
발행주식총수의 100분의 5를 초과하여 거래소가 발행한 주식을 소유할 수 없다. <개정 2008. 2. 29., 2013. 5. 28.>
1. 집합투자기구가 소유하는 경우(사모집합투자기구가 소유하는 경우를 제외한다)
2. 외국 거래소(외국 법령에 따라 외국에서 거래소에 상당하는 기능을 수행하는 자를 말한다. 이하 같다)와의 제휴
를 위하여 필요한 경우로서 금융위원회가 자본시장의 효율성과 건전성에 기여할 가능성, 해당 거래소 주주의 보
유지분 분포 등을 고려하여 구체적인 보유한도를 정하여 승인한 경우
3. 정부가 소유하는 경우
4. 그 밖에 거래소의 공정한 운영을 해할 우려가 없는 경우로서 대통령령으로 정하는 경우
② 다음 각 호의 어느 하나에 해당하는 경우에는 제1항에 따라 제한되는 주식의 소유로 본다.
1. 신탁계약, 그 밖의 계약 또는 법률의 규정에 따라 그 주식에 대한 의결권을 행사할 수 있는 권한 또는 그 의결권
의 행사를 지시할 수 있는 권한을 가지는 경우
2. 대통령령으로 정하는 특수관계에 있는 자가 주식을 소유하는 경우
3. 그 밖에 제1호 및 제2호에 준하는 경우로서 대통령령으로 정하는 경우
③ 제1항을 위반하여 주식을 소유하는 경우 그 초과분에 대하여는 의결권을 행사할 수 없으며, 제1항을 위반하여
주식을 소유한 자는 지체 없이 제1항에서 정한 한도에 적합하도록 하여야 한다.
④ 금융위원회는 제3항을 준수하지 아니한 자에게 6개월 이내의 기한을 정하여 그 한도를 초과하는 주식을 처분할
것을 명할 수 있다.<개정 2008. 2. 29.>
 
제407조(이행강제금) ① 금융위원회는 제406조제4항에 따른 주식처분명령 또는 제426조의3제7항제1호에 따른 금융투
자상품의 처분명령(이하 이 조에서 “처분명령”이라 한다)을 받은 후 그 기한 이내에 그 처분명령을 이행하지 아니한
자에 대하여는 다시 상당한 이행 기한을 정하여 그 주식 또는 금융투자상품을 처분할 것을 명하고, 그 기한까지 처분
명령을 이행하지 아니하는 경우에는 그 처분하여야 하는 주식 또는 금융투자상품의 취득가액의 100분의 5를 초과하
지 아니하는 범위에서 이행강제금을 부과한다. <개정 2008. 2. 29., 2024. 10. 22.>
② 금융위원회는 제1항에 따른 이행강제금을 부과하기 전에 제1항에 따른 이행강제금을 부과ㆍ징수한다는 뜻을 미
리 문서로써 통지하여야 한다.<개정 2008. 2. 29.>
③ 금융위원회는 제1항에 따른 이행강제금을 부과하는 경우에는 이행강제금의 금액, 이행강제금의 부과사유, 이행
강제금의 납부기한 및 수납기간, 이의제기방법 및 이의제기기관 등을 밝힌 문서로써 하여야 한다.<개정 2008. 2.
29.>
④ 금융위원회는 처분명령을 한 날을 기준으로 하여 1년에 2회 이내의 범위에서 그 처분명령이 이행될 때까지 반복
하여 제1항에 따른 이행강제금을 부과ㆍ징수할 수 있다.<개정 2008. 2. 29., 2024. 10. 22.>
⑤ 금융위원회는 처분명령을 받은 자가 처분명령을 이행한 경우에는 새로운 이행강제금의 부과를 중지하되, 이미
부과된 이행강제금은 징수하여야 한다.<개정 2008. 2. 29., 2024. 10. 22.>
⑥ 제430조(제2항을 제외한다)부터 제434조까지의 규정은 이행강제금의 부과 및 징수에 관하여 준용한다.
 
제408조(영업양도 등의 승인) 거래소는 영업양도, 합병, 분할, 분할합병 또는 주식의 포괄적 교환ㆍ이전을 하고자 하는
경우에는 금융위원회의 승인을 받아야 한다. <개정 2008. 2. 29.>
 
제409조(거래소가 발행한 증권의 상장 및 상장폐지의 승인) ① 거래소는 자기가 발행한 증권을 상장하거나 상장을 폐
지하고자 하는 경우에는 금융위원회의 승인을 받아야 한다. <개정 2008. 2. 29.>
법제처                                                            182                                                       국가법령정보센터
자본시장과 금융투자업에 관한 법률
② 거래소는 제1항에 따라 상장한 경우에는 이상거래의 심리, 회원의 감리, 수시공시, 그 밖의 상장관리 등을 자체적
으로 수행하고 그 결과를 금융위원회에 보고하여야 한다.<개정 2008. 2. 29.>
 
       제6장 감독 등
 
제410조(보고와 검사) ① 금융위원회는 투자자 보호 또는 건전한 거래질서를 위하여 필요하다고 인정되는 경우에는 거
래소에 대하여 그 업무 및 재산에 관한 보고 또는 참고가 될 자료의 제출을 명하고, 금융감독원장에게 그 업무ㆍ재산
상황ㆍ장부ㆍ서류, 그 밖의 물건을 검사하게 할 수 있다. <개정 2008. 2. 29.>
② 제1항에 따라 검사를 하는 자는 그 권한을 표시하는 증표를 지니고 관계인에게 내보여야 한다.
③ 금융감독원장은 제1항에 따라 검사를 한 경우에는 그 결과를 금융위원회에 보고하여야 한다. 이 경우 이 법 또는
이 법에 따른 명령이나 처분을 위반한 사실이 있는 때에는 그 처리에 관한 의견서를 첨부하여야 한다.
④ 제419조제9항은 거래소에 대한 검사에 관하여 준용한다.
 
제411조(거래소에 대한 조치) ① 금융위원회는 거래소가 다음 각 호의 어느 하나에 해당하는 경우에는 제373조의2제
1항에 따른 거래소허가를 취소할 수 있다. <개정 2008. 2. 29., 2013. 5. 28.>
1. 거짓, 그 밖의 부정한 방법으로 제373조의2제1항에 따른 허가를 받은 경우
2. 허가조건을 위반한 경우
3. 제373조의5에 따른 허가요건 유지의무를 위반한 경우
4. 업무의 정지기간 중에 업무를 한 경우
5. 금융위원회의 시정명령 또는 중지명령을 이행하지 아니한 경우
6. 별표 14 각 호의 어느 하나에 해당하는 경우로서 대통령령으로 정하는 경우
7. 대통령령으로 정하는 금융관련 법령 등을 위반한 경우로서 대통령령으로 정하는 경우
8. 그 밖에 투자자의 이익을 현저히 해할 우려가 있거나 해당 업무를 영위하기 곤란하다고 인정되는 경우로서 대통
령령으로 정하는 경우
② 금융위원회는 거래소가 제1항 각 호(제6호는 제외한다)의 어느 하나에 해당하거나 별표 14 각 호의 어느 하나에
해당하는 경우에는 다음 각 호의 어느 하나에 해당하는 조치를 할 수 있다.<개정 2008. 2. 29., 2013. 5. 28.>
1. 6개월 이내의 업무의 전부 또는 일부의 정지
2. 계약의 인계명령
3. 위법행위의 시정명령 또는 중지명령
4. 위법행위로 인한 조치를 받았다는 사실의 공표명령 또는 게시명령
5. 기관경고
6. 기관주의
7. 그 밖에 위법행위를 시정하거나 방지하기 위하여 필요한 조치로서 대통령령으로 정하는 조치
③ 금융위원회는 거래소의 임원이 제1항 각 호(제6호는 제외한다)의 어느 하나에 해당하거나 별표 14 각 호의 어느
하나에 해당하는 경우에는 다음 각 호의 어느 하나에 해당하는 조치를 할 수 있다.<개정 2008. 2. 29., 2013. 5. 28.>
1. 해임요구
2. 6개월 이내의 직무정지
3. 문책경고
4. 주의적 경고
5. 주의
6. 그 밖에 위법행위를 시정하거나 방지하기 위하여 필요한 조치로서 대통령령으로 정하는 조치
7. 삭제<2017. 4. 18.>
④ 금융위원회는 거래소의 직원이 제1항 각 호(제6호는 제외한다)의 어느 하나에 해당하거나 별표 14 각 호의 어느
하나에 해당하는 경우에는 다음 각 호의 어느 하나에 해당하는 조치를 거래소에 요구할 수 있다.<개정 2013. 5.
법제처                                                            183                                                       국가법령정보센터
자본시장과 금융투자업에 관한 법률
28.>
1. 면직
2. 6개월 이내의 정직
3. 감봉
4. 견책
5. 경고
6. 주의
7. 그 밖에 위법행위를 시정하거나 방지하기 위하여 필요한 조치로서 대통령령으로 정하는 조치
⑤ 제422조제3항, 제423조(제1호는 제외한다), 제424조(제2항은 제외한다) 및 제425조는 거래소 및 그 임직원에 대
한 조치 등에 관하여 준용한다.<신설 2013. 5. 28.>
 
제412조(거래소 규정의 승인) ① 거래소는 회원관리규정ㆍ증권시장업무규정ㆍ파생상품시장업무규정ㆍ상장규정ㆍ공시
규정ㆍ시장감시규정ㆍ분쟁조정규정, 그 밖의 업무에 관한 규정을 제정ㆍ변경하거나 폐지하고자 하는 경우에는 금융
위원회의 승인을 받아야 한다. <개정 2008. 2. 29.>
② 삭제<2008. 2. 29.>
 
제413조(긴급사태시의 처분) 금융위원회는 천재지변, 전시, 사변, 경제사정의 급격한 변동, 그 밖에 이에 준하는 사태의
발생으로 인하여 매매거래가 정상적으로 이루어질 수 없다고 인정되는 경우에는 거래소에 대하여 개장시간의 변경,
거래의 중단 또는 시장의 휴장을 명하거나, 그 밖에 필요한 조치를 할 수 있다. <개정 2008. 2. 29.>
 
제414조(시장효율화위원회) ① 증권시장 및 파생상품시장의 거래비용 절감과 관련한 사항에 대한 심의를 위하여 금융
위원회에 시장효율화위원회를 설치한다. <개정 2008. 2. 29., 2013. 5. 28.>
② 이 법에 따라 설립된 기관, 그 밖에 대통령령으로 정하는 기관이 수수료 등을 변경하거나 대통령령으로 정하는
금액 이상으로 전산에 대한 투자를 하고자 하는 경우에는 시장효율화위원회의 심의를 거쳐야 한다.
③ 시장효율화위원회의 구성 및 운영에 관하여 필요한 사항은 대통령령으로 정한다.
 
     제8편 감독 및 처분
       제1장 명령 및 승인 등
 
제415조(감독) 금융위원회는 투자자를 보호하고 건전한 거래질서를 유지하기 위하여 금융투자업자가 이 법 또는 이 법
에 따른 명령이나 처분을 적절히 준수하는지 여부를 감독하여야 한다. <개정 2008. 2. 29.>
 
제416조(금융위원회의 조치명령권) ① 금융위원회는 투자자를 보호하고 건전한 거래질서를 유지하기 위하여 긴급한
조치가 필요하다고 명백히 인정되는 경우에는 금융투자업자 및 그 임원(「상법」 제401조의2제1항 각 호의 자를 포함
한다. 이하 이 조에서 같다)에 대하여 다음 각 호의 사항에 관하여 필요한 조치를 명할 수 있다. 다만, 제7호의 장내파
생상품의 거래규모의 제한에 관한 사항에 관하여는 위탁자에게도 필요한 조치를 명할 수 있다. <개정 2008. 2. 29.,
2009. 2. 3., 2023. 3. 21.>
1. 금융투자업자의 고유재산 운용에 관한 사항
2. 투자자 재산의 보관ㆍ관리에 관한 사항
3. 금융투자업자의 경영 및 업무개선에 관한 사항
4. 각종 공시에 관한 사항
5. 영업의 질서유지에 관한 사항
6. 영업방법에 관한 사항
7. 장내파생상품 및 장외파생상품의 거래규모의 제한에 관한 사항
법제처                                                            184                                                       국가법령정보센터
자본시장과 금융투자업에 관한 법률
8. 그 밖에 투자자 보호 또는 건전한 거래질서를 위하여 필요한 사항으로서 대통령령으로 정하는 사항
② 제1항에서 정하는 필요한 조치란 다음 각 호에 해당하는 조치를 말한다.<신설 2023. 3. 21.>
1. 채무불이행 또는 가격변동 등의 위험이 높은 자산의 취득금지 또는 비정상적으로 높은 금리에 의한 수신(受信)의
제한
2. 영업의 양도나 예금ㆍ대출 등 금융거래와 관련된 계약의 이전
3. 채무변제행위의 금지
4. 계열회사 등 제3자에 대한 송금ㆍ자산이전 등 거래 금지
5. 투자자예탁금 등의 전부 또는 일부의 반환명령이나 지급정지
6. 투자자예탁금 등의 수탁금지 또는 다른 금융투자업자로의 이전
7. 임원의 직무정지나 임원의 직무를 대행하는 관리인의 선임
8. 보유자산의 처분이나 점포ㆍ조직의 축소
9. 합병 또는 제3자에 의한 해당 금융기관의 인수
10. 보고 또는 자료의 제출과 제출한 보고서 또는 자료의 공시
11. 영업의 전부 또는 일부 정지
12. 증권 및 파생상품의 매매제한
13. 파생상품의 거래규모 제한
14. 그 밖에 제1호부터 제13호까지에 준하는 조치로서 대통령령으로 정하는 조치
③ 제2항제7호에 따라 금융위원회가 선임한 관리인의 권한, 해임, 등기 등에 관하여는 「금융산업의 구조개선에 관
한 법률」 제14조의3을 준용한다.<신설 2023. 3. 21.>
④ 제1항부터 제3항까지에 따른 조치명령의 세부기준, 절차, 그 밖에 필요한 사항은 대통령령으로 정한다.<신설
2023. 3. 21.>
[제목개정 2008. 2. 29.]
 
제417조(승인사항 등) ① 금융투자업자는 다음 각 호의 어느 하나에 해당하는 행위(겸영금융투자업자의 경우에는 제
4호부터 제7호까지에 한한다)를 하고자 하는 경우에는 금융위원회의 승인을 받아야 한다. 다만, 역외투자자문업자
및 역외투자일임업자의 경우에는 제1호부터 제5호까지 및 제8호에 해당하는 행위를 한 날부터 7일 이내에 금융위원
회에 보고하여야 한다. <개정 2008. 2. 29., 2018. 3. 27.>
1. 합병, 분할 또는 분할합병
2. 주식의 포괄적 교환 또는 이전
3. 해산
4. 제6조제1항제1호부터 제3호까지 및 제6호의 어느 하나에 해당하는 금융투자업 전부(이에 준하는 경우를 포함한
다)의 양도 또는 양수
5. 제6조제1항제4호 및 제5호의 어느 하나에 해당하는 금융투자업 전부(이에 준하는 경우를 포함한다)의 양도 또는
양수
6. 제6조제1항제1호부터 제3호까지 및 제6호의 어느 하나에 해당하는 금융투자업 전부(이에 준하는 경우를 포함한
다)의 폐지
7. 제6조제1항제4호 및 제5호의 어느 하나에 해당하는 금융투자업 전부(이에 준하는 경우를 포함한다)의 폐지
8. 그 밖에 투자자 보호 또는 채권자 보호 등을 위하여 필요한 사항으로서 대통령령으로 정하는 행위
② 금융위원회는 제1항에 따른 승인을 하거나 보고를 받은 경우 그 내용을 관보 및 인터넷 홈페이지 등에 공고하여
야 한다.<개정 2008. 2. 29., 2018. 3. 27.>
③ 제1항의 승인ㆍ보고의 기준ㆍ방법, 그 밖의 승인ㆍ보고 업무 처리를 위하여 필요한 사항은 대통령령으로 정한다
.<개정 2018. 3. 27.>
[제목개정 2018. 3. 27.]
법제처                                                            185                                                       국가법령정보센터
자본시장과 금융투자업에 관한 법률
제418조(보고사항) 금융투자업자(겸영금융투자업자의 경우에는 제6호부터 제9호까지에 한한다)는 다음 각 호의 어느
하나에 해당하는 경우에는 대통령령으로 정하는 방법에 따라 그 사실을 금융위원회에 보고하여야 한다. <개정 2008.
2. 29.>
1. 상호를 변경한 때
2. 정관 중 대통령령으로 정하는 중요한 사항을 변경한 때
3. 삭제<2015. 7. 31.>
4. 최대주주가 변경된 때
5. 대주주 또는 그의 특수관계인의 소유주식이 의결권 있는 발행주식총수의 100분의 1 이상 변동된 때
6. 제6조제1항제1호부터 제3호까지 및 제6호의 어느 하나에 해당하는 금융투자업의 일부를 양도 또는 양수한 때
7. 제6조제1항제4호 및 제5호의 어느 하나에 해당하는 금융투자업의 일부를 양도 또는 양수한 때
8. 제6조제1항제1호부터 제3호까지 및 제6호의 어느 하나에 해당하는 금융투자업의 일부를 폐지한 때
9. 제6조제1항제4호 및 제5호의 어느 하나에 해당하는 금융투자업의 일부를 폐지한 때
10. 지점, 그 밖의 영업소를 신설하거나 폐지한 때
11. 본점의 위치를 변경한 때
12. 본점ㆍ지점, 그 밖의 영업소의 영업을 중지하거나 다시 시작한 때
13. 그 밖에 투자자 보호 또는 건전한 거래질서를 위하여 필요한 경우로서 대통령령으로 정하는 경우
 
       제2장 검사 및 조치
 
제419조(금융투자업자에 대한 검사) ① 금융투자업자는 그 업무와 재산상황에 관하여 금융감독원장의 검사를 받아야
한다.
② 한국은행은 금융통화위원회가 금융투자업자의 제40조제1항제3호 또는 제4호의 업무와 관련하여 통화신용정책
의 수행 및 지급결제제도의 원활한 운영을 위하여 필요하다고 인정하는 때에는 제40조제1항제3호 또는 제4호의 업
무를 영위하는 금융투자업자에 대하여 자료제출을 요구할 수 있다. 이 경우 요구하는 자료는 금융투자업자의 업무
부담을 충분히 고려하여 필요한 최소한의 범위로 한정하여야 한다.<개정 2020. 5. 19.>
③ 한국은행은 금융통화위원회가 통화신용정책의 수행을 위하여 필요하다고 인정하는 때에는 금융투자업자가 영
위하는 제40조제1항제3호 또는 제4호의 업무에 대하여 금융감독원장에게 검사를 요구하거나 한국은행과의 공동검
사를 요구할 수 있다.<개정 2020. 5. 19.>
④ 「한국은행법」 제87조 및 제88조와 「금융위원회의 설치 등에 관한 법률」 제62조는 제2항 및 제3항의 요구 방법
및 절차에 관하여 준용한다.<개정 2008. 2. 29.>
⑤ 금융감독원장은 제1항의 검사를 함에 있어서 필요하다고 인정되는 경우에는 금융투자업자에게 업무 또는 재산
에 관한 보고, 자료의 제출, 증인의 출석, 증언 및 의견의 진술을 요구할 수 있다.
⑥ 제1항에 따라 검사를 하는 자는 그 권한을 표시하는 증표를 지니고 이를 관계자에게 내보여야 한다.
⑦ 금융감독원장이 제1항에 따른 검사를 한 경우에는 그 보고서를 금융위원회에 제출하여야 한다. 이 경우 이 법 또
는 이 법에 따른 명령이나 처분을 위반한 사실이 있는 때에는 그 처리에 관한 의견서를 첨부하여야 한다.<개정
2008. 2. 29.>
⑧ 금융감독원장은 제1항에 따른 검사업무의 일부를 대통령령으로 정하는 바에 따라 거래소 또는 협회에 위탁할 수
있다.
⑨ 금융위원회는 검사의 방법ㆍ절차, 검사결과에 대한 조치기준, 그 밖의 검사업무와 관련하여 필요한 사항을 정하
여 고시할 수 있다.<개정 2008. 2. 29.>
 
제420조(금융투자업자에 대한 조치) ① 금융위원회는 금융투자업자가 다음 각 호의 어느 하나에 해당하는 경우에는 제
12조에 따른 금융투자업인가, 제16조의2에 따른 업무 단위 추가등록 또는 제18조ㆍ제117조의4 및 제249조의3에 따
른 금융투자업등록을 취소할 수 있다. <개정 2008. 2. 29., 2015. 7. 24., 2020. 3. 24., 2021. 6. 8.>
법제처                                                            186                                                       국가법령정보센터
자본시장과 금융투자업에 관한 법률
1. 거짓, 그 밖의 부정한 방법으로 금융투자업의 인가를 받거나 등록한 경우
2. 인가조건 또는 업무 단위 추가등록조건을 위반한 경우
3. 제15조제1항에 따른 인가요건, 같은 조 제2항에 따른 업무 단위 추가등록요건 또는 제20조ㆍ제117조의4제8항
및 제249조의3제8항에 따른 등록요건의 유지의무를 위반한 경우
4. 업무의 정지기간 중에 업무를 한 경우
5. 금융위원회의 시정명령 또는 중지명령을 이행하지 아니한 경우
6. 별표 1 각 호의 어느 하나에 해당하는 경우로서 대통령령으로 정하는 경우
7. 대통령령으로 정하는 금융관련 법령 등을 위반한 경우로서 대통령령으로 정하는 경우
8. 「금융소비자 보호에 관한 법률」 제51조제1항제4호 또는 제5호에 해당하는 경우
9. 그 밖에 투자자의 이익을 현저히 해할 우려가 있거나 해당 금융투자업을 영위하기 곤란하다고 인정되는 경우로
서 대통령령으로 정하는 경우
② 금융투자업자(겸영금융투자업자를 제외한다)는 제1항에 따라 그 업무에 관련된 금융투자업인가와 금융투자업등
록이 모두 취소된 경우에는 이로 인하여 해산한다.
③ 금융위원회는 금융투자업자가 제1항 각 호(제6호를 제외한다)의 어느 하나에 해당하거나 별표 1 각 호의 어느
하나에 해당하는 경우 또는 「금융회사의 지배구조에 관한 법률」 별표 각 호의 어느 하나에 해당하는 경우(제1호에
해당하는 조치로 한정한다), 「금융소비자 보호에 관한 법률」 제51조제2항 각 호 외의 부분 본문 중 대통령령으로
정하는 경우에 해당하는 경우(제1호에 해당하는 조치로 한정한다)에는 다음 각 호의 어느 하나에 해당하는 조치를
할 수 있다.<개정 2008. 2. 29., 2015. 7. 31., 2020. 3. 24.>
1. 6개월 이내의 업무의 전부 또는 일부의 정지
2. 신탁계약, 그 밖의 계약의 인계명령
3. 위법행위의 시정명령 또는 중지명령
4. 위법행위로 인한 조치를 받았다는 사실의 공표명령 또는 게시명령
5. 기관경고
6. 기관주의
7. 그 밖에 위법행위를 시정하거나 방지하기 위하여 필요한 조치로서 대통령령으로 정하는 조치
 
제421조(외국 금융투자업자의 지점등의 인가ㆍ등록의 취소 등에 대한 특례) ① 금융위원회는 외국 금융투자업자가 다
음 각 호의 어느 하나에 해당하는 경우에는 그 외국 금융투자업자의 지점, 그 밖의 영업소에 대하여 제12조에 따른
금융투자업인가, 제16조의2에 따른 업무 단위 추가등록 또는 제18조ㆍ제117조의4 및 제249조의3에 따른 금융투자
업등록을 취소할 수 있다. <개정 2008. 2. 29., 2015. 7. 24., 2021. 6. 8.>
1. 해산
2. 파산
3. 합병 또는 영업의 양도 등으로 인한 소멸
4. 국내지점, 그 밖의 영업소가 영위하는 금융투자업에 상당하는 영업의 폐지 또는 인가ㆍ등록의 취소
5. 국내지점, 그 밖의 영업소가 영위하는 금융투자업에 상당하는 영업의 중지 또는 정지
6. 외국 법령을 위반한 경우(국내지점, 그 밖의 영업소가 이로 인해 영업 수행이 곤란하다고 인정되는 경우에 한한
다)
② 외국 금융투자업자의 지점, 그 밖의 영업소는 제1항 각 호의 어느 하나에 해당하는 사실이 발생한 경우에는 지체
없이 그 사실을 금융위원회에 보고하여야 한다.<개정 2008. 2. 29.>
③ 외국 금융투자업자의 지점, 그 밖의 영업소는 제1항에 따라 그 업무에 관련된 금융투자업인가와 금융투자업등록
이 모두 취소된 경우에는 지체 없이 청산하여야 한다.
④ 제1항 및 제2항은 역외투자자문업자 또는 역외투자일임업자의 등록취소 등에 관하여 준용한다. 이 경우 제1항
각 호 외의 부분 중 “외국 금융투자업자”는 “역외투자자문업자 또는 역외투자일임업자”로, “외국 금융투자업자의 지
점, 그 밖의 영업소”는 “역외투자자문업자 또는 역외투자일임업자”로 보고, 같은 항 제4호 및 제5호 중 “국내지점,
법제처                                                            187                                                       국가법령정보센터
자본시장과 금융투자업에 관한 법률
그 밖의 영업소가 영위하는 금융투자업”은 각각 “투자자문업 또는 투자일임업”으로, 같은 항 제6호 중 “국내지점, 그
밖의 영업소”는 “역외투자자문업자 또는 역외투자일임업자”로 보며, 제2항 중 “외국 금융투자업자의 지점, 그 밖의
영업소”는 “역외투자자문업자 또는 역외투자일임업자”로 본다.
 
제422조(임직원에 대한 조치) ① 금융위원회는 금융투자업자의 임원이 제420조제1항 각 호(제6호를 제외한다)의 어느
하나에 해당하거나 별표 1 각 호의 어느 하나에 해당하는 경우에는 다음 각 호의 어느 하나에 해당하는 조치를 할 수
있다. <개정 2008. 2. 29.>
1. 해임요구
2. 6개월 이내의 직무정지
3. 문책경고
4. 주의적 경고
5. 주의
6. 그 밖에 위법행위를 시정하거나 방지하기 위하여 필요한 조치로서 대통령령으로 정하는 조치
② 금융위원회는 금융투자업자의 직원이 제420조제1항 각 호(제6호를 제외한다)의 어느 하나에 해당하거나 별표 1
각 호의 어느 하나에 해당하는 경우에는 다음 각 호의 어느 하나에 해당하는 조치를 그 금융투자업자에게 요구할
수 있다.<개정 2008. 2. 29.>
1. 면직
2. 6개월 이내의 정직
3. 감봉
4. 견책
5. 경고
6. 주의
7. 그 밖에 위법행위를 시정하거나 방지하기 위하여 필요한 조치로서 대통령령으로 정하는 조치
③ 금융위원회는 제1항 또는 제2항에 따라 금융투자업자의 임직원에 대하여 조치를 하거나 이를 요구하는 경우 그
임직원에 대하여 관리ㆍ감독의 책임이 있는 임직원에 대한 조치를 함께 하거나 이를 요구할 수 있다. 다만, 관리ㆍ
감독의 책임이 있는 자가 그 임직원의 관리ㆍ감독에 상당한 주의를 다한 경우에는 조치를 감면할 수 있다.<개정
2008. 2. 29.>
 
제423조(청문) 금융위원회는 다음 각 호의 어느 하나에 해당하는 처분 또는 조치를 하고자 하는 경우에는 청문을 실시
하여야 한다. <개정 2008. 2. 29., 2013. 5. 28.>
1. 제77조의2제4항에 따른 종합금융투자사업자에 대한 지정의 취소
2. 제323조의20제1항에 따른 금융투자상품거래청산회사에 대한 인가의 취소
3. 제323조의20제3항 또는 제4항에 따른 금융투자상품거래청산회사 임직원에 대한 해임요구 또는 면직요구
4. 제335조의15제1항에 따른 신용평가회사에 대한 인가의 취소
5. 제335조의15제3항 또는 제4항에 따른 신용평가회사 임직원에 대한 해임요구 또는 면직요구
6. 제411조제1항에 따른 거래소허가의 취소
7. 제411조제3항 또는 제4항에 따른 거래소 임직원에 대한 해임요구 또는 면직요구
8. 제420조제1항 또는 제421조제1항(같은 조 제4항에서 준용하는 경우를 포함한다)에 의한 금융투자업에 대한 인
가ㆍ등록의 취소
9. 제422조에 의한 금융투자업자 임직원에 대한 해임요구 또는 면직요구
 
제424조(처분 등의 기록 및 공시 등) ① 금융위원회는 제420조부터 제422조까지의 규정에 따라 처분 또는 조치한 경우
에는 그 내용을 기록하고 이를 유지ㆍ관리하여야 한다. <개정 2008. 2. 29.>
② 금융위원회는 제420조제1항ㆍ제3항 또는 제421조제1항(같은 조 제4항에서 준용하는 경우를 포함한다)에 따라
조치를 취한 경우 그 사실을 관보 및 인터넷 홈페이지 등에 공고하여야 한다.<개정 2008. 2. 29.>
법제처                                                            188                                                       국가법령정보센터
자본시장과 금융투자업에 관한 법률
③ 금융위원회는 금융투자업자의 퇴임한 임원 또는 퇴직한 직원이 재임 또는 재직 중이었다면 제422조제1항제1호
부터 제5호까지 또는 같은 조 제2항제1호부터 제6호까지에 해당하는 조치를 받았을 것으로 인정되는 경우에는 그
조치의 내용을 해당 금융투자업자에게 통보할 수 있다. 이 경우 통보를 받은 금융투자업자는 이를 퇴임ㆍ퇴직한 해
당 임직원에게 통보하여야 한다.<개정 2008. 2. 29., 2014. 12. 30., 2017. 4. 18.>
④ 제1항은 금융투자업자가 금융위원회의 조치요구에 따라 그 임직원을 조치한 경우 및 제3항에 따라 통보를 받은
경우에 준용한다.<개정 2008. 2. 29.>
⑤ 금융투자업자 또는 그 임직원(임직원이었던 자를 포함한다)은 금융위원회에 자기에 대한 제420조부터 제422조
까지의 규정에 따른 처분 또는 조치 여부 및 그 내용을 조회할 수 있다.<개정 2008. 2. 29.>
⑥ 금융위원회는 제5항의 조회요청을 받은 경우에는 정당한 사유가 없는 한 처분 또는 조치 여부 및 그 내용을 그
조회 요청자에게 통보하여야 한다.<개정 2008. 2. 29.>
 
제425조(금융투자업인가 취소처분 등에 대한 이의신청 특례) ① 제420조제1항ㆍ제3항, 제421조제1항ㆍ제4항, 제422조
제1항제2호부터 제6호까지 및 같은 조 제3항(제1항제2호부터 제6호까지의 어느 하나에 해당하는 조치에 한한다)에
따른 처분 또는 조치에 대하여 불복하는 자는 그 처분 또는 조치의 고지를 받은 날부터 30일 이내에 그 사유를 갖추
어 금융위원회에 이의를 신청할 수 있다. <개정 2008. 2. 29.>
② 금융위원회는 제1항에 따른 이의신청을 받으면 그 신청을 받은 날부터 60일 이내에 그 이의신청에 대한 결과를
신청인에게 통지하여야 한다. 다만, 부득이한 사유로 60일 이내에 통지할 수 없는 경우에는 그 기간을 만료일 다음
날부터 기산하여 30일의 범위에서 한 차례 연장할 수 있다.<개정 2023. 9. 14.>
③ 제1항 및 제2항에서 규정한 사항 외에 처분에 대한 이의신청에 관한 사항은 「행정기본법」 제36조에 따른다.<신
설 2023. 9. 14.>
[제목개정 2023. 9. 14.]
 
       제3장 조사 등
 
제426조(보고 및 조사) ① 금융위원회(제172조부터 제174조까지, 제176조, 제178조, 제178조의2, 제180조 및 제180조
의2부터 제180조의6까지의 규정을 위반한 사항인 경우에는 증권선물위원회를 말한다. 이하 이 조에서 같다)는 이 법
또는 이 법에 따른 명령이나 처분을 위반한 사항이 있거나 투자자 보호 또는 건전한 거래질서를 위하여 필요하다고
인정되는 경우에는 위반행위의 혐의가 있는 자, 그 밖의 관계자에게 참고가 될 보고 또는 자료의 제출을 명하거나 금
융감독원장에게 장부ㆍ서류, 그 밖의 물건을 조사하게 할 수 있다. <개정 2008. 2. 29., 2013. 5. 28., 2014. 12. 30.,
2016. 3. 29., 2021. 1. 5., 2024. 10. 22.>
② 금융위원회는 제1항에 따른 조사를 위하여 위반행위의 혐의가 있는 자, 그 밖의 관계자에게 다음 각 호의 사항을
요구할 수 있다.<개정 2008. 2. 29., 2013. 5. 28.>
1. 조사사항에 관한 사실과 상황에 대한 진술서의 제출
2. 조사사항에 관한 진술을 위한 출석
3. 조사에 필요한 장부ㆍ서류, 그 밖의 물건의 제출
③ 금융위원회는 제1항에 따른 조사를 함에 있어서 제172조부터 제174조까지, 제176조, 제178조, 제178조의2, 제
180조 및 제180조의2부터 제180조의6까지의 규정을 위반한 사항의 조사에 필요하다고 인정되는 경우에는 다음 각
호의 조치를 할 수 있다.<개정 2008. 2. 29., 2014. 12. 30., 2016. 3. 29., 2021. 1. 5., 2024. 10. 22.>
1. 제2항제3호에 따라 제출된 장부ㆍ서류, 그 밖의 물건의 영치
2. 관계자의 사무소 또는 사업장에 대한 출입을 통한 업무ㆍ장부ㆍ서류, 그 밖의 물건의 조사
④ 금융위원회는 제1항에 따른 조사를 함에 있어서 필요하다고 인정되는 경우에는 금융투자업자, 금융투자업관계
기관 또는 거래소에 대통령령으로 정하는 방법에 따라 조사에 필요한 자료의 제출을 요구할 수 있다.<개정 2008. 2.
29.>
법제처                                                            189                                                       국가법령정보센터
자본시장과 금융투자업에 관한 법률
⑤ 금융위원회는 제1항에 따른 조사 결과 별표 15 각 호의 어느 하나에 해당하는 경우에는 시정명령, 그 밖에 대통
령령으로 정하는 조치를 할 수 있으며, 조사 및 조치를 함에 있어서 필요한 절차ㆍ조치기준, 그 밖에 필요한 사항을
정하여 고시할 수 있다.<개정 2008. 2. 29.>
⑥ 거래소는 이상거래의 심리 및 회원에 대한 감리결과 이 법 또는 이 법에 따른 명령이나 처분을 위반한 혐의를 알
게 된 경우에는 금융위원회에 통보하여야 한다.<개정 2008. 2. 29.>
⑦ 제3항제2호에 따라 조사를 하는 자는 그 권한을 표시하는 증표를 지니고 이를 관계자에게 내보여야 한다.
⑧ 금융위원회는 관계자에 대한 조사실적ㆍ처리결과, 그 밖에 관계자의 위법행위를 예방하는데 필요한 정보 및 자
료를 대통령령으로 정하는 방법에 따라 공표할 수 있다.<개정 2008. 2. 29.>
 
제426조의2(지급정지) ① 금융위원회는 제173조의2제2항, 제174조, 제176조, 제178조, 제178조의2, 제180조 또는 제
180조의4를 위반한 행위(이하 이 장에서 “특정 불공정거래 행위”라 한다)를 하였다고 판단할 만한 상당한 이유가 있
고 불법이익 은닉 방지를 위하여 금융거래를 정지할 상당한 필요가 있다고 인정하는 경우 특정 불공정거래 행위에
사용되었다고 의심되는 계좌의 전부 또는 일부에 대하여 「전기통신금융사기 피해 방지 및 피해금 환급에 관한 특별
법」 제2조제1호에 따른 금융회사(이하 이 조에서 “금융회사”라 한다)에 지급정지를 요구할 수 있다.
② 수사기관은 제1항에 따른 지급정지 요구 조치를 금융위원회에 요청할 수 있다.
③ 제1항에 따른 지급정지 기간은 6개월로 한다. 다만, 금융위원회는 불법이익 은닉 방지 등을 위하여 지급정지를
계속할 필요가 있다고 인정하는 경우에는 6개월의 범위에서 1회에 한정하여 연장을 요구할 수 있다.
④ 제1항에 따른 요구를 받은 금융회사는 금융위원회로부터 지급정지 조치를 요구받은 해당 계좌에 대하여 지체 없
이 지급정지 조치를 하여야 하고, 그 사실을 해당 계좌의 명의인과 금융위원회에 통지하여야 한다. 다만, 명의인의
소재를 알 수 없는 경우에는 금융회사의 인터넷 홈페이지 등에 지급정지 조치에 관한 사실을 공개하여야 한다.
⑤ 수사기관은 도주 또는 증거인멸 등의 우려가 있는 경우 금융회사에 명의인에 대한 통지를 유예할 것을 요청할
수 있다. 이 경우 금융회사는 제4항에 따른 통지를 유예하여야 한다.
⑥ 제1항에 따른 요구를 받은 금융회사에 종사하는 사람은 지급정지 조치가 완료되기 전 또는 제5항에 따른 통지
유예기간 동안 이를 명의인 등 제3자에게 누설하여서는 아니 된다.
⑦ 금융위원회는 다음 각 호의 어느 하나에 해당하는 경우 제4항에 따라 지급정지된 계좌에 대하여 지급정지의 일
부나 전부를 해제할 수 있다. 다만, 제1호 또는 제2호에 해당하는 경우에는 지급정지를 해제하여야 한다.
1. 명의인이 특정 불공정거래 행위에 관여하지 아니하였다는 사실이 인정되는 경우
2. 해당 계좌가 불법이익 은닉에 사용된 계좌가 아니라는 사실이 객관적인 자료 등으로 소명되는 경우
3. 수사기관에 대한 고발ㆍ통보 등이 이루어졌고, 수사기관에 의한 추징보전절차 등이 진행되어 더 이상 지급정지
의 필요성이 인정되지 아니하는 경우
4. 지급정지를 한 날부터 12개월이 지날 때까지 특정 불공정거래 행위 여부에 대한 증권선물위원회 의결이 존재하
지 아니하는 경우
5. 그 밖에 지급정지를 유지할 필요성 등을 고려하여 대통령령으로 정하는 경우
⑧ 제1항부터 제7항까지에 따른 지급정지의 대상, 요건, 절차, 통지 등에 필요한 사항은 대통령령으로 정한다.
[본조신설 2024. 10. 22.]
 
제426조의2(지급정지) ① 금융위원회는 제173조의2제2항, 제174조, 제176조, 제178조, 제178조의2, 제180조 또는 제
180조의4를 위반한 행위(이하 이 장에서 “특정 불공정거래 행위”라 한다)를 하였다고 판단할 만한 상당한 이유가 있
고 불법이익 은닉 방지를 위하여 금융거래를 정지할 상당한 필요가 있다고 인정하는 경우 특정 불공정거래 행위에
사용되었다고 의심되는 계좌의 전부 또는 일부에 대하여 「전기통신금융사기 피해 방지 및 피해자산 환급에 관한 특
별법」 제2조제1호가목부터 파목까지에 따른 기관(이하 이 조에서 “금융회사”라 한다)에 지급정지를 요구할 수 있다.
<개정 2026. 3. 31.>
② 수사기관은 제1항에 따른 지급정지 요구 조치를 금융위원회에 요청할 수 있다.
③ 제1항에 따른 지급정지 기간은 6개월로 한다. 다만, 금융위원회는 불법이익 은닉 방지 등을 위하여 지급정지를
계속할 필요가 있다고 인정하는 경우에는 6개월의 범위에서 1회에 한정하여 연장을 요구할 수 있다.
법제처                                                            190                                                       국가법령정보센터
자본시장과 금융투자업에 관한 법률
④ 제1항에 따른 요구를 받은 금융회사는 금융위원회로부터 지급정지 조치를 요구받은 해당 계좌에 대하여 지체 없
이 지급정지 조치를 하여야 하고, 그 사실을 해당 계좌의 명의인과 금융위원회에 통지하여야 한다. 다만, 명의인의
소재를 알 수 없는 경우에는 금융회사의 인터넷 홈페이지 등에 지급정지 조치에 관한 사실을 공개하여야 한다.
⑤ 수사기관은 도주 또는 증거인멸 등의 우려가 있는 경우 금융회사에 명의인에 대한 통지를 유예할 것을 요청할
수 있다. 이 경우 금융회사는 제4항에 따른 통지를 유예하여야 한다.
⑥ 제1항에 따른 요구를 받은 금융회사에 종사하는 사람은 지급정지 조치가 완료되기 전 또는 제5항에 따른 통지
유예기간 동안 이를 명의인 등 제3자에게 누설하여서는 아니 된다.
⑦ 금융위원회는 다음 각 호의 어느 하나에 해당하는 경우 제4항에 따라 지급정지된 계좌에 대하여 지급정지의 일
부나 전부를 해제할 수 있다. 다만, 제1호 또는 제2호에 해당하는 경우에는 지급정지를 해제하여야 한다.
1. 명의인이 특정 불공정거래 행위에 관여하지 아니하였다는 사실이 인정되는 경우
2. 해당 계좌가 불법이익 은닉에 사용된 계좌가 아니라는 사실이 객관적인 자료 등으로 소명되는 경우
3. 수사기관에 대한 고발ㆍ통보 등이 이루어졌고, 수사기관에 의한 추징보전절차 등이 진행되어 더 이상 지급정지
의 필요성이 인정되지 아니하는 경우
4. 지급정지를 한 날부터 12개월이 지날 때까지 특정 불공정거래 행위 여부에 대한 증권선물위원회 의결이 존재하
지 아니하는 경우
5. 그 밖에 지급정지를 유지할 필요성 등을 고려하여 대통령령으로 정하는 경우
⑧ 제1항부터 제7항까지에 따른 지급정지의 대상, 요건, 절차, 통지 등에 필요한 사항은 대통령령으로 정한다.
[본조신설 2024. 10. 22.]
[시행일: 2026. 10. 1.] 제426조의2
 
제426조의3(불공정거래행위자에 대한 거래 및 임원선임 제한) ① 금융위원회는 투자자를 보호하고 건전한 거래 질서를
유지하기 위하여 제426조에 따른 조사 결과 특정 불공정거래 행위를 한 자에 대하여 일정 기간(이하 이 조에서 “제
한기간”이라 한다) 동안 다음 각 호의 어느 하나에 해당하는 행위를 제한하는 명령(이하 이 조에서 “제한명령”이라
한다)을 할 수 있다.
1. 누구의 명의로든지 자기의 계산으로 행하는 금융투자상품의 계좌 개설, 매매, 대여, 차입 및 그 밖의 거래. 다만,
거래의 성격, 그 밖의 사정 등을 고려하여 대통령령으로 정하는 경우는 제외한다.
2. 주권상장법인, 그 밖에 대통령령으로 정하는 법인(이하 이 조에서 “주권상장법인등”이라 한다)의 임원[「상법」에
따른 집행임원, 「금융회사의 지배구조에 관한 법률」 제2조제5호에 따른 업무집행책임자(이 경우 “금융회사”는
“주권상장법인등”으로 본다)를 포함한다]으로서의 선임ㆍ재임(在任)
② 제1항에 따른 제한기간을 정할 때 금융위원회는 다음 각 호의 사항을 고려하여야 하며, 제한기간은 5년을 초과
하여서는 아니 된다.
1. 위반행위의 내용 및 정도
2. 위반행위의 기간 및 횟수
3. 위반행위로 인하여 취득한 이익의 규모
③ 금융위원회는 제1항제1호(같은 호 단서는 제외한다)에 따른 거래가 제한되는 자(이하 이 조에서 “거래제한대상
자”라 한다)에 관한 다음 각 호의 정보 중 거래제한 조치에 필요한 정보를 금융투자업자(겸영금융투자업자를 포함
한다), 금융투자업관계기관 또는 거래소에 통보하여야 한다.
1. 거래제한대상자의 인적사항 및 거래제한대상자가 보유한 금융투자상품 계좌정보
2. 제한명령의 내용 및 제한기간
3. 그 밖에 대통령령으로 정하는 정보
④ 금융투자업자는 제3항에 따라 통보받은 거래제한대상자로부터 금융투자상품의 거래 요청을 받은 경우 제1항제
1호(같은 호 단서는 제외한다)에 해당하는 거래에 대해서는 이를 거부하여야 한다. 이 경우 거래제한대상자의 거래
요청 사실(제3항제1호의 정보를 포함한다. 이하 같다) 및 그 거부 또는 처리결과를 금융위원회 및 거래소에 통보하
여야 한다.
법제처                                                            191                                                       국가법령정보센터
자본시장과 금융투자업에 관한 법률
⑤ 거래소는 금융투자업자가 제4항을 위반한 혐의를 알게 된 경우에는 이를 금융위원회에 통보하여야 한다.
⑥ 주권상장법인등은 제1항제2호에 따른 임원으로서의 선임ㆍ재임이 제한되는 자(이하 이 조에서 “임원선임ㆍ재임
제한대상자”라 한다)를 임원으로 선임할 수 없다. 임원선임ㆍ재임제한대상자가 임원으로 재임 중인 경우에는 해당
임원을 지체 없이 해임하여야 한다.
⑦ 금융위원회는 다음 각 호의 어느 하나에 해당하는 경우 각 호의 구분에 따른 조치 및 그 밖에 시정에 필요한 조
치를 할 수 있다.
1. 거래제한대상자가 제한명령을 위반하여 금융투자상품을 취득한 경우: 6개월 이내의 범위에서 기간을 정하여 내
리는 해당 금융투자상품의 처분명령
2. 주권상장법인등이 제6항 전단을 위반하여 임원선임ㆍ재임제한대상자를 임원으로 선임하거나 같은 항 후단을 위
반하여 임원선임ㆍ재임제한대상자를 해임하지 아니한 경우: 해당 임원선임ㆍ재임제한대상자의 해임 요구
⑧ 제1항부터 제7항까지에 따른 제한명령의 절차ㆍ기준, 거래제한대상자 통보 방법ㆍ절차, 시정에 필요한 조치의
구체적 내용ㆍ절차 및 그 밖에 필요한 사항은 대통령령으로 정한다.
[본조신설 2024. 10. 22.]
 
제427조(불공정거래 조사를 위한 압수ㆍ수색) ① 증권선물위원회는 제172조부터 제174조까지, 제176조, 제178조, 제
178조의2, 제180조 및 제180조의2부터 제180조의5까지의 규정을 위반한 행위(이하 이 조에서 “위반행위”라 한다)를
조사하기 위하여 필요하다고 인정되는 경우에는 금융위원회 소속공무원 중 대통령령으로 정하는 자(이하 이 조에서
“조사공무원”이라 한다)에게 위반행위의 혐의가 있는 자를 심문하거나 물건을 압수 또는 사업장 등을 수색하게 할
수 있다. <개정 2008. 2. 29., 2016. 3. 29., 2021. 1. 5.>
② 조사공무원이 위반행위를 조사하기 위하여 압수 또는 수색을 하는 경우에는 검사의 청구에 의하여 법관이 발부
한 압수ㆍ수색영장이 있어야 한다.
③ 조사공무원이 제1항에 따라 심문ㆍ압수ㆍ수색을 하는 경우에는 그 권한을 표시하는 증표를 지니고 이를 관계자
에게 내보여야 한다.
④ 형사소송법 중 압수ㆍ수색과 압수ㆍ수색영장의 집행 및 압수물 환부(還付) 등에 관한 규정은 이 법에 규정된 압
수ㆍ수색과 압수ㆍ수색영장에 관하여 준용한다.
⑤ 조사공무원이 영치ㆍ심문ㆍ압수 또는 수색을 한 경우에는 그 전 과정을 기재하여 입회인 또는 심문을 받은 자에
게 확인시킨 후 그와 함께 기명날인 또는 서명하여야 한다. 이 경우 입회인 또는 심문을 받은 자가 기명날인 또는
서명을 하지 아니하거나 할 수 없는 때에는 그 사유를 덧붙여 적어야 한다.
⑥ 조사공무원이 위반행위의 조사를 완료한 경우에는 그 결과를 증권선물위원회에 보고하여야 한다.
 
제427조의2(조사권한의 남용 금지) ① 조사공무원 및 제426조에 따라 조사업무를 수행하는 금융감독원 소속 직원(이하
“조사원”이라 한다)은 이 법의 시행을 위하여 필요한 최소한의 범위 안에서 조사를 행하여야 하며, 다른 목적 등을 위
하여 조사권을 남용하여서는 아니 된다.
② 금융위원회는 조사원의 조사권 남용을 방지하고 조사절차의 적법성을 보장하기 위한 구체적 기준을 정하여 고
시할 수 있다.
[본조신설 2013. 5. 28.]
 
       제4장 과징금
 
제428조(금융투자업자에 대한 과징금) ① 금융위원회는 금융투자업자가 제34조제1항제1호ㆍ제2호와 같은 조 제2항 및
제77조의3제9항을 위반한 경우에는 그 금융투자업자에 대하여 다음 각 호의 구분에 따른 위반금액을 초과하지 아니
하는 범위에서 과징금을 부과할 수 있다. <개정 2008. 2. 29., 2013. 5. 28., 2017. 4. 18., 2018. 3. 27.>
1. 제34조제1항제1호를 위반한 경우에는 취득금액
2. 제34조제1항제2호를 위반한 경우에는 허용비율을 초과하는 취득금액
법제처                                                            192                                                       국가법령정보센터
자본시장과 금융투자업에 관한 법률
3. 제34조제2항을 위반한 경우에는 신용공여액
4. 삭제<2017. 4. 18.>
5. 제77조의3제9항을 위반한 경우에는 신용공여액
② 금융위원회는 금융투자업자가 제77조의3제5항부터 제7항까지를 위반한 경우(제77조의3제8항에 해당하는 경우
는 제외한다)에는 그 금융투자업자에 대하여 허용금액을 초과한 신용공여액의 100분의 40을 초과하지 아니하는 범
위에서 과징금을 부과할 수 있다.<신설 2017. 4. 18., 2018. 3. 27.>
③ 금융위원회는 금융투자업자에 대하여 제420조제3항에 따라 업무정지처분을 부과할 수 있는 경우에는 이에 갈음
하여 업무정지기간의 이익의 범위에서 과징금을 부과할 수 있다.<개정 2008. 2. 29., 2017. 4. 18.>
④ 금융위원회는 금융투자업자 및 그 임직원이 제54조제2항(제42조제10항, 제52조제6항, 제199조제5항, 제255조,
제260조, 제265조, 제289조, 제304조, 제323조의17, 제328조 또는 제367조에서 준용하는 경우를 포함한다)을 위반
한 경우에는 그 금융투자업자, 임직원 및 정보교류 차단의 대상이 되는 정보를 제공받아 이용한 자에게 그 위반행위
와 관련된 거래로 얻은 이익(미실현 이익을 포함한다) 또는 이로 인하여 회피한 손실액의 1.5배에 상당하는 금액 이
하의 과징금을 부과할 수 있다.<신설 2020. 5. 19.>
 
제429조(공시위반에 대한 과징금) ① 금융위원회는 제125조제1항 각 호의 어느 하나에 해당하는 자가 다음 각 호의 어
느 하나에 해당하는 경우(제125조제1항제3호 또는 제4호의 자나 같은 항 제6호의 투자설명서를 교부한 자는 제1호
에 해당하는 경우로 한정한다)에는 증권신고서상의 모집가액 또는 매출가액의 100분의 3(20억원을 초과하는 경우에
는 20억원)을 초과하지 아니하는 범위에서 과징금을 부과할 수 있다. <개정 2008. 2. 29., 2025. 1. 21.>
1. 제119조, 제122조 또는 제123조에 따른 신고서ㆍ설명서, 그 밖의 제출서류 중 중요사항에 관하여 거짓의 기재 또
는 표시를 하거나 중요사항을 기재 또는 표시하지 아니한 때
2. 제119조, 제122조 또는 제123조에 따른 신고서ㆍ설명서, 그 밖의 제출서류를 제출하지 아니한 때
② 금융위원회는 제142조제1항 각 호의 어느 하나에 해당하는 자가 다음 각 호의 어느 하나에 해당하는 경우에는
공개매수신고서에 기재된 공개매수예정총액의 100분의 3(20억원을 초과하는 경우에는 20억원)을 초과하지 아니하
는 범위에서 과징금을 부과할 수 있다. 이 경우 공개매수예정총액은 공개매수할 주식등의 수량을 공개매수가격으로
곱하여 산정한 금액으로 한다.<개정 2008. 2. 29.>
1. 제134조, 제136조 또는 제137조에 따른 신고서ㆍ설명서, 그 밖의 제출서류 또는 공고 중 중요사항에 관하여 거짓
의 기재 또는 표시를 하거나 중요사항을 기재 또는 표시하지 아니한 때
2. 제134조, 제136조 또는 제137조에 따른 신고서ㆍ설명서, 그 밖의 제출서류를 제출하지 아니하거나 공고하여야
할 사항을 공고하지 아니한 때
③ 금융위원회는 사업보고서 제출대상법인이 다음 각 호의 어느 하나에 해당하는 경우에는 직전 사업연도 중에 증
권시장(다자간매매체결회사에서의 거래를 포함한다. 이하 이 항에서 같다)에서 형성된 그 법인이 발행한 주식(그 주
식과 관련된 증권예탁증권을 포함한다. 이하 이 항에서 같다)의 일일평균거래금액의 100분의 10(10억원 미만인 경
우에는 10억원, 20억원을 초과하거나 그 법인이 발행한 주식이 증권시장에서 거래되지 아니한 경우에는 20억원)을
초과하지 아니하는 범위에서 과징금을 부과할 수 있다.<개정 2008. 2. 29., 2009. 2. 3., 2013. 5. 28., 2025. 1. 21.>
1. 제159조, 제160조 또는 제161조제1항에 따라 제출하여야 하는 사업보고서등 중 중요사항에 관하여 거짓의 기재
또는 표시를 하거나 중요사항을 기재 또는 표시하지 아니한 때
2. 제159조, 제160조 또는 제161조제1항에 따라 제출하여야 하는 사업보고서등을 제출하지 아니한 때
④ 금융위원회는 제147조제1항에 따라 보고를 하여야 할 자가 다음 각 호의 어느 하나에 해당하는 경우에는 같은
항에 따른 주권상장법인이 발행한 주식의 시가총액(대통령령으로 정하는 방법에 따라 산정된 금액으로 한다)의 1만
분의 1(5억원을 초과하는 경우에는 5억원)을 초과하지 아니하는 범위에서 과징금을 부과할 수 있다.<개정 2013. 5.
28., 2025. 1. 21.>
1. 제147조제1항ㆍ제3항 또는 제4항을 위반하여 보고를 하지 아니한 경우
2. 제147조에 따른 보고서류 또는 제151조제2항에 따른 정정보고서 중 대통령령으로 정하는 중요한 사항에 관하여
거짓의 기재 또는 표시를 하거나 중요한 사항을 기재 또는 표시하지 아니한 경우
법제처                                                            193                                                       국가법령정보센터
자본시장과 금융투자업에 관한 법률
⑤ 금융위원회는 제173조의3에 따라 거래계획 등을 보고하여야 하는 자가 다음 각 호의 어느 하나에 해당하는 경우
에는 같은 조에 따른 주권상장법인이 발행한 주식의 시가총액(대통령령으로 정하는 방법에 따라 산정된 금액으로
한다)의 1만분의 2(20억원을 초과하는 경우에는 20억원)를 초과하지 아니하는 범위에서 과징금을 부과할 수 있다.
<신설 2024. 1. 23.>
1. 거래계획에 대통령령으로 정하는 중요사항을 기재 또는 표시하지 아니하거나 거짓으로 기재 또는 표시한 때
2. 제173조의3제1항을 위반하여 거래계획을 보고하지 아니하고 특정증권등의 거래등을 한 때
3. 제173조의3제2항을 위반하여 거래기간의 종료일 이전에 새로운 거래계획을 보고한 때
4. 제173조의3제3항을 위반하여 거래계획에 따라 특정증권등의 거래등을 하지 아니한 때
5. 제173조의3제4항을 위반하여 거래계획을 철회한 때
⑥ 제1항부터 제5항까지에 따른 과징금은 각 해당 규정의 위반행위가 있었던 때부터 5년이 경과하면 이를 부과하
여서는 아니 된다.<신설 2013. 5. 28., 2024. 1. 23.>
 
제429조의2(불공정거래행위 등에 대한 과징금) ① 금융위원회는 다음 각 호의 어느 하나에 해당하는 자에 대하여 그 위
반행위로 얻은 이익(미실현 이익을 포함한다. 이하 이 조에서 같다) 또는 이로 인하여 회피한 손실액의 2배에 상당하
는 금액 이하의 과징금을 부과할 수 있다. 다만, 그 위반행위와 관련된 거래로 얻은 이익 또는 이로 인하여 회피한 손
실액이 없거나 산정하기 곤란한 경우에는 40억원 이하의 과징금을 부과할 수 있다.
1. 제173조의2제2항을 위반하여 파생상품시장에서의 시세에 영향을 미칠 수 있는 정보를 누설하거나, 장내파생상
품 및 그 기초자산의 매매나 그 밖의 거래에 이용하거나, 타인으로 하여금 이용하게 한 자
2. 제174조를 위반하여 미공개중요정보 이용행위를 한 자
3. 제176조를 위반하여 시세조종행위 등을 한 자
4. 제178조를 위반하여 부정거래행위 등을 한 자
② 금융위원회는 제1항에 따라 과징금을 부과할 때 동일한 위반행위로 제443조제1항 또는 제445조제22호의2에 따
라 벌금을 부과받은 경우에는 제1항의 과징금 부과를 취소하거나 벌금에 상당하는 금액(몰수나 추징을 당한 경우
해당 금액을 포함한다)의 전부 또는 일부를 과징금에서 제외할 수 있다.
③ 검찰총장은 금융위원회가 제1항에 따라 과징금을 부과하기 위하여 수사 관련 자료를 요구하는 경우에는 필요하
다고 인정되는 범위에서 이를 제공할 수 있다.
④ 금융위원회는 제178조의2를 위반한 자에 대하여 5억원 이하의 과징금을 부과할 수 있다. 다만, 그 위반행위와 관
련된 거래로 얻은 이익 또는 이로 인하여 회피한 손실액의 1.5배에 해당하는 금액이 5억원을 초과하는 경우에는 그
이익 또는 회피한 손실액의 1.5배에 상당하는 금액 이하의 과징금을 부과할 수 있다.
[전문개정 2023. 7. 18.]
 
제429조의3(위법한 공매도에 대한 과징금) ① 금융위원회는 제180조를 위반하여 상장증권에 대하여 허용되지 아니하
는 방법으로 공매도를 하거나 공매도 주문을 위탁 또는 수탁한 자에 대하여 다음 각 호의 구분에 따른 위반금액을
초과하지 아니하는 범위에서 과징금을 부과할 수 있다.
1. 공매도를 하거나 공매도 주문을 위탁한 경우에는 제180조를 위반한 공매도 주문금액
2. 공매도 주문을 수탁한 경우에는 제180조를 위반한 공매도 주문금액
② 금융위원회는 제180조의4를 위반한 자에 대하여 5억원 이하의 과징금을 부과할 수 있다. 다만, 그 위반행위와 관
련된 거래로 얻은 이익(미실현 이익을 포함한다. 이하 이 항에서 같다) 또는 이로 인하여 회피한 손실액의 1.5배에
해당하는 금액이 5억원을 초과하는 경우에는 그 이익 또는 회피한 손실액의 1.5배에 상당하는 금액 이하의 과징금
을 부과할 수 있다.
③ 금융위원회는 제1항에 따른 과징금을 부과할 때 동일한 위반행위로 제443조제1항제10호에 따라 벌금을 부과받
은 경우에는 과징금 부과를 취소하거나 벌금에 상당하는 금액의 전부 또는 일부를 과징금에서 제외할 수 있다.
[본조신설 2021. 1. 5.]
 
법제처                                                            194                                                       국가법령정보센터
자본시장과 금융투자업에 관한 법률
제430조(과징금의 부과) ① 제428조, 제429조(제4항은 제외한다) 및 제429조의3제1항제2호에 따른 과징금의 부과는 과
징금부과대상자에게 각 해당 규정의 위반행위에 대하여 고의 또는 중대한 과실이 있는 경우에 한한다. <개정 2013.
5. 28., 2021. 1. 5.>
② 금융위원회는 제428조, 제429조, 제429조의2 및 제429조의3에 따라 과징금을 부과하는 경우에는 대통령령으로
정하는 기준에 따라 다음 각 호의 사항을 고려하여야 한다.<개정 2008. 2. 29., 2009. 2. 3., 2014. 12. 30., 2017. 4.
18., 2021. 1. 5.>
1. 위반행위의 내용 및 정도
2. 위반행위의 기간 및 회수
3. 위반행위로 인하여 취득한 이익의 규모
4. 업무정지기간(제428조제3항에 따라 과징금을 부과하는 경우만 해당한다)
③ 금융위원회는 이 법을 위반한 법인이 합병을 하는 경우 그 법인이 행한 위반행위는 합병 후 존속하거나 합병에
의하여 신설된 법인이 행한 행위로 보아 과징금을 부과ㆍ징수할 수 있다.<개정 2008. 2. 29.>
④ 과징금의 부과에 관하여 필요한 사항은 대통령령으로 정한다.
 
제431조(의견제출) ① 금융위원회는 과징금을 부과하기 전에 미리 당사자 또는 이해관계인 등에게 의견을 제출할 기회
를 주어야 한다. <개정 2008. 2. 29.>
② 제1항에 따른 당사자 또는 이해관계인 등은 금융위원회의 회의에 출석하여 의견을 진술하거나 필요한 자료를 제
출할 수 있다.<개정 2008. 2. 29.>
③ 당사자 또는 이해관계인 등은 제2항에 따른 의견 진술 등을 하는 경우 변호인의 도움을 받거나 그를 대리인으로
지정할 수 있다.<신설 2013. 5. 28.>
 
제432조(과징금 부과처분에 대한 이의신청 특례) 제428조, 제429조, 제429조의2 및 제429조의3에 따른 과징금 부과처
분에 대한 이의신청에 관하여는 제425조를 준용한다.
[전문개정 2023. 9. 14.]
 
제433조(과징금의 납부기한 연기 및 분할 납부) ① 금융위원회는 과징금을 부과받은 자(이하 “과징금납부의무자”라 한
다)에 대하여 「행정기본법」 제29조 단서에 따라 과징금 납부기한을 연기하거나 과징금을 분할 납부하게 할 수 있으
며, 이 경우 필요하다고 인정하면 담보를 제공하게 할 수 있다.
② 과징금납부의무자는 제1항에 따라 과징금의 납부기한을 연기받거나 분할 납부를 하려는 경우에는 그 납부기한
의 10일 전까지 금융위원회에 신청하여야 한다.
③ 금융위원회는 제1항에 따라 과징금 납부기한이 연기되거나 분할 납부가 허용된 과징금납부의무자가 다음 각 호
의 어느 하나에 해당하게 된 때에는 그 납부기한의 연기 또는 분할 납부 결정을 취소하고 과징금을 일시에 징수할
수 있다.
1. 분할 납부하기로 한 과징금을 그 납부기한까지 내지 아니한 경우
2. 담보 제공 요구에 따르지 아니하거나 제공된 담보의 가치를 훼손하는 행위를 한 경우
3. 강제집행, 경매의 개시, 파산선고, 법인의 해산, 국세 강제징수 또는 지방세 체납처분 등의 사유로 과징금의 전부
또는 나머지를 징수할 수 없다고 인정되는 경우
4. 「행정기본법」 제29조 각 호의 사유가 해소되어 과징금을 한꺼번에 납부할 수 있다고 인정되는 경우
5. 그 밖에 제1호부터 제4호까지에 준하는 사유가 있는 경우
④ 제1항부터 제3항까지에서 규정한 사항 외에 과징금의 납부기한 연기, 분할 납부 또는 담보 제공 등에 관하여 필
요한 사항은 대통령령으로 정한다.
[전문개정 2023. 9. 14.]
 
제434조(과징금의 징수 및 체납처분) ① 금융위원회는 과징금납부의무자가 납부기한 내에 과징금을 납부하지 아니한
경우에는 납부기한의 다음 날부터 납부한 날의 전일까지의 기간에 대하여 대통령령으로 정하는 가산금을 징수할 수
법제처                                                            195                                                       국가법령정보센터
자본시장과 금융투자업에 관한 법률
있다. <개정 2008. 2. 29.>
② 금융위원회는 과징금납부의무자가 납부기한 내에 과징금을 납부하지 아니한 경우에는 기간을 정하여 독촉을 하
고, 그 지정한 기간 이내에 과징금 및 제1항에 따른 가산금을 납부하지 아니한 경우에는 국세체납처분의 예에 따라
징수할 수 있다.<개정 2008. 2. 29.>
③ 금융위원회는 제1항 및 제2항에 따른 과징금 및 가산금의 징수 또는 체납처분에 관한 업무를 국세청장에게 위탁
할 수 있다.<개정 2008. 2. 29.>
④ 금융위원회는 체납된 과징금의 징수를 위하여 필요하다고 인정되는 경우에는 「국세기본법」 및 「지방세기본법」
에 따라 문서로서 해당 세무관서의 장이나 지방자치단체의 장에게 과세정보의 제공을 요청할 수 있다. 이 경우 과세
정보의 제공을 요청받은 자는 정당한 사유가 없으면 그 요청에 따라야 한다.<신설 2014. 12. 30.>
⑤ 제1항부터 제4항까지의 규정 외에 과징금 또는 가산금의 징수에 관하여 필요한 사항은 대통령령으로 정한다.
<개정 2013. 5. 28., 2014. 12. 30.>
 
제434조의2(과오납금의 환급) ① 금융위원회는 과징금 납부의무자가 이의신청의 재결 또는 법원의 판결 등의 사유로
과징금 과오납금의 환급을 청구하는 경우에는 지체 없이 환급하여야 하며, 과징금 납부의무자의 청구가 없어도 금융
위원회가 확인한 과오납금은 환급하여야 한다.
② 금융위원회는 제1항에 따라 과오납금을 환급하는 경우 환급받을 자가 금융위원회에 납부하여야 하는 과징금이
있으면 환급하는 금액을 과징금에 충당할 수 있다.
[본조신설 2009. 2. 3.]
 
제434조의3(환급가산금) 금융위원회는 제434조의2제1항에 따라 과징금을 환급하는 경우에는 과징금을 납부한 날부터
환급한 날까지의 기간에 대하여 대통령령으로 정하는 가산금 이율을 적용하여 환급가산금을 환급받을 자에게 지급
하여야 한다.
[본조신설 2009. 2. 3.]
 
제434조의4(결손처분) 금융위원회는 과징금 납부의무자에게 다음 각 호의 어느 하나에 해당하는 사유가 있으면 결손처
분을 할 수 있다. <개정 2010. 6. 10.>
1. 체납처분이 끝나고 체납액에 충당된 배분금액이 체납액에 미치지 못하는 경우
2. 징수금 등의 징수권에 대한 소멸시효가 완성된 경우
3. 체납자의 행방이 분명하지 아니하거나 재산이 없다는 것이 판명된 경우
4. 체납처분의 목적물인 총재산의 추산가액이 체납처분 비용에 충당하면 남을 여지가 없음이 확인된 경우
5. 체납처분의 목적물인 총재산이 징수금 등보다 우선하는 국세, 지방세, 전세권ㆍ질권ㆍ저당권 및 「동산ㆍ채권 등
의 담보에 관한 법률」에 따른 담보권으로 담보된 채권 등의 변제에 충당하면 남을 여지가 없음이 확인된 경우
6. 그 밖에 징수할 가망이 없는 경우로서 대통령령으로 정하는 사유에 해당하는 경우
[본조신설 2009. 2. 3.]
 
     제9편 보칙
 
제435조(위법행위의 신고 및 신고자 보호) ① 누구든지 제4편의 불공정거래행위, 그 밖에 이 법의 위반행위를 알게 되
었거나 이를 강요 또는 제의받은 경우에는 금융위원회(제172조부터 제174조까지, 제176조, 제178조, 제178조의2, 제
180조 및 제180조의2부터 제180조의6까지의 규정을 위반한 사항인 경우에는 증권선물위원회를 말한다. 이하 이 조
에서 같다)에 신고 또는 제보할 수 있다. <개정 2008. 2. 29., 2014. 12. 30., 2016. 3. 29., 2021. 1. 5., 2024. 10. 22.>
② 금융위원회는 제1항에 따른 신고 또는 제보를 받은 경우에는 이를 신속하게 처리하고, 그 처리결과를 신고자 또
는 제보자(이하 이 조에서 “신고자등”이라 한다)에게 통지하여야 한다.<개정 2008. 2. 29., 2009. 2. 3.>
③ 삭제<2009. 2. 3.>
법제처                                                            196                                                       국가법령정보센터
자본시장과 금융투자업에 관한 법률
④ 금융위원회는 제1항에 따라 신고 또는 제보를 받은 경우 신고자등의 신분 등에 관한 비밀을 유지하여야 한다.
<개정 2008. 2. 29.>
⑤ 신고자등이 소속된 기관ㆍ단체 또는 회사는 그 신고자등에 대하여 그 신고 또는 제보와 관련하여 직접 또는 간
접적인 방법으로 불리한 대우를 하여서는 아니 된다.
⑥ 신고자등이 신고의 내용이 거짓이라는 사실을 알았거나 알 수 있었음에도 불구하고 신고한 경우에는 이 법의 보
호를 받지 못한다.
⑦ 금융위원회는 신고자등에 대하여 포상금을 지급할 수 있다.<개정 2008. 2. 29.>
⑧ 제1항부터 제7항까지에 규정한 사항 외에 신고의 방법 및 처리, 신고자등에 대한 통지방법, 신고자등의 보호와
포상금 지급 등에 관한 사항은 대통령령으로 정한다.<개정 2009. 2. 3.>
 
제436조(전자문서에 의한 신고 등) ① 이 법에 따라 금융위원회, 증권선물위원회, 금융감독원장, 거래소, 협회 또는 예탁
결제원에 신고서ㆍ보고서, 그 밖의 서류 또는 자료 등을 제출하는 경우에는 전자문서의 방법으로 할 수 있다. <개정
2008. 2. 29.>
② 제1항의 전자문서에 의한 신고 등의 방법 및 절차, 그 밖에 필요한 사항은 대통령령으로 정한다.
 
제437조(외국금융투자감독기관과의 정보교환 등) ① 금융위원회는 외국의 금융투자업 감독기관(이하 이 조에서 “외국
금융투자감독기관”이라 한다)과 정보교환을 할 수 있다. <개정 2008. 2. 29.>
② 금융위원회(제172조부터 제174조까지, 제176조, 제178조, 제178조의2, 제180조 및 제180조의2부터 제180조의
6까지의 규정을 위반한 사항인 경우에는 증권선물위원회를 말한다. 이하 이 조에서 같다)는 외국금융투자감독기관
이 이 법 또는 이 법에 상응하는 외국의 법령을 위반한 행위에 대하여 목적ㆍ범위 등을 밝혀 이 법에서 정하는 방법
에 따른 조사 또는 검사를 요청하는 경우 이에 협조할 수 있다. 이 경우 금융위원회는 상호주의 원칙에 따라 조사
또는 검사자료를 외국금융투자감독기관에 제공하거나 이를 제공받을 수 있다.<개정 2008. 2. 29., 2009. 2. 3., 2014.
12. 30., 2016. 3. 29., 2021. 1. 5., 2024. 10. 22.>
③ 금융위원회는 다음 각 호의 요건을 모두 충족하는 경우에만 제2항 후단에 따라 외국금융투자감독기관에 조사 또
는 검사자료를 제공할 수 있다.<개정 2008. 2. 29., 2009. 2. 3.>
1. 외국금융투자감독기관에 제공된 조사 또는 검사자료가 제공된 목적 외의 다른 용도로 사용되지 아니할 것
2. 조사 또는 검사자료 및 그 제공사실의 비밀이 유지될 것. 다만, 조사 또는 검사자료가 제공된 목적 범위에서 이
법에 상응하는 외국 법령의 위반과 관련된 처분, 재판 또는 그에 상응하는 절차에 사용되는 경우에는 그러하지 아
니하다.
3. 삭제<2009. 2. 3.>
④ 거래소는 외국 거래소와 정보교환을 할 수 있다. 이 경우 거래소는 미리 금융위원회와 협의하여야 한다. 다만, 일
반인에게 공개된 정보를 교환하는 경우, 그 밖에 대통령령으로 정하는 경우에는 금융위원회와 협의를 하지 아니할
수 있다.<개정 2008. 2. 29., 2009. 2. 3.>
⑤ 거래소가 제4항에 따라 정보교환을 하는 경우에는 제2항을 준용한다. 이 경우 제2항 중 “금융위원회”를 각각 “거
래소”로 보며, “외국금융투자감독기관”을 각각 “외국 거래소”로, “조사 또는 검사”는 각각 “심리 또는 감리”로 본다.
<신설 2008. 2. 29., 2009. 2. 3.>
 
제438조(권한의 위임 또는 위탁) ① 삭제 <2008. 2. 29.>
② 금융위원회는 이 법에 따른 권한의 일부를 대통령령으로 정하는 바에 따라 증권선물위원회에 위임할 수 있다.
<개정 2008. 2. 29.>
③ 금융위원회는 이 법에 따른 권한의 일부를 대통령령으로 정하는 바에 따라 거래소 또는 협회에 위탁할 수 있다.
<개정 2008. 2. 29.>
④ 금융위원회 또는 증권선물위원회는 이 법에 따른 권한의 일부를 대통령령으로 정하는 바에 따라 금융감독원장
에게 위탁할 수 있다.<개정 2008. 2. 29.>
법제처                                                            197                                                       국가법령정보센터
자본시장과 금융투자업에 관한 법률
제439조(증권선물위원회의 심의) 금융위원회는 다음 각 호의 어느 하나에 해당하는 경우에는 미리 증권선물위원회의
심의를 거쳐야 한다. <개정 2008. 2. 29., 2009. 2. 3., 2013. 5. 28., 2014. 12. 30., 2021. 1. 5., 2024. 10. 22.>
1. 다음 각 목의 어느 하나에 해당하는 사항을 정하는 경우
가. 제131조제1항, 제132조, 제146조제1항 전단 및 제2항, 제151조제1항 전단 및 제2항, 제158조제1항 전단 및
제2항, 제164조제1항 전단 및 제2항에 따른 조사ㆍ조치의 절차 및 기준
나. 제165조의16에 따른 재무관리기준
다. 제426조제5항에 따른 금융위원회의 조사ㆍ조치의 절차 및 기준
2. 다음 각 목의 어느 하나에 해당하는 조치ㆍ명령 등을 하는 경우
가. 제132조, 제146조제2항, 제151조제2항, 제158조제2항, 제164조제2항 및 제165조의18에 따른 조치
나. 제165조의15제1항제2호에 따른 의결권 없는 주식 발행의 인정
다. 제167조제2항에 따른 주식소유비율 한도의 승인
라. 제416조에 따른 명령
마. 제426조제5항에 따른 조사결과에 따른 조치
바. 제426조의2제1항에 따른 지급정지 요구
사. 제426조의3에 따른 제한명령
아. 제428조, 제429조, 제429조의2 및 제429조의3에 따른 과징금부과처분
자. 제449조제3항에 따른 과태료부과처분
3. 그 밖에 금융위원회가 증권선물위원회의 심의가 필요하다고 정하여 고시하는 사항
 
제440조(금융감독원장에 대한 지시ㆍ감독 등) ① 금융위원회 또는 증권선물위원회는 이 법에 의한 권한을 행사하는 데
에 필요하다고 인정되는 경우에는 금융감독원장에 대하여 지시ㆍ감독 및 업무집행방법의 변경, 그 밖에 감독상 필요
한 조치를 명할 수 있다. <개정 2008. 2. 29.>
② 금융감독원은 이 법에 따라 금융위원회 또는 증권선물위원회의 지시ㆍ감독을 받아 다음 각 호의 사항에 관한 업
무를 행한다.<개정 2008. 2. 29., 2013. 5. 28.>
1. 증권신고서에 관한 사항
2. 증권의 공개매수에 관한 사항
3. 이 법에 따라 금융감독원장의 검사를 받아야 하는 기관의 검사에 관한 사항
4. 상장법인의 관리에 관한 사항
5. 상장법인의 기업분석 및 기업내용의 신고에 관한 사항
6. 거래소시장(다자간매매체결회사에서의 거래를 포함한다) 외에서의 증권 및 장외파생상품의 매매의 감독에 관한
사항
7. 정부로부터 위탁받은 업무
8. 그 밖에 이 법에 따라 부여된 업무
9. 제1호부터 제8호까지의 업무에 부수되는 업무
 
제441조(금융투자상품 매매의 제한 등) 제63조 및 제383조제1항은 다음 각 호의 자에게 준용한다. <개정 2008. 2. 29.>
1. 금융위원회의 위원 및 소속 공무원
2. 증권선물위원회의 위원
3. 금융감독원의 원장ㆍ부원장ㆍ부원장보ㆍ감사 및 소속 직원
 
제442조(분담금) ① 금융위원회에 증권신고서를 제출하는 발행인(그 증권이 집합투자증권인 경우에는 집합투자업자를
말한다)은 금융감독원의 운영경비의 일부를 분담하여야 한다. <개정 2008. 2. 29., 2013. 5. 28.>
② 제1항에 따른 분담금의 분담요율ㆍ한도, 그 밖에 분담금의 납부에 관하여 필요한 사항은 대통령령으로 정한다.
 
법제처                                                            198                                                       국가법령정보센터
자본시장과 금융투자업에 관한 법률
제442조의2(위반행위로 얻은 이익의 산정) 제429조의2 및 제429조의3에 따른 위반행위와 관련된 거래로 얻은 이익 또
는 이로 인하여 회피한 손실액 및 제443조에 따른 위반행위로 얻은 이익 또는 회피한 손실액은 그 위반행위를 통하
여 이루어진 거래로 발생한 총수입에서 그 거래를 위한 총비용을 공제한 차액을 말한다. 이 경우 각 위반행위의 유형
별 구체적인 산정방식은 대통령령으로 정한다.
[본조신설 2023. 7. 18.]
 
     제10편 벌칙
 
제443조(벌칙) ① 다음 각 호의 어느 하나에 해당하는 자는 1년 이상의 유기징역 또는 그 위반행위로 얻은 이익 또는
회피한 손실액의 4배 이상 6배 이하에 상당하는 벌금에 처한다. 다만, 그 위반행위로 얻은 이익 또는 회피한 손실액
이 없거나 산정하기 곤란한 경우 또는 그 위반행위로 얻은 이익 또는 회피한 손실액의 6배에 해당하는 금액이 5억원
이하인 경우에는 벌금의 상한액을 5억원으로 한다. <개정 2013. 5. 28., 2014. 12. 30., 2017. 4. 18., 2018. 3. 27.,
2021. 1. 5., 2024. 10. 22.>
1. 제174조제1항을 위반하여 상장법인의 업무 등과 관련된 미공개중요정보를 특정증권등의 매매, 그 밖의 거래에
이용하거나 타인에게 이용하게 한 자
2. 제174조제2항을 위반하여 주식등에 대한 공개매수의 실시 또는 중지에 관한 미공개정보를 그 주식등과 관련된
특정증권등의 매매, 그 밖의 거래에 이용하거나 타인에게 이용하게 한 자
3. 제174조제3항을 위반하여 주식등의 대량취득ㆍ처분의 실시 또는 중지에 관한 미공개정보를 그 주식등과 관련된
특정증권등의 매매, 그 밖의 거래에 이용하거나 타인에게 이용하게 한 자
4. 제176조제1항을 위반하여 상장증권 또는 장내파생상품의 매매에 관하여 그 매매가 성황을 이루고 있는 듯이 잘
못 알게 하거나, 그 밖에 타인에게 그릇된 판단을 하게 할 목적으로 같은 항 각 호의 어느 하나에 해당하는 행위
를 한 자
5. 제176조제2항을 위반하여 상장증권 또는 장내파생상품의 매매를 유인할 목적으로 같은 항 각 호의 어느 하나에
해당하는 행위를 한 자
6. 제176조제3항을 위반하여 상장증권 또는 장내파생상품의 시세를 고정시키거나 안정시킬 목적으로 그 증권 또는
장내파생상품에 관한 일련의 매매 또는 그 위탁이나 수탁을 한 자
7. 증권 또는 파생상품에 관한 매매등과 관련하여 제176조제4항 각 호의 어느 하나에 해당하는 행위를 한 자
8. 금융투자상품의 매매(증권의 경우 모집ㆍ사모ㆍ매출을 포함한다), 그 밖의 거래와 관련하여 제178조제1항 각 호
의 어느 하나에 해당하는 행위를 한 자
9. 제178조제2항을 위반하여 금융투자상품의 매매(증권의 경우 모집ㆍ사모ㆍ매출을 포함한다), 그 밖의 거래를 할
목적이나 그 시세의 변동을 도모할 목적으로 풍문의 유포, 위계의 사용, 폭행 또는 협박을 한 자
10. 제180조를 위반하여 상장증권에 대하여 허용하지 아니하는 방법으로 공매도를 하거나 그 위탁 또는 수탁을 한
자
② 제1항 각 호의 위반행위로 얻은 이익 또는 회피한 손실액이 5억원 이상인 경우에는 제1항의 징역을 다음 각 호
의 구분에 따라 가중한다.<개정 2018. 3. 27., 2021. 1. 5., 2024. 10. 22.>
1. 이익 또는 회피한 손실액이 50억원 이상인 경우에는 무기 또는 5년 이상의 징역
2. 이익 또는 회피한 손실액이 5억원 이상 50억원 미만인 경우에는 3년 이상의 유기징역
③ 제1항 또는 제2항에 따라 징역에 처하는 경우에는 10년 이하의 자격정지를 병과(竝科)할 수 있다.
 
제444조(벌칙) 다음 각 호의 어느 하나에 해당하는 자는 5년 이하의 징역 또는 2억원 이하의 벌금에 처한다. <개정
2009. 2. 3., 2013. 4. 5., 2013. 5. 28., 2015. 7. 24., 2018. 3. 27., 2020. 5. 19., 2021. 4. 20., 2021. 6. 8., 2024. 2. 13.,
2025. 1. 21., 2025. 9. 16.>
1. 제11조를 위반하여 금융투자업인가(변경인가를 포함한다)를 받지 아니하고 금융투자업(투자자문업, 투자일임업
및 일반 사모집합투자업은 제외한다)을 영위한 자
법제처                                                            199                                                       국가법령정보센터
자본시장과 금융투자업에 관한 법률
1의2. 제11조의2를 위반하여 계좌 대여를 알선하거나 중개한 자
1의3. 제16조의2를 위반하여 업무 단위 추가등록을 하지 아니하고 투자매매업 또는 투자중개업을 영위한 자
1의4. 거짓, 그 밖의 부정한 방법으로 제16조의2에 따른 업무 단위 추가등록을 한 자
2. 거짓, 그 밖의 부정한 방법으로 제12조에 따른 금융투자업인가(변경인가를 포함한다)를 받은 자
3. 제34조제1항을 위반하여 같은 항 제1호 또는 제2호에 해당하는 행위를 한 자
4. 제34조제2항을 위반하여 신용공여를 한 금융투자업자와 그로부터 신용공여를 받은 자
5. 제35조(제350조에서 준용하는 경우를 포함한다)를 위반하여 대주주(그의 특수관계인을 포함한다) 자신의 이익을
얻을 목적으로 같은 조 각 호의 어느 하나에 해당하는 행위를 한 자
6. 제42조제10항, 제52조제6항 및 제304조에서 준용하는 「금융실명거래 및 비밀보장에 관한 법률」 제4조제1항 또
는 제3항부터 제5항까지의 규정을 위반하여 거래정보등을 제삼자에게 제공하거나 누설한 자와 이를 요구한 자
6의2. 제54조제2항(제42조제10항, 제52조제6항, 제199조제5항, 제255조, 제260조, 제265조, 제289조, 제304조, 제
323조의17, 제328조 또는 제367조에서 준용하는 경우를 포함한다)을 위반하여 제45조제1항 또는 제2항에 따라
정보교류 차단의 대상이 되는 정보를 정당한 사유 없이 본인이 이용하거나 제삼자에게 이용하게 한 자와 정보교
류 차단의 대상이 되는 정보를 제공받아 이용한 자
7. 제70조를 위반하여 투자자로부터 예탁받은 재산으로 금융투자상품의 매매를 한 자
8. 제71조(제7호를 제외한다), 제85조(제8호를 제외한다), 제98조제1항(제101조의2제1항에서 준용하는 경우를 포함
한다)ㆍ제2항(제10호를 제외한다) 또는 제108조(제9호를 제외한다)를 위반하여 각 해당 조항 각 호의 어느 하나
에 해당하는 행위를 한 자
8의2. 제77조의3제5항부터 제7항까지(제77조의3제8항에 해당하는 경우는 제외한다)를 위반하여 신용공여를 한 자
8의3. 제77조의3제8항의 기간 이내에 한도에 적합하도록 하지 아니한 자
8의4. 제77조의3제9항을 위반하여 신용공여를 한 종합금융투자사업자와 그로부터 신용공여를 받은 자
9. 제81조제1항을 위반하여 집합투자재산을 운용함에 있어서 같은 항 각 호의 어느 하나에 해당하는 행위를 한 자
9의2. 제81조제5항(제7호를 제외한다)을 위반하여 기업성장집합투자기구의 집합투자재산을 운용할 때 같은 항 각
호의 어느 하나에 해당하는 행위를 한 자
10. 제84조제1항을 위반하여 집합투자재산을 운용함에 있어서 이해관계인과 거래행위를 한 자
11. 제87조제2항부터 제5항(제186조제2항에서 준용하는 경우를 포함한다)까지 또는 제112조제2항부터 제5항까지
의 규정을 위반하여 의결권을 행사한 자
11의2. 제117조의7제6항을 위반하여 투자자의 재산으로 증권의 청약을 한 자
11의3. 제117조의8제1항을 위반하여 투자자의 재산을 보관ㆍ예탁받은 자
12. 제119조(제5항을 제외한다)를 위반하여 증권을 모집 또는 매출한 자
13. 다음 각 목의 어느 하나에 해당하는 서류 중 중요사항에 관하여 거짓의 기재 또는 표시를 하거나 중요사항을 기
재 또는 표시하지 아니한 자 및 그 중요사항에 관하여 거짓의 기재 또는 표시가 있거나 중요사항의 기재 또는 표
시가 누락되어 있는 사실을 알고도 제119조제5항 또는 제159조제7항(제160조제1항 후단 또는 제161조제1항 각
호 외의 부분 후단에서 준용하는 경우를 포함한다)에 따른 서명을 한 자와 그 사실을 알고도 이를 진실 또는 정확
하다고 증명하여 그 뜻을 기재한 공인회계사ㆍ감정인 또는 신용평가를 전문으로 하는 자
가. 제119조에 따른 증권신고서 또는 일괄신고추가서류
나. 제122조에 따른 정정신고서
다. 제123조에 따른 투자설명서(집합투자증권의 경우 제124조제2항제3호에 따른 간이투자설명서를 포함한다)
라. 제159조에 따른 사업보고서
마. 제160조에 따른 반기보고서 또는 분기보고서
바. 제161조에 따른 주요사항보고서
사. 제164조제2항에 따른 정정명령에 따라 제출하는 사업보고서등
14. 제122조제3항을 위반하여 정정신고서를 제출하지 아니한 자
법제처                                                            200                                                       국가법령정보센터
자본시장과 금융투자업에 관한 법률
15. 다음 각 목의 어느 하나에 해당하는 공고 또는 서류 중 중요사항에 관하여 거짓의 기재 또는 표시를 하거나 중
요사항을 기재 또는 표시하지 아니한 자
가. 제134조에 따른 공개매수공고 또는 공개매수신고서
나. 제136조에 따른 정정신고서 또는 공고
다. 제137조제1항에 따른 공개매수설명서
16. 제134조제1항 또는 제136조제5항을 위반하여 공고를 하지 아니한 자
17. 제134조제2항을 위반하여 공개매수신고서를 제출하지 아니한 자
18. 제147조에 따른 보고서류 또는 제151조제2항에 따른 정정보고서 중 대통령령으로 정하는 중요한 사항(이하 이
호에서 “중요한 사항”이라 한다)에 관하여 거짓의 기재 또는 표시를 하거나 중요한 사항을 기재 또는 표시하지 아
니한 자
19. 제154조에 따른 위임장 용지 및 참고서류 또는 제156조에 따른 정정서류 중 의결권피권유자의 의결권 위임 여
부 판단에 중대한 영향을 미칠 수 있는 사항(이하 이 호에서 “의결권 위임 관련 중요사항”이라 한다)에 관하여 거
짓의 기재 또는 표시를 하거나 의결권 위임 관련 중요사항을 기재 또는 표시하지 아니한 자
19의2. 제246조제5항ㆍ제6항을 위반하여 거래한 자
19의3. 제249조의7제2항(제249조의12에서 준용하는 경우를 포함한다)을 위반하여 집합투자재산을 운용한 자
19의4. 제249조의7제6항을 위반하여 의결권을 행사한 자
19의5. 제249조의16제1항을 위반하여 거래행위를 한 자
20. 제250조제1항 또는 제251조제1항을 위반하여 집합투자업을 영위한 자
21. 제280조제1항을 위반하여 투자매매업자 또는 투자중개업자를 통하지 아니하고 외국 집합투자증권을 국내에서
판매한 자
21의2. 제323조의2를 위반하여 금융투자상품거래청산업인가(변경인가를 포함한다)를 받지 아니하고 금융투자상품
거래청산업무를 영위한 자
21의3. 거짓, 그 밖의 부정한 방법으로 제323조의3에 따른 금융투자상품거래청산업인가(변경인가를 포함한다)를 받
은 자
22. 제323조의21, 제335조의2, 제355조제1항 또는 제360조제1항을 위반하여 인가를 받지 아니하고 해당 업무를 영
위한 자
23. 거짓, 그 밖의 부정한 방법으로 제324조제1항, 제335조의3제1항, 제355조제1항 또는 제360조제1항에 따른 인
가를 받은 자
24. 제335조제1항, 제354조제1항, 제359조제1항 또는 제364조제1항에 따라 인가가 취소된 후 그 취소된 업무를 영
위한 자
25. 제343조제1항을 위반하여 신용공여를 한 종합금융회사와 그로부터 신용공여를 받은 자
26. 제357조제1항을 위반하여 금융투자업을 영위한 자
27. 제373조를 위반하여 거래소허가(변경허가를 포함한다)를 받지 아니하고 금융투자상품시장을 개설하거나 운영
한 자
27의2. 거짓, 그 밖의 부정한 방법으로 제373조의2에 따른 거래소허가(변경허가를 포함한다)를 받은 자
28. 제420조제1항에 따라 금융투자업인가가 취소된 후 그 취소된 업무를 영위한 자
29. 제435조제4항을 위반하여 신고자등의 신분 등에 관한 비밀을 누설한 자
 
제445조(벌칙) 다음 각 호의 어느 하나에 해당하는 자는 3년 이하의 징역 또는 1억원 이하의 벌금에 처한다. <개정
2008. 2. 29., 2009. 2. 3., 2013. 4. 5., 2013. 5. 28., 2015. 7. 24., 2016. 3. 29., 2018. 3. 27., 2019. 11. 26., 2020. 5. 19.,
2021. 1. 5., 2021. 4. 20., 2024. 2. 13., 2024. 10. 22.>
1. 제17조를 위반하여 금융투자업등록(변경등록을 포함한다)을 하지 아니하고 투자자문업 또는 투자일임업을 영위
한 자
법제처                                                            201                                                       국가법령정보센터
자본시장과 금융투자업에 관한 법률
2. 거짓, 그 밖의 부정한 방법으로 제18조에 따른 금융투자업등록(변경등록을 포함한다)을 한 자
3. 제39조를 위반하여 자기의 명의를 대여하여 타인에게 금융투자업을 영위하게 한 자
4. 삭제<2020. 5. 19.>
5. 삭제<2020. 5. 19.>
6. 삭제<2020. 3. 24.>
7. 제51조제2항을 위반하여 등록 전에 투자권유를 한 자
8. 제52조제1항을 위반하여 투자권유대행인 외의 자에게 투자권유를 대행하게 한 자
9. 제54조제1항(제42조제10항, 제52조제6항, 제199조제5항, 제255조, 제260조, 제265조, 제289조, 제304조, 제
323조의17, 제328조 또는 제367조에서 준용하는 경우를 포함한다)를 위반하여 직무상 알게 된 정보로서 외부에
공개되지 아니한 정보를 자기 또는 제삼자의 이익을 위하여 이용한 자
10. 제55조(제42조제10항, 제52조제6항 또는 제101조의2제1항에서 준용하는 경우를 포함한다)를 위반하여 같은 조
각 호의 어느 하나에 해당하는 행위를 한 자
11. 제60조제1항(제255조, 제260조 또는 제265조에서 준용하는 경우를 포함한다) 또는 제187조제1항을 위반하여
자료를 기록ㆍ유지하지 아니한 자
12. 제63조제1항제1호(제289조, 제304조, 제323조의17, 제328조, 제335조의14, 제367조, 제383조제3항 또는 제
441조에서 준용하는 경우를 포함한다)를 위반하여 같은 호에 규정된 방법에 따르지 아니하고 금융투자상품을 매
매한 자
13. 제76조제3항을 위반하여 집합투자증권을 판매하거나 판매를 위한 광고를 한 자
13의2. 거짓, 그 밖의 부정한 방법으로 제77조의2제1항에 따른 종합금융투자사업자의 지정을 받은 자
13의3. 제77조의2에 따라 금융위원회로부터 종합금융투자사업자의 지정을 받지 아니하고 전담중개업무 또는 제
77조의3제3항 각 호의 어느 하나에 해당하는 업무를 영위한 자
14. 제80조제3항 전단을 위반하여 투자신탁재산별로 미리 정하여진 자산배분명세에 따라 취득ㆍ처분 등의 결과를
배분하지 아니한 자
15. 제87조제6항(제186조제2항에서 준용하는 경우를 포함한다)에 따른 명령을 위반하여 주식을 처분하지 아니한
자
16. 제104조제2항을 위반하여 신탁재산을 고유재산으로 취득한 자
17. 삭제<2009. 2. 3.>
18. 제114조제3항 또는 제240조제3항을 위반하여 회계감사를 받지 아니한 자
18의2. 제117조의3을 위반하여 등록(변경등록을 포함한다)을 하지 아니하고 온라인소액투자중개를 한 자
18의3. 거짓, 그 밖의 부정한 방법으로 제117조의4에 의한 등록(변경등록을 포함한다)을 한 자
18의4. 제117조의7제10항을 위반하여 증권의 청약을 권유하는 행위를 한 자
19. 제133조제3항 또는 제140조를 위반하여 공개매수에 의하지 아니하고 주식등의 매수등을 한 자
20. 제147조제1항ㆍ제3항 또는 제4항을 위반하여 보고를 하지 아니한 자
21. 제152조제1항 또는 제3항을 위반하여 의결권 대리행사의 권유를 한 자
22. 제169조제1항을 위반하여 회계감사를 받지 아니한 자
22의2. 제173조의2제2항을 위반하여 파생상품시장에서의 시세에 영향을 미칠 수 있는 정보를 누설하거나, 장내파
생상품 및 그 기초자산의 매매나 그 밖의 거래에 이용하거나, 타인으로 하여금 이용하게 한 자
23. 제182조제1항을 위반하여 집합투자기구를 등록하지 아니한 자
24. 거짓, 그 밖의 부정한 방법으로 제182조제1항ㆍ제8항(제279조제3항에서 준용하는 경우를 포함한다), 제182조의
2제1항ㆍ제3항 또는 제279조제1항에 따른 등록이나 변경등록을 한 자
24의2. 제246조제7항을 위반하여 정보를 이용한 자
25. 제247조제1항을 위반하여 철회ㆍ변경 또는 시정을 요구하지 아니한 자
25의2. 제249조를 위반하여 일반 사모집합투자업 등록을 하지 아니하고 일반 사모집합투자업을 영위한 자
법제처                                                            202                                                       국가법령정보센터
자본시장과 금융투자업에 관한 법률
25의3. 거짓, 그 밖의 부정한 방법으로 제249조의3에 따른 일반 사모집합투자업 등록을 한 자
26. 제250조제3항(제251조제2항 또는 제341조제1항에서 준용하는 경우를 포함한다)을 위반하여 같은 항 각 호의
어느 하나에 해당하는 행위를 한 자
27. 제250조제4항(제251조제2항에서 준용하는 경우를 포함한다) 또는 제5항(제251조제2항 또는 제341조제1항에서
준용하는 경우를 포함한다)을 위반하여 집합투자재산에 관한 정보를 자기가 운용하는 투자신탁재산의 운용이나
자기가 판매하는 집합투자증권의 판매를 위하여 이용한 자
28. 제250조제6항(제251조제2항 또는 제341조제1항에서 준용하는 경우를 포함한다)을 위반하여 같은 항 각 호의
어느 하나에 해당하는 행위를 한 자
29. 제253조제1항에 따라 등록이 취소된 후 그 취소된 업무를 영위한 자
30. 제254조제1항을 위반하여 등록을 하지 아니하고 해당 업무를 영위한 자
31. 거짓, 그 밖의 부정한 방법으로 제254조제1항에 따른 등록을 한 자
32. 제257조제1항에 따라 등록이 취소된 후 그 취소된 업무를 영위한 자
32의2. 제249조의15제1항을 위반하여 등록을 하지 아니하고 해당 업무를 영위한 자
32의3. 거짓, 그 밖의 부정한 방법으로 제249조의15제1항에 따른 등록을 한 자
33. 제279조제1항에 따른 등록을 하지 아니하고 외국 집합투자증권을 판매한 자
34. 제282조제1항에 따라 등록이 취소된 후 그 취소된 외국 집합투자기구의 외국 집합투자증권을 판매한 자
35. 제298조를 위반하여 계좌 간의 대체로 결제하는 업무를 영위하거나 국내에서 증권예탁증권을 발행하는 업무를
영위한 자
36. 제301조제5항, 제323조의9제3항, 제327조제3항 또는 제383조제2항(제78조제6항에서 준용하는 경우를 포함한
다)을 위반하여 자금의 공여, 손익의 분배, 그 밖에 영업에 관하여 특별한 이해관계를 가진 자
37. 제335조제2항, 제354조제2항, 제359조제2항 또는 제364조제2항에 따른 업무의 정지기간 중 업무를 영위한 자
37의2. 제335조의11제6항을 위반하여 직무상 알게 된 요청인의 비밀을 누설하거나 이용한 자
37의3. 제335조의11제7항제1호를 위반하여 신용평가회사와 특수한 관계에 있는 자와 관련된 신용평가를 한 자
37의4. 제335조의11제7항제2호를 위반하여 신용평가 과정에서 신용평가회사 또는 그 계열회사의 상품이나 서비스
를 구매하거나 이용하도록 강요한 자
38. 제339조제1항(제357조제2항 또는 제361조에서 준용하는 경우를 포함한다)을 위반하여 인가를 받지 아니하고
업무를 폐지하거나 해산한 자
39. 제365조제1항을 위반하여 등록을 하지 아니하고 해당 업무를 영위한 자
40. 거짓, 그 밖의 부정한 방법으로 제365조제1항에 따른 등록을 한 자
41. 제369조제1항에 따라 등록이 취소된 후 그 취소된 업무를 영위한 자
42. 제383조제1항(제78조제6항, 제323조의17 및 제441조에서 준용하는 경우를 포함한다)을 위반하여 비밀을 누설
하거나 이용한 자
43. 제394조제1항을 위반하여 공동기금을 적립하지 아니한 자
44. 제402조제7항을 위반하여 비밀을 누설하거나 이용한 자
45. 제417조제1항(제335조의14에서 준용하는 경우를 포함한다)을 위반하여 승인을 받지 아니하거나 같은 항 단서
를 위반하여 보고하지 아니하고 같은 항 각 호(겸영금융투자업자의 경우에는 제4호부터 제7호까지에 한한다)의
어느 하나에 해당하는 행위를 한 자
46. 제420조제1항에 따라 금융투자업등록이 취소된 후 그 취소된 업무를 영위한 자
47. 제420조제3항에 따른 인가받은 업무의 정지기간 중 그 정지된 업무를 영위한 자
48. 제426조제2항에 따른 금융위원회(제172조부터 제174조까지, 제176조, 제178조, 제178조의2, 제180조 및 제
180조의2부터 제180조의6까지의 규정을 위반한 사항인 경우에는 증권선물위원회를 말한다)의 요구에 불응한 자
 
제446조(벌칙) 다음 각 호의 어느 하나에 해당하는 자는 1년 이하의 징역 또는 3천만원 이하의 벌금에 처한다. <개정
2008. 2. 29., 2009. 2. 3., 2010. 3. 12., 2013. 4. 5., 2013. 5. 28., 2013. 8. 13., 2015. 7. 24., 2016. 12. 20., 2018. 12. 31.,
법제처                                                            203                                                       국가법령정보센터
자본시장과 금융투자업에 관한 법률
2020. 5. 19., 2021. 4. 20., 2023. 3. 21., 2024. 2. 13., 2024. 10. 22.>
1. 삭제<2015. 7. 31.>
2. 삭제<2015. 7. 31.>
3. 제38조를 위반하여 상호 중에 금융투자, 증권, 파생, 선물, 집합투자, 투자신탁, 자산운용, 투자자문, 투자일임 또
는 신탁이라는 문자를 사용한 자
4. 제42조제1항 단서(제255조에서 준용하는 경우를 포함한다)를 위반하여 업무를 위탁한 자
4의2. 제42조제5항(제255조에서 준용하는 경우를 포함한다)을 위반하여 위탁한 자의 동의를 받지 아니하고 위탁받
은 업무를 제삼자에게 재위탁한 자
5. 제43조제2항에 따른 위탁계약의 취소명령 또는 변경명령을 위반한 자
6. 삭제<2020. 3. 24.>
7. 제53조제2항에 따라 투자권유대행인등록이 취소된 후 투자권유대행업무를 영위하거나, 같은 조 같은 항에 따른
투자권유대행업무의 정지기간 중 투자권유대행업무를 영위한 자
8. 삭제<2020. 3. 24.>
9. 제65조제2항을 위반하여 자산을 국내에 두지 아니한 자
10. 제65조제3항을 위반하여 자산을 국내에 주소나 거소가 있는 자에 대한 채무의 변제에 우선 충당하지 아니한 자
11. 제66조를 위반하여 사전에 자기가 투자매매업자인지 투자중개업자인지를 밝히지 아니하고 금융투자상품의 매
매에 관한 청약 또는 주문을 받은 자
12. 제67조를 위반하여 금융투자상품을 매매한 자
13. 삭제<2013. 5. 28.>
14. 제88조 또는 제280조제2항을 위반하여 자산운용보고서를 제공하지 아니한 자 또는 거짓으로 작성하거나 그 기
재사항을 누락하고 작성하여 제공한 자
15. 제89조(제186조제2항에서 준용하는 경우를 포함한다)를 위반하여 공시를 하지 아니하거나 거짓으로 공시한 자
16. 제91조제1항(제186조제2항에서 준용하는 경우를 포함한다)ㆍ제113조제1항 또는 제280조제3항을 위반하여 열
람이나 교부 청구를 거절한 자
17. 제95조제2항(제117조에서 준용하는 경우를 포함한다) 또는 제116조제3항에 따른 명령을 위반한 자
17의2. 제101조제1항에 따른 신고를 하지 아니하고 유사투자자문업을 영위한 자
17의3. 거짓이나 그 밖의 부정한 방법으로 제101조제1항에 따른 신고를 한 자
18. 제103조제1항 또는 제4항을 위반하여 재산을 수탁한 자
19. 제105조제1항부터 제3항까지의 규정을 위반하여 신탁재산을 운용한 자
19의2. 제117조의5를 위반하여 상호 등에 금융투자 또는 온라인소액투자중개라는 문자를 사용한 자
19의3. 제117조의7제2항을 위반하여 자신이 중개하는 증권을 자기의 계산으로 취득한 자
19의4. 제117조의7제3항을 위반하여 자문에 응한 자
19의5. 제117조의7제4항을 위반하여 청약의 의사표시를 받은 자
19의6. 제117조의7제7항을 위반하여 특정한 온라인소액증권발행인 또는 투자자를 우대하거나 차별한 자
19의7. 제117조의9제2항을 위반하여 투자광고를 한 자
19의8. 정당한 이유 없이 제119조의2 또는 제161조의2에 따른 연결재무제표 작성대상법인의 자료제출 요구 및 조
사를 거부ㆍ방해ㆍ기피한 자
20. 제121조를 위반하여 증권에 관한 취득 또는 매수의 청약에 대한 승낙을 한 자
21. 제123조제1항, 제137조제1항 또는 제153조를 위반하여 투자설명서(집합투자증권의 경우 제124조제2항제3호에
따른 간이투자설명서를 포함한다), 공개매수설명서 또는 위임장 용지 및 참고서류를 제출하지 아니한 자
22. 제124조제1항을 위반하여 투자설명서(집합투자증권의 경우 제124조제2항제3호에 따른 간이투자설명서를 포함
한다)를 미리 교부하지 아니하고 증권을 취득하게 하거나 매도한 자
23. 제124조제2항을 위반하여 같은 항 각 호의 어느 하나에 해당하는 방법에 따르지 아니하고 청약의 권유 등을 한
자
법제처                                                            204                                                       국가법령정보센터
자본시장과 금융투자업에 관한 법률
24. 제132조, 제146조제2항, 제151조제2항, 제158조제2항 또는 제164조제2항에 따른 금융위원회의 처분을 위반한
자
25. 제137조제3항을 위반하여 공개매수설명서를 미리 교부하지 아니하고 주식등을 매수한 자
26. 제145조, 제150조제1항ㆍ제3항, 제167조제3항 또는 제168조제3항에 따른 처분명령 또는 시정명령을 위반한 자
27. 제156조제3항 후단을 위반하여 정정서류를 제출하지 아니한 자
28. 제159조, 제160조 또는 제161조제1항을 위반하여 사업보고서ㆍ반기보고서ㆍ분기보고서나 주요사항보고서를
제출하지 아니한 자
29. 제167조제1항을 위반하여 주식을 소유한 자
30. 제169조제2항(같은 조 제3항 후단에서 준용하는 경우를 포함한다)에 따른 자료의 제출 또는 보고명령이나 조치
를 위반한 자
31. 제173조제1항을 위반하여 보고를 하지 아니하거나 거짓으로 보고한 자
32. 제192조제1항을 위반하여 승인을 받지 아니하고 투자신탁을 해지한 자
33. 거짓, 그 밖의 부정한 방법으로 제192조제1항에 따른 승인을 받은 자
34. 제192조제2항, 제202조제1항(제211조제2항, 제216조제3항, 제217조의6제2항에서 준용하는 경우를 포함한다),
제221조제1항(제227조제3항에서 준용하는 경우를 포함한다)을 위반하여 투자신탁을 해지하지 아니하거나 투자
회사등을 해산하지 아니한 자
35. 제235조제4항 또는 제5항을 위반하여 환매대금을 지급하거나 지급하지 아니한 자
36. 제238조제7항 또는 제280조제4항을 위반하여 기준가격을 공고ㆍ게시하지 아니하거나 거짓으로 공고ㆍ게시한
자
37. 제246조제2항을 위반하여 집합투자재산을 구분하여 관리하지 아니한 자
38. 제246조제3항을 위반하여 예탁하지 아니한 자
39. 제246조제4항을 위반하여 집합투자업자의 지시를 각각의 집합투자기구별로 이행하지 아니한 자
40. 제248조제1항을 위반하여 자산보관ㆍ관리보고서를 투자자에게 제공하지 아니하거나 거짓으로 작성하여 제공
한 자
40의2. 제249조의4제2항을 위반하여 핵심상품설명서를 작성ㆍ제공하지 아니한 자
40의3. 제249조의4제4항을 위반하여 핵심상품설명서를 교부하지 아니한 자
40의4. 제249조의4제5항을 위반하여 철회ㆍ변경 또는 시정을 요구하지 아니한 자
41. 제249조의6제2항 또는 제4항을 위반하여 보고(변경보고를 포함한다)를 하지 아니하거나 거짓으로 보고한 자
41의2. 제249조의7제5항(제249조의12에서 준용하는 경우를 포함한다)을 위반하여 지분증권을 처분하지 아니한 자
41의3. 제249조의8제2항을 위반하여 집합투자증권을 타인에게 양도한 자
41의4. 제249조의9제1항에 따른 일반 사모집합투자기구의 해지ㆍ해산명령을 따르지 아니한 자
42. 제249조의9제2항, 제249조의21제2항, 제253조제2항, 제257조제2항 또는 제369조제2항에 따른 업무의 정지기
간 중 업무를 영위한 자
43. 제249조의10제4항ㆍ제6항 또는 제249조의11제8항을 위반하여 보고(변경보고를 포함한다)를 하지 아니하거나
거짓으로 보고한 자
44. 삭제<2015. 7. 24.>
45. 제249조의14제2항, 제249조의22제2항ㆍ제6항 또는 제249조의23제2항을 위반하여 운용한 자 또는 지분증권등
을 소유하지 아니하거나 처분한 자
46. 삭제<2021. 4. 20.>
46의2. 제249조의23제5항을 위반하여 보고를 하지 아니하거나 거짓으로 보고한 자
47. 제249조의14제6항을 위반하여 같은 항 제1호부터 제3호까지의 어느 하나에 해당하는 행위를 한 자
48. 제249조의17제1항을 위반하여 출자한 지분을 타인에게 양도한 자
49. 제249조의18제1항(제249조의13제5항에서 준용하는 경우를 포함한다)을 위반하여 지분증권을 처분하지 아니하
거나, 같은 조 제3항(제249조의13제5항에서 준용하는 경우를 포함한다)을 위반하여 지분증권을 취득한 자
법제처                                                            205                                                       국가법령정보센터
자본시장과 금융투자업에 관한 법률
50. 삭제<2009. 6. 9.>
51. 제249조의19제2항을 위반하여 보고를 하지 아니하거나 거짓으로 보고한 자
52. 제249조의21제1항에 따른 해산명령을 따르지 아니한 자
52의2. 제249조의21제3항에 따른 직무정지 기간 중 직무를 수행한 업무집행사원
53. 제309조제3항 또는 제310조제1항을 위반하여 예탁자계좌부 또는 투자자계좌부를 작성ㆍ비치하지 아니하거나
거짓으로 작성한 자
53의2. 제323조의16제1항을 위반하여 거래정보를 보관ㆍ관리하지 아니한 자
53의3. 제323조의16제2항을 위반하여 거래정보를 보고하지 아니하거나 거짓으로 보고한 자
54. 제338조 또는 제356조를 위반하여 “종합금융회사”, “자금중개” 또는 이와 유사한 명칭을 사용한 자
55. 제342조제1항부터 제4항(제361조에서 준용하는 경우를 포함한다)까지 또는 제345조제3항을 위반하여 신용공
여를 한 자
56. 제344조를 위반하여 증권에 투자한 자
57. 제345조제1항을 위반하여 같은 항 각 호의 어느 하나에 해당하는 행위를 한 자
58. 제345조제2항을 위반하여 의결권을 행사한 자
59. 제345조제4항에 따른 조치를 이행하지 아니한 자
60. 삭제<2017. 4. 18.>
61. 삭제<2017. 4. 18.>
62. 제347조제3항을 위반하여 부동산을 처분하지 아니한 자
62의2. 제416조제1항(제335조의14, 제350조, 제357조, 제361조 및 제367조에서 준용하는 경우를 포함한다)에 따른
명령을 이행하기 위한 절차ㆍ조치를 이행하지 아니한 자
63. 제420조제3항에 따른 등록된 업무의 정지기간 중 그 정지된 업무를 영위한 자
64. 제426조의2제6항을 위반하여 지급정지 조치가 완료되기 전 또는 제5항에 따른 통지 유예기간 동안 이를 명의
인 등 제3자에게 누설한 자
 
제447조(징역과 벌금의 병과) ① 제443조제1항(제10호는 제외한다) 및 제2항에 따라 징역에 처하는 경우에는 같은 조
제1항에 따른 벌금을 병과한다. <신설 2014. 12. 30., 2021. 1. 5.>
② 제443조제1항제10호 및 제444조부터 제446조까지의 규정에 해당하는 죄를 범한 자에게는 징역과 벌금을 병과
할 수 있다.<개정 2014. 12. 30., 2021. 1. 5.>
 
제447조의2(몰수ㆍ추징) ① 제443조제1항 각 호(제10호는 제외한다)의 어느 하나에 해당하는 자가 해당 행위를 하여
취득한 재산은 몰수하며, 몰수할 수 없는 경우에는 그 가액을 추징한다. <개정 2021. 1. 5., 2021. 6. 8.>
② 제443조제1항제4호부터 제7호까지의 어느 하나에 해당하는 자가 해당 행위를 위하여 제공하였거나 제공하려
한 재산은 몰수하며, 몰수할 수 없는 경우에는 그 가액을 추징한다.<신설 2021. 6. 8.>
[본조신설 2014. 12. 30.]
 
제448조(양벌규정) 법인(단체를 포함한다. 이하 이 조에서 같다)의 대표자나 법인 또는 개인의 대리인, 사용인, 그 밖의
종업원이 그 법인 또는 개인의 업무에 관하여 제443조부터 제446조까지의 어느 하나에 해당하는 위반행위를 하면
그 행위자를 벌하는 외에 그 법인 또는 개인에게도 해당 조문의 벌금형을 과(科)한다. 다만, 법인 또는 개인이 그 위
반행위를 방지하기 위하여 해당 업무에 관하여 상당한 주의와 감독을 게을리하지 아니한 경우에는 그러하지 아니하
다.
[전문개정 2009. 2. 3.]
 
제448조의2(형벌 등의 감면) ① 제173조의2제2항, 제174조, 제176조 또는 제178조를 위반한 자가 수사기관에 자수(증
권선물위원회에 자진신고한 경우를 포함한다. 이하 이 조에서 같다)하거나 수사ㆍ재판절차에서 해당 사건에 관한 다
른 사람의 범죄를 규명하는 진술 또는 증언이나, 그 밖의 자료제출행위 또는 범인검거를 위한 제보와 관련하여 자신
법제처                                                            206                                                       국가법령정보센터
자본시장과 금융투자업에 관한 법률
의 범죄로 처벌되는 경우에는 그 형을 감경 또는 면제할 수 있다.
② 금융위원회는 제1항에 따라 자수하거나 해당 사건에 관한 다른 사람의 범죄를 규명하는 진술 또는 증언이나, 그
밖의 자료제출행위 또는 범인검거를 위한 제보와 관련하여 자신의 위반행위로 제429조의2제1항에 따른 과징금을
부과받은 자에 대하여 그 과징금을 감경 또는 면제할 수 있다.
③ 제2항에 따라 과징금이 감경 또는 면제되는 자의 범위와 감경 또는 면제의 기준ㆍ정도 등에 관한 세부 사항은
대통령령으로 정한다.
[본조신설 2023. 7. 18.]
 
제449조(과태료) ① 다음 각 호의 어느 하나에 해당하는 자에 대하여는 1억원 이하의 과태료를 부과한다. <개정 2009.
2. 3., 2010. 3. 12., 2013. 4. 5., 2013. 5. 28., 2015. 7. 24., 2016. 3. 29., 2017. 4. 18., 2018. 12. 31., 2019. 11. 26., 2020.
5. 19., 2021. 1. 5., 2021. 4. 20., 2024. 2. 13., 2024. 10. 22.>
1. 삭제<2015. 7. 31.>
2. 삭제<2015. 7. 31.>
3. 삭제<2015. 7. 31.>
4. 삭제<2015. 7. 31.>
5. 삭제<2015. 7. 31.>
6. 삭제<2015. 7. 31.>
7. 삭제<2015. 7. 31.>
8. 삭제<2015. 7. 31.>
9. 삭제<2015. 7. 31.>
10. 삭제<2015. 7. 31.>
11. 삭제<2015. 7. 31.>
12. 삭제<2015. 7. 31.>
13. 제33조제1항(제335조의14, 제350조, 제357조제2항 또는 제361조에서 준용하는 경우를 포함한다)을 위반하여
업무보고서를 제출하지 아니하거나 거짓으로 작성하여 제출한 자
14. 제33조제2항(제350조, 제357조제2항 또는 제361조에서 준용하는 경우를 포함한다)을 위반하여 공시서류를 비
치 또는 공시하지 아니하거나 거짓으로 작성하여 비치 또는 공시한 자
15. 제33조제3항(제350조, 제357조제2항 또는 제361조에서 준용하는 경우를 포함한다)을 위반하여 보고 또는 공시
를 하지 아니하거나 거짓으로 보고 또는 공시한 자
15의2. 제33조제4항(제350조, 제357조제2항 또는 제361조에서 준용하는 경우를 포함한다)을 위반하여 보고서를 제
출하지 아니하거나 거짓으로 작성하여 제출한 자
16. 제34조제3항을 위반하여 이사회 결의를 거치지 아니한 자
17. 제34조제4항 또는 제5항을 위반하여 보고 또는 공시를 하지 아니하거나 거짓으로 보고 또는 공시한 자
18. 제34조제6항 또는 제36조(제350조에서 준용하는 경우를 포함한다)에 따른 자료의 제출명령을 위반한 자
19. 제40조제1항 후단 또는 제41조제1항을 위반하여 보고를 하지 아니한 자
20. 제43조제1항, 제53조제1항, 제131조제1항, 제146조제1항, 제151조제1항, 제158조제1항, 제164조제1항, 제
321조 또는 제419조제1항(제101조제11항, 제252조제2항, 제256조제2항, 제261조제2항, 제266조제2항, 제281조
제2항, 제292조, 제306조, 제323조의19, 제334조 및 제335조의14, 제353조, 제358조, 제363조, 제368조 또는 제
371조에서 준용하는 경우를 포함한다)에 따른 검사ㆍ조사 또는 확인을 거부ㆍ방해 또는 기피한 자
21. 삭제<2020. 3. 24.>
22. 삭제<2020. 3. 24.>
23. 제50조제1항에 따른 투자권유준칙 또는 제52조제4항에 따른 투자권유대행기준을 정하지 아니한 자
24. 제56조제1항 단서에 따른 신고를 하지 아니하고 약관을 제정 또는 변경한 자
법제처                                                            207                                                       국가법령정보센터
자본시장과 금융투자업에 관한 법률
25. 거짓, 그 밖의 부정한 방법으로 제56조제1항 단서에 따른 신고를 한 자
25의2. 삭제<2020. 3. 24.>
26. 삭제<2020. 3. 24.>
27. 제62조제1항을 위반하여 공고 또는 통지를 하지 아니한 자
28. 삭제<2017. 4. 18.>
28의2. 제68조제1항부터 제5항까지의 규정을 위반하여 각 해당 조항의 의무를 이행하지 아니한 자
29. 제71조(제7호에 한한다), 제85조(제8호에 한한다), 제98조제2항(제10호에 한한다) 또는 제108조(제9호에 한한다
)를 위반하여 각 해당 조항의 해당 호에 해당하는 행위를 한 자
30. 제76조제4항부터 제6항까지의 규정을 위반하여 판매수수료나 판매보수를 받은 자
30의2. 제77조의3제2항을 위반하여 같은 항 각 호의 사항을 포함하는 계약을 체결하지 아니한 자
31. 제86조를 위반하여 성과보수를 받은 자
32. 제87조제7항(제186조제2항에서 준용하는 경우를 포함한다)을 위반하여 기록ㆍ유지하지 아니한 자
33. 제87조제8항(제186조제2항에서 준용하는 경우를 포함한다) 또는 제112조제7항을 위반하여 공시를 하지 아니하
거나 거짓으로 공시한 자
34. 제90조제1항(제186조제2항에서 준용하는 경우를 포함한다) 또는 제2항(제186조제2항에서 준용하는 경우를 포
함한다)을 위반하여 영업보고서나 결산서류를 제출하지 아니하거나 거짓으로 작성하여 제출한 자
34의2. 제98조의2를 위반하여 성과보수를 받은 자
34의3. 제101조의2제2항 또는 제101조의3을 위반하여 표시 또는 광고를 한 자
35. 제114조제1항 또는 제240조제1항을 위반하여 회계처리를 한 자
35의2. 제117조의6제2항을 위반하여 온라인소액투자중개업자 내부통제기준을 정하지 아니한 자
35의3. 제117조의7제9항을 위반하여 필요한 조치를 취하지 아니한 자
35의4. 제117조의9제1항을 위반하여 투자광고를 한 자
35의5. 제117조의10제2항에 따른 조치를 하지 아니한 자
35의6. 제117조의10제3항을 위반한 자
35의7. 제117조의10제4항에 따라 게재한 내용을 정정하지 아니한 자
35의8. 제117조의10제5항을 위반하여 증권을 매도한 자
35의9. 제117조의10제8항에 따라 청약증거금을 지체 없이 반환하지 아니한 자
35의10. 제117조의11제1항에 따른 조치를 취하지 아니한 자
36. 제130조에 따른 조치를 하지 아니한 자
37. 제135조, 제136조제6항, 제139조제3항 또는 제148조를 위반하여 신고서 또는 보고서의 사본을 송부하지 아니
한 자
38. 제135조, 제136조제6항 또는 제139조제3항에 따른 신고서 사본이나 제148조에 따른 보고서 사본에 신고서 또
는 보고서에 기재된 내용과 다른 내용을 표시하거나 그 내용을 누락하여 송부한 자
39. 삭제<2021. 1. 5.>
39의2. 제180조의2제1항을 위반하여 순보유잔고를 보고하지 아니하거나 순보유잔고의 보고에 관하여 거짓의 기재
또는 표시를 한 자
39의3. 제180조의2제2항을 위반하여 금융위원회의 정정명령을 이행하지 아니하거나 정정명령에 따른 보고에 관하
여 거짓의 기재 또는 표시를 한 자
39의4. 제180조의3을 위반하여 공시를 하지 아니하거나 거짓으로 공시한 자
39의5. 제180조의5제1항을 위반하여 대차거래정보를 보관하지 아니하거나, 같은 조 제2항에 따른 자료제출 요구에
따르지 아니한 자
39의6. 제180조의5제3항에 따른 상환기간을 위반하여 차입공매도를 목적으로 상장증권의 대차거래 계약을 체결하
였거나, 같은 조 제4항을 위반하여 대차거래 계약을 구분하여 관리하지 아니한 자
법제처                                                            208                                                       국가법령정보센터
자본시장과 금융투자업에 관한 법률
39의7. 제180조의6제1항 또는 제2항을 위반하여 무차입공매도를 방지하기 위한 조치를 하지 아니한 자
40. 제182조제8항(제279조제3항에서 준용하는 경우를 포함한다) 또는 제182조의2제3항에 따른 변경등록을 하지
아니한 자
41. 제183조제2항을 위반하여 명칭을 사용한 자
41의2. 제184조제3항을 위반하여 집합투자재산의 보관ㆍ관리업무를 위탁하지 아니한 자
41의3. 제249조의7제3항 또는 제249조의12제2항을 위반하여 보고를 하지 아니하거나 거짓으로 보고한 자
42. 제250조제7항, 제251조제3항 또는 제341조제2항을 위반하여 임원을 두지 아니하거나 임직원에게 겸직하게 한
자
43. 제250조제7항, 제251조제3항 또는 제341조제2항을 위반하여 이해상충방지체계를 갖추지 아니한 자
44. 제284조, 제295조, 제323조의8, 제325조, 제335조의7 또는 제379조를 위반하여 명칭을 사용한 자
44의2. 제335조의8제2항을 위반하여 신용평가내부통제기준을 정하지 아니한 자
44의3. 제335조의8제3항을 위반하여 준법감시인을 두지 아니한 자
44의4. 제335조의8제4항을 위반하여 같은 항 각 호의 어느 하나에 해당하는 업무를 수행하는 직무를 담당하거나
담당하게 한 자
44의5. 제335조의12제1항 또는 제2항을 위반하여 금융위원회가 정하여 고시하는 서류 또는 신용평가서를 제출하
지 아니하거나 거짓으로 작성하여 제출한 자
45. 제343조제2항을 위반하여 이사회 결의를 거치지 아니한 자
46. 제343조제3항 또는 제4항에 따른 보고 또는 공시를 하지 아니하거나 거짓으로 보고 또는 공시한 자
47. 제343조제8항에 따른 자료의 제출명령을 위반한 자
47의2. 제346조를 위반하여 지급준비자산을 보유하지 아니한 자
48. 거짓, 그 밖의 부정한 방법으로 제370조제1항에 따른 허가를 받은 자
48의2. 제426조의2제4항 본문을 위반하여 지급정지 조치를 하지 아니한 금융회사
48의3. 제426조의3제1항에 따른 제한명령을 위반한 자
48의4. 제426조의3제4항 전단을 위반하여 거래제한대상자의 거래 요청을 거부하지 아니한 자
48의5. 제426조의3제6항 전단을 위반하여 임원선임ㆍ재임제한대상자를 임원으로 선임한 자 또는 같은 항 후단을
위반하여 임원선임ㆍ재임제한대상자를 해임하지 아니한 자
48의6. 제426조의3제7항제2호에 따른 해임 요구를 이행하지 아니한 자
49. 제435조제5항을 위반하여 신고자등에게 불리한 대우를 한 자
② 제63조제1항(제289조, 제304조, 제328조, 제367조, 제383조제3항 또는 제441조에서 준용하는 경우를 포함한다
)을 위반하여 같은 항 제2호부터 제4호까지의 방법에 따르지 아니하고 자기의 계산으로 금융투자상품을 매매한 자
에 대해서는 5천만원 이하의 과태료를 부과한다.<신설 2017. 4. 18.>
③ 다음 각 호의 어느 하나에 해당하는 자에 대하여는 3천만원 이하의 과태료를 부과한다.<개정 2009. 2. 3., 2013.
5. 28., 2015. 7. 24., 2016. 3. 22., 2016. 3. 29., 2017. 4. 18., 2018. 12. 31., 2021. 4. 20., 2024. 10. 22.>
1. 삭제<2015. 7. 31.>
2. 제50조제2항을 위반하여 공시를 하지 아니하거나 거짓으로 공시한 자
3. 삭제<2020. 3. 24.>
4. 제56조제1항 본문에 따른 보고를 하지 아니하거나 거짓으로 보고한 자
4의2. 제63조의2를 위반하여 고객응대직원의 보호를 위한 조치를 하지 아니하거나 고객응대직원에게 불이익을 준
자
5. 제73조를 위반하여 매매명세를 통지하지 아니하거나 거짓으로 통지한 자
5의2. 정당한 사유 없이 제101조제2항에 따른 보고를 하지 않거나 거짓으로 보고한 자
5의3. 제101조제3항 후단에 따른 정당한 사유 없이 자료제출을 하지 않거나 거짓으로 제출한 자
6. 삭제<2018. 12. 31.>
법제처                                                            209                                                       국가법령정보센터
자본시장과 금융투자업에 관한 법률
6의2. 제117조의6제1항에 따른 보고를 하지 아니하거나 거짓으로 보고한 자
6의3. 제117조의7제8항에 따른 통지를 하지 아니하거나 거짓으로 통지한 자
6의4. 제117조의10제7항을 위반하여 증권을 예탁 또는 보호예수하지 아니하거나 증권을 매도 또는 인출한 자
6의5. 제117조의15에 따라 투자자 피해가 발생하지 아니하도록 하기 위한 사항을 이행하지 아니한 자
7. 제128조 또는 제143조를 위반하여 보고서를 제출하지 아니하거나 거짓으로 작성하여 제출한 자
8. 제131조제1항, 제146조제1항, 제151조제1항, 제158조제1항, 제164조제1항 또는 제419조제5항(제43조제1항 후
단, 제53조제1항 후단, 제252조제2항, 제256조제2항, 제261조제2항, 제266조제2항, 제281조제2항, 제292조, 제
306조, 제334조, 제335조의14, 제353조, 제358조, 제363조, 제368조 또는 제371조에서 준용하는 경우를 포함한다
)에 따른 보고 또는 자료의 제출명령이나 증인의 출석, 증언 및 의견의 진술 요구에 불응한 자
8의2. 제152조의2제2항을 위반하여 발행인이 아닌 의결권권유자의 요구에 응하지 아니한 자
8의3. 제173조의2제1항에 따른 보고를 하지 아니하거나 거짓으로 보고한 자
8의4. 제180조의2제3항을 위반하여 자료를 보관하지 아니하거나 금융위원회의 자료제출 요구에 응하지 아니한 자
9. 제190조제7항(제201조제3항, 제210조제3항, 제215조제4항, 제217조의5제4항, 제220조제4항 또는 제226조제4항
에서 준용하는 경우를 포함한다)을 위반하여 연기수익자총회 등을 소집하지 아니한 자
10. 제249조의14제7항을 위반하여 행위준칙을 제정하지 아니한 자 또는 보고를 하지 아니하거나 거짓으로 보고한
자
10의2. 제249조의15제8항을 위반하여 등록사항 변경의 보고를 하지 아니하거나 거짓으로 보고한 자
10의3. 제249조의15제9항을 위반하여 재무제표를 제출하지 아니하거나 거짓으로 작성하여 제출한 자
11. 제310조제2항을 위반하여 예탁하지 아니한 자
12. 제310조제3항을 위반하여 증권등을 구분하여 보관하지 아니한 자
13. 삭제<2013. 5. 28.>
14. 제314조제6항 또는 제315조제3항ㆍ제4항을 위반하여 통지나 통보를 하지 아니한 자
15. 제316조제1항을 위반하여 실질주주명부를 작성ㆍ비치하지 아니하거나 거짓으로 작성한 자
16. 제323조제1항 또는 제2항에 따른 통지를 하지 아니하거나 거짓으로 통지한 자
17. 제339조제2항(제357조제2항 또는 제361조에서 준용하는 경우를 포함한다)을 위반하여 보고를 하지 아니하거나
거짓으로 보고한 자 또는 신고를 하지 아니하고 같은 항 제3호에 해당하는 행위를 한 자
18. 삭제<2015. 7. 31.>
18의2. 삭제<2023. 3. 21.>
19. 제418조(제335조의14 및 제350조에서 준용하는 경우를 포함한다)를 위반하여 보고를 하지 아니하거나 거짓으
로 보고한 자
20. 제426조의2제4항을 위반하여 해당 지급정지 조치에 관한 사항을 통지하지 아니한 금융회사
21. 제426조의3제4항 후단을 위반하여 거래제한대상자의 거래 요청 사실 및 그 거부 또는 처리결과를 통보하지 아
니한 자
④ 제1항부터 제3항까지의 규정에 따른 과태료는 대통령령으로 정하는 방법 및 절차에 따라 금융위원회(제3항제
6호의5에 따른 과태료는 방송미디어통신위원회)가 부과ㆍ징수한다.<개정 2008. 2. 29., 2015. 7. 24., 2017. 4. 18.,
2025. 10. 1.>
⑤ 삭제<2009. 2. 3.>
⑥ 삭제<2009. 2. 3.>
 
제449조(과태료) ① 다음 각 호의 어느 하나에 해당하는 자에 대하여는 1억원 이하의 과태료를 부과한다. <개정 2009.
2. 3., 2010. 3. 12., 2013. 4. 5., 2013. 5. 28., 2015. 7. 24., 2016. 3. 29., 2017. 4. 18., 2018. 12. 31., 2019. 11. 26., 2020.
5. 19., 2021. 1. 5., 2021. 4. 20., 2024. 2. 13., 2024. 10. 22., 2026. 5. 12.>
1. 삭제<2015. 7. 31.>
법제처                                                            210                                                       국가법령정보센터
자본시장과 금융투자업에 관한 법률
2. 삭제<2015. 7. 31.>
3. 삭제<2015. 7. 31.>
4. 삭제<2015. 7. 31.>
5. 삭제<2015. 7. 31.>
6. 삭제<2015. 7. 31.>
7. 삭제<2015. 7. 31.>
8. 삭제<2015. 7. 31.>
9. 삭제<2015. 7. 31.>
10. 삭제<2015. 7. 31.>
11. 삭제<2015. 7. 31.>
12. 삭제<2015. 7. 31.>
13. 제33조제1항(제335조의14, 제350조, 제357조제2항 또는 제361조에서 준용하는 경우를 포함한다)을 위반하여
업무보고서를 제출하지 아니하거나 거짓으로 작성하여 제출한 자
14. 제33조제2항(제350조, 제357조제2항 또는 제361조에서 준용하는 경우를 포함한다)을 위반하여 공시서류를 비
치 또는 공시하지 아니하거나 거짓으로 작성하여 비치 또는 공시한 자
15. 제33조제3항(제350조, 제357조제2항 또는 제361조에서 준용하는 경우를 포함한다)을 위반하여 보고 또는 공시
를 하지 아니하거나 거짓으로 보고 또는 공시한 자
15의2. 제33조제4항(제350조, 제357조제2항 또는 제361조에서 준용하는 경우를 포함한다)을 위반하여 보고서를 제
출하지 아니하거나 거짓으로 작성하여 제출한 자
16. 제34조제3항을 위반하여 이사회 결의를 거치지 아니한 자
17. 제34조제4항 또는 제5항을 위반하여 보고 또는 공시를 하지 아니하거나 거짓으로 보고 또는 공시한 자
18. 제34조제6항 또는 제36조(제350조에서 준용하는 경우를 포함한다)에 따른 자료의 제출명령을 위반한 자
19. 제40조제1항 후단 또는 제41조제1항을 위반하여 보고를 하지 아니한 자
20. 제43조제1항, 제53조제1항, 제131조제1항, 제146조제1항, 제151조제1항, 제158조제1항, 제164조제1항, 제
321조 또는 제419조제1항(제101조제11항, 제252조제2항, 제256조제2항, 제261조제2항, 제266조제2항, 제281조
제2항, 제292조, 제306조, 제323조의19, 제334조 및 제335조의14, 제353조, 제358조, 제363조, 제368조 또는 제
371조에서 준용하는 경우를 포함한다)에 따른 검사ㆍ조사 또는 확인을 거부ㆍ방해 또는 기피한 자
21. 삭제<2020. 3. 24.>
22. 삭제<2020. 3. 24.>
23. 제50조제1항에 따른 투자권유준칙 또는 제52조제4항에 따른 투자권유대행기준을 정하지 아니한 자
24. 제56조제1항 단서에 따른 신고를 하지 아니하고 약관을 제정 또는 변경한 자
25. 거짓, 그 밖의 부정한 방법으로 제56조제1항 단서에 따른 신고를 한 자
25의2. 삭제<2020. 3. 24.>
26. 삭제<2020. 3. 24.>
27. 제62조제1항을 위반하여 공고 또는 통지를 하지 아니한 자
28. 삭제<2017. 4. 18.>
28의2. 제68조제1항부터 제5항까지의 규정을 위반하여 각 해당 조항의 의무를 이행하지 아니한 자
29. 제71조(제7호에 한한다), 제85조(제8호에 한한다), 제98조제2항(제10호에 한한다) 또는 제108조(제9호에 한한다
)를 위반하여 각 해당 조항의 해당 호에 해당하는 행위를 한 자
30. 제76조제4항부터 제6항까지의 규정을 위반하여 판매수수료나 판매보수를 받은 자
30의2. 제77조의3제2항을 위반하여 같은 항 각 호의 사항을 포함하는 계약을 체결하지 아니한 자
31. 제86조를 위반하여 성과보수를 받은 자
32. 제87조제7항(제186조제2항에서 준용하는 경우를 포함한다)을 위반하여 기록ㆍ유지하지 아니한 자
법제처                                                            211                                                       국가법령정보센터
자본시장과 금융투자업에 관한 법률
33. 제87조제8항(제186조제2항에서 준용하는 경우를 포함한다) 또는 제112조제7항을 위반하여 공시를 하지 아니하
거나 거짓으로 공시한 자
34. 제90조제1항(제186조제2항에서 준용하는 경우를 포함한다) 또는 제2항(제186조제2항에서 준용하는 경우를 포
함한다)을 위반하여 영업보고서나 결산서류를 제출하지 아니하거나 거짓으로 작성하여 제출한 자
34의2. 제98조의2를 위반하여 성과보수를 받은 자
34의3. 제101조의2제2항 또는 제101조의3을 위반하여 표시 또는 광고를 한 자
35. 제114조제1항 또는 제240조제1항을 위반하여 회계처리를 한 자
35의2. 제117조의6제2항을 위반하여 온라인소액투자중개업자 내부통제기준을 정하지 아니한 자
35의3. 제117조의7제9항을 위반하여 필요한 조치를 취하지 아니한 자
35의4. 제117조의9제1항을 위반하여 투자광고를 한 자
35의5. 제117조의10제2항에 따른 조치를 하지 아니한 자
35의6. 제117조의10제3항을 위반한 자
35의7. 제117조의10제4항에 따라 게재한 내용을 정정하지 아니한 자
35의8. 제117조의10제5항을 위반하여 증권을 매도한 자
35의9. 제117조의10제8항에 따라 청약증거금을 지체 없이 반환하지 아니한 자
35의10. 제117조의11제1항에 따른 조치를 취하지 아니한 자
35의11. 제119조의4제4항을 위반하여 보호예수 의무를 준수하지 아니한 자
36. 제130조에 따른 조치를 하지 아니한 자
37. 제135조, 제136조제6항, 제139조제3항 또는 제148조를 위반하여 신고서 또는 보고서의 사본을 송부하지 아니
한 자
38. 제135조, 제136조제6항 또는 제139조제3항에 따른 신고서 사본이나 제148조에 따른 보고서 사본에 신고서 또
는 보고서에 기재된 내용과 다른 내용을 표시하거나 그 내용을 누락하여 송부한 자
39. 삭제<2021. 1. 5.>
39의2. 제180조의2제1항을 위반하여 순보유잔고를 보고하지 아니하거나 순보유잔고의 보고에 관하여 거짓의 기재
또는 표시를 한 자
39의3. 제180조의2제2항을 위반하여 금융위원회의 정정명령을 이행하지 아니하거나 정정명령에 따른 보고에 관하
여 거짓의 기재 또는 표시를 한 자
39의4. 제180조의3을 위반하여 공시를 하지 아니하거나 거짓으로 공시한 자
39의5. 제180조의5제1항을 위반하여 대차거래정보를 보관하지 아니하거나, 같은 조 제2항에 따른 자료제출 요구에
따르지 아니한 자
39의6. 제180조의5제3항에 따른 상환기간을 위반하여 차입공매도를 목적으로 상장증권의 대차거래 계약을 체결하
였거나, 같은 조 제4항을 위반하여 대차거래 계약을 구분하여 관리하지 아니한 자
39의7. 제180조의6제1항 또는 제2항을 위반하여 무차입공매도를 방지하기 위한 조치를 하지 아니한 자
40. 제182조제8항(제279조제3항에서 준용하는 경우를 포함한다) 또는 제182조의2제3항에 따른 변경등록을 하지
아니한 자
41. 제183조제2항을 위반하여 명칭을 사용한 자
41의2. 제184조제3항을 위반하여 집합투자재산의 보관ㆍ관리업무를 위탁하지 아니한 자
41의3. 제249조의7제3항 또는 제249조의12제2항을 위반하여 보고를 하지 아니하거나 거짓으로 보고한 자
42. 제250조제7항, 제251조제3항 또는 제341조제2항을 위반하여 임원을 두지 아니하거나 임직원에게 겸직하게 한
자
43. 제250조제7항, 제251조제3항 또는 제341조제2항을 위반하여 이해상충방지체계를 갖추지 아니한 자
44. 제284조, 제295조, 제323조의8, 제325조, 제335조의7 또는 제379조를 위반하여 명칭을 사용한 자
44의2. 제335조의8제2항을 위반하여 신용평가내부통제기준을 정하지 아니한 자
법제처                                                            212                                                       국가법령정보센터
자본시장과 금융투자업에 관한 법률
44의3. 제335조의8제3항을 위반하여 준법감시인을 두지 아니한 자
44의4. 제335조의8제4항을 위반하여 같은 항 각 호의 어느 하나에 해당하는 업무를 수행하는 직무를 담당하거나
담당하게 한 자
44의5. 제335조의12제1항 또는 제2항을 위반하여 금융위원회가 정하여 고시하는 서류 또는 신용평가서를 제출하
지 아니하거나 거짓으로 작성하여 제출한 자
45. 제343조제2항을 위반하여 이사회 결의를 거치지 아니한 자
46. 제343조제3항 또는 제4항에 따른 보고 또는 공시를 하지 아니하거나 거짓으로 보고 또는 공시한 자
47. 제343조제8항에 따른 자료의 제출명령을 위반한 자
47의2. 제346조를 위반하여 지급준비자산을 보유하지 아니한 자
48. 거짓, 그 밖의 부정한 방법으로 제370조제1항에 따른 허가를 받은 자
48의2. 제426조의2제4항 본문을 위반하여 지급정지 조치를 하지 아니한 금융회사
48의3. 제426조의3제1항에 따른 제한명령을 위반한 자
48의4. 제426조의3제4항 전단을 위반하여 거래제한대상자의 거래 요청을 거부하지 아니한 자
48의5. 제426조의3제6항 전단을 위반하여 임원선임ㆍ재임제한대상자를 임원으로 선임한 자 또는 같은 항 후단을
위반하여 임원선임ㆍ재임제한대상자를 해임하지 아니한 자
48의6. 제426조의3제7항제2호에 따른 해임 요구를 이행하지 아니한 자
49. 제435조제5항을 위반하여 신고자등에게 불리한 대우를 한 자
② 제63조제1항(제289조, 제304조, 제328조, 제367조, 제383조제3항 또는 제441조에서 준용하는 경우를 포함한다
)을 위반하여 같은 항 제2호부터 제4호까지의 방법에 따르지 아니하고 자기의 계산으로 금융투자상품을 매매한 자
에 대해서는 5천만원 이하의 과태료를 부과한다.<신설 2017. 4. 18.>
③ 다음 각 호의 어느 하나에 해당하는 자에 대하여는 3천만원 이하의 과태료를 부과한다.<개정 2009. 2. 3., 2013.
5. 28., 2015. 7. 24., 2016. 3. 22., 2016. 3. 29., 2017. 4. 18., 2018. 12. 31., 2021. 4. 20., 2024. 10. 22.>
1. 삭제<2015. 7. 31.>
2. 제50조제2항을 위반하여 공시를 하지 아니하거나 거짓으로 공시한 자
3. 삭제<2020. 3. 24.>
4. 제56조제1항 본문에 따른 보고를 하지 아니하거나 거짓으로 보고한 자
4의2. 제63조의2를 위반하여 고객응대직원의 보호를 위한 조치를 하지 아니하거나 고객응대직원에게 불이익을 준
자
5. 제73조를 위반하여 매매명세를 통지하지 아니하거나 거짓으로 통지한 자
5의2. 정당한 사유 없이 제101조제2항에 따른 보고를 하지 않거나 거짓으로 보고한 자
5의3. 제101조제3항 후단에 따른 정당한 사유 없이 자료제출을 하지 않거나 거짓으로 제출한 자
6. 삭제<2018. 12. 31.>
6의2. 제117조의6제1항에 따른 보고를 하지 아니하거나 거짓으로 보고한 자
6의3. 제117조의7제8항에 따른 통지를 하지 아니하거나 거짓으로 통지한 자
6의4. 제117조의10제7항을 위반하여 증권을 예탁 또는 보호예수하지 아니하거나 증권을 매도 또는 인출한 자
6의5. 제117조의15에 따라 투자자 피해가 발생하지 아니하도록 하기 위한 사항을 이행하지 아니한 자
7. 제128조 또는 제143조를 위반하여 보고서를 제출하지 아니하거나 거짓으로 작성하여 제출한 자
8. 제131조제1항, 제146조제1항, 제151조제1항, 제158조제1항, 제164조제1항 또는 제419조제5항(제43조제1항 후
단, 제53조제1항 후단, 제252조제2항, 제256조제2항, 제261조제2항, 제266조제2항, 제281조제2항, 제292조, 제
306조, 제334조, 제335조의14, 제353조, 제358조, 제363조, 제368조 또는 제371조에서 준용하는 경우를 포함한다
)에 따른 보고 또는 자료의 제출명령이나 증인의 출석, 증언 및 의견의 진술 요구에 불응한 자
8의2. 제152조의2제2항을 위반하여 발행인이 아닌 의결권권유자의 요구에 응하지 아니한 자
8의3. 제173조의2제1항에 따른 보고를 하지 아니하거나 거짓으로 보고한 자
법제처                                                            213                                                       국가법령정보센터
자본시장과 금융투자업에 관한 법률
8의4. 제180조의2제3항을 위반하여 자료를 보관하지 아니하거나 금융위원회의 자료제출 요구에 응하지 아니한 자
9. 제190조제7항(제201조제3항, 제210조제3항, 제215조제4항, 제217조의5제4항, 제220조제4항 또는 제226조제4항
에서 준용하는 경우를 포함한다)을 위반하여 연기수익자총회 등을 소집하지 아니한 자
10. 제249조의14제7항을 위반하여 행위준칙을 제정하지 아니한 자 또는 보고를 하지 아니하거나 거짓으로 보고한
자
10의2. 제249조의15제8항을 위반하여 등록사항 변경의 보고를 하지 아니하거나 거짓으로 보고한 자
10의3. 제249조의15제9항을 위반하여 재무제표를 제출하지 아니하거나 거짓으로 작성하여 제출한 자
11. 제310조제2항을 위반하여 예탁하지 아니한 자
12. 제310조제3항을 위반하여 증권등을 구분하여 보관하지 아니한 자
13. 삭제<2013. 5. 28.>
14. 제314조제6항 또는 제315조제3항ㆍ제4항을 위반하여 통지나 통보를 하지 아니한 자
15. 제316조제1항을 위반하여 실질주주명부를 작성ㆍ비치하지 아니하거나 거짓으로 작성한 자
16. 제323조제1항 또는 제2항에 따른 통지를 하지 아니하거나 거짓으로 통지한 자
17. 제339조제2항(제357조제2항 또는 제361조에서 준용하는 경우를 포함한다)을 위반하여 보고를 하지 아니하거나
거짓으로 보고한 자 또는 신고를 하지 아니하고 같은 항 제3호에 해당하는 행위를 한 자
18. 삭제<2015. 7. 31.>
18의2. 삭제<2023. 3. 21.>
19. 제418조(제335조의14 및 제350조에서 준용하는 경우를 포함한다)를 위반하여 보고를 하지 아니하거나 거짓으
로 보고한 자
20. 제426조의2제4항을 위반하여 해당 지급정지 조치에 관한 사항을 통지하지 아니한 금융회사
21. 제426조의3제4항 후단을 위반하여 거래제한대상자의 거래 요청 사실 및 그 거부 또는 처리결과를 통보하지 아
니한 자
④ 제1항부터 제3항까지의 규정에 따른 과태료는 대통령령으로 정하는 방법 및 절차에 따라 금융위원회(제3항제
6호의5에 따른 과태료는 방송미디어통신위원회)가 부과ㆍ징수한다.<개정 2008. 2. 29., 2015. 7. 24., 2017. 4. 18.,
2025. 10. 1.>
⑤ 삭제<2009. 2. 3.>
⑥ 삭제<2009. 2. 3.>
[시행일: 2026. 11. 13.] 제449조
  
부칙 <제21448호,2026. 3. 6.>(상법)
제1조(시행일) 이 법은 공포한 날부터 시행한다. <단서 생략>
제2조 및 제3조 생략
제4조(다른 법률의 개정) 자본시장과 금융투자업에 관한 법률 일부를 다음과 같이 개정한다.
제206조제2항 중 “제341조의2, 제341조의3”을 “제341조의2부터 제341조의4까지”로 한다.",ok,
